date,close,rate-day,rate-week,rate-month,rate-3month,rate-6month,rate-12month,5-high,5-low,5-average,20-high,20-low,20-average,60-high,60-low,60-average,120-high,120-low,120-average,52week-high,52week-low,52week-average , RSI,MACD_12_ 26,9avg_MACD,oscillator,bollbandT,bollbandB,stochastic,이격도,역사적변동성,BWI,close
2000-02-17,5,0,0,5.26,0,0,0,5,5,5,5,4.75,4.83,0,0,0,0,0,0,0,0,0,0,0.067307692,0.026175214,0.041132479,5.060081173,4.589918827,1,101.2060829,0.181349181,0.097442973,5
2000-02-18,5,0,0,5.26,0,0,0,5,5,5,5,4.75,4.84,0,0,0,0,0,0,0,0,0,0,0.078525641,0.034900285,0.043625356,5.082180242,4.592819758,1,101.3752456,0.181349181,0.10115979,5
2000-02-21,5,0,0,5.26,0,0,0,5,5,5,5,4.75,4.85,0,0,0,0,0,0,0,0,0,0,0.08974359,0.044871795,0.044871795,5.101312345,4.598687655,1,101.5394089,0.181349181,0.103633957,5
2000-02-22,5,0,0,5.26,0,0,0,5,5,5,5,4.75,4.86,0,0,0,0,0,0,0,0,0,0,0.100961538,0.056089744,0.044871795,5.117708893,4.607291107,1,101.6993464,0.181349181,0.104970239,5
2000-02-23,5,0,0,5.26,0,0,0,5,5,5,5,4.75,4.88,0,0,0,0,0,0,0,0,0,0,0.112179487,0.067307692,0.044871795,5.131494588,4.618505412,1,101.8556701,0.181349181,0.105228549,5
2000-02-24,5,0,0,5.26,0,0,0,5,5,5,5,4.75,4.89,0,0,0,0,0,0,0,0,0,0,0.123397436,0.078525641,0.044871795,5.142708893,4.632291107,1,102.0088703,0.181349181,0.104433307,5
2000-02-25,5,0,0,5.26,0,0,0,5,5,5,5,4.75,4.9,0,0,0,0,0,0,0,0,0,0,0.134615385,0.08974359,0.044871795,5.151312345,4.648687655,1,102.1099245,0.181349181,0.102576467,5
2000-02-28,5,0,0,5.26,0,0,0,5,5,5,5,4.75,4.91,0,0,0,0,0,0,0,0,0,0,0.125,0.098646724,0.026353276,5.157180242,4.667819758,1,102.1973736,0.181349181,0.099615366,5
2000-02-29,5,0,0,5.26,0,0,0,5,5,5,5,4.75,4.93,0,0,0,0,0,0,0,0,0,0,0.115384615,0.105235043,0.010149573,5.160081173,4.689918827,1,102.2712524,0.181349181,0.095464436,5
2000-03-01,5,0,0,5.26,0,0,0,5,5,5,5,4.75,4.94,0,0,0,0,0,0,0,0,0,0,0.105769231,0.109508547,-0.003739316,5.159630829,4.715369171,1,102.3316062,0.181349181,0.089977045,5
2000-03-02,5,0,0,5.26,0,0,0,5,5,5,5,4.75,4.95,0,0,0,0,0,0,0,0,0,0,0.096153846,0.111467236,-0.01531339,5.15519567,4.74480433,1,102.3784902,0.181349181,0.082907342,5
2000-03-03,5,0,0,5.26,0,0,0,5,5,5,5,4.75,4.96,0,0,0,0,0,0,0,0,0,0,0.086538462,0.111111111,-0.02457265,5.145673774,4.779326226,1,102.4119696,0.181349181,0.073823184,5
2000-03-06,5,0,0,5.26,0,0,0,5,5,5,5,4.75,4.98,0,0,0,0,0,0,0,0,0,0,0.076923077,0.108440171,-0.031517094,5.128896753,4.821103247,1,102.4321194,0.181349181,0.061868041,5
2000-03-07,5,0,0,5.26,0,0,0,5,5,5,5,4.75,4.99,0,0,0,0,0,0,0,0,0,0,0.067307692,0.103454416,-0.036146724,5.099303399,4.875696601,1,102.4390244,0.181349181,0.044833443,5
2000-03-08,5,0,0,5.26,0,0,0,5,5,5,5,5,5,0,0,0,0,0,0,0,0,0,0,0.057692308,0.096153846,-0.038461538,5,5,0,102.4327785,0.181349181,0,5
2000-03-09,5,0,0,0,0,0,0,5,5,5,5,5,5,0,0,0,0,0,0,0,0,0,0,0.048076923,0.086538462,-0.038461538,5,5,0,102.184187,0,0,5
2000-03-10,5,0,0,0,0,0,0,5,5,5,5,5,5,0,0,0,0,0,0,0,0,0,0,0.038461538,0.076923077,-0.038461538,5,5,0,101.9497897,0,0,5
2000-03-13,5,0,0,0,0,0,0,5,5,5,5,5,5,0,0,0,0,0,0,0,0,0,0,0.028846154,0.067307692,-0.038461538,5,5,0,101.7293998,0,0,5
2000-03-14,5,0,0,0,0,0,0,5,5,5,5,5,5,0,0,0,0,0,0,0,0,0,0,0.019230769,0.057692308,-0.038461538,5,5,0,101.5228426,0,0,5
2000-03-15,5,0,0,0,0,0,0,5,5,5,5,5,5,0,0,0,0,0,0,0,0,0,0,0.009615385,0.048076923,-0.038461538,5,5,0,101.3299557,0,0,5
2000-03-16,5,0,0,0,0,0,0,5,5,5,5,5,5,0,0,0,0,0,0,0,0,0,0,0,0.038461538,-0.038461538,5,5,0,101.1505879,0,0,5
2000-03-17,5,0,0,0,0,0,0,5,5,5,5,5,5,0,0,0,0,0,0,0,0,0,0,0,0.02991453,-0.02991453,5,5,0,100.9845998,0,0,5
2000-03-20,5,0,0,0,0,0,0,5,5,5,5,5,5,0,0,0,0,0,0,0,0,0,0,0,0.022435897,-0.022435897,5,5,0,100.8318629,0,0,5
2000-03-21,5,0,0,0,0,0,0,5,5,5,5,5,5,0,0,0,0,0,0,0,0,0,0,0,0.016025641,-0.016025641,5,5,0,100.6922593,0,0,5
2000-03-22,5,0,0,0,0,0,0,5,5,5,5,5,5,0,0,0,0,0,0,0,0,0,0,0,0.010683761,-0.010683761,5,5,0,100.565682,0,0,5
2000-03-23,5,0,0,0,0,0,0,5,5,5,5,5,5,0,0,0,0,0,0,0,0,0,0,0,0.006410256,-0.006410256,5,5,0,100.4520342,0,0,5
2000-03-24,5,0,0,0,0,0,0,5,5,5,5,5,5,0,0,0,0,0,0,0,0,0,0,0,0.003205128,-0.003205128,5,5,0,100.3512293,0,0,5
2000-03-27,5,0,0,0,0,0,0,5,5,5,5,5,5,0,0,0,0,0,0,0,0,0,0,0,0.001068376,-0.001068376,5,5,0,100.2631909,0,0,5
2000-03-28,5,0,0,0,0,0,0,5,5,5,5,5,5,0,0,0,0,0,0,0,0,0,0,0,0,0,5,5,0,100.1878522,0,0,5
2000-03-29,5,0,0,0,0,0,0,5,5,5,5,5,5,0,0,0,0,0,0,0,0,0,0,0,0,0,5,5,0,100.1251564,0,0,5
2000-03-30,5,0,0,0,0,0,0,5,5,5,5,5,5,0,0,0,0,0,0,0,0,0,0,0,0,0,5,5,0,100.0750563,0,0,5
2000-03-31,5,0,0,0,0,0,0,5,5,5,5,5,5,5,4.75,4.89,0,0,0,0,0,0,0,0,0,0,5,5,0,100.035727,0,0,5
2000-04-03,5,0,0,0,5.26,0,0,5,5,5,5,5,5,5,4.75,4.9,0,0,0,0,0,0,0,0,0,0,5,5,0,100.0113649,0,0,5
2000-04-04,5,0,0,0,5.26,0,0,5,5,5,5,5,5,5,4.75,4.9,0,0,0,0,0,0,0,0,0,0,5,5,0,100,0,0,5
2000-04-05,5,0,0,0,5.26,0,0,5,5,5,5,5,5,5,4.75,4.9,0,0,0,0,0,0,0,0,0,0,5,5,0,100,0,0,5
2000-04-06,5,0,0,0,5.26,0,0,5,5,5,5,5,5,5,4.75,4.91,0,0,0,0,0,0,0,0,0,0,5,5,0,100,0,0,5
2000-04-07,5,0,0,0,5.26,0,0,5,5,5,5,5,5,5,4.75,4.91,0,0,0,0,0,0,0,0,0,0,5,5,0,100,0,0,5
2000-04-10,5,0,0,0,5.26,0,0,5,5,5,5,5,5,5,4.75,4.92,0,0,0,0,0,0,0,0,0,0,5,5,0,100,0,0,5
2000-04-11,5,0,0,0,5.26,0,0,5,5,5,5,5,5,5,4.75,4.92,0,0,0,0,0,0,0,0,0,0,5,5,0,100,0,0,5
2000-04-12,5,0,0,0,5.26,0,0,5,5,5,5,5,5,5,4.75,4.92,0,0,0,0,0,0,0,0,0,0,5,5,0,100,0,0,5
2000-04-13,5,0,0,0,5.26,0,0,5,5,5,5,5,5,5,4.75,4.93,0,0,0,0,0,0,0,0,0,0,5,5,0,100,0,0,5
2000-04-14,5,0,0,0,5.26,0,0,5,5,5,5,5,5,5,4.75,4.93,0,0,0,0,0,0,0,0,0,0,5,5,0,100,0,0,5
2000-04-17,5,0,0,0,5.26,0,0,5,5,5,5,5,5,5,4.75,4.93,0,0,0,0,0,0,0,0,0,0,5,5,0,100,0,0,5
2000-04-18,5,0,0,0,5.26,0,0,5,5,5,5,5,5,5,4.75,4.94,0,0,0,0,0,0,0,0,0,0,5,5,0,100,0,0,5
2000-04-19,5,0,0,0,5.26,0,0,5,5,5,5,5,5,5,4.75,4.94,0,0,0,0,0,0,0,0,0,0,5,5,0,100,0,0,5
2000-04-20,5,0,0,0,5.26,0,0,5,5,5,5,5,5,5,4.75,4.95,0,0,0,0,0,0,0,0,0,0,5,5,0,100,0,0,5
2000-04-21,5,0,0,0,5.26,0,0,5,5,5,5,5,5,5,4.75,4.95,0,0,0,0,0,0,0,0,0,0,5,5,0,100,0,0,5
2000-04-24,5,0,0,0,5.26,0,0,5,5,5,5,5,5,5,4.75,4.95,0,0,0,0,0,0,0,0,0,0,5,5,0,100,0,0,5
2000-04-25,5,0,0,0,5.26,0,0,5,5,5,5,5,5,5,4.75,4.96,0,0,0,0,0,0,0,0,0,0,5,5,0,100,0,0,5
2000-04-26,5,0,0,0,5.26,0,0,5,5,5,5,5,5,5,4.75,4.96,0,0,0,0,0,0,0,0,0,0,5,5,0,100,0,0,5
2000-04-27,5,0,0,0,5.26,0,0,5,5,5,5,5,5,5,4.75,4.97,0,0,0,0,0,0,0,0,0,0,5,5,0,100,0,0,5
2000-04-28,5,0,0,0,5.26,0,0,5,5,5,5,5,5,5,4.75,4.97,0,0,0,0,0,0,0,0,0,0,5,5,0,100,0,0,5
2000-05-01,5,0,0,0,5.26,0,0,5,5,5,5,5,5,5,4.75,4.97,0,0,0,0,0,0,0,0,0,0,5,5,0,100,0,0,5
2000-05-02,5,0,0,0,5.26,0,0,5,5,5,5,5,5,5,4.75,4.98,0,0,0,0,0,0,0,0,0,0,5,5,0,100,0,0,5
2000-05-03,5,0,0,0,5.26,0,0,5,5,5,5,5,5,5,4.75,4.98,0,0,0,0,0,0,0,0,0,0,5,5,0,100,0,0,5
2000-05-04,5,0,0,0,5.26,0,0,5,5,5,5,5,5,5,4.75,4.98,0,0,0,0,0,0,0,0,0,0,5,5,0,100,0,0,5
2000-05-05,5,0,0,0,5.26,0,0,5,5,5,5,5,5,5,4.75,4.99,0,0,0,0,0,0,0,0,0,0,5,5,0,100,0,0,5
2000-05-08,5,0,0,0,5.26,0,0,5,5,5,5,5,5,5,4.75,4.99,0,0,0,0,0,0,0,0,0,0,5,5,0,100,0,0,5
2000-05-09,5,0,0,0,5.26,0,0,5,5,5,5,5,5,5,4.75,5,0,0,0,0,0,0,0,0,0,0,5,5,0,100,0,0,5
2000-05-10,5,0,0,0,5.26,0,0,5,5,5,5,5,5,5,5,5,0,0,0,0,0,0,0,0,0,0,5,5,0,100,0,0,5
2000-05-11,5,0,0,0,0,0,0,5,5,5,5,5,5,5,5,5,0,0,0,0,0,0,0,0,0,0,5,5,0,100,0,0,5
2000-05-12,5,0,0,0,0,0,0,5,5,5,5,5,5,5,5,5,0,0,0,0,0,0,0,0,0,0,5,5,0,100,0,0,5
2000-05-15,5,0,0,0,0,0,0,5,5,5,5,5,5,5,5,5,0,0,0,0,0,0,0,0,0,0,5,5,0,100,0,0,5
2000-05-16,5,0,0,0,0,0,0,5,5,5,5,5,5,5,5,5,0,0,0,0,0,0,0,0,0,0,5,5,0,100,0,0,5
2000-05-17,5,0,0,0,0,0,0,5,5,5,5,5,5,5,5,5,0,0,0,0,0,0,0,0,0,0,5,5,0,100,0,0,5
2000-05-18,5,0,0,0,0,0,0,5,5,5,5,5,5,5,5,5,0,0,0,0,0,0,0,0,0,0,5,5,0,100,0,0,5
2000-05-19,5,0,0,0,0,0,0,5,5,5,5,5,5,5,5,5,0,0,0,0,0,0,0,0,0,0,5,5,0,100,0,0,5
2000-05-22,5,0,0,0,0,0,0,5,5,5,5,5,5,5,5,5,0,0,0,0,0,0,0,0,0,0,5,5,0,100,0,0,5
2000-05-23,5,0,0,0,0,0,0,5,5,5,5,5,5,5,5,5,0,0,0,0,0,0,0,0,0,0,5,5,0,100,0,0,5
2000-05-24,5,0,0,0,0,0,0,5,5,5,5,5,5,5,5,5,0,0,0,0,0,0,0,0,0,0,5,5,0,100,0,0,5
2000-05-25,5,0,0,0,0,0,0,5,5,5,5,5,5,5,5,5,0,0,0,0,0,0,0,0,0,0,5,5,0,100,0,0,5
2000-05-26,5,0,0,0,0,0,0,5,5,5,5,5,5,5,5,5,0,0,0,0,0,0,0,0,0,0,5,5,0,100,0,0,5
2000-05-29,5,0,0,0,0,0,0,5,5,5,5,5,5,5,5,5,0,0,0,0,0,0,0,0,0,0,5,5,0,100,0,0,5
2000-05-30,5,0,0,0,0,0,0,5,5,5,5,5,5,5,5,5,0,0,0,0,0,0,0,0,0,0,5,5,0,100,0,0,5
2000-05-31,5,0,0,0,0,0,0,5,5,5,5,5,5,5,5,5,0,0,0,0,0,0,0,0,0,0,5,5,0,100,0,0,5
2000-06-01,5,0,0,0,0,0,0,5,5,5,5,5,5,5,5,5,0,0,0,0,0,0,0,0,0,0,5,5,0,100,0,0,5
2000-06-02,5,0,0,0,0,0,0,5,5,5,5,5,5,5,5,5,0,0,0,0,0,0,0,0,0,0,5,5,0,100,0,0,5
2000-06-05,5,0,0,0,0,0,0,5,5,5,5,5,5,5,5,5,0,0,0,0,0,0,0,0,0,0,5,5,0,100,0,0,5
2000-06-06,5,0,0,0,0,0,0,5,5,5,5,5,5,5,5,5,0,0,0,0,0,0,0,0,0,0,5,5,0,100,0,0,5
2000-06-07,5,0,0,0,0,0,0,5,5,5,5,5,5,5,5,5,0,0,0,0,0,0,0,0,0,0,5,5,0,100,0,0,5
2000-06-08,5,0,0,0,0,0,0,5,5,5,5,5,5,5,5,5,0,0,0,0,0,0,0,0,0,0,5,5,0,100,0,0,5
2000-06-09,5,0,0,0,0,0,0,5,5,5,5,5,5,5,5,5,0,0,0,0,0,0,0,0,0,0,5,5,0,100,0,0,5
2000-06-12,5,0,0,0,0,0,0,5,5,5,5,5,5,5,5,5,0,0,0,0,0,0,0,0,0,0,5,5,0,100,0,0,5
2000-06-13,5,0,0,0,0,0,0,5,5,5,5,5,5,5,5,5,0,0,0,0,0,0,0,0,0,0,5,5,0,100,0,0,5
2000-06-14,5,0,0,0,0,0,0,5,5,5,5,5,5,5,5,5,0,0,0,0,0,0,0,0,0,0,5,5,0,100,0,0,5
2000-06-15,5,0,0,0,0,0,0,5,5,5,5,5,5,5,5,5,0,0,0,0,0,0,0,0,0,0,5,5,0,100,0,0,5
2000-06-16,5,0,0,0,0,0,0,5,5,5,5,5,5,5,5,5,0,0,0,0,0,0,0,0,0,0,5,5,0,100,0,0,5
2000-06-19,5,0,0,0,0,0,0,5,5,5,5,5,5,5,5,5,0,0,0,0,0,0,0,0,0,0,5,5,0,100,0,0,5
2000-06-20,5,0,0,0,0,0,0,5,5,5,5,5,5,5,5,5,0,0,0,0,0,0,0,0,0,0,5,5,0,100,0,0,5
2000-06-21,5,0,0,0,0,0,0,5,5,5,5,5,5,5,5,5,0,0,0,0,0,0,0,0,0,0,5,5,0,100,0,0,5
2000-06-22,5,0,0,0,0,0,0,5,5,5,5,5,5,5,5,5,0,0,0,0,0,0,0,0,0,0,5,5,0,100,0,0,5
2000-06-23,5,0,0,0,0,0,0,5,5,5,5,5,5,5,5,5,0,0,0,0,0,0,0,0,0,0,5,5,0,100,0,0,5
2000-06-26,5,0,0,0,0,0,0,5,5,5,5,5,5,5,5,5,0,0,0,0,0,0,0,0,0,0,5,5,0,100,0,0,5
2000-06-27,5,0,0,0,0,0,0,5,5,5,5,5,5,5,5,5,0,0,0,0,0,0,0,0,0,0,5,5,0,100,0,0,5
2000-06-28,5,0,0,0,0,0,0,5,5,5,5,5,5,5,5,5,0,0,0,0,0,0,0,0,0,0,5,5,0,100,0,0,5
2000-06-29,5,0,0,0,0,0,0,5,5,5,5,5,5,5,5,5,0,0,0,0,0,0,0,0,0,0,5,5,0,100,0,0,5
2000-06-30,5,0,0,0,0,0,0,5,5,5,5,5,5,5,5,5,5,4.75,4.95,0,0,0,0,0,0,0,5,5,0,100,0,0,5
2000-07-03,5,0,0,0,0,5.26,0,5,5,5,5,5,5,5,5,5,5,4.75,4.95,0,0,0,0,0,0,0,5,5,0,100,0,0,5
2000-07-04,5,0,0,0,0,5.26,0,5,5,5,5,5,5,5,5,5,5,4.75,4.95,0,0,0,0,0,0,0,5,5,0,100,0,0,5
2000-07-05,5,0,0,0,0,5.26,0,5,5,5,5,5,5,5,5,5,5,4.75,4.95,0,0,0,0,0,0,0,5,5,0,100,0,0,5
2000-07-06,5,0,0,0,0,5.26,0,5,5,5,5,5,5,5,5,5,5,4.75,4.95,0,0,0,0,0,0,0,5,5,0,100,0,0,5
2000-07-07,5,0,0,0,0,5.26,0,5,5,5,5,5,5,5,5,5,5,4.75,4.96,0,0,0,0,0,0,0,5,5,0,100,0,0,5
2000-07-10,5,0,0,0,0,5.26,0,5,5,5,5,5,5,5,5,5,5,4.75,4.96,0,0,0,0,0,0,0,5,5,0,100,0,0,5
2000-07-11,5,0,0,0,0,5.26,0,5,5,5,5,5,5,5,5,5,5,4.75,4.96,0,0,0,0,0,0,0,5,5,0,100,0,0,5
2000-07-12,5,0,0,0,0,5.26,0,5,5,5,5,5,5,5,5,5,5,4.75,4.96,0,0,0,0,0,0,0,5,5,0,100,0,0,5
2000-07-13,5,0,0,0,0,5.26,0,5,5,5,5,5,5,5,5,5,5,4.75,4.96,0,0,0,0,0,0,0,5,5,0,100,0,0,5
2000-07-14,5,0,0,0,0,5.26,0,5,5,5,5,5,5,5,5,5,5,4.75,4.97,0,0,0,0,0,0,0,5,5,0,100,0,0,5
2000-07-17,5,0,0,0,0,5.26,0,5,5,5,5,5,5,5,5,5,5,4.75,4.97,0,0,0,0,0,0,0,5,5,0,100,0,0,5
2000-07-18,5,0,0,0,0,5.26,0,5,5,5,5,5,5,5,5,5,5,4.75,4.97,0,0,0,0,0,0,0,5,5,0,100,0,0,5
2000-07-19,5,0,0,0,0,5.26,0,5,5,5,5,5,5,5,5,5,5,4.75,4.97,0,0,0,0,0,0,0,5,5,0,100,0,0,5
2000-07-20,5,0,0,0,0,5.26,0,5,5,5,5,5,5,5,5,5,5,4.75,4.97,0,0,0,0,0,0,0,5,5,0,100,0,0,5
2000-07-21,5,0,0,0,0,5.26,0,5,5,5,5,5,5,5,5,5,5,4.75,4.98,0,0,0,0,0,0,0,5,5,0,100,0,0,5
2000-07-24,5,0,0,0,0,5.26,0,5,5,5,5,5,5,5,5,5,5,4.75,4.98,0,0,0,0,0,0,0,5,5,0,100,0,0,5
2000-07-25,5,0,0,0,0,5.26,0,5,5,5,5,5,5,5,5,5,5,4.75,4.98,0,0,0,0,0,0,0,5,5,0,100,0,0,5
2000-07-26,5,0,0,0,0,5.26,0,5,5,5,5,5,5,5,5,5,5,4.75,4.98,0,0,0,0,0,0,0,5,5,0,100,0,0,5
2000-07-27,5,0,0,0,0,5.26,0,5,5,5,5,5,5,5,5,5,5,4.75,4.98,0,0,0,0,0,0,0,5,5,0,100,0,0,5
2000-07-28,5,0,0,0,0,5.26,0,5,5,5,5,5,5,5,5,5,5,4.75,4.98,0,0,0,0,0,0,0,5,5,0,100,0,0,5
2000-07-31,5,0,0,0,0,5.26,0,5,5,5,5,5,5,5,5,5,5,4.75,4.99,0,0,0,0,0,0,0,5,5,0,100,0,0,5
2000-08-01,5,0,0,0,0,5.26,0,5,5,5,5,5,5,5,5,5,5,4.75,4.99,0,0,0,0,0,0,0,5,5,0,100,0,0,5
2000-08-02,5,0,0,0,0,5.26,0,5,5,5,5,5,5,5,5,5,5,4.75,4.99,0,0,0,0,0,0,0,5,5,0,100,0,0,5
2000-08-03,5,0,0,0,0,5.26,0,5,5,5,5,5,5,5,5,5,5,4.75,4.99,0,0,0,0,0,0,0,5,5,0,100,0,0,5
2000-08-04,5,0,0,0,0,5.26,0,5,5,5,5,5,5,5,5,5,5,4.75,4.99,0,0,0,0,0,0,0,5,5,0,100,0,0,5
2000-08-07,5,0,0,0,0,5.26,0,5,5,5,5,5,5,5,5,5,5,4.75,5,0,0,0,0,0,0,0,5,5,0,100,0,0,5
2000-08-08,5,0,0,0,0,5.26,0,5,5,5,5,5,5,5,5,5,5,4.75,5,0,0,0,0,0,0,0,5,5,0,100,0,0,5
2000-08-09,5,0,0,0,0,5.26,0,5,5,5,5,5,5,5,5,5,5,5,5,0,0,0,0,0,0,0,5,5,0,100,0,0,5
2000-08-10,5,0,0,0,0,0,0,5,5,5,5,5,5,5,5,5,5,5,5,0,0,0,0,0,0,0,5,5,0,100,0,0,5
2000-08-11,5,0,0,0,0,0,0,5,5,5,5,5,5,5,5,5,5,5,5,0,0,0,0,0,0,0,5,5,0,100,0,0,5
2000-08-14,5,0,0,0,0,0,0,5,5,5,5,5,5,5,5,5,5,5,5,0,0,0,0,0,0,0,5,5,0,100,0,0,5
2000-08-15,5,0,0,0,0,0,0,5,5,5,5,5,5,5,5,5,5,5,5,0,0,0,0,0,0,0,5,5,0,100,0,0,5
2000-08-16,5,0,0,0,0,0,0,5,5,5,5,5,5,5,5,5,5,5,5,0,0,0,0,0,0,0,5,5,0,100,0,0,5
2000-08-17,5,0,0,0,0,0,0,5,5,5,5,5,5,5,5,5,5,5,5,0,0,0,0,0,0,0,5,5,0,100,0,0,5
2000-08-18,5,0,0,0,0,0,0,5,5,5,5,5,5,5,5,5,5,5,5,0,0,0,0,0,0,0,5,5,0,100,0,0,5
2000-08-21,5,0,0,0,0,0,0,5,5,5,5,5,5,5,5,5,5,5,5,0,0,0,0,0,0,0,5,5,0,100,0,0,5
2000-08-22,5,0,0,0,0,0,0,5,5,5,5,5,5,5,5,5,5,5,5,0,0,0,0,0,0,0,5,5,0,100,0,0,5
2000-08-23,5,0,0,0,0,0,0,5,5,5,5,5,5,5,5,5,5,5,5,0,0,0,0,0,0,0,5,5,0,100,0,0,5
2000-08-24,5,0,0,0,0,0,0,5,5,5,5,5,5,5,5,5,5,5,5,0,0,0,0,0,0,0,5,5,0,100,0,0,5
2000-08-25,5,0,0,0,0,0,0,5,5,5,5,5,5,5,5,5,5,5,5,0,0,0,0,0,0,0,5,5,0,100,0,0,5
2000-08-28,5,0,0,0,0,0,0,5,5,5,5,5,5,5,5,5,5,5,5,0,0,0,0,0,0,0,5,5,0,100,0,0,5
2000-08-29,5,0,0,0,0,0,0,5,5,5,5,5,5,5,5,5,5,5,5,0,0,0,0,0,0,0,5,5,0,100,0,0,5
2000-08-30,5,0,0,0,0,0,0,5,5,5,5,5,5,5,5,5,5,5,5,0,0,0,0,0,0,0,5,5,0,100,0,0,5
2000-08-31,5,0,0,0,0,0,0,5,5,5,5,5,5,5,5,5,5,5,5,0,0,0,0,0,0,0,5,5,0,100,0,0,5
2000-09-01,5,0,0,0,0,0,0,5,5,5,5,5,5,5,5,5,5,5,5,0,0,0,0,0,0,0,5,5,0,100,0,0,5
2000-09-04,5,0,0,0,0,0,0,5,5,5,5,5,5,5,5,5,5,5,5,0,0,0,0,0,0,0,5,5,0,100,0,0,5
2000-09-05,5,0,0,0,0,0,0,5,5,5,5,5,5,5,5,5,5,5,5,0,0,0,0,0,0,0,5,5,0,100,0,0,5
2000-09-06,5,0,0,0,0,0,0,5,5,5,5,5,5,5,5,5,5,5,5,0,0,0,0,0,0,0,5,5,0,100,0,0,5
2000-09-07,5,0,0,0,0,0,0,5,5,5,5,5,5,5,5,5,5,5,5,0,0,0,0,0,0,0,5,5,0,100,0,0,5
2000-09-08,5,0,0,0,0,0,0,5,5,5,5,5,5,5,5,5,5,5,5,0,0,0,0,0,0,0,5,5,0,100,0,0,5
2000-09-11,5,0,0,0,0,0,0,5,5,5,5,5,5,5,5,5,5,5,5,0,0,0,0,0,0,0,5,5,0,100,0,0,5
2000-09-12,5,0,0,0,0,0,0,5,5,5,5,5,5,5,5,5,5,5,5,0,0,0,0,0,0,0,5,5,0,100,0,0,5
2000-09-13,5,0,0,0,0,0,0,5,5,5,5,5,5,5,5,5,5,5,5,0,0,0,0,0,0,0,5,5,0,100,0,0,5
2000-09-14,5,0,0,0,0,0,0,5,5,5,5,5,5,5,5,5,5,5,5,0,0,0,0,0,0,0,5,5,0,100,0,0,5
2000-09-15,5,0,0,0,0,0,0,5,5,5,5,5,5,5,5,5,5,5,5,0,0,0,0,0,0,0,5,5,0,100,0,0,5
2000-09-18,5,0,0,0,0,0,0,5,5,5,5,5,5,5,5,5,5,5,5,0,0,0,0,0,0,0,5,5,0,100,0,0,5
2000-09-19,5,0,0,0,0,0,0,5,5,5,5,5,5,5,5,5,5,5,5,0,0,0,0,0,0,0,5,5,0,100,0,0,5
2000-09-20,5,0,0,0,0,0,0,5,5,5,5,5,5,5,5,5,5,5,5,0,0,0,0,0,0,0,5,5,0,100,0,0,5
2000-09-21,5,0,0,0,0,0,0,5,5,5,5,5,5,5,5,5,5,5,5,0,0,0,0,0,0,0,5,5,0,100,0,0,5
2000-09-22,5,0,0,0,0,0,0,5,5,5,5,5,5,5,5,5,5,5,5,0,0,0,0,0,0,0,5,5,0,100,0,0,5
2000-09-25,5,0,0,0,0,0,0,5,5,5,5,5,5,5,5,5,5,5,5,0,0,0,0,0,0,0,5,5,0,100,0,0,5
2000-09-26,5,0,0,0,0,0,0,5,5,5,5,5,5,5,5,5,5,5,5,0,0,0,0,0,0,0,5,5,0,100,0,0,5
2000-09-27,5,0,0,0,0,0,0,5,5,5,5,5,5,5,5,5,5,5,5,0,0,0,0,0,0,0,5,5,0,100,0,0,5
2000-09-28,5,0,0,0,0,0,0,5,5,5,5,5,5,5,5,5,5,5,5,0,0,0,0,0,0,0,5,5,0,100,0,0,5
2000-09-29,5,0,0,0,0,0,0,5,5,5,5,5,5,5,5,5,5,5,5,0,0,0,0,0,0,0,5,5,0,100,0,0,5
2000-10-02,5,0,0,0,0,0,0,5,5,5,5,5,5,5,5,5,5,5,5,0,0,0,0,0,0,0,5,5,0,100,0,0,5
2000-10-03,5,0,0,0,0,0,0,5,5,5,5,5,5,5,5,5,5,5,5,0,0,0,0,0,0,0,5,5,0,100,0,0,5
2000-10-04,5,0,0,0,0,0,0,5,5,5,5,5,5,5,5,5,5,5,5,0,0,0,0,0,0,0,5,5,0,100,0,0,5
2000-10-05,5.25,5,5,5,5,5,0,5.25,5,5.05,5.25,5,5.01,5.25,5,5,5.25,5,5,0,0,0,0,0.011217949,0.001246439,0.00997151,5.124303399,4.900696601,1,100.1185943,0.17249928,0.044609835,5.25
2000-10-06,5.25,0,5,5,5,5,0,5.25,5,5.1,5.25,5,5.03,5.25,5,5.01,5.25,5,5,0,0,0,0,0.022435897,0.003739316,0.018696581,5.178896753,4.871103247,1,100.2306302,0.17249928,0.061252439,5.25
2000-10-09,5.25,0,5,5,5,5,0,5.25,5,5.15,5.25,5,5.04,5.25,5,5.01,5.25,5,5.01,0,0,0,0,0.033653846,0.007478632,0.026175214,5.220673774,4.854326226,1,100.3361135,0.17249928,0.072724079,5.25
2000-10-10,5.25,0,5,5,5,5,0,5.25,5,5.2,5.25,5,5.05,5.25,5,5.02,5.25,5,5.01,0,0,0,0,0.044871795,0.012464387,0.032407407,5.25519567,4.84480433,1,100.4350528,0.17249928,0.081265612,5.25
2000-10-11,5.25,0,5,5,5,5,0,5.25,5.25,5.25,5.25,5,5.06,5.25,5,5.02,5.25,5,5.01,0,0,0,0,0.056089744,0.018696581,0.037393162,5.284630829,4.840369171,1,100.5274589,0.17249928,0.087755389,5.25
2000-10-12,5.25,0,0,5,5,5,0,5.25,5.25,5.25,5.25,5,5.08,5.25,5,5.02,5.25,5,5.01,0,0,0,0,0.067307692,0.026175214,0.041132479,5.310081173,4.839918827,1,100.6133449,0.17249928,0.092642827,5.25
2000-10-13,5.25,0,0,5,5,5,0,5.25,5.25,5.25,5.25,5,5.09,5.25,5,5.03,5.25,5,5.01,0,0,0,0,0.078525641,0.034900285,0.043625356,5.332180242,4.842819758,1,100.6927264,0.17249928,0.096188793,5.25
2000-10-16,5.25,0,0,5,5,5,0,5.25,5.25,5.25,5.25,5,5.1,5.25,5,5.03,5.25,5,5.02,0,0,0,0,0.08974359,0.044871795,0.044871795,5.351312345,4.848687655,1,100.7656211,0.17249928,0.098553861,5.25
2000-10-17,5.25,0,0,5,5,5,0,5.25,5.25,5.25,5.25,5,5.11,5.25,5,5.03,5.25,5,5.02,0,0,0,0,0.100961538,0.056089744,0.044871795,5.367708893,4.857291107,1,100.8320493,0.17249928,0.09983722,5.25
2000-10-18,5.25,0,0,5,5,5,0,5.25,5.25,5.25,5.25,5,5.13,5.25,5,5.04,5.25,5,5.02,0,0,0,0,0.112179487,0.067307692,0.044871795,5.381494588,4.868505412,1,100.8920332,0.17249928,0.100095449,5.25
2000-10-19,5.25,0,0,5,5,5,0,5.25,5.25,5.25,5.25,5,5.14,5.25,5,5.04,5.25,5,5.02,0,0,0,0,0.123397436,0.078525641,0.044871795,5.392708893,4.882291107,1,100.9455974,0.17249928,0.099351394,5.25
2000-10-20,5.25,0,0,5,5,5,0,5.25,5.25,5.25,5.25,5,5.15,5.25,5,5.05,5.25,5,5.02,0,0,0,0,0.134615385,0.08974359,0.044871795,5.401312345,4.898687655,1,100.9927687,0.17249928,0.097597027,5.25
2000-10-23,5.25,0,0,5,5,5,0,5.25,5.25,5.25,5.25,5,5.16,5.25,5,5.05,5.25,5,5.03,0,0,0,0,0.125,0.098646724,0.026353276,5.407180242,4.917819758,1,101.0335759,0.17249928,0.094791377,5.25
2000-10-24,5.25,0,0,5,5,5,0,5.25,5.25,5.25,5.25,5,5.18,5.25,5,5.05,5.25,5,5.03,0,0,0,0,0.115384615,0.105235043,0.010149573,5.410081173,4.939918827,1,101.06805,0.17249928,0.090852627,5.25
2000-10-25,5.25,0,0,5,5,5,0,5.25,5.25,5.25,5.25,5,5.19,5.25,5,5.06,5.25,5,5.03,0,0,0,0,0.105769231,0.109508547,-0.003739316,5.409630829,4.965369171,1,101.0962241,0.17249928,0.085640802,5.25
2000-10-26,5.25,0,0,5,5,5,0,5.25,5.25,5.25,5.25,5,5.2,5.25,5,5.06,5.25,5,5.03,0,0,0,0,0.096153846,0.111467236,-0.01531339,5.40519567,4.99480433,1,101.1181332,0.17249928,0.078921412,5.25
2000-10-27,5.25,0,0,5,5,5,0,5.25,5.25,5.25,5.25,5,5.21,5.25,5,5.07,5.25,5,5.03,0,0,0,0,0.086538462,0.111111111,-0.02457265,5.395673774,5.029326226,1,101.1338143,0.17249928,0.070282503,5.25
2000-10-30,5.25,0,0,5,5,5,0,5.25,5.25,5.25,5.25,5,5.23,5.25,5,5.07,5.25,5,5.03,0,0,0,0,0.076923077,0.108440171,-0.031517094,5.378896753,5.071103247,1,101.1433065,0.17249928,0.058907848,5.25
2000-10-31,5.25,0,0,5,5,5,0,5.25,5.25,5.25,5.25,5,5.24,5.25,5,5.07,5.25,5,5.04,0,0,0,0,0.067307692,0.103454416,-0.036146724,5.349303399,5.125696601,1,101.1466506,0.17249928,0.042693422,5.25
2000-11-01,5.25,0,0,5,5,5,0,5.25,5.25,5.25,5.25,5.25,5.25,5.25,5,5.08,5.25,5,5.04,0,0,0,0,0.057692308,0.096153846,-0.038461538,5.25,5.25,0,101.1438892,0.17249928,0,5.25
2000-11-02,5.25,0,0,0,5,5,0,5.25,5.25,5.25,5.25,5.25,5.25,5.25,5,5.08,5.25,5,5.04,0,0,0,0,0.048076923,0.086538462,-0.038461538,5.25,5.25,0,101.028324,0,0,5.25
2000-11-03,5.25,0,0,0,5,5,0,5.25,5.25,5.25,5.25,5.25,5.25,5.25,5,5.08,5.25,5,5.04,0,0,0,0,0.038461538,0.076923077,-0.038461538,5.25,5.25,0,100.9190845,0,0,5.25
2000-11-06,5.25,0,0,0,5,5,0,5.25,5.25,5.25,5.25,5.25,5.25,5.25,5,5.09,5.25,5,5.04,0,0,0,0,0.028846154,0.067307692,-0.038461538,5.25,5.25,0,100.8161306,0,0,5.25
2000-11-07,5.25,0,0,0,5,5,0,5.25,5.25,5.25,5.25,5.25,5.25,5.25,5,5.09,5.25,5,5.05,0,0,0,0,0.019230769,0.057692308,-0.038461538,5.25,5.25,0,100.7194245,0,0,5.25
2000-11-08,5.25,0,0,0,5,5,0,5.25,5.25,5.25,5.25,5.25,5.25,5.25,5,5.1,5.25,5,5.05,0,0,0,0,0.009615385,0.048076923,-0.038461538,5.25,5.25,0,100.6289308,0,0,5.25
2000-11-09,5.25,0,0,0,5,5,0,5.25,5.25,5.25,5.25,5.25,5.25,5.25,5,5.1,5.25,5,5.05,0,0,0,0,0,0.038461538,-0.038461538,5.25,5.25,0,100.5446167,0,0,5.25
2000-11-10,5.25,0,0,0,5,5,0,5.25,5.25,5.25,5.25,5.25,5.25,5.25,5,5.1,5.25,5,5.05,0,0,0,0,0,0.02991453,-0.02991453,5.25,5.25,0,100.4664514,0,0,5.25
2000-11-13,5.25,0,0,0,5,5,0,5.25,5.25,5.25,5.25,5.25,5.25,5.25,5,5.11,5.25,5,5.05,0,0,0,0,0,0.022435897,-0.022435897,5.25,5.25,0,100.3944066,0,0,5.25
2000-11-14,5.25,0,0,0,5,5,0,5.25,5.25,5.25,5.25,5.25,5.25,5.25,5,5.11,5.25,5,5.06,0,0,0,0,0,0.016025641,-0.016025641,5.25,5.25,0,100.3284563,0,0,5.25
2000-11-15,5.25,0,0,0,5,5,0,5.25,5.25,5.25,5.25,5.25,5.25,5.25,5,5.12,5.25,5,5.06,0,0,0,0,0,0.010683761,-0.010683761,5.25,5.25,0,100.2685765,0,0,5.25
2000-11-16,5.25,0,0,0,5,5,0,5.25,5.25,5.25,5.25,5.25,5.25,5.25,5,5.12,5.25,5,5.06,0,0,0,0,0,0.006410256,-0.006410256,5.25,5.25,0,100.2147459,0,0,5.25
2000-11-17,5.25,0,0,0,5,5,0,5.25,5.25,5.25,5.25,5.25,5.25,5.25,5,5.12,5.25,5,5.06,0,0,0,0,0,0.003205128,-0.003205128,5.25,5.25,0,100.1669449,0,0,5.25
2000-11-20,5.25,0,0,0,5,5,0,5.25,5.25,5.25,5.25,5.25,5.25,5.25,5,5.13,5.25,5,5.06,0,0,0,0,0,0.001068376,-0.001068376,5.25,5.25,0,100.1251564,0,0,5.25
2000-11-21,5.25,0,0,0,5,5,0,5.25,5.25,5.25,5.25,5.25,5.25,5.25,5,5.13,5.25,5,5.07,0,0,0,0,0,0,0,5.25,5.25,0,100.0893655,0,0,5.25
2000-11-22,5.25,0,0,0,5,5,0,5.25,5.25,5.25,5.25,5.25,5.25,5.25,5,5.13,5.25,5,5.07,0,0,0,0,0,0,0,5.25,5.25,0,100.0595593,0,0,5.25
2000-11-23,5.25,0,0,0,5,5,0,5.25,5.25,5.25,5.25,5.25,5.25,5.25,5,5.14,5.25,5,5.07,0,0,0,0,0,0,0,5.25,5.25,0,100.035727,0,0,5.25
2000-11-24,5.25,0,0,0,5,5,0,5.25,5.25,5.25,5.25,5.25,5.25,5.25,5,5.14,5.25,5,5.07,0,0,0,0,0,0,0,5.25,5.25,0,100.0178603,0,0,5.25
2000-11-27,5.25,0,0,0,5,5,0,5.25,5.25,5.25,5.25,5.25,5.25,5.25,5,5.15,5.25,5,5.07,0,0,0,0,0,0,0,5.25,5.25,0,100.0059527,0,0,5.25
2000-11-28,5.25,0,0,0,5,5,0,5.25,5.25,5.25,5.25,5.25,5.25,5.25,5,5.15,5.25,5,5.08,0,0,0,0,0,0,0,5.25,5.25,0,100,0,0,5.25
2000-11-29,5.25,0,0,0,5,5,0,5.25,5.25,5.25,5.25,5.25,5.25,5.25,5,5.15,5.25,5,5.08,0,0,0,0,0,0,0,5.25,5.25,0,100,0,0,5.25
2000-11-30,5.25,0,0,0,5,5,0,5.25,5.25,5.25,5.25,5.25,5.25,5.25,5,5.16,5.25,5,5.08,0,0,0,0,0,0,0,5.25,5.25,0,100,0,0,5.25
2000-12-01,5.25,0,0,0,5,5,0,5.25,5.25,5.25,5.25,5.25,5.25,5.25,5,5.16,5.25,5,5.08,0,0,0,0,0,0,0,5.25,5.25,0,100,0,0,5.25
2000-12-04,5.25,0,0,0,5,5,0,5.25,5.25,5.25,5.25,5.25,5.25,5.25,5,5.17,5.25,5,5.08,0,0,0,0,0,0,0,5.25,5.25,0,100,0,0,5.25
2000-12-05,5.25,0,0,0,5,5,0,5.25,5.25,5.25,5.25,5.25,5.25,5.25,5,5.17,5.25,5,5.08,0,0,0,0,0,0,0,5.25,5.25,0,100,0,0,5.25
2000-12-06,5.25,0,0,0,5,5,0,5.25,5.25,5.25,5.25,5.25,5.25,5.25,5,5.17,5.25,5,5.09,0,0,0,0,0,0,0,5.25,5.25,0,100,0,0,5.25
2000-12-07,5.25,0,0,0,5,5,0,5.25,5.25,5.25,5.25,5.25,5.25,5.25,5,5.18,5.25,5,5.09,0,0,0,0,0,0,0,5.25,5.25,0,100,0,0,5.25
2000-12-08,5.25,0,0,0,5,5,0,5.25,5.25,5.25,5.25,5.25,5.25,5.25,5,5.18,5.25,5,5.09,0,0,0,0,0,0,0,5.25,5.25,0,100,0,0,5.25
2000-12-11,5.25,0,0,0,5,5,0,5.25,5.25,5.25,5.25,5.25,5.25,5.25,5,5.18,5.25,5,5.09,0,0,0,0,0,0,0,5.25,5.25,0,100,0,0,5.25
2000-12-12,5.25,0,0,0,5,5,0,5.25,5.25,5.25,5.25,5.25,5.25,5.25,5,5.19,5.25,5,5.09,0,0,0,0,0,0,0,5.25,5.25,0,100,0,0,5.25
2000-12-13,5.25,0,0,0,5,5,0,5.25,5.25,5.25,5.25,5.25,5.25,5.25,5,5.19,5.25,5,5.1,0,0,0,0,0,0,0,5.25,5.25,0,100,0,0,5.25
2000-12-14,5.25,0,0,0,5,5,0,5.25,5.25,5.25,5.25,5.25,5.25,5.25,5,5.2,5.25,5,5.1,0,0,0,0,0,0,0,5.25,5.25,0,100,0,0,5.25
2000-12-15,5.25,0,0,0,5,5,0,5.25,5.25,5.25,5.25,5.25,5.25,5.25,5,5.2,5.25,5,5.1,0,0,0,0,0,0,0,5.25,5.25,0,100,0,0,5.25
2000-12-18,5.25,0,0,0,5,5,0,5.25,5.25,5.25,5.25,5.25,5.25,5.25,5,5.2,5.25,5,5.1,0,0,0,0,0,0,0,5.25,5.25,0,100,0,0,5.25
2000-12-19,5.25,0,0,0,5,5,0,5.25,5.25,5.25,5.25,5.25,5.25,5.25,5,5.21,5.25,5,5.1,0,0,0,0,0,0,0,5.25,5.25,0,100,0,0,5.25
2000-12-20,5.25,0,0,0,5,5,0,5.25,5.25,5.25,5.25,5.25,5.25,5.25,5,5.21,5.25,5,5.11,0,0,0,0,0,0,0,5.25,5.25,0,100,0,0,5.25
2000-12-21,5.25,0,0,0,5,5,0,5.25,5.25,5.25,5.25,5.25,5.25,5.25,5,5.22,5.25,5,5.11,0,0,0,0,0,0,0,5.25,5.25,0,100,0,0,5.25
2000-12-22,5.25,0,0,0,5,5,0,5.25,5.25,5.25,5.25,5.25,5.25,5.25,5,5.22,5.25,5,5.11,0,0,0,0,0,0,0,5.25,5.25,0,100,0,0,5.25
2000-12-25,5.25,0,0,0,5,5,0,5.25,5.25,5.25,5.25,5.25,5.25,5.25,5,5.22,5.25,5,5.11,0,0,0,0,0,0,0,5.25,5.25,0,100,0,0,5.25
2000-12-26,5.25,0,0,0,5,5,0,5.25,5.25,5.25,5.25,5.25,5.25,5.25,5,5.23,5.25,5,5.11,0,0,0,0,0,0,0,5.25,5.25,0,100,0,0,5.25
2000-12-27,5.25,0,0,0,5,5,0,5.25,5.25,5.25,5.25,5.25,5.25,5.25,5,5.23,5.25,5,5.12,0,0,0,0,0,0,0,5.25,5.25,0,100,0,0,5.25
2000-12-28,5.25,0,0,0,5,5,0,5.25,5.25,5.25,5.25,5.25,5.25,5.25,5,5.23,5.25,5,5.12,0,0,0,0,0,0,0,5.25,5.25,0,100,0,0,5.25
2000-12-29,5.25,0,0,0,5,5,0,5.25,5.25,5.25,5.25,5.25,5.25,5.25,5,5.24,5.25,5,5.12,5.25,4.75,5.03,0,0,0,0,5.25,5.25,0,100,0,0,5.25
2001-01-01,5.25,0,0,0,5,5,10.53,5.25,5.25,5.25,5.25,5.25,5.25,5.25,5,5.24,5.25,5,5.12,5.25,4.75,5.03,0,0,0,0,5.25,5.25,0,100,0,0,5.25
2001-01-02,5.25,0,0,0,5,5,10.53,5.25,5.25,5.25,5.25,5.25,5.25,5.25,5,5.25,5.25,5,5.12,5.25,4.75,5.04,0,0,0,0,5.25,5.25,0,100,0,0,5.25
2001-01-03,5.25,0,0,0,5,5,10.53,5.25,5.25,5.25,5.25,5.25,5.25,5.25,5.25,5.25,5.25,5,5.13,5.25,4.75,5.04,0,0,0,0,5.25,5.25,0,100,0,0,5.25
2001-01-04,5.25,0,0,0,0,5,10.53,5.25,5.25,5.25,5.25,5.25,5.25,5.25,5.25,5.25,5.25,5,5.13,5.25,4.75,5.04,0,0,0,0,5.25,5.25,0,100,0,0,5.25
2001-01-05,5.25,0,0,0,0,5,10.53,5.25,5.25,5.25,5.25,5.25,5.25,5.25,5.25,5.25,5.25,5,5.13,5.25,4.75,5.04,0,0,0,0,5.25,5.25,0,100,0,0,5.25
2001-01-08,5.25,0,0,0,0,5,10.53,5.25,5.25,5.25,5.25,5.25,5.25,5.25,5.25,5.25,5.25,5,5.13,5.25,4.75,5.04,0,0,0,0,5.25,5.25,0,100,0,0,5.25
2001-01-09,5.25,0,0,0,0,5,10.53,5.25,5.25,5.25,5.25,5.25,5.25,5.25,5.25,5.25,5.25,5,5.13,5.25,4.75,5.05,0,0,0,0,5.25,5.25,0,100,0,0,5.25
2001-01-10,5.25,0,0,0,0,5,10.53,5.25,5.25,5.25,5.25,5.25,5.25,5.25,5.25,5.25,5.25,5,5.13,5.25,4.75,5.05,0,0,0,0,5.25,5.25,0,100,0,0,5.25
2001-01-11,5.25,0,0,0,0,5,10.53,5.25,5.25,5.25,5.25,5.25,5.25,5.25,5.25,5.25,5.25,5,5.14,5.25,4.75,5.05,0,0,0,0,5.25,5.25,0,100,0,0,5.25
2001-01-12,5.25,0,0,0,0,5,10.53,5.25,5.25,5.25,5.25,5.25,5.25,5.25,5.25,5.25,5.25,5,5.14,5.25,4.75,5.05,0,0,0,0,5.25,5.25,0,100,0,0,5.25
2001-01-15,5.25,0,0,0,0,5,10.53,5.25,5.25,5.25,5.25,5.25,5.25,5.25,5.25,5.25,5.25,5,5.14,5.25,4.75,5.05,0,0,0,0,5.25,5.25,0,100,0,0,5.25
2001-01-16,5.25,0,0,0,0,5,10.53,5.25,5.25,5.25,5.25,5.25,5.25,5.25,5.25,5.25,5.25,5,5.14,5.25,4.75,5.06,0,0,0,0,5.25,5.25,0,100,0,0,5.25
2001-01-17,5.25,0,0,0,0,5,10.53,5.25,5.25,5.25,5.25,5.25,5.25,5.25,5.25,5.25,5.25,5,5.14,5.25,4.75,5.06,0,0,0,0,5.25,5.25,0,100,0,0,5.25
2001-01-18,5.25,0,0,0,0,5,10.53,5.25,5.25,5.25,5.25,5.25,5.25,5.25,5.25,5.25,5.25,5,5.15,5.25,4.75,5.06,0,0,0,0,5.25,5.25,0,100,0,0,5.25
2001-01-19,5.25,0,0,0,0,5,10.53,5.25,5.25,5.25,5.25,5.25,5.25,5.25,5.25,5.25,5.25,5,5.15,5.25,4.75,5.06,0,0,0,0,5.25,5.25,0,100,0,0,5.25
2001-01-22,5.25,0,0,0,0,5,10.53,5.25,5.25,5.25,5.25,5.25,5.25,5.25,5.25,5.25,5.25,5,5.15,5.25,4.75,5.06,0,0,0,0,5.25,5.25,0,100,0,0,5.25
2001-01-23,5.25,0,0,0,0,5,10.53,5.25,5.25,5.25,5.25,5.25,5.25,5.25,5.25,5.25,5.25,5,5.15,5.25,4.75,5.07,0,0,0,0,5.25,5.25,0,100,0,0,5.25
2001-01-24,5.25,0,0,0,0,5,10.53,5.25,5.25,5.25,5.25,5.25,5.25,5.25,5.25,5.25,5.25,5,5.15,5.25,4.75,5.07,0,0,0,0,5.25,5.25,0,100,0,0,5.25
2001-01-25,5.25,0,0,0,0,5,10.53,5.25,5.25,5.25,5.25,5.25,5.25,5.25,5.25,5.25,5.25,5,5.16,5.25,4.75,5.07,0,0,0,0,5.25,5.25,0,100,0,0,5.25
2001-01-26,5.25,0,0,0,0,5,10.53,5.25,5.25,5.25,5.25,5.25,5.25,5.25,5.25,5.25,5.25,5,5.16,5.25,4.75,5.07,0,0,0,0,5.25,5.25,0,100,0,0,5.25
2001-01-29,5.25,0,0,0,0,5,10.53,5.25,5.25,5.25,5.25,5.25,5.25,5.25,5.25,5.25,5.25,5,5.16,5.25,4.75,5.07,0,0,0,0,5.25,5.25,0,100,0,0,5.25
2001-01-30,5.25,0,0,0,0,5,10.53,5.25,5.25,5.25,5.25,5.25,5.25,5.25,5.25,5.25,5.25,5,5.16,5.25,4.75,5.08,0,0,0,0,5.25,5.25,0,100,0,0,5.25
2001-01-31,5.25,0,0,0,0,5,10.53,5.25,5.25,5.25,5.25,5.25,5.25,5.25,5.25,5.25,5.25,5,5.16,5.25,4.75,5.08,0,0,0,0,5.25,5.25,0,100,0,0,5.25
2001-02-01,5.25,0,0,0,0,5,10.53,5.25,5.25,5.25,5.25,5.25,5.25,5.25,5.25,5.25,5.25,5,5.17,5.25,4.75,5.08,0,0,0,0,5.25,5.25,0,100,0,0,5.25
2001-02-02,5.25,0,0,0,0,5,10.53,5.25,5.25,5.25,5.25,5.25,5.25,5.25,5.25,5.25,5.25,5,5.17,5.25,4.75,5.08,0,0,0,0,5.25,5.25,0,100,0,0,5.25
2001-02-05,5.25,0,0,0,0,5,10.53,5.25,5.25,5.25,5.25,5.25,5.25,5.25,5.25,5.25,5.25,5,5.17,5.25,4.75,5.08,0,0,0,0,5.25,5.25,0,100,0,0,5.25
2001-02-06,5.25,0,0,0,0,5,10.53,5.25,5.25,5.25,5.25,5.25,5.25,5.25,5.25,5.25,5.25,5,5.17,5.25,4.75,5.08,0,0,0,0,5.25,5.25,0,100,0,0,5.25
2001-02-07,5.25,0,0,0,0,5,10.53,5.25,5.25,5.25,5.25,5.25,5.25,5.25,5.25,5.25,5.25,5,5.17,5.25,5,5.09,0,0,0,0,5.25,5.25,0,100,0,0,5.25
2001-02-08,5,-4.76,-4.76,-4.76,-4.76,0,0,5.25,5,5.2,5.25,5,5.24,5.25,5,5.25,5.25,5,5.17,5.25,5,5.09,0,-0.011217949,-0.001246439,-0.00997151,5.349303399,5.125696601,0,99.76784332,0.17249928,0.042693422,5
2001-02-09,5,0,-4.76,-4.76,-4.76,0,0,5.25,5,5.15,5.25,5,5.23,5.25,5,5.24,5.25,5,5.17,5.25,5,5.09,0,-0.022435897,-0.003739316,-0.018696581,5.378896753,5.071103247,0,99.54158481,0.17249928,0.058907848,5
2001-02-12,5,0,-4.76,-4.76,-4.76,0,0,5.25,5,5.1,5.25,5,5.21,5.25,5,5.24,5.25,5,5.17,5.25,5,5.09,0,-0.033653846,-0.007478632,-0.026175214,5.395673774,5.029326226,0,99.32118614,0.17249928,0.070282503,5
2001-02-13,5,0,-4.76,-4.76,-4.76,0,0,5.25,5,5.05,5.25,5,5.2,5.25,5,5.23,5.25,5,5.17,5.25,5,5.09,0,-0.044871795,-0.012464387,-0.032407407,5.40519567,4.99480433,0,99.10661108,0.17249928,0.078921412,5
2001-02-14,5,0,-4.76,-4.76,-4.76,0,0,5,5,5,5.25,5,5.19,5.25,5,5.23,5.25,5,5.17,5.25,5,5.09,0,-0.056089744,-0.018696581,-0.037393162,5.409630829,4.965369171,0,98.89782544,0.17249928,0.085640802,5
2001-02-15,5,0,0,-4.76,-4.76,0,0,5,5,5,5.25,5,5.18,5.25,5,5.23,5.25,5,5.17,5.25,5,5.09,0,-0.067307692,-0.026175214,-0.041132479,5.410081173,4.939918827,0,98.69479707,0.17249928,0.090852627,5
2001-02-16,5,0,0,-4.76,-4.76,0,0,5,5,5,5.25,5,5.16,5.25,5,5.22,5.25,5,5.17,5.25,5,5.09,0,-0.078525641,-0.034900285,-0.043625356,5.407180242,4.917819758,0,98.49749583,0.17249928,0.094791377,5
2001-02-19,5,0,0,-4.76,-4.76,0,0,5,5,5,5.25,5,5.15,5.25,5,5.22,5.25,5,5.17,5.25,5,5.09,0,-0.08974359,-0.044871795,-0.044871795,5.401312345,4.898687655,0,98.30589358,0.17249928,0.097597027,5
2001-02-20,5,0,0,-4.76,-4.76,0,0,5,5,5,5.25,5,5.14,5.25,5,5.22,5.25,5,5.17,5.25,5,5.09,0,-0.100961538,-0.056089744,-0.044871795,5.392708893,4.882291107,0,98.11996419,0.17249928,0.099351394,5
2001-02-21,5,0,0,-4.76,-4.76,0,0,5,5,5,5.25,5,5.13,5.25,5,5.21,5.25,5,5.17,5.25,5,5.09,0,-0.112179487,-0.067307692,-0.044871795,5.381494588,4.868505412,0,97.93968349,0.17249928,0.100095449,5
2001-02-22,5,0,0,-4.76,-4.76,0,0,5,5,5,5.25,5,5.11,5.25,5,5.21,5.25,5,5.17,5.25,5,5.09,0,-0.123397436,-0.078525641,-0.044871795,5.367708893,4.857291107,0,97.76502928,0.17249928,0.09983722,5
2001-02-23,5,0,0,-4.76,-4.76,0,0,5,5,5,5.25,5,5.1,5.25,5,5.2,5.25,5,5.17,5.25,5,5.09,0,-0.134615385,-0.08974359,-0.044871795,5.351312345,4.848687655,0,97.59598134,0.17249928,0.098553861,5
2001-02-26,5,0,0,-4.76,-4.76,0,0,5,5,5,5.25,5,5.09,5.25,5,5.2,5.25,5,5.17,5.25,5,5.09,0,-0.125,-0.098646724,-0.026353276,5.332180242,4.842819758,0,97.4325214,0.17249928,0.096188793,5
2001-02-27,5,0,0,-4.76,-4.76,0,0,5,5,5,5.25,5,5.08,5.25,5,5.2,5.25,5,5.17,5.25,5,5.09,0,-0.115384615,-0.105235043,-0.010149573,5.310081173,4.839918827,0,97.27463312,0.17249928,0.092642827,5
2001-02-28,5,0,0,-4.76,-4.76,0,0,5,5,5,5.25,5,5.06,5.25,5,5.19,5.25,5,5.17,5.25,5,5.09,0,-0.105769231,-0.109508547,0.003739316,5.284630829,4.840369171,0,97.12230216,0.17249928,0.087755389,5
2001-03-01,5,0,0,-4.76,-4.76,0,0,5,5,5,5.25,5,5.05,5.25,5,5.19,5.25,5,5.17,5.25,5,5.09,0,-0.096153846,-0.111467236,0.01531339,5.25519567,4.84480433,0,96.97551608,0.17249928,0.081265612,5
2001-03-02,5,0,0,-4.76,-4.76,0,0,5,5,5,5.25,5,5.04,5.25,5,5.18,5.25,5,5.17,5.25,5,5.09,0,-0.086538462,-0.111111111,0.02457265,5.220673774,4.854326226,0,96.83426443,0.17249928,0.072724079,5
2001-03-05,5,0,0,-4.76,-4.76,0,0,5,5,5,5.25,5,5.03,5.25,5,5.18,5.25,5,5.17,5.25,5,5.09,0,-0.076923077,-0.108440171,0.031517094,5.178896753,4.871103247,0,96.6985387,0.17249928,0.061252439,5
2001-03-06,5,0,0,-4.76,-4.76,0,0,5,5,5,5.25,5,5.01,5.25,5,5.18,5.25,5,5.17,5.25,5,5.09,0,-0.067307692,-0.103454416,0.036146724,5.124303399,4.900696601,0,96.56833233,0.17249928,0.044609835,5
2001-03-07,5,0,0,-4.76,-4.76,0,0,5,5,5,5,5,5,5.25,5,5.17,5.25,5,5.17,5.25,5,5.09,0,-0.057692308,-0.096153846,0.038461538,5,5,0,96.44364075,0.17249928,0,5
2001-03-08,5,0,0,0,-4.76,0,0,5,5,5,5,5,5,5.25,5,5.17,5.25,5,5.17,5.25,5,5.09,0,-0.048076923,-0.086538462,0.038461538,5,5,0,96.55422123,0,0,5
2001-03-09,5,0,0,0,-4.76,0,0,5,5,5,5,5,5,5.25,5,5.17,5.25,5,5.17,5.25,5,5.09,0,-0.038461538,-0.076923077,0.038461538,5,5,0,96.65921585,0,0,5
2001-03-12,5,0,0,0,-4.76,0,0,5,5,5,5,5,5,5.25,5,5.16,5.25,5,5.17,5.25,5,5.09,0,-0.028846154,-0.067307692,0.038461538,5,5,0,96.75858732,0,0,5
2001-03-13,5,0,0,0,-4.76,0,0,5,5,5,5,5,5,5.25,5,5.16,5.25,5,5.17,5.25,5,5.09,0,-0.019230769,-0.057692308,0.038461538,5,5,0,96.85230024,0,0,5
2001-03-14,5,0,0,0,-4.76,0,0,5,5,5,5,5,5,5.25,5,5.15,5.25,5,5.17,5.25,5,5.09,0,-0.009615385,-0.048076923,0.038461538,5,5,0,96.94032111,0,0,5
2001-03-15,5,0,0,0,-4.76,0,0,5,5,5,5,5,5,5.25,5,5.15,5.25,5,5.17,5.25,5,5.09,0,0,-0.038461538,0.038461538,5,5,0,97.0226184,0,0,5
2001-03-16,5,0,0,0,-4.76,0,0,5,5,5,5,5,5,5.25,5,5.15,5.25,5,5.17,5.25,5,5.09,0,0,-0.02991453,0.02991453,5,5,0,97.09916252,0,0,5
2001-03-19,5,0,0,0,-4.76,0,0,5,5,5,5,5,5,5.25,5,5.14,5.25,5,5.17,5.25,5,5.09,0,0,-0.022435897,0.022435897,5,5,0,97.16992591,0,0,5
2001-03-20,5,0,0,0,-4.76,0,0,5,5,5,5,5,5,5.25,5,5.14,5.25,5,5.17,5.25,5,5.09,0,0,-0.016025641,0.016025641,5,5,0,97.23488301,0,0,5
2001-03-21,5,0,0,0,-4.76,0,0,5,5,5,5,5,5,5.25,5,5.13,5.25,5,5.17,5.25,5,5.09,0,0,-0.010683761,0.010683761,5,5,0,97.29401034,0,0,5
2001-03-22,5,0,0,0,-4.76,0,0,5,5,5,5,5,5,5.25,5,5.13,5.25,5,5.17,5.25,5,5.09,0,0,-0.006410256,0.006410256,5,5,0,97.34728644,0,0,5
2001-03-23,5,0,0,0,-4.76,0,0,5,5,5,5,5,5,5.25,5,5.13,5.25,5,5.17,5.25,5,5.09,0,0,-0.003205128,0.003205128,5,5,0,97.39469199,0,0,5
2001-03-26,5,0,0,0,-4.76,0,0,5,5,5,5,5,5,5.25,5,5.12,5.25,5,5.17,5.25,5,5.09,0,0,-0.001068376,0.001068376,5,5,0,97.43620973,0,0,5
2001-03-27,5,0,0,0,-4.76,0,0,5,5,5,5,5,5,5.25,5,5.12,5.25,5,5.17,5.25,5,5.09,0,0,0,0,5,5,0,97.47182455,0,0,5
2001-03-28,5,0,0,0,-4.76,0,0,5,5,5,5,5,5,5.25,5,5.12,5.25,5,5.17,5.25,5,5.09,0,0,0,0,5,5,0,97.50152346,0,0,5
2001-03-29,5,0,0,0,-4.76,0,0,5,5,5,5,5,5,5.25,5,5.11,5.25,5,5.17,5.25,5,5.09,0,0,0,0,5,5,0,97.52529562,0,0,5
2001-03-30,5,0,0,0,-4.76,0,0,5,5,5,5,5,5,5.25,5,5.11,5.25,5,5.17,5.25,5,5.09,0,0,0,0,5,5,0,97.54313235,0,0,5
2001-04-02,5,0,0,0,-4.76,0,0,5,5,5,5,5,5,5.25,5,5.1,5.25,5,5.17,5.25,5,5.09,0,0,0,0,5,5,0,97.55502713,0,0,5
2001-04-03,5,0,0,0,-4.76,0,0,5,5,5,5,5,5,5.25,5,5.1,5.25,5,5.17,5.25,5,5.09,0,0,0,0,5,5,0,97.56097561,0,0,5
2001-04-04,5,0,0,0,-4.76,0,0,5,5,5,5,5,5,5.25,5,5.1,5.25,5,5.17,5.25,5,5.09,0,0,0,0,5,5,0,97.56097561,0,0,5
2001-04-05,5,0,0,0,-4.76,-4.76,0,5,5,5,5,5,5,5.25,5,5.09,5.25,5,5.17,5.25,5,5.09,0,0,0,0,5,5,0,97.56097561,0,0,5
2001-04-06,5,0,0,0,-4.76,-4.76,0,5,5,5,5,5,5,5.25,5,5.09,5.25,5,5.17,5.25,5,5.09,0,0,0,0,5,5,0,97.56097561,0,0,5
2001-04-09,5,0,0,0,-4.76,-4.76,0,5,5,5,5,5,5,5.25,5,5.08,5.25,5,5.17,5.25,5,5.09,0,0,0,0,5,5,0,97.56097561,0,0,5
2001-04-10,5,0,0,0,-4.76,-4.76,0,5,5,5,5,5,5,5.25,5,5.08,5.25,5,5.17,5.25,5,5.09,0,0,0,0,5,5,0,97.56097561,0,0,5
2001-04-11,5,0,0,0,-4.76,-4.76,0,5,5,5,5,5,5,5.25,5,5.08,5.25,5,5.16,5.25,5,5.09,0,0,0,0,5,5,0,97.56097561,0,0,5
2001-04-12,5,0,0,0,-4.76,-4.76,0,5,5,5,5,5,5,5.25,5,5.07,5.25,5,5.16,5.25,5,5.09,0,0,0,0,5,5,0,97.56097561,0,0,5
2001-04-13,5,0,0,0,-4.76,-4.76,0,5,5,5,5,5,5,5.25,5,5.07,5.25,5,5.16,5.25,5,5.09,0,0,0,0,5,5,0,97.56097561,0,0,5
2001-04-16,5,0,0,0,-4.76,-4.76,0,5,5,5,5,5,5,5.25,5,5.07,5.25,5,5.16,5.25,5,5.09,0,0,0,0,5,5,0,97.56097561,0,0,5
2001-04-17,5,0,0,0,-4.76,-4.76,0,5,5,5,5,5,5,5.25,5,5.06,5.25,5,5.16,5.25,5,5.09,0,0,0,0,5,5,0,97.56097561,0,0,5
2001-04-18,5,0,0,0,-4.76,-4.76,0,5,5,5,5,5,5,5.25,5,5.06,5.25,5,5.15,5.25,5,5.09,0,0,0,0,5,5,0,97.56097561,0,0,5
2001-04-19,5,0,0,0,-4.76,-4.76,0,5,5,5,5,5,5,5.25,5,5.05,5.25,5,5.15,5.25,5,5.09,0,0,0,0,5,5,0,97.56097561,0,0,5
2001-04-20,5,0,0,0,-4.76,-4.76,0,5,5,5,5,5,5,5.25,5,5.05,5.25,5,5.15,5.25,5,5.09,0,0,0,0,5,5,0,97.56097561,0,0,5
2001-04-23,5,0,0,0,-4.76,-4.76,0,5,5,5,5,5,5,5.25,5,5.05,5.25,5,5.15,5.25,5,5.09,0,0,0,0,5,5,0,97.56097561,0,0,5
2001-04-24,5,0,0,0,-4.76,-4.76,0,5,5,5,5,5,5,5.25,5,5.04,5.25,5,5.15,5.25,5,5.09,0,0,0,0,5,5,0,97.56097561,0,0,5
2001-04-25,5,0,0,0,-4.76,-4.76,0,5,5,5,5,5,5,5.25,5,5.04,5.25,5,5.14,5.25,5,5.09,0,0,0,0,5,5,0,97.56097561,0,0,5
2001-04-26,5,0,0,0,-4.76,-4.76,0,5,5,5,5,5,5,5.25,5,5.03,5.25,5,5.14,5.25,5,5.09,0,0,0,0,5,5,0,97.56097561,0,0,5
2001-04-27,5,0,0,0,-4.76,-4.76,0,5,5,5,5,5,5,5.25,5,5.03,5.25,5,5.14,5.25,5,5.09,0,0,0,0,5,5,0,97.56097561,0,0,5
2001-04-30,5,0,0,0,-4.76,-4.76,0,5,5,5,5,5,5,5.25,5,5.03,5.25,5,5.14,5.25,5,5.09,0,0,0,0,5,5,0,97.56097561,0,0,5
2001-05-01,5,0,0,0,-4.76,-4.76,0,5,5,5,5,5,5,5.25,5,5.02,5.25,5,5.14,5.25,5,5.09,0,0,0,0,5,5,0,97.56097561,0,0,5
2001-05-02,5,0,0,0,-4.76,-4.76,0,5,5,5,5,5,5,5.25,5,5.02,5.25,5,5.13,5.25,5,5.09,0,0,0,0,5,5,0,97.56097561,0,0,5
2001-05-03,5,0,0,0,-4.76,-4.76,0,5,5,5,5,5,5,5.25,5,5.02,5.25,5,5.13,5.25,5,5.09,0,0,0,0,5,5,0,97.56097561,0,0,5
2001-05-04,5,0,0,0,-4.76,-4.76,0,5,5,5,5,5,5,5.25,5,5.01,5.25,5,5.13,5.25,5,5.09,0,0,0,0,5,5,0,97.56097561,0,0,5
2001-05-07,5,0,0,0,-4.76,-4.76,0,5,5,5,5,5,5,5.25,5,5.01,5.25,5,5.13,5.25,5,5.09,0,0,0,0,5,5,0,97.56097561,0,0,5
2001-05-08,5,0,0,0,-4.76,-4.76,0,5,5,5,5,5,5,5.25,5,5,5.25,5,5.13,5.25,5,5.09,0,0,0,0,5,5,0,97.56097561,0,0,5
2001-05-09,5,0,0,0,-4.76,-4.76,0,5,5,5,5,5,5,5,5,5,5.25,5,5.13,5.25,5,5.09,0,0,0,0,5,5,0,97.68009768,0,0,5
2001-05-10,5,0,0,0,0,-4.76,0,5,5,5,5,5,5,5,5,5,5.25,5,5.12,5.25,5,5.09,0,0,0,0,5,5,0,97.799511,0,0,5
2001-05-11,5,0,0,0,0,-4.76,0,5,5,5,5,5,5,5,5,5,5.25,5,5.12,5.25,5,5.09,0,0,0,0,5,5,0,97.91921665,0,0,5
2001-05-14,5,0,0,0,0,-4.76,0,5,5,5,5,5,5,5,5,5,5.25,5,5.12,5.25,5,5.09,0,0,0,0,5,5,0,98.03921569,0,0,5
2001-05-15,5,0,0,0,0,-4.76,0,5,5,5,5,5,5,5,5,5,5.25,5,5.12,5.25,5,5.09,0,0,0,0,5,5,0,98.1595092,0,0,5
2001-05-16,5,0,0,0,0,-4.76,0,5,5,5,5,5,5,5,5,5,5.25,5,5.12,5.25,5,5.09,0,0,0,0,5,5,0,98.28009828,0,0,5
2001-05-17,5,0,0,0,0,-4.76,0,5,5,5,5,5,5,5,5,5,5.25,5,5.11,5.25,5,5.09,0,0,0,0,5,5,0,98.40098401,0,0,5
2001-05-18,5,0,0,0,0,-4.76,0,5,5,5,5,5,5,5,5,5,5.25,5,5.11,5.25,5,5.09,0,0,0,0,5,5,0,98.52216749,0,0,5
2001-05-21,5,0,0,0,0,-4.76,0,5,5,5,5,5,5,5,5,5,5.25,5,5.11,5.25,5,5.09,0,0,0,0,5,5,0,98.64364982,0,0,5
2001-05-22,5,0,0,0,0,-4.76,0,5,5,5,5,5,5,5,5,5,5.25,5,5.11,5.25,5,5.09,0,0,0,0,5,5,0,98.7654321,0,0,5
2001-05-23,5,0,0,0,0,-4.76,0,5,5,5,5,5,5,5,5,5,5.25,5,5.11,5.25,5,5.09,0,0,0,0,5,5,0,98.88751545,0,0,5
2001-05-24,5,0,0,0,0,-4.76,0,5,5,5,5,5,5,5,5,5,5.25,5,5.1,5.25,5,5.09,0,0,0,0,5,5,0,99.00990099,0,0,5
2001-05-25,5,0,0,0,0,-4.76,0,5,5,5,5,5,5,5,5,5,5.25,5,5.1,5.25,5,5.09,0,0,0,0,5,5,0,99.13258984,0,0,5
2001-05-28,5,0,0,0,0,-4.76,0,5,5,5,5,5,5,5,5,5,5.25,5,5.1,5.25,5,5.09,0,0,0,0,5,5,0,99.25558313,0,0,5
2001-05-29,5,0,0,0,0,-4.76,0,5,5,5,5,5,5,5,5,5,5.25,5,5.1,5.25,5,5.09,0,0,0,0,5,5,0,99.37888199,0,0,5
2001-05-30,5,0,0,0,0,-4.76,0,5,5,5,5,5,5,5,5,5,5.25,5,5.1,5.25,5,5.09,0,0,0,0,5,5,0,99.50248756,0,0,5
2001-05-31,5,0,0,0,0,-4.76,0,5,5,5,5,5,5,5,5,5,5.25,5,5.09,5.25,5,5.09,0,0,0,0,5,5,0,99.626401,0,0,5
2001-06-01,5,0,0,0,0,-4.76,0,5,5,5,5,5,5,5,5,5,5.25,5,5.09,5.25,5,5.09,0,0,0,0,5,5,0,99.75062344,0,0,5
2001-06-04,5,0,0,0,0,-4.76,0,5,5,5,5,5,5,5,5,5,5.25,5,5.09,5.25,5,5.09,0,0,0,0,5,5,0,99.87515605,0,0,5
2001-06-05,5,0,0,0,0,-4.76,0,5,5,5,5,5,5,5,5,5,5.25,5,5.09,5.25,5,5.09,0,0,0,0,5,5,0,100,0,0,5
2001-06-06,5,0,0,0,0,-4.76,0,5,5,5,5,5,5,5,5,5,5.25,5,5.09,5.25,5,5.09,0,0,0,0,5,5,0,100,0,0,5
2001-06-07,5,0,0,0,0,-4.76,0,5,5,5,5,5,5,5,5,5,5.25,5,5.08,5.25,5,5.09,0,0,0,0,5,5,0,100,0,0,5
2001-06-08,5,0,0,0,0,-4.76,0,5,5,5,5,5,5,5,5,5,5.25,5,5.08,5.25,5,5.09,0,0,0,0,5,5,0,100,0,0,5
2001-06-11,5,0,0,0,0,-4.76,0,5,5,5,5,5,5,5,5,5,5.25,5,5.08,5.25,5,5.09,0,0,0,0,5,5,0,100,0,0,5
2001-06-12,5,0,0,0,0,-4.76,0,5,5,5,5,5,5,5,5,5,5.25,5,5.08,5.25,5,5.09,0,0,0,0,5,5,0,100,0,0,5
2001-06-13,5,0,0,0,0,-4.76,0,5,5,5,5,5,5,5,5,5,5.25,5,5.08,5.25,5,5.09,0,0,0,0,5,5,0,100,0,0,5
2001-06-14,5,0,0,0,0,-4.76,0,5,5,5,5,5,5,5,5,5,5.25,5,5.08,5.25,5,5.09,0,0,0,0,5,5,0,100,0,0,5
2001-06-15,5,0,0,0,0,-4.76,0,5,5,5,5,5,5,5,5,5,5.25,5,5.07,5.25,5,5.09,0,0,0,0,5,5,0,100,0,0,5
2001-06-18,5,0,0,0,0,-4.76,0,5,5,5,5,5,5,5,5,5,5.25,5,5.07,5.25,5,5.09,0,0,0,0,5,5,0,100,0,0,5
2001-06-19,5,0,0,0,0,-4.76,0,5,5,5,5,5,5,5,5,5,5.25,5,5.07,5.25,5,5.09,0,0,0,0,5,5,0,100,0,0,5
2001-06-20,5,0,0,0,0,-4.76,0,5,5,5,5,5,5,5,5,5,5.25,5,5.07,5.25,5,5.09,0,0,0,0,5,5,0,100,0,0,5
2001-06-21,5,0,0,0,0,-4.76,0,5,5,5,5,5,5,5,5,5,5.25,5,5.07,5.25,5,5.09,0,0,0,0,5,5,0,100,0,0,5
2001-06-22,5,0,0,0,0,-4.76,0,5,5,5,5,5,5,5,5,5,5.25,5,5.06,5.25,5,5.09,0,0,0,0,5,5,0,100,0,0,5
2001-06-25,5,0,0,0,0,-4.76,0,5,5,5,5,5,5,5,5,5,5.25,5,5.06,5.25,5,5.09,0,0,0,0,5,5,0,100,0,0,5
2001-06-26,5,0,0,0,0,-4.76,0,5,5,5,5,5,5,5,5,5,5.25,5,5.06,5.25,5,5.09,0,0,0,0,5,5,0,100,0,0,5
2001-06-27,5,0,0,0,0,-4.76,0,5,5,5,5,5,5,5,5,5,5.25,5,5.06,5.25,5,5.09,0,0,0,0,5,5,0,100,0,0,5
2001-06-28,5,0,0,0,0,-4.76,0,5,5,5,5,5,5,5,5,5,5.25,5,5.06,5.25,5,5.09,0,0,0,0,5,5,0,100,0,0,5
2001-06-29,5,0,0,0,0,-4.76,0,5,5,5,5,5,5,5,5,5,5.25,5,5.05,5.25,5,5.09,0,0,0,0,5,5,0,100,0,0,5
2001-07-02,5,0,0,0,0,-4.76,0,5,5,5,5,5,5,5,5,5,5.25,5,5.05,5.25,5,5.09,0,0,0,0,5,5,0,100,0,0,5
2001-07-03,5,0,0,0,0,-4.76,0,5,5,5,5,5,5,5,5,5,5.25,5,5.05,5.25,5,5.09,0,0,0,0,5,5,0,100,0,0,5
2001-07-04,5,0,0,0,0,-4.76,0,5,5,5,5,5,5,5,5,5,5.25,5,5.05,5.25,5,5.09,0,0,0,0,5,5,0,100,0,0,5
2001-07-05,4.75,-5,-5,-5,-5,-9.52,-5,5,4.75,4.95,5,4.75,4.99,5,4.75,5,5.25,4.75,5.04,5.25,4.75,5.09,0,-0.011217949,-0.001246439,-0.00997151,5.099303399,4.875696601,0,99.75623476,0.181349181,0.044833443,4.75
2001-07-06,4.75,0,-5,-5,-5,-9.52,-5,5,4.75,4.9,5,4.75,4.98,5,4.75,4.99,5.25,4.75,5.04,5.25,4.75,5.08,0,-0.022435897,-0.003739316,-0.018696581,5.128896753,4.821103247,0,99.51865975,0.181349181,0.061868041,4.75
2001-07-09,4.75,0,-5,-5,-5,-9.52,-5,5,4.75,4.85,5,4.75,4.96,5,4.75,4.99,5.25,4.75,5.04,5.25,4.75,5.08,0,-0.033653846,-0.007478632,-0.026175214,5.145673774,4.779326226,0,99.28723271,0.181349181,0.073823184,4.75
2001-07-10,4.75,0,-5,-5,-5,-9.52,-5,5,4.75,4.8,5,4.75,4.95,5,4.75,4.98,5.25,4.75,5.03,5.25,4.75,5.08,0,-0.044871795,-0.012464387,-0.032407407,5.15519567,4.74480433,0,99.0619137,0.181349181,0.082907342,4.75
2001-07-11,4.75,0,-5,-5,-5,-9.52,-5,4.75,4.75,4.75,5,4.75,4.94,5,4.75,4.98,5.25,4.75,5.03,5.25,4.75,5.08,0,-0.056089744,-0.018696581,-0.037393162,5.159630829,4.715369171,0,98.842665,0.181349181,0.089977045,4.75
2001-07-12,4.75,0,0,-5,-5,-9.52,-5,4.75,4.75,4.75,5,4.75,4.93,5,4.75,4.98,5.25,4.75,5.03,5.25,4.75,5.08,0,-0.067307692,-0.026175214,-0.041132479,5.160081173,4.689918827,0,98.62945115,0.181349181,0.095464436,4.75
2001-07-13,4.75,0,0,-5,-5,-9.52,-5,4.75,4.75,4.75,5,4.75,4.91,5,4.75,4.97,5.25,4.75,5.02,5.25,4.75,5.08,0,-0.078525641,-0.034900285,-0.043625356,5.157180242,4.667819758,0,98.42223892,0.181349181,0.099615366,4.75
2001-07-16,4.75,0,0,-5,-5,-9.52,-5,4.75,4.75,4.75,5,4.75,4.9,5,4.75,4.97,5.25,4.75,5.02,5.25,4.75,5.08,0,-0.08974359,-0.044871795,-0.044871795,5.151312345,4.648687655,0,98.22099724,0.181349181,0.102576467,4.75
2001-07-17,4.75,0,0,-5,-5,-9.52,-5,4.75,4.75,4.75,5,4.75,4.89,5,4.75,4.97,5.25,4.75,5.01,5.25,4.75,5.08,0,-0.100961538,-0.056089744,-0.044871795,5.142708893,4.632291107,0,98.02569727,0.181349181,0.104433307,4.75
2001-07-18,4.75,0,0,-5,-5,-9.52,-5,4.75,4.75,4.75,5,4.75,4.88,5,4.75,4.96,5.25,4.75,5.01,5.25,4.75,5.08,0,-0.112179487,-0.067307692,-0.044871795,5.131494588,4.618505412,0,97.83631232,0.181349181,0.105228549,4.75
2001-07-19,4.75,0,0,-5,-5,-9.52,-5,4.75,4.75,4.75,5,4.75,4.86,5,4.75,4.96,5.25,4.75,5.01,5.25,4.75,5.08,0,-0.123397436,-0.078525641,-0.044871795,5.117708893,4.607291107,0,97.65281787,0.181349181,0.104970239,4.75
2001-07-20,4.75,0,0,-5,-5,-9.52,-5,4.75,4.75,4.75,5,4.75,4.85,5,4.75,4.95,5.25,4.75,5,5.25,4.75,5.08,0,-0.134615385,-0.08974359,-0.044871795,5.101312345,4.598687655,0,97.47519156,0.181349181,0.103633957,4.75
2001-07-23,4.75,0,0,-5,-5,-9.52,-5,4.75,4.75,4.75,5,4.75,4.84,5,4.75,4.95,5.25,4.75,5,5.25,4.75,5.07,0,-0.125,-0.098646724,-0.026353276,5.082180242,4.592819758,0,97.30341316,0.181349181,0.10115979,4.75
2001-07-24,4.75,0,0,-5,-5,-9.52,-5,4.75,4.75,4.75,5,4.75,4.83,5,4.75,4.95,5.25,4.75,4.99,5.25,4.75,5.07,0,-0.115384615,-0.105235043,-0.010149573,5.060081173,4.589918827,0,97.13746461,0.181349181,0.097442973,4.75
2001-07-25,4.75,0,0,-5,-5,-9.52,-5,4.75,4.75,4.75,5,4.75,4.81,5,4.75,4.94,5.25,4.75,4.99,5.25,4.75,5.07,0,-0.105769231,-0.109508547,0.003739316,5.034630829,4.590369171,0,96.97732997,0.181349181,0.092314111,4.75
2001-07-26,4.75,0,0,-5,-5,-9.52,-5,4.75,4.75,4.75,5,4.75,4.8,5,4.75,4.94,5.25,4.75,4.99,5.25,4.75,5.07,0,-0.096153846,-0.111467236,0.01531339,5.00519567,4.59480433,0,96.82299546,0.181349181,0.085498196,4.75
2001-07-27,4.75,0,0,-5,-5,-9.52,-5,4.75,4.75,4.75,5,4.75,4.79,5,4.75,4.93,5.25,4.75,4.98,5.25,4.75,5.07,0,-0.086538462,-0.111111111,0.02457265,4.970673774,4.604326226,0,96.67444942,0.181349181,0.076521681,4.75
2001-07-30,4.75,0,0,-5,-5,-9.52,-5,4.75,4.75,4.75,5,4.75,4.78,5,4.75,4.93,5.25,4.75,4.98,5.25,4.75,5.07,0,-0.076923077,-0.108440171,0.031517094,4.928896753,4.621103247,0,96.53168236,0.181349181,0.064459373,4.75
2001-07-31,4.75,0,0,-5,-5,-9.52,-5,4.75,4.75,4.75,5,4.75,4.76,5,4.75,4.93,5.25,4.75,4.98,5.25,4.75,5.07,0,-0.067307692,-0.103454416,0.036146724,4.874303399,4.650696601,0,96.39468691,0.181349181,0.046951559,4.75
2001-08-01,4.75,0,0,-5,-5,-9.52,-5,4.75,4.75,4.75,4.75,4.75,4.75,5,4.75,4.92,5.25,4.75,4.97,5.25,4.75,5.07,0,-0.057692308,-0.096153846,0.038461538,4.75,4.75,0,96.26345788,0.181349181,0,4.75
2001-08-02,4.75,0,0,0,-5,-9.52,-5,4.75,4.75,4.75,4.75,4.75,4.75,5,4.75,4.92,5.25,4.75,4.97,5.25,4.75,5.07,0,-0.048076923,-0.086538462,0.038461538,4.75,4.75,0,96.3794306,0,0,4.75
2001-08-03,4.75,0,0,0,-5,-9.52,-5,4.75,4.75,4.75,4.75,4.75,4.75,5,4.75,4.92,5.25,4.75,4.96,5.25,4.75,5.07,0,-0.038461538,-0.076923077,0.038461538,4.75,4.75,0,96.48955754,0,0,4.75
2001-08-06,4.75,0,0,0,-5,-9.52,-5,4.75,4.75,4.75,4.75,4.75,4.75,5,4.75,4.91,5.25,4.75,4.96,5.25,4.75,5.06,0,-0.028846154,-0.067307692,0.038461538,4.75,4.75,0,96.59379766,0,0,4.75
2001-08-07,4.75,0,0,0,-5,-9.52,-5,4.75,4.75,4.75,4.75,4.75,4.75,5,4.75,4.91,5.25,4.75,4.96,5.25,4.75,5.06,0,-0.019230769,-0.057692308,0.038461538,4.75,4.75,0,96.69211196,0,0,4.75
2001-08-08,4.75,0,0,0,-5,-9.52,-5,4.75,4.75,4.75,4.75,4.75,4.75,5,4.75,4.9,5,4.75,4.95,5.25,4.75,5.06,0,-0.009615385,-0.048076923,0.038461538,4.75,4.75,0,96.78446355,0,0,4.75
2001-08-09,4.5,-5.26,-5.26,-5.26,-10,-10,-10,4.75,4.5,4.7,4.75,4.5,4.74,5,4.5,4.9,5,4.5,4.95,5.25,4.5,5.06,0,-0.011217949,-0.039707977,0.028490028,4.849303399,4.625696601,0,96.62205226,0.191156494,0.047199324,4.5
2001-08-10,4.5,0,-5.26,-5.26,-10,-10,-10,4.75,4.5,4.65,4.75,4.5,4.73,5,4.5,4.89,5,4.5,4.94,5.25,4.5,5.06,0,-0.022435897,-0.033653846,0.011217949,4.878896753,4.571103247,0,96.45933014,0.191156494,0.065141483,4.5
2001-08-13,4.5,0,-5.26,-5.26,-10,-10,-10,4.75,4.5,4.6,4.75,4.5,4.71,5,4.5,4.88,5,4.5,4.94,5.25,4.5,5.06,0,-0.033653846,-0.02991453,-0.003739316,4.895673774,4.529326226,0,96.2962963,0.191156494,0.077739533,4.5
2001-08-14,4.5,0,-5.26,-5.26,-10,-10,-10,4.75,4.5,4.55,4.75,4.5,4.7,5,4.5,4.87,5,4.5,4.94,5.25,4.5,5.05,0,-0.044871795,-0.028490028,-0.016381766,4.90519567,4.49480433,0,96.13294982,0.191156494,0.087317307,4.5
2001-08-15,4.5,0,-5.26,-5.26,-10,-10,-10,4.5,4.5,4.5,4.75,4.5,4.69,5,4.5,4.87,5,4.5,4.93,5.25,4.5,5.05,0,-0.056089744,-0.029380342,-0.026709402,4.909630829,4.465369171,0,95.96928983,0.191156494,0.09477582,4.5
2001-08-16,4.5,0,0,-5.26,-10,-10,-10,4.5,4.5,4.5,4.75,4.5,4.68,5,4.5,4.86,5,4.5,4.93,5.25,4.5,5.05,0,-0.067307692,-0.03258547,-0.034722222,4.910081173,4.439918827,0,95.8053154,0.191156494,0.100569486,4.5
2001-08-17,4.5,0,0,-5.26,-10,-10,-10,4.5,4.5,4.5,4.75,4.5,4.66,5,4.5,4.85,5,4.5,4.93,5.25,4.5,5.05,0,-0.078525641,-0.038105413,-0.040420228,4.907180242,4.417819758,0,95.64102564,0.191156494,0.104956672,4.5
2001-08-20,4.5,0,0,-5.26,-10,-10,-10,4.5,4.5,4.5,4.75,4.5,4.65,5,4.5,4.84,5,4.5,4.92,5.25,4.5,5.05,0,-0.08974359,-0.045940171,-0.043803419,4.901312345,4.398687655,0,95.47641963,0.191156494,0.108091331,4.5
2001-08-21,4.5,0,0,-5.26,-10,-10,-10,4.5,4.5,4.5,4.75,4.5,4.64,5,4.5,4.83,5,4.5,4.92,5.25,4.5,5.05,0,-0.100961538,-0.056089744,-0.044871795,4.892708893,4.382291107,0,95.31149647,0.191156494,0.110063134,4.5
2001-08-22,4.5,0,0,-5.26,-10,-10,-10,4.5,4.5,4.5,4.75,4.5,4.63,5,4.5,4.83,5,4.5,4.91,5.25,4.5,5.04,0,-0.112179487,-0.067307692,-0.044871795,4.881494588,4.368505412,0,95.14625522,0.191156494,0.110916579,4.5
2001-08-23,4.5,0,0,-5.26,-10,-10,-10,4.5,4.5,4.5,4.75,4.5,4.61,5,4.5,4.82,5,4.5,4.91,5.25,4.5,5.04,0,-0.123397436,-0.078525641,-0.044871795,4.867708893,4.357291107,0,94.98069498,0.191156494,0.110659683,4.5
2001-08-24,4.5,0,0,-5.26,-10,-10,-10,4.5,4.5,4.5,4.75,4.5,4.6,5,4.5,4.81,5,4.5,4.91,5.25,4.5,5.04,0,-0.134615385,-0.08974359,-0.044871795,4.851312345,4.348687655,0,94.81481481,0.191156494,0.109266237,4.5
2001-08-27,4.5,0,0,-5.26,-10,-10,-10,4.5,4.5,4.5,4.75,4.5,4.59,5,4.5,4.8,5,4.5,4.9,5.25,4.5,5.04,0,-0.125,-0.098646724,-0.026353276,4.832180242,4.342819758,0,94.6486138,0.191156494,0.106672585,4.5
2001-08-28,4.5,0,0,-5.26,-10,-10,-10,4.5,4.5,4.5,4.75,4.5,4.58,5,4.5,4.8,5,4.5,4.9,5.25,4.5,5.04,0,-0.115384615,-0.105235043,-0.010149573,4.810081173,4.339918827,0,94.482091,0.191156494,0.102767726,4.5
2001-08-29,4.5,0,0,-5.26,-10,-10,-10,4.5,4.5,4.5,4.75,4.5,4.56,5,4.5,4.79,5,4.5,4.89,5.25,4.5,5.03,0,-0.105769231,-0.109508547,0.003739316,4.784630829,4.340369171,0,94.31524548,0.191156494,0.097372418,4.5
2001-08-30,4.5,0,0,-5.26,-10,-10,-10,4.5,4.5,4.5,4.75,4.5,4.55,5,4.5,4.78,5,4.5,4.89,5.25,4.5,5.03,0,-0.096153846,-0.111467236,0.01531339,4.75519567,4.34480433,0,94.15416451,0.191156494,0.090195899,4.5
2001-08-31,4.5,0,0,-5.26,-10,-10,-10,4.5,4.5,4.5,4.75,4.5,4.54,5,4.5,4.77,5,4.5,4.89,5.25,4.5,5.03,0,-0.086538462,-0.111111111,0.02457265,4.720673774,4.354326226,0,93.99883473,0.191156494,0.080737752,4.5
2001-09-03,4.5,0,0,-5.26,-10,-10,-10,4.5,4.5,4.5,4.75,4.5,4.53,5,4.5,4.77,5,4.5,4.88,5.25,4.5,5.03,0,-0.076923077,-0.108440171,0.031517094,4.678896753,4.371103247,0,93.84924493,0.191156494,0.068020664,4.5
2001-09-04,4.5,0,0,-5.26,-10,-10,-10,4.5,4.5,4.5,4.75,4.5,4.51,5,4.5,4.76,5,4.5,4.88,5.25,4.5,5.03,0,-0.067307692,-0.103454416,0.036146724,4.624303399,4.400696601,0,93.70538611,0.191156494,0.049552753,4.5
2001-09-05,4.5,0,0,-5.26,-10,-10,-10,4.5,4.5,4.5,4.5,4.5,4.5,5,4.5,4.75,5,4.5,4.88,5.25,4.5,5.02,0,-0.057692308,-0.096153846,0.038461538,4.5,4.5,0,93.56725146,0.191156494,0,4.5
2001-09-06,4.5,0,0,0,-10,-10,-10,4.5,4.5,4.5,4.5,4.5,4.5,5,4.5,4.74,5,4.5,4.87,5.25,4.5,5.02,0,-0.048076923,-0.086538462,0.038461538,4.5,4.5,0,93.68290937,0,0,4.5
2001-09-07,4.5,0,0,0,-10,-10,-10,4.5,4.5,4.5,4.5,4.5,4.5,5,4.5,4.73,5,4.5,4.87,5.25,4.5,5.02,0,-0.038461538,-0.076923077,0.038461538,4.5,4.5,0,93.79274409,0,0,4.5
2001-09-10,4.5,0,0,0,-10,-10,-10,4.5,4.5,4.5,4.5,4.5,4.5,5,4.5,4.73,5,4.5,4.86,5.25,4.5,5.02,0,-0.028846154,-0.067307692,0.038461538,4.5,4.5,0,93.89671362,0,0,4.5
2001-09-11,4.5,0,0,0,-10,-10,-10,4.5,4.5,4.5,4.5,4.5,4.5,5,4.5,4.72,5,4.5,4.86,5.25,4.5,5.02,0,-0.019230769,-0.057692308,0.038461538,4.5,4.5,0,93.99477807,0,0,4.5
2001-09-12,4.5,0,0,0,-10,-10,-10,4.5,4.5,4.5,4.5,4.5,4.5,5,4.5,4.71,5,4.5,4.86,5.25,4.5,5.01,0,-0.009615385,-0.048076923,0.038461538,4.5,4.5,0,94.08689971,0,0,4.5
2001-09-13,4.5,0,0,0,-10,-10,-10,4.5,4.5,4.5,4.5,4.5,4.5,5,4.5,4.7,5,4.5,4.85,5.25,4.5,5.01,0,0,-0.038461538,0.038461538,4.5,4.5,0,94.17304297,0,0,4.5
2001-09-14,4.5,0,0,0,-10,-10,-10,4.5,4.5,4.5,4.5,4.5,4.5,5,4.5,4.7,5,4.5,4.85,5.25,4.5,5.01,0,0,-0.02991453,0.02991453,4.5,4.5,0,94.2531745,0,0,4.5
2001-09-17,4.5,0,0,0,-10,-10,-10,4.5,4.5,4.5,4.5,4.5,4.5,5,4.5,4.69,5,4.5,4.84,5.25,4.5,5.01,0,0,-0.022435897,0.022435897,4.5,4.5,0,94.3272632,0,0,4.5
2001-09-18,4.5,0,0,0,-10,-10,-10,4.5,4.5,4.5,4.5,4.5,4.5,5,4.5,4.68,5,4.5,4.84,5.25,4.5,5.01,0,0,-0.016025641,0.016025641,4.5,4.5,0,94.39528024,0,0,4.5
2001-09-19,4,-11.11,-11.11,-11.11,-20,-20,-20,4.5,4,4.4,4.5,4,4.48,5,4,4.67,5,4,4.83,5.25,4,5,0,-0.022435897,-0.013176638,-0.009259259,4.698606798,4.251393202,0,93.94476153,0.416425916,0.099935999,4
2001-09-20,4,0,-11.11,-11.11,-20,-20,-20,4.5,4,4.3,4.5,4,4.45,5,4,4.65,5,4,4.83,5.25,4,5,0,-0.044871795,-0.013888889,-0.030982906,4.757793506,4.142206494,0,93.4996717,0.416425916,0.13833416,4
2001-09-21,4,0,-11.11,-11.11,-20,-20,-20,4.5,4,4.2,4.5,4,4.43,5,4,4.63,5,4,4.82,5.25,4,5,0,-0.067307692,-0.018162393,-0.049145299,4.791347549,4.058652451,0,93.05993691,0.416425916,0.165580813,4
2001-09-24,4,0,-11.11,-11.11,-20,-20,-20,4.5,4,4.1,4.5,4,4.4,5,4,4.62,5,4,4.81,5.25,4,4.99,0,-0.08974359,-0.025997151,-0.063746439,4.810391341,3.989608659,0,92.62548517,0.416425916,0.186541519,4
2001-09-25,4,0,-11.11,-11.11,-20,-20,-20,4,4,4,4.5,4,4.38,5,4,4.6,5,4,4.8,5.25,4,4.99,0,-0.112179487,-0.037393162,-0.074786325,4.819261658,3.930738342,0,92.1962463,0.416425916,0.203091044,4
2001-09-26,4,0,0,-11.11,-20,-20,-20,4,4,4,4.5,4,4.35,5,4,4.59,5,4,4.79,5.25,4,4.98,0,-0.134615385,-0.052350427,-0.082264957,4.820162346,3.879837654,0,91.7721519,0.416425916,0.216166596,4
2001-09-27,4,0,0,-11.11,-20,-20,-20,4,4,4,4.5,4,4.33,5,4,4.57,5,4,4.79,5.25,4,4.98,0,-0.157051282,-0.06980057,-0.087250712,4.814360485,3.835639515,0,91.35313531,0.416425916,0.226293866,4
2001-09-28,4,0,0,-11.11,-20,-20,-20,4,4,4,4.5,4,4.3,5,4,4.56,5,4,4.78,5.25,4,4.98,0,-0.179487179,-0.08974359,-0.08974359,4.80262469,3.79737531,0,90.93913158,0.416425916,0.233778926,4
2001-10-01,4,0,0,-11.11,-20,-20,-20,4,4,4,4.5,4,4.28,5,4,4.54,5,4,4.77,5.25,4,4.97,0,-0.201923077,-0.112179487,-0.08974359,4.785417786,3.764582214,0,90.53007743,0.416425916,0.238791946,4
2001-10-02,4,0,0,-11.11,-20,-20,-20,4,4,4,4.5,4,4.25,5,4,4.53,5,4,4.76,5.25,4,4.97,0,-0.224358974,-0.134615385,-0.08974359,4.762989176,3.737010824,0,90.1259112,0.416425916,0.241406671,4
2001-10-03,4,0,0,-11.11,-20,-20,-20,4,4,4,4.5,4,4.23,4.75,4,4.51,5,4,4.76,5.25,4,4.96,0,-0.246794872,-0.157051282,-0.08974359,4.735417786,3.714582214,0,89.84582669,0.416425916,0.241617887,4
2001-10-04,4,0,0,-11.11,-15.79,-20,-23.81,4,4,4,4.5,4,4.2,4.75,4,4.5,5,4,4.75,5.25,4,4.96,0,-0.269230769,-0.179487179,-0.08974359,4.70262469,3.69737531,0,89.57611304,0.416425916,0.23934509,4
2001-10-05,4,0,0,-11.11,-15.79,-20,-23.81,4,4,4,4.5,4,4.18,4.75,4,4.49,5,4,4.74,5.25,4,4.95,0,-0.25,-0.197293447,-0.052706553,4.664360485,3.685639515,0,89.31675358,0.416425916,0.234424184,4
2001-10-08,4,0,0,-11.11,-15.79,-20,-23.81,4,4,4,4.5,4,4.15,4.75,4,4.48,5,4,4.73,5.25,4,4.95,0,-0.230769231,-0.210470085,-0.020299145,4.620162346,3.679837654,0,89.06773977,0.416425916,0.226584263,4
2001-10-09,4,0,0,-11.11,-15.79,-20,-23.81,4,4,4,4.5,4,4.13,4.75,4,4.47,5,4,4.73,5.25,4,4.95,0,-0.211538462,-0.219017094,0.007478632,4.569261658,3.680738342,0,88.82907133,0.416425916,0.215399592,4
2001-10-10,4,0,0,-11.11,-15.79,-20,-23.81,4,4,4,4.5,4,4.1,4.75,4,4.45,5,4,4.72,5.25,4,4.94,0,-0.192307692,-0.222934473,0.030626781,4.510391341,3.689608659,0,88.60075635,0.416425916,0.200190898,4
2001-10-11,4,0,0,-11.11,-15.79,-20,-23.81,4,4,4,4.5,4,4.08,4.75,4,4.44,5,4,4.71,5.25,4,4.94,0,-0.173076923,-0.222222222,0.049145299,4.441347549,3.708652451,0,88.38281144,0.416425916,0.179802478,4
2001-10-12,4,0,0,-11.11,-15.79,-20,-23.81,4,4,4,4.5,4,4.05,4.75,4,4.43,5,4,4.7,5.25,4,4.93,0,-0.153846154,-0.216880342,0.063034188,4.357793506,3.742206494,0,88.17526194,0.416425916,0.151996793,4
2001-10-15,4,0,0,-11.11,-15.79,-20,-23.81,4,4,4,4.5,4,4.03,4.75,4,4.42,5,4,4.69,5.25,4,4.93,0,-0.134615385,-0.206908832,0.072293447,4.248606798,3.801393202,0,87.97814208,0.416425916,0.111108968,4
2001-10-16,4,0,0,-11.11,-15.79,-20,-23.81,4,4,4,4,4,4,4.75,4,4.41,5,4,4.69,5.25,4,4.92,0,-0.115384615,-0.192307692,0.076923077,4,4,0,87.7914952,0.416425916,0,4
2001-10-17,4,0,0,0,-15.79,-20,-23.81,4,4,4,4,4,4,4.75,4,4.4,5,4,4.68,5.25,4,4.92,0,-0.096153846,-0.173076923,0.076923077,4,4,0,88.14212918,0,0,4
2001-10-18,4,0,0,0,-15.79,-20,-23.81,4,4,4,4,4,4,4.75,4,4.38,5,4,4.67,5.25,4,4.91,0,-0.076923077,-0.153846154,0.076923077,4,4,0,88.48334025,0,0,4
2001-10-19,4,0,0,0,-15.79,-20,-23.81,4,4,4,4,4,4,4.75,4,4.37,5,4,4.66,5.25,4,4.91,0,-0.057692308,-0.134615385,0.076923077,4,4,0,88.81487649,0,0,4
2001-10-22,4,0,0,0,-15.79,-20,-23.81,4,4,4,4,4,4,4.75,4,4.36,5,4,4.66,5.25,4,4.9,0,-0.038461538,-0.115384615,0.076923077,4,4,0,89.13649025,0,0,4
2001-10-23,4,0,0,0,-15.79,-20,-23.81,4,4,4,4,4,4,4.75,4,4.35,5,4,4.65,5.25,4,4.9,0,-0.019230769,-0.096153846,0.076923077,4,4,0,89.4479385,0,0,4
2001-10-24,4,0,0,0,-15.79,-20,-23.81,4,4,4,4,4,4,4.75,4,4.34,5,4,4.64,5.25,4,4.89,0,0,-0.076923077,0.076923077,4,4,0,89.74898331,0,0,4
2001-10-25,4,0,0,0,-15.79,-20,-23.81,4,4,4,4,4,4,4.75,4,4.33,5,4,4.63,5.25,4,4.89,0,0,-0.05982906,0.05982906,4,4,0,90.03939223,0,0,4
2001-10-26,4,0,0,0,-15.79,-20,-23.81,4,4,4,4,4,4,4.75,4,4.32,5,4,4.63,5.25,4,4.88,0,0,-0.044871795,0.044871795,4,4,0,90.31893875,0,0,4
2001-10-29,4,0,0,0,-15.79,-20,-23.81,4,4,4,4,4,4,4.75,4,4.3,5,4,4.62,5.25,4,4.88,0,0,-0.032051282,0.032051282,4,4,0,90.58740269,0,0,4
2001-10-30,4,0,0,0,-15.79,-20,-23.81,4,4,4,4,4,4,4.75,4,4.29,5,4,4.61,5.25,4,4.87,0,0,-0.021367521,0.021367521,4,4,0,90.84457062,0,0,4
2001-10-31,4,0,0,0,-15.79,-20,-23.81,4,4,4,4,4,4,4.75,4,4.28,5,4,4.6,5.25,4,4.87,0,0,-0.012820513,0.012820513,4,4,0,90.96077317,0,0,4
2001-11-01,4,0,0,0,-15.79,-20,-23.81,4,4,4,4,4,4,4.75,4,4.27,5,4,4.59,5.25,4,4.86,0,0,-0.006410256,0.006410256,4,4,0,91.06431417,0,0,4
2001-11-02,4,0,0,0,-15.79,-20,-23.81,4,4,4,4,4,4,4.75,4,4.26,5,4,4.59,5.25,4,4.86,0,0,-0.002136752,0.002136752,4,4,0,91.15510611,0,0,4
2001-11-05,4,0,0,0,-15.79,-20,-23.81,4,4,4,4,4,4,4.75,4,4.25,5,4,4.58,5.25,4,4.85,0,0,0,0,4,4,0,91.23307199,0,0,4
2001-11-06,4,0,0,0,-15.79,-20,-23.81,4,4,4,4,4,4,4.75,4,4.23,5,4,4.57,5.25,4,4.85,0,0,0,0,4,4,0,91.29814551,0,0,4
2001-11-07,4,0,0,0,-15.79,-20,-23.81,4,4,4,4,4,4,4.5,4,4.22,5,4,4.56,5.25,4,4.84,0,0,0,0,4,4,0,91.4808462,0,0,4
2001-11-08,4,0,0,0,-11.11,-20,-23.81,4,4,4,4,4,4,4.5,4,4.22,5,4,4.56,5.25,4,4.84,0,0,0,0,4,4,0,91.6511528,0,0,4
2001-11-09,4,0,0,0,-11.11,-20,-23.81,4,4,4,4,4,4,4.5,4,4.21,5,4,4.55,5.25,4,4.83,0,0,0,0,4,4,0,91.80892268,0,0,4
2001-11-12,4,0,0,0,-11.11,-20,-23.81,4,4,4,4,4,4,4.5,4,4.2,5,4,4.54,5.25,4,4.83,0,0,0,0,4,4,0,91.95402299,0,0,4
2001-11-13,4,0,0,0,-11.11,-20,-23.81,4,4,4,4,4,4,4.5,4,4.19,5,4,4.53,5.25,4,4.83,0,0,0,0,4,4,0,92.08633094,0,0,4
2001-11-14,4,0,0,0,-11.11,-20,-23.81,4,4,4,4,4,4,4.5,4,4.18,5,4,4.53,5.25,4,4.82,0,0,0,0,4,4,0,92.21902017,0,0,4
2001-11-15,4,0,0,0,-11.11,-20,-23.81,4,4,4,4,4,4,4.5,4,4.18,5,4,4.52,5.25,4,4.82,0,0,0,0,4,4,0,92.35209235,0,0,4
2001-11-16,4,0,0,0,-11.11,-20,-23.81,4,4,4,4,4,4,4.5,4,4.17,5,4,4.51,5.25,4,4.81,0,0,0,0,4,4,0,92.48554913,0,0,4
2001-11-19,4,0,0,0,-11.11,-20,-23.81,4,4,4,4,4,4,4.5,4,4.16,5,4,4.5,5.25,4,4.81,0,0,0,0,4,4,0,92.61939219,0,0,4
2001-11-20,4,0,0,0,-11.11,-20,-23.81,4,4,4,4,4,4,4.5,4,4.15,5,4,4.49,5.25,4,4.8,0,0,0,0,4,4,0,92.75362319,0,0,4
2001-11-21,4,0,0,0,-11.11,-20,-23.81,4,4,4,4,4,4,4.5,4,4.15,5,4,4.49,5.25,4,4.8,0,0,0,0,4,4,0,92.88824383,0,0,4
2001-11-22,4,0,0,0,-11.11,-20,-23.81,4,4,4,4,4,4,4.5,4,4.14,5,4,4.48,5.25,4,4.79,0,0,0,0,4,4,0,93.02325581,0,0,4
2001-11-23,4,0,0,0,-11.11,-20,-23.81,4,4,4,4,4,4,4.5,4,4.13,5,4,4.47,5.25,4,4.79,0,0,0,0,4,4,0,93.15866084,0,0,4
2001-11-26,4,0,0,0,-11.11,-20,-23.81,4,4,4,4,4,4,4.5,4,4.12,5,4,4.46,5.25,4,4.78,0,0,0,0,4,4,0,93.29446064,0,0,4
2001-11-27,4,0,0,0,-11.11,-20,-23.81,4,4,4,4,4,4,4.5,4,4.12,5,4,4.46,5.25,4,4.78,0,0,0,0,4,4,0,93.43065693,0,0,4
2001-11-28,4,0,0,0,-11.11,-20,-23.81,4,4,4,4,4,4,4.5,4,4.11,5,4,4.45,5.25,4,4.77,0,0,0,0,4,4,0,93.56725146,0,0,4
2001-11-29,4,0,0,0,-11.11,-20,-23.81,4,4,4,4,4,4,4.5,4,4.1,5,4,4.44,5.25,4,4.77,0,0,0,0,4,4,0,93.70424597,0,0,4
2001-11-30,4,0,0,0,-11.11,-20,-23.81,4,4,4,4,4,4,4.5,4,4.09,5,4,4.43,5.25,4,4.76,0,0,0,0,4,4,0,93.84164223,0,0,4
2001-12-03,4,0,0,0,-11.11,-20,-23.81,4,4,4,4,4,4,4.5,4,4.08,5,4,4.43,5.25,4,4.76,0,0,0,0,4,4,0,93.979442,0,0,4
2001-12-04,4,0,0,0,-11.11,-20,-23.81,4,4,4,4,4,4,4.5,4,4.08,5,4,4.42,5.25,4,4.75,0,0,0,0,4,4,0,94.11764706,0,0,4
2001-12-05,4,0,0,0,-11.11,-20,-23.81,4,4,4,4,4,4,4.5,4,4.07,5,4,4.41,5.25,4,4.75,0,0,0,0,4,4,0,94.11764706,0,0,4
2001-12-06,4,0,0,0,-11.11,-20,-23.81,4,4,4,4,4,4,4.5,4,4.06,5,4,4.4,5.25,4,4.74,0,0,0,0,4,4,0,94.11764706,0,0,4
2001-12-07,4,0,0,0,-11.11,-20,-23.81,4,4,4,4,4,4,4.5,4,4.05,5,4,4.39,5.25,4,4.74,0,0,0,0,4,4,0,94.11764706,0,0,4
2001-12-10,4,0,0,0,-11.11,-20,-23.81,4,4,4,4,4,4,4.5,4,4.05,5,4,4.39,5.25,4,4.73,0,0,0,0,4,4,0,94.11764706,0,0,4
2001-12-11,4,0,0,0,-11.11,-20,-23.81,4,4,4,4,4,4,4.5,4,4.04,5,4,4.38,5.25,4,4.73,0,0,0,0,4,4,0,94.11764706,0,0,4
2001-12-12,4,0,0,0,-11.11,-20,-23.81,4,4,4,4,4,4,4.5,4,4.03,5,4,4.37,5.25,4,4.72,0,0,0,0,4,4,0,94.11764706,0,0,4
2001-12-13,4,0,0,0,-11.11,-20,-23.81,4,4,4,4,4,4,4.5,4,4.02,5,4,4.36,5.25,4,4.72,0,0,0,0,4,4,0,94.11764706,0,0,4
2001-12-14,4,0,0,0,-11.11,-20,-23.81,4,4,4,4,4,4,4.5,4,4.02,5,4,4.36,5.25,4,4.71,0,0,0,0,4,4,0,94.11764706,0,0,4
2001-12-17,4,0,0,0,-11.11,-20,-23.81,4,4,4,4,4,4,4.5,4,4.01,5,4,4.35,5.25,4,4.71,0,0,0,0,4,4,0,94.11764706,0,0,4
2001-12-18,4,0,0,0,-11.11,-20,-23.81,4,4,4,4,4,4,4,4,4,5,4,4.34,5.25,4,4.7,0,0,0,0,4,4,0,94.39528024,0,0,4
2001-12-19,4,0,0,0,0,-20,-23.81,4,4,4,4,4,4,4,4,4,5,4,4.33,5.25,4,4.7,0,0,0,0,4,4,0,94.67455621,0,0,4
2001-12-20,4,0,0,0,0,-20,-23.81,4,4,4,4,4,4,4,4,4,5,4,4.33,5.25,4,4.7,0,0,0,0,4,4,0,94.95548961,0,0,4
2001-12-21,4,0,0,0,0,-20,-23.81,4,4,4,4,4,4,4,4,4,5,4,4.32,5.25,4,4.69,0,0,0,0,4,4,0,95.23809524,0,0,4
2001-12-24,4,0,0,0,0,-20,-23.81,4,4,4,4,4,4,4,4,4,5,4,4.31,5.25,4,4.69,0,0,0,0,4,4,0,95.52238806,0,0,4
2001-12-25,4,0,0,0,0,-20,-23.81,4,4,4,4,4,4,4,4,4,5,4,4.3,5.25,4,4.68,0,0,0,0,4,4,0,95.80838323,0,0,4
2001-12-26,4,0,0,0,0,-20,-23.81,4,4,4,4,4,4,4,4,4,5,4,4.29,5.25,4,4.68,0,0,0,0,4,4,0,96.0960961,0,0,4
2001-12-27,4,0,0,0,0,-20,-23.81,4,4,4,4,4,4,4,4,4,5,4,4.29,5.25,4,4.67,0,0,0,0,4,4,0,96.38554217,0,0,4
2001-12-28,4,0,0,0,0,-20,-23.81,4,4,4,4,4,4,4,4,4,5,4,4.28,5.25,4,4.67,0,0,0,0,4,4,0,96.67673716,0,0,4
2001-12-31,4,0,0,0,0,-20,-23.81,4,4,4,4,4,4,4,4,4,5,4,4.27,5.25,4,4.66,0,0,0,0,4,4,0,96.96969697,0,0,4
2002-01-01,4,0,0,0,0,-20,-23.81,4,4,4,4,4,4,4,4,4,5,4,4.26,5.25,4,4.66,0,0,0,0,4,4,0,97.26443769,0,0,4
2002-01-02,4,0,0,0,0,-20,-23.81,4,4,4,4,4,4,4,4,4,4.75,4,4.26,5.25,4,4.65,0,0,0,0,4,4,0,97.56097561,0,0,4
2002-01-03,4,0,0,0,0,-15.79,-23.81,4,4,4,4,4,4,4,4,4,4.75,4,4.25,5.25,4,4.65,0,0,0,0,4,4,0,97.85932722,0,0,4
2002-01-04,4,0,0,0,0,-15.79,-23.81,4,4,4,4,4,4,4,4,4,4.75,4,4.24,5.25,4,4.64,0,0,0,0,4,4,0,98.1595092,0,0,4
2002-01-07,4,0,0,0,0,-15.79,-23.81,4,4,4,4,4,4,4,4,4,4.75,4,4.24,5.25,4,4.64,0,0,0,0,4,4,0,98.46153846,0,0,4
2002-01-08,4,0,0,0,0,-15.79,-23.81,4,4,4,4,4,4,4,4,4,4.75,4,4.23,5.25,4,4.63,0,0,0,0,4,4,0,98.7654321,0,0,4
2002-01-09,4,0,0,0,0,-15.79,-23.81,4,4,4,4,4,4,4,4,4,4.75,4,4.23,5.25,4,4.63,0,0,0,0,4,4,0,99.07120743,0,0,4
2002-01-10,4,0,0,0,0,-15.79,-23.81,4,4,4,4,4,4,4,4,4,4.75,4,4.22,5.25,4,4.62,0,0,0,0,4,4,0,99.37888199,0,0,4
2002-01-11,4,0,0,0,0,-15.79,-23.81,4,4,4,4,4,4,4,4,4,4.75,4,4.22,5.25,4,4.62,0,0,0,0,4,4,0,99.68847352,0,0,4
2002-01-14,4,0,0,0,0,-15.79,-23.81,4,4,4,4,4,4,4,4,4,4.75,4,4.21,5.25,4,4.61,0,0,0,0,4,4,0,100,0,0,4
2002-01-15,4,0,0,0,0,-15.79,-23.81,4,4,4,4,4,4,4,4,4,4.75,4,4.2,5.25,4,4.61,0,0,0,0,4,4,0,100,0,0,4
2002-01-16,4,0,0,0,0,-15.79,-23.81,4,4,4,4,4,4,4,4,4,4.75,4,4.2,5.25,4,4.6,0,0,0,0,4,4,0,100,0,0,4
2002-01-17,4,0,0,0,0,-15.79,-23.81,4,4,4,4,4,4,4,4,4,4.75,4,4.19,5.25,4,4.6,0,0,0,0,4,4,0,100,0,0,4
2002-01-18,4,0,0,0,0,-15.79,-23.81,4,4,4,4,4,4,4,4,4,4.75,4,4.19,5.25,4,4.59,0,0,0,0,4,4,0,100,0,0,4
2002-01-21,4,0,0,0,0,-15.79,-23.81,4,4,4,4,4,4,4,4,4,4.75,4,4.18,5.25,4,4.59,0,0,0,0,4,4,0,100,0,0,4
2002-01-22,4,0,0,0,0,-15.79,-23.81,4,4,4,4,4,4,4,4,4,4.75,4,4.18,5.25,4,4.58,0,0,0,0,4,4,0,100,0,0,4
2002-01-23,4,0,0,0,0,-15.79,-23.81,4,4,4,4,4,4,4,4,4,4.75,4,4.17,5.25,4,4.58,0,0,0,0,4,4,0,100,0,0,4
2002-01-24,4,0,0,0,0,-15.79,-23.81,4,4,4,4,4,4,4,4,4,4.75,4,4.16,5.25,4,4.58,0,0,0,0,4,4,0,100,0,0,4
2002-01-25,4,0,0,0,0,-15.79,-23.81,4,4,4,4,4,4,4,4,4,4.75,4,4.16,5.25,4,4.57,0,0,0,0,4,4,0,100,0,0,4
2002-01-28,4,0,0,0,0,-15.79,-23.81,4,4,4,4,4,4,4,4,4,4.75,4,4.15,5.25,4,4.57,0,0,0,0,4,4,0,100,0,0,4
2002-01-29,4,0,0,0,0,-15.79,-23.81,4,4,4,4,4,4,4,4,4,4.75,4,4.15,5.25,4,4.56,0,0,0,0,4,4,0,100,0,0,4
2002-01-30,4,0,0,0,0,-15.79,-23.81,4,4,4,4,4,4,4,4,4,4.75,4,4.14,5.25,4,4.56,0,0,0,0,4,4,0,100,0,0,4
2002-01-31,4,0,0,0,0,-15.79,-23.81,4,4,4,4,4,4,4,4,4,4.75,4,4.13,5.25,4,4.55,0,0,0,0,4,4,0,100,0,0,4
2002-02-01,4,0,0,0,0,-15.79,-23.81,4,4,4,4,4,4,4,4,4,4.75,4,4.13,5.25,4,4.55,0,0,0,0,4,4,0,100,0,0,4
2002-02-04,4,0,0,0,0,-15.79,-23.81,4,4,4,4,4,4,4,4,4,4.75,4,4.12,5.25,4,4.54,0,0,0,0,4,4,0,100,0,0,4
2002-02-05,4,0,0,0,0,-15.79,-23.81,4,4,4,4,4,4,4,4,4,4.75,4,4.12,5.25,4,4.54,0,0,0,0,4,4,0,100,0,0,4
2002-02-06,4,0,0,0,0,-15.79,-23.81,4,4,4,4,4,4,4,4,4,4.5,4,4.11,5,4,4.53,0,0,0,0,4,4,0,100,0,0,4
2002-02-07,4,0,0,0,0,-11.11,-20,4,4,4,4,4,4,4,4,4,4.5,4,4.11,5,4,4.53,0,0,0,0,4,4,0,100,0,0,4
2002-02-08,4,0,0,0,0,-11.11,-20,4,4,4,4,4,4,4,4,4,4.5,4,4.1,5,4,4.52,0,0,0,0,4,4,0,100,0,0,4
2002-02-11,4,0,0,0,0,-11.11,-20,4,4,4,4,4,4,4,4,4,4.5,4,4.1,5,4,4.52,0,0,0,0,4,4,0,100,0,0,4
2002-02-12,4,0,0,0,0,-11.11,-20,4,4,4,4,4,4,4,4,4,4.5,4,4.1,5,4,4.52,0,0,0,0,4,4,0,100,0,0,4
2002-02-13,4,0,0,0,0,-11.11,-20,4,4,4,4,4,4,4,4,4,4.5,4,4.09,5,4,4.51,0,0,0,0,4,4,0,100,0,0,4
2002-02-14,4,0,0,0,0,-11.11,-20,4,4,4,4,4,4,4,4,4,4.5,4,4.09,5,4,4.51,0,0,0,0,4,4,0,100,0,0,4
2002-02-15,4,0,0,0,0,-11.11,-20,4,4,4,4,4,4,4,4,4,4.5,4,4.08,5,4,4.5,0,0,0,0,4,4,0,100,0,0,4
2002-02-18,4,0,0,0,0,-11.11,-20,4,4,4,4,4,4,4,4,4,4.5,4,4.08,5,4,4.5,0,0,0,0,4,4,0,100,0,0,4
2002-02-19,4,0,0,0,0,-11.11,-20,4,4,4,4,4,4,4,4,4,4.5,4,4.08,5,4,4.5,0,0,0,0,4,4,0,100,0,0,4
2002-02-20,4,0,0,0,0,-11.11,-20,4,4,4,4,4,4,4,4,4,4.5,4,4.07,5,4,4.49,0,0,0,0,4,4,0,100,0,0,4
2002-02-21,4,0,0,0,0,-11.11,-20,4,4,4,4,4,4,4,4,4,4.5,4,4.07,5,4,4.49,0,0,0,0,4,4,0,100,0,0,4
2002-02-22,4,0,0,0,0,-11.11,-20,4,4,4,4,4,4,4,4,4,4.5,4,4.07,5,4,4.49,0,0,0,0,4,4,0,100,0,0,4
2002-02-25,4,0,0,0,0,-11.11,-20,4,4,4,4,4,4,4,4,4,4.5,4,4.06,5,4,4.48,0,0,0,0,4,4,0,100,0,0,4
2002-02-26,4,0,0,0,0,-11.11,-20,4,4,4,4,4,4,4,4,4,4.5,4,4.06,5,4,4.48,0,0,0,0,4,4,0,100,0,0,4
2002-02-27,4,0,0,0,0,-11.11,-20,4,4,4,4,4,4,4,4,4,4.5,4,4.05,5,4,4.47,0,0,0,0,4,4,0,100,0,0,4
2002-02-28,4,0,0,0,0,-11.11,-20,4,4,4,4,4,4,4,4,4,4.5,4,4.05,5,4,4.47,0,0,0,0,4,4,0,100,0,0,4
2002-03-01,4,0,0,0,0,-11.11,-20,4,4,4,4,4,4,4,4,4,4.5,4,4.05,5,4,4.47,0,0,0,0,4,4,0,100,0,0,4
2002-03-04,4,0,0,0,0,-11.11,-20,4,4,4,4,4,4,4,4,4,4.5,4,4.04,5,4,4.46,0,0,0,0,4,4,0,100,0,0,4
2002-03-05,4,0,0,0,0,-11.11,-20,4,4,4,4,4,4,4,4,4,4.5,4,4.04,5,4,4.46,0,0,0,0,4,4,0,100,0,0,4
2002-03-06,4,0,0,0,0,-11.11,-20,4,4,4,4,4,4,4,4,4,4.5,4,4.03,5,4,4.45,0,0,0,0,4,4,0,100,0,0,4
2002-03-07,4,0,0,0,0,-11.11,-20,4,4,4,4,4,4,4,4,4,4.5,4,4.03,5,4,4.45,0,0,0,0,4,4,0,100,0,0,4
2002-03-08,4,0,0,0,0,-11.11,-20,4,4,4,4,4,4,4,4,4,4.5,4,4.03,5,4,4.45,0,0,0,0,4,4,0,100,0,0,4
2002-03-11,4,0,0,0,0,-11.11,-20,4,4,4,4,4,4,4,4,4,4.5,4,4.02,5,4,4.44,0,0,0,0,4,4,0,100,0,0,4
2002-03-12,4,0,0,0,0,-11.11,-20,4,4,4,4,4,4,4,4,4,4.5,4,4.02,5,4,4.44,0,0,0,0,4,4,0,100,0,0,4
2002-03-13,4,0,0,0,0,-11.11,-20,4,4,4,4,4,4,4,4,4,4.5,4,4.02,5,4,4.44,0,0,0,0,4,4,0,100,0,0,4
2002-03-14,4,0,0,0,0,-11.11,-20,4,4,4,4,4,4,4,4,4,4.5,4,4.01,5,4,4.43,0,0,0,0,4,4,0,100,0,0,4
2002-03-15,4,0,0,0,0,-11.11,-20,4,4,4,4,4,4,4,4,4,4.5,4,4.01,5,4,4.43,0,0,0,0,4,4,0,100,0,0,4
2002-03-18,4,0,0,0,0,-11.11,-20,4,4,4,4,4,4,4,4,4,4.5,4,4,5,4,4.42,0,0,0,0,4,4,0,100,0,0,4
2002-03-19,4,0,0,0,0,-11.11,-20,4,4,4,4,4,4,4,4,4,4,4,4,5,4,4.42,0,0,0,0,4,4,0,100,0,0,4
2002-03-20,4,0,0,0,0,0,-20,4,4,4,4,4,4,4,4,4,4,4,4,5,4,4.42,0,0,0,0,4,4,0,100,0,0,4
2002-03-21,4,0,0,0,0,0,-20,4,4,4,4,4,4,4,4,4,4,4,4,5,4,4.41,0,0,0,0,4,4,0,100,0,0,4
2002-03-22,4,0,0,0,0,0,-20,4,4,4,4,4,4,4,4,4,4,4,4,5,4,4.41,0,0,0,0,4,4,0,100,0,0,4
2002-03-25,4,0,0,0,0,0,-20,4,4,4,4,4,4,4,4,4,4,4,4,5,4,4.4,0,0,0,0,4,4,0,100,0,0,4
2002-03-26,4,0,0,0,0,0,-20,4,4,4,4,4,4,4,4,4,4,4,4,5,4,4.4,0,0,0,0,4,4,0,100,0,0,4
2002-03-27,4,0,0,0,0,0,-20,4,4,4,4,4,4,4,4,4,4,4,4,5,4,4.4,0,0,0,0,4,4,0,100,0,0,4
2002-03-28,4,0,0,0,0,0,-20,4,4,4,4,4,4,4,4,4,4,4,4,5,4,4.39,0,0,0,0,4,4,0,100,0,0,4
2002-03-29,4,0,0,0,0,0,-20,4,4,4,4,4,4,4,4,4,4,4,4,5,4,4.39,0,0,0,0,4,4,0,100,0,0,4
2002-04-01,4,0,0,0,0,0,-20,4,4,4,4,4,4,4,4,4,4,4,4,5,4,4.39,0,0,0,0,4,4,0,100,0,0,4
2002-04-02,4,0,0,0,0,0,-20,4,4,4,4,4,4,4,4,4,4,4,4,5,4,4.38,0,0,0,0,4,4,0,100,0,0,4
2002-04-03,4,0,0,0,0,0,-20,4,4,4,4,4,4,4,4,4,4,4,4,5,4,4.38,0,0,0,0,4,4,0,100,0,0,4
2002-04-04,4,0,0,0,0,0,-20,4,4,4,4,4,4,4,4,4,4,4,4,5,4,4.37,0,0,0,0,4,4,0,100,0,0,4
2002-04-05,4,0,0,0,0,0,-20,4,4,4,4,4,4,4,4,4,4,4,4,5,4,4.37,0,0,0,0,4,4,0,100,0,0,4
2002-04-08,4,0,0,0,0,0,-20,4,4,4,4,4,4,4,4,4,4,4,4,5,4,4.37,0,0,0,0,4,4,0,100,0,0,4
2002-04-09,4,0,0,0,0,0,-20,4,4,4,4,4,4,4,4,4,4,4,4,5,4,4.36,0,0,0,0,4,4,0,100,0,0,4
2002-04-10,4,0,0,0,0,0,-20,4,4,4,4,4,4,4,4,4,4,4,4,5,4,4.36,0,0,0,0,4,4,0,100,0,0,4
2002-04-11,4,0,0,0,0,0,-20,4,4,4,4,4,4,4,4,4,4,4,4,5,4,4.35,0,0,0,0,4,4,0,100,0,0,4
2002-04-12,4,0,0,0,0,0,-20,4,4,4,4,4,4,4,4,4,4,4,4,5,4,4.35,0,0,0,0,4,4,0,100,0,0,4
2002-04-15,4,0,0,0,0,0,-20,4,4,4,4,4,4,4,4,4,4,4,4,5,4,4.35,0,0,0,0,4,4,0,100,0,0,4
2002-04-16,4,0,0,0,0,0,-20,4,4,4,4,4,4,4,4,4,4,4,4,5,4,4.34,0,0,0,0,4,4,0,100,0,0,4
2002-04-17,4,0,0,0,0,0,-20,4,4,4,4,4,4,4,4,4,4,4,4,5,4,4.34,0,0,0,0,4,4,0,100,0,0,4
2002-04-18,4,0,0,0,0,0,-20,4,4,4,4,4,4,4,4,4,4,4,4,5,4,4.34,0,0,0,0,4,4,0,100,0,0,4
2002-04-19,4,0,0,0,0,0,-20,4,4,4,4,4,4,4,4,4,4,4,4,5,4,4.33,0,0,0,0,4,4,0,100,0,0,4
2002-04-22,4,0,0,0,0,0,-20,4,4,4,4,4,4,4,4,4,4,4,4,5,4,4.33,0,0,0,0,4,4,0,100,0,0,4
2002-04-23,4,0,0,0,0,0,-20,4,4,4,4,4,4,4,4,4,4,4,4,5,4,4.32,0,0,0,0,4,4,0,100,0,0,4
2002-04-24,4,0,0,0,0,0,-20,4,4,4,4,4,4,4,4,4,4,4,4,5,4,4.32,0,0,0,0,4,4,0,100,0,0,4
2002-04-25,4,0,0,0,0,0,-20,4,4,4,4,4,4,4,4,4,4,4,4,5,4,4.32,0,0,0,0,4,4,0,100,0,0,4
2002-04-26,4,0,0,0,0,0,-20,4,4,4,4,4,4,4,4,4,4,4,4,5,4,4.31,0,0,0,0,4,4,0,100,0,0,4
2002-04-29,4,0,0,0,0,0,-20,4,4,4,4,4,4,4,4,4,4,4,4,5,4,4.31,0,0,0,0,4,4,0,100,0,0,4
2002-04-30,4,0,0,0,0,0,-20,4,4,4,4,4,4,4,4,4,4,4,4,5,4,4.3,0,0,0,0,4,4,0,100,0,0,4
2002-05-01,4,0,0,0,0,0,-20,4,4,4,4,4,4,4,4,4,4,4,4,5,4,4.3,0,0,0,0,4,4,0,100,0,0,4
2002-05-02,4,0,0,0,0,0,-20,4,4,4,4,4,4,4,4,4,4,4,4,5,4,4.3,0,0,0,0,4,4,0,100,0,0,4
2002-05-03,4,0,0,0,0,0,-20,4,4,4,4,4,4,4,4,4,4,4,4,5,4,4.29,0,0,0,0,4,4,0,100,0,0,4
2002-05-06,4,0,0,0,0,0,-20,4,4,4,4,4,4,4,4,4,4,4,4,5,4,4.29,0,0,0,0,4,4,0,100,0,0,4
2002-05-07,4.25,6.25,6.25,6.25,6.25,6.25,-15,4.25,4,4.05,4.25,4,4.01,4.25,4,4,4.25,4,4,5,4,4.29,0,0.011217949,0.001246439,0.00997151,4.124303399,3.900696601,1,100.1481944,0.214340406,0.055727551,4.25
2002-05-08,4.25,0,6.25,6.25,6.25,6.25,-15,4.25,4,4.1,4.25,4,4.03,4.25,4,4.01,4.25,4,4,5,4,4.28,0,0.022435897,0.003739316,0.018696581,4.178896753,3.871103247,1,100.2880947,0.214340406,0.076470436,4.25
2002-05-09,4.25,0,6.25,6.25,6.25,6.25,-15,4.25,4,4.15,4.25,4,4.04,4.25,4,4.01,4.25,4,4.01,5,4,4.28,0,0.033653846,0.007478632,0.026175214,4.220673774,3.854326226,1,100.4197109,0.214340406,0.090736235,4.25
2002-05-10,4.25,0,6.25,6.25,6.25,6.25,-15,4.25,4,4.2,4.25,4,4.05,4.25,4,4.02,4.25,4,4.01,5,4,4.28,0,0.044871795,0.012464387,0.032407407,4.25519567,3.84480433,1,100.5430566,0.214340406,0.101331195,4.25
2002-05-13,4.25,0,6.25,6.25,6.25,6.25,-15,4.25,4.25,4.25,4.25,4,4.06,4.25,4,4.02,4.25,4,4.01,5,4,4.28,0,0.056089744,0.018696581,0.037393162,4.284630829,3.840369171,1,100.6581494,0.214340406,0.109356716,4.25
2002-05-14,4.25,0,0,6.25,6.25,6.25,-15,4.25,4.25,4.25,4.25,4,4.08,4.25,4,4.02,4.25,4,4.01,5,4,4.27,0,0.067307692,0.026175214,0.041132479,4.310081173,3.839918827,1,100.7650104,0.214340406,0.115377263,4.25
2002-05-15,4.25,0,0,6.25,6.25,6.25,-15,4.25,4.25,4.25,4.25,4,4.09,4.25,4,4.03,4.25,4,4.01,5,4,4.27,0,0.078525641,0.034900285,0.043625356,4.332180242,3.842819758,1,100.8636644,0.214340406,0.11972122,4.25
2002-05-16,4.25,0,0,6.25,6.25,6.25,-15,4.25,4.25,4.25,4.25,4,4.1,4.25,4,4.03,4.25,4,4.02,5,4,4.27,0,0.08974359,0.044871795,0.044871795,4.351312345,3.848687655,1,100.9541397,0.214340406,0.122591388,4.25
2002-05-17,4.25,0,0,6.25,6.25,6.25,-15,4.25,4.25,4.25,4.25,4,4.11,4.25,4,4.03,4.25,4,4.02,5,4,4.26,0,0.100961538,0.056089744,0.044871795,4.367708893,3.857291107,1,101.0364683,0.214340406,0.124113747,4.25
2002-05-20,4.25,0,0,6.25,6.25,6.25,-15,4.25,4.25,4.25,4.25,4,4.13,4.25,4,4.04,4.25,4,4.02,5,4,4.26,0,0.112179487,0.067307692,0.044871795,4.381494588,3.868505412,1,101.1106856,0.214340406,0.124361012,4.25
2002-05-21,4.25,0,0,6.25,6.25,6.25,-15,4.25,4.25,4.25,4.25,4,4.14,4.25,4,4.04,4.25,4,4.02,5,4,4.26,0,0.123397436,0.078525641,0.044871795,4.392708893,3.882291107,1,101.1768302,0.214340406,0.123363815,4.25
2002-05-22,4.25,0,0,6.25,6.25,6.25,-15,4.25,4.25,4.25,4.25,4,4.15,4.25,4,4.05,4.25,4,4.02,5,4,4.25,0,0.134615385,0.08974359,0.044871795,4.401312345,3.898687655,1,101.2349444,0.214340406,0.121114383,4.25
2002-05-23,4.25,0,0,6.25,6.25,6.25,-15,4.25,4.25,4.25,4.25,4,4.16,4.25,4,4.05,4.25,4,4.03,5,4,4.25,0,0.125,0.098646724,0.026353276,4.407180242,3.917819758,1,101.2850734,0.214340406,0.11756408,4.25
2002-05-24,4.25,0,0,6.25,6.25,6.25,-15,4.25,4.25,4.25,4.25,4,4.18,4.25,4,4.05,4.25,4,4.03,5,4,4.25,0,0.115384615,0.105235043,0.010149573,4.410081173,3.939918827,1,101.3272658,0.214340406,0.112613736,4.25
2002-05-27,4.25,0,0,6.25,6.25,6.25,-15,4.25,4.25,4.25,4.25,4,4.19,4.25,4,4.06,4.25,4,4.03,5,4,4.25,0,0.105769231,0.109508547,-0.003739316,4.409630829,3.965369171,1,101.3615734,0.214340406,0.106092336,4.25
2002-05-28,4.25,0,0,6.25,6.25,6.25,-15,4.25,4.25,4.25,4.25,4,4.2,4.25,4,4.06,4.25,4,4.03,5,4,4.24,0,0.096153846,0.111467236,-0.01531339,4.40519567,3.99480433,1,101.3880507,0.214340406,0.097712224,4.25
2002-05-29,4.25,0,0,6.25,6.25,6.25,-15,4.25,4.25,4.25,4.25,4,4.21,4.25,4,4.07,4.25,4,4.03,5,4,4.24,0,0.086538462,0.111111111,-0.02457265,4.395673774,4.029326226,1,101.4067554,0.214340406,0.086966777,4.25
2002-05-30,4.25,0,0,6.25,6.25,6.25,-15,4.25,4.25,4.25,4.25,4,4.23,4.25,4,4.07,4.25,4,4.03,5,4,4.24,0,0.076923077,0.108440171,-0.031517094,4.378896753,4.071103247,1,101.4177481,0.214340406,0.072850534,4.25
2002-05-31,4.25,0,0,6.25,6.25,6.25,-15,4.25,4.25,4.25,4.25,4,4.24,4.25,4,4.07,4.25,4,4.04,5,4,4.23,0,0.067307692,0.103454416,-0.036146724,4.349303399,4.125696601,1,101.421092,0.214340406,0.052768566,4.25
2002-06-03,4.25,0,0,6.25,6.25,6.25,-15,4.25,4.25,4.25,4.25,4.25,4.25,4.25,4,4.08,4.25,4,4.04,5,4,4.23,0,0.057692308,0.096153846,-0.038461538,4.25,4.25,0,101.4168531,0.214340406,0,4.25
2002-06-04,4.25,0,0,0,6.25,6.25,-15,4.25,4.25,4.25,4.25,4.25,4.25,4.25,4,4.08,4.25,4,4.04,5,4,4.23,0,0.048076923,0.086538462,-0.038461538,4.25,4.25,0,101.2733636,0,0,4.25
2002-06-05,4.25,0,0,0,6.25,6.25,-15,4.25,4.25,4.25,4.25,4.25,4.25,4.25,4,4.08,4.25,4,4.04,5,4,4.23,0,0.038461538,0.076923077,-0.038461538,4.25,4.25,0,101.1378003,0,0,4.25
2002-06-06,4.25,0,0,0,6.25,6.25,-15,4.25,4.25,4.25,4.25,4.25,4.25,4.25,4,4.09,4.25,4,4.04,5,4,4.22,0,0.028846154,0.067307692,-0.038461538,4.25,4.25,0,101.010101,0,0,4.25
2002-06-07,4.25,0,0,0,6.25,6.25,-15,4.25,4.25,4.25,4.25,4.25,4.25,4.25,4,4.09,4.25,4,4.05,5,4,4.22,0,0.019230769,0.057692308,-0.038461538,4.25,4.25,0,100.8902077,0,0,4.25
2002-06-10,4.25,0,0,0,6.25,6.25,-15,4.25,4.25,4.25,4.25,4.25,4.25,4.25,4,4.1,4.25,4,4.05,5,4,4.22,0,0.009615385,0.048076923,-0.038461538,4.25,4.25,0,100.778066,0,0,4.25
2002-06-11,4.25,0,0,0,6.25,6.25,-15,4.25,4.25,4.25,4.25,4.25,4.25,4.25,4,4.1,4.25,4,4.05,5,4,4.21,0,0,0.038461538,-0.038461538,4.25,4.25,0,100.673625,0,0,4.25
2002-06-12,4.25,0,0,0,6.25,6.25,-15,4.25,4.25,4.25,4.25,4.25,4.25,4.25,4,4.1,4.25,4,4.05,5,4,4.21,0,0,0.02991453,-0.02991453,4.25,4.25,0,100.5768377,0,0,4.25
2002-06-13,4.25,0,0,0,6.25,6.25,-15,4.25,4.25,4.25,4.25,4.25,4.25,4.25,4,4.11,4.25,4,4.05,5,4,4.21,0,0,0.022435897,-0.022435897,4.25,4.25,0,100.4876607,0,0,4.25
2002-06-14,4.25,0,0,0,6.25,6.25,-15,4.25,4.25,4.25,4.25,4.25,4.25,4.25,4,4.11,4.25,4,4.06,5,4,4.21,0,0,0.016025641,-0.016025641,4.25,4.25,0,100.4060539,0,0,4.25
2002-06-17,4.25,0,0,0,6.25,6.25,-15,4.25,4.25,4.25,4.25,4.25,4.25,4.25,4,4.12,4.25,4,4.06,5,4,4.2,0,0,0.010683761,-0.010683761,4.25,4.25,0,100.3319808,0,0,4.25
2002-06-18,4.25,0,0,0,6.25,6.25,-15,4.25,4.25,4.25,4.25,4.25,4.25,4.25,4,4.12,4.25,4,4.06,5,4,4.2,0,0,0.006410256,-0.006410256,4.25,4.25,0,100.2654084,0,0,4.25
2002-06-19,4.25,0,0,0,6.25,6.25,-15,4.25,4.25,4.25,4.25,4.25,4.25,4.25,4,4.12,4.25,4,4.06,5,4,4.2,0,0,0.003205128,-0.003205128,4.25,4.25,0,100.2063071,0,0,4.25
2002-06-20,4.25,0,0,0,6.25,6.25,-15,4.25,4.25,4.25,4.25,4.25,4.25,4.25,4,4.13,4.25,4,4.06,5,4,4.19,0,0,0.001068376,-0.001068376,4.25,4.25,0,100.1546506,0,0,4.25
2002-06-21,4.25,0,0,0,6.25,6.25,-15,4.25,4.25,4.25,4.25,4.25,4.25,4.25,4,4.13,4.25,4,4.07,5,4,4.19,0,0,0,0,4.25,4.25,0,100.1104159,0,0,4.25
2002-06-24,4.25,0,0,0,6.25,6.25,-15,4.25,4.25,4.25,4.25,4.25,4.25,4.25,4,4.13,4.25,4,4.07,5,4,4.19,0,0,0,0,4.25,4.25,0,100.0735835,0,0,4.25
2002-06-25,4.25,0,0,0,6.25,6.25,-15,4.25,4.25,4.25,4.25,4.25,4.25,4.25,4,4.14,4.25,4,4.07,5,4,4.19,0,0,0,0,4.25,4.25,0,100.0441371,0,0,4.25
2002-06-26,4.25,0,0,0,6.25,6.25,-15,4.25,4.25,4.25,4.25,4.25,4.25,4.25,4,4.14,4.25,4,4.07,5,4,4.18,0,0,0,0,4.25,4.25,0,100.0220637,0,0,4.25
2002-06-27,4.25,0,0,0,6.25,6.25,-15,4.25,4.25,4.25,4.25,4.25,4.25,4.25,4,4.15,4.25,4,4.07,5,4,4.18,0,0,0,0,4.25,4.25,0,100.0073535,0,0,4.25
2002-06-28,4.25,0,0,0,6.25,6.25,-15,4.25,4.25,4.25,4.25,4.25,4.25,4.25,4,4.15,4.25,4,4.08,5,4,4.18,0,0,0,0,4.25,4.25,0,100,0,0,4.25
2002-07-01,4.25,0,0,0,6.25,6.25,-15,4.25,4.25,4.25,4.25,4.25,4.25,4.25,4,4.15,4.25,4,4.08,5,4,4.17,0,0,0,0,4.25,4.25,0,100,0,0,4.25
2002-07-02,4.25,0,0,0,6.25,6.25,-15,4.25,4.25,4.25,4.25,4.25,4.25,4.25,4,4.16,4.25,4,4.08,5,4,4.17,0,0,0,0,4.25,4.25,0,100,0,0,4.25
2002-07-03,4.25,0,0,0,6.25,6.25,-15,4.25,4.25,4.25,4.25,4.25,4.25,4.25,4,4.16,4.25,4,4.08,4.75,4,4.17,0,0,0,0,4.25,4.25,0,100,0,0,4.25
2002-07-04,4.25,0,0,0,6.25,6.25,-10.53,4.25,4.25,4.25,4.25,4.25,4.25,4.25,4,4.17,4.25,4,4.08,4.75,4,4.17,0,0,0,0,4.25,4.25,0,100,0,0,4.25
2002-07-05,4.25,0,0,0,6.25,6.25,-10.53,4.25,4.25,4.25,4.25,4.25,4.25,4.25,4,4.17,4.25,4,4.08,4.75,4,4.16,0,0,0,0,4.25,4.25,0,100,0,0,4.25
2002-07-08,4.25,0,0,0,6.25,6.25,-10.53,4.25,4.25,4.25,4.25,4.25,4.25,4.25,4,4.17,4.25,4,4.09,4.75,4,4.16,0,0,0,0,4.25,4.25,0,100,0,0,4.25
2002-07-09,4.25,0,0,0,6.25,6.25,-10.53,4.25,4.25,4.25,4.25,4.25,4.25,4.25,4,4.18,4.25,4,4.09,4.75,4,4.16,0,0,0,0,4.25,4.25,0,100,0,0,4.25
2002-07-10,4.25,0,0,0,6.25,6.25,-10.53,4.25,4.25,4.25,4.25,4.25,4.25,4.25,4,4.18,4.25,4,4.09,4.75,4,4.16,0,0,0,0,4.25,4.25,0,100,0,0,4.25
2002-07-11,4.25,0,0,0,6.25,6.25,-10.53,4.25,4.25,4.25,4.25,4.25,4.25,4.25,4,4.18,4.25,4,4.09,4.75,4,4.16,0,0,0,0,4.25,4.25,0,100,0,0,4.25
2002-07-12,4.25,0,0,0,6.25,6.25,-10.53,4.25,4.25,4.25,4.25,4.25,4.25,4.25,4,4.19,4.25,4,4.09,4.75,4,4.15,0,0,0,0,4.25,4.25,0,100,0,0,4.25
2002-07-15,4.25,0,0,0,6.25,6.25,-10.53,4.25,4.25,4.25,4.25,4.25,4.25,4.25,4,4.19,4.25,4,4.1,4.75,4,4.15,0,0,0,0,4.25,4.25,0,100,0,0,4.25
2002-07-16,4.25,0,0,0,6.25,6.25,-10.53,4.25,4.25,4.25,4.25,4.25,4.25,4.25,4,4.2,4.25,4,4.1,4.75,4,4.15,0,0,0,0,4.25,4.25,0,100,0,0,4.25
2002-07-17,4.25,0,0,0,6.25,6.25,-10.53,4.25,4.25,4.25,4.25,4.25,4.25,4.25,4,4.2,4.25,4,4.1,4.75,4,4.15,0,0,0,0,4.25,4.25,0,100,0,0,4.25
2002-07-18,4.25,0,0,0,6.25,6.25,-10.53,4.25,4.25,4.25,4.25,4.25,4.25,4.25,4,4.2,4.25,4,4.1,4.75,4,4.15,0,0,0,0,4.25,4.25,0,100,0,0,4.25
2002-07-19,4.25,0,0,0,6.25,6.25,-10.53,4.25,4.25,4.25,4.25,4.25,4.25,4.25,4,4.21,4.25,4,4.1,4.75,4,4.15,0,0,0,0,4.25,4.25,0,100,0,0,4.25
2002-07-22,4.25,0,0,0,6.25,6.25,-10.53,4.25,4.25,4.25,4.25,4.25,4.25,4.25,4,4.21,4.25,4,4.11,4.75,4,4.14,0,0,0,0,4.25,4.25,0,100,0,0,4.25
2002-07-23,4.25,0,0,0,6.25,6.25,-10.53,4.25,4.25,4.25,4.25,4.25,4.25,4.25,4,4.22,4.25,4,4.11,4.75,4,4.14,0,0,0,0,4.25,4.25,0,100,0,0,4.25
2002-07-24,4.25,0,0,0,6.25,6.25,-10.53,4.25,4.25,4.25,4.25,4.25,4.25,4.25,4,4.22,4.25,4,4.11,4.75,4,4.14,0,0,0,0,4.25,4.25,0,100,0,0,4.25
2002-07-25,4.25,0,0,0,6.25,6.25,-10.53,4.25,4.25,4.25,4.25,4.25,4.25,4.25,4,4.22,4.25,4,4.11,4.75,4,4.14,0,0,0,0,4.25,4.25,0,100,0,0,4.25
2002-07-26,4.25,0,0,0,6.25,6.25,-10.53,4.25,4.25,4.25,4.25,4.25,4.25,4.25,4,4.23,4.25,4,4.11,4.75,4,4.14,0,0,0,0,4.25,4.25,0,100,0,0,4.25
2002-07-29,4.25,0,0,0,6.25,6.25,-10.53,4.25,4.25,4.25,4.25,4.25,4.25,4.25,4,4.23,4.25,4,4.12,4.75,4,4.13,0,0,0,0,4.25,4.25,0,100,0,0,4.25
2002-07-30,4.25,0,0,0,6.25,6.25,-10.53,4.25,4.25,4.25,4.25,4.25,4.25,4.25,4,4.23,4.25,4,4.12,4.75,4,4.13,0,0,0,0,4.25,4.25,0,100,0,0,4.25
2002-07-31,4.25,0,0,0,6.25,6.25,-10.53,4.25,4.25,4.25,4.25,4.25,4.25,4.25,4,4.24,4.25,4,4.12,4.75,4,4.13,0,0,0,0,4.25,4.25,0,100,0,0,4.25
2002-08-01,4.25,0,0,0,6.25,6.25,-10.53,4.25,4.25,4.25,4.25,4.25,4.25,4.25,4,4.24,4.25,4,4.12,4.75,4,4.13,0,0,0,0,4.25,4.25,0,100,0,0,4.25
2002-08-02,4.25,0,0,0,6.25,6.25,-10.53,4.25,4.25,4.25,4.25,4.25,4.25,4.25,4,4.25,4.25,4,4.12,4.75,4,4.13,0,0,0,0,4.25,4.25,0,100,0,0,4.25
2002-08-05,4.25,0,0,0,6.25,6.25,-10.53,4.25,4.25,4.25,4.25,4.25,4.25,4.25,4.25,4.25,4.25,4,4.13,4.75,4,4.12,0,0,0,0,4.25,4.25,0,100,0,0,4.25
2002-08-06,4.25,0,0,0,0,6.25,-10.53,4.25,4.25,4.25,4.25,4.25,4.25,4.25,4.25,4.25,4.25,4,4.13,4.75,4,4.12,0,0,0,0,4.25,4.25,0,100,0,0,4.25
2002-08-07,4.25,0,0,0,0,6.25,-10.53,4.25,4.25,4.25,4.25,4.25,4.25,4.25,4.25,4.25,4.25,4,4.13,4.5,4,4.12,0,0,0,0,4.25,4.25,0,100,0,0,4.25
2002-08-08,4.25,0,0,0,0,6.25,-5.56,4.25,4.25,4.25,4.25,4.25,4.25,4.25,4.25,4.25,4.25,4,4.13,4.5,4,4.12,0,0,0,0,4.25,4.25,0,100,0,0,4.25
2002-08-09,4.25,0,0,0,0,6.25,-5.56,4.25,4.25,4.25,4.25,4.25,4.25,4.25,4.25,4.25,4.25,4,4.13,4.5,4,4.12,0,0,0,0,4.25,4.25,0,100,0,0,4.25
2002-08-12,4.25,0,0,0,0,6.25,-5.56,4.25,4.25,4.25,4.25,4.25,4.25,4.25,4.25,4.25,4.25,4,4.13,4.5,4,4.12,0,0,0,0,4.25,4.25,0,100,0,0,4.25
2002-08-13,4.25,0,0,0,0,6.25,-5.56,4.25,4.25,4.25,4.25,4.25,4.25,4.25,4.25,4.25,4.25,4,4.14,4.5,4,4.12,0,0,0,0,4.25,4.25,0,100,0,0,4.25
2002-08-14,4.25,0,0,0,0,6.25,-5.56,4.25,4.25,4.25,4.25,4.25,4.25,4.25,4.25,4.25,4.25,4,4.14,4.5,4,4.12,0,0,0,0,4.25,4.25,0,100,0,0,4.25
2002-08-15,4.25,0,0,0,0,6.25,-5.56,4.25,4.25,4.25,4.25,4.25,4.25,4.25,4.25,4.25,4.25,4,4.14,4.5,4,4.11,0,0,0,0,4.25,4.25,0,100,0,0,4.25
2002-08-16,4.25,0,0,0,0,6.25,-5.56,4.25,4.25,4.25,4.25,4.25,4.25,4.25,4.25,4.25,4.25,4,4.14,4.5,4,4.11,0,0,0,0,4.25,4.25,0,100,0,0,4.25
2002-08-19,4.25,0,0,0,0,6.25,-5.56,4.25,4.25,4.25,4.25,4.25,4.25,4.25,4.25,4.25,4.25,4,4.14,4.5,4,4.11,0,0,0,0,4.25,4.25,0,100,0,0,4.25
2002-08-20,4.25,0,0,0,0,6.25,-5.56,4.25,4.25,4.25,4.25,4.25,4.25,4.25,4.25,4.25,4.25,4,4.15,4.5,4,4.11,0,0,0,0,4.25,4.25,0,100,0,0,4.25
2002-08-21,4.25,0,0,0,0,6.25,-5.56,4.25,4.25,4.25,4.25,4.25,4.25,4.25,4.25,4.25,4.25,4,4.15,4.5,4,4.11,0,0,0,0,4.25,4.25,0,100,0,0,4.25
2002-08-22,4.25,0,0,0,0,6.25,-5.56,4.25,4.25,4.25,4.25,4.25,4.25,4.25,4.25,4.25,4.25,4,4.15,4.5,4,4.11,0,0,0,0,4.25,4.25,0,100,0,0,4.25
2002-08-23,4.25,0,0,0,0,6.25,-5.56,4.25,4.25,4.25,4.25,4.25,4.25,4.25,4.25,4.25,4.25,4,4.15,4.5,4,4.11,0,0,0,0,4.25,4.25,0,100,0,0,4.25
2002-08-26,4.25,0,0,0,0,6.25,-5.56,4.25,4.25,4.25,4.25,4.25,4.25,4.25,4.25,4.25,4.25,4,4.15,4.5,4,4.11,0,0,0,0,4.25,4.25,0,100,0,0,4.25
2002-08-27,4.25,0,0,0,0,6.25,-5.56,4.25,4.25,4.25,4.25,4.25,4.25,4.25,4.25,4.25,4.25,4,4.16,4.5,4,4.11,0,0,0,0,4.25,4.25,0,100,0,0,4.25
2002-08-28,4.25,0,0,0,0,6.25,-5.56,4.25,4.25,4.25,4.25,4.25,4.25,4.25,4.25,4.25,4.25,4,4.16,4.5,4,4.11,0,0,0,0,4.25,4.25,0,100,0,0,4.25
2002-08-29,4.25,0,0,0,0,6.25,-5.56,4.25,4.25,4.25,4.25,4.25,4.25,4.25,4.25,4.25,4.25,4,4.16,4.5,4,4.1,0,0,0,0,4.25,4.25,0,100,0,0,4.25
2002-08-30,4.25,0,0,0,0,6.25,-5.56,4.25,4.25,4.25,4.25,4.25,4.25,4.25,4.25,4.25,4.25,4,4.16,4.5,4,4.1,0,0,0,0,4.25,4.25,0,100,0,0,4.25
2002-09-02,4.25,0,0,0,0,6.25,-5.56,4.25,4.25,4.25,4.25,4.25,4.25,4.25,4.25,4.25,4.25,4,4.16,4.5,4,4.1,0,0,0,0,4.25,4.25,0,100,0,0,4.25
2002-09-03,4.25,0,0,0,0,6.25,-5.56,4.25,4.25,4.25,4.25,4.25,4.25,4.25,4.25,4.25,4.25,4,4.17,4.5,4,4.1,0,0,0,0,4.25,4.25,0,100,0,0,4.25
2002-09-04,4.25,0,0,0,0,6.25,-5.56,4.25,4.25,4.25,4.25,4.25,4.25,4.25,4.25,4.25,4.25,4,4.17,4.5,4,4.1,0,0,0,0,4.25,4.25,0,100,0,0,4.25
2002-09-05,4.25,0,0,0,0,6.25,-5.56,4.25,4.25,4.25,4.25,4.25,4.25,4.25,4.25,4.25,4.25,4,4.17,4.5,4,4.1,0,0,0,0,4.25,4.25,0,100,0,0,4.25
2002-09-06,4.25,0,0,0,0,6.25,-5.56,4.25,4.25,4.25,4.25,4.25,4.25,4.25,4.25,4.25,4.25,4,4.17,4.5,4,4.1,0,0,0,0,4.25,4.25,0,100,0,0,4.25
2002-09-09,4.25,0,0,0,0,6.25,-5.56,4.25,4.25,4.25,4.25,4.25,4.25,4.25,4.25,4.25,4.25,4,4.17,4.5,4,4.1,0,0,0,0,4.25,4.25,0,100,0,0,4.25
2002-09-10,4.25,0,0,0,0,6.25,-5.56,4.25,4.25,4.25,4.25,4.25,4.25,4.25,4.25,4.25,4.25,4,4.18,4.5,4,4.1,0,0,0,0,4.25,4.25,0,100,0,0,4.25
2002-09-11,4.25,0,0,0,0,6.25,-5.56,4.25,4.25,4.25,4.25,4.25,4.25,4.25,4.25,4.25,4.25,4,4.18,4.5,4,4.1,0,0,0,0,4.25,4.25,0,100,0,0,4.25
2002-09-12,4.25,0,0,0,0,6.25,-5.56,4.25,4.25,4.25,4.25,4.25,4.25,4.25,4.25,4.25,4.25,4,4.18,4.5,4,4.1,0,0,0,0,4.25,4.25,0,100,0,0,4.25
2002-09-13,4.25,0,0,0,0,6.25,-5.56,4.25,4.25,4.25,4.25,4.25,4.25,4.25,4.25,4.25,4.25,4,4.18,4.5,4,4.09,0,0,0,0,4.25,4.25,0,100,0,0,4.25
2002-09-16,4.25,0,0,0,0,6.25,-5.56,4.25,4.25,4.25,4.25,4.25,4.25,4.25,4.25,4.25,4.25,4,4.18,4.5,4,4.09,0,0,0,0,4.25,4.25,0,100,0,0,4.25
2002-09-17,4.25,0,0,0,0,6.25,-5.56,4.25,4.25,4.25,4.25,4.25,4.25,4.25,4.25,4.25,4.25,4,4.18,4.25,4,4.09,0,0,0,0,4.25,4.25,0,100,0,0,4.25
2002-09-18,4.25,0,0,0,0,6.25,6.25,4.25,4.25,4.25,4.25,4.25,4.25,4.25,4.25,4.25,4.25,4,4.19,4.25,4,4.09,0,0,0,0,4.25,4.25,0,100,0,0,4.25
2002-09-19,4.25,0,0,0,0,6.25,6.25,4.25,4.25,4.25,4.25,4.25,4.25,4.25,4.25,4.25,4.25,4,4.19,4.25,4,4.09,0,0,0,0,4.25,4.25,0,100,0,0,4.25
2002-09-20,4.25,0,0,0,0,6.25,6.25,4.25,4.25,4.25,4.25,4.25,4.25,4.25,4.25,4.25,4.25,4,4.19,4.25,4,4.1,0,0,0,0,4.25,4.25,0,100,0,0,4.25
2002-09-23,4.25,0,0,0,0,6.25,6.25,4.25,4.25,4.25,4.25,4.25,4.25,4.25,4.25,4.25,4.25,4,4.19,4.25,4,4.1,0,0,0,0,4.25,4.25,0,100,0,0,4.25
2002-09-24,4.25,0,0,0,0,6.25,6.25,4.25,4.25,4.25,4.25,4.25,4.25,4.25,4.25,4.25,4.25,4,4.19,4.25,4,4.1,0,0,0,0,4.25,4.25,0,100,0,0,4.25
2002-09-25,4.25,0,0,0,0,6.25,6.25,4.25,4.25,4.25,4.25,4.25,4.25,4.25,4.25,4.25,4.25,4,4.2,4.25,4,4.1,0,0,0,0,4.25,4.25,0,100,0,0,4.25
2002-09-26,4.25,0,0,0,0,6.25,6.25,4.25,4.25,4.25,4.25,4.25,4.25,4.25,4.25,4.25,4.25,4,4.2,4.25,4,4.1,0,0,0,0,4.25,4.25,0,100,0,0,4.25
2002-09-27,4.25,0,0,0,0,6.25,6.25,4.25,4.25,4.25,4.25,4.25,4.25,4.25,4.25,4.25,4.25,4,4.2,4.25,4,4.1,0,0,0,0,4.25,4.25,0,100,0,0,4.25
2002-09-30,4.25,0,0,0,0,6.25,6.25,4.25,4.25,4.25,4.25,4.25,4.25,4.25,4.25,4.25,4.25,4,4.2,4.25,4,4.1,0,0,0,0,4.25,4.25,0,100,0,0,4.25
2002-10-01,4.25,0,0,0,0,6.25,6.25,4.25,4.25,4.25,4.25,4.25,4.25,4.25,4.25,4.25,4.25,4,4.2,4.25,4,4.1,0,0,0,0,4.25,4.25,0,100,0,0,4.25
2002-10-02,4.25,0,0,0,0,6.25,6.25,4.25,4.25,4.25,4.25,4.25,4.25,4.25,4.25,4.25,4.25,4,4.21,4.25,4,4.1,0,0,0,0,4.25,4.25,0,100,0,0,4.25
2002-10-03,4.25,0,0,0,0,6.25,6.25,4.25,4.25,4.25,4.25,4.25,4.25,4.25,4.25,4.25,4.25,4,4.21,4.25,4,4.1,0,0,0,0,4.25,4.25,0,100,0,0,4.25
2002-10-04,4.25,0,0,0,0,6.25,6.25,4.25,4.25,4.25,4.25,4.25,4.25,4.25,4.25,4.25,4.25,4,4.21,4.25,4,4.1,0,0,0,0,4.25,4.25,0,100,0,0,4.25
2002-10-07,4.25,0,0,0,0,6.25,6.25,4.25,4.25,4.25,4.25,4.25,4.25,4.25,4.25,4.25,4.25,4,4.21,4.25,4,4.11,0,0,0,0,4.25,4.25,0,100,0,0,4.25
2002-10-08,4.25,0,0,0,0,6.25,6.25,4.25,4.25,4.25,4.25,4.25,4.25,4.25,4.25,4.25,4.25,4,4.21,4.25,4,4.11,0,0,0,0,4.25,4.25,0,100,0,0,4.25
2002-10-09,4.25,0,0,0,0,6.25,6.25,4.25,4.25,4.25,4.25,4.25,4.25,4.25,4.25,4.25,4.25,4,4.22,4.25,4,4.11,0,0,0,0,4.25,4.25,0,100,0,0,4.25
2002-10-10,4.25,0,0,0,0,6.25,6.25,4.25,4.25,4.25,4.25,4.25,4.25,4.25,4.25,4.25,4.25,4,4.22,4.25,4,4.11,0,0,0,0,4.25,4.25,0,100,0,0,4.25
2002-10-11,4.25,0,0,0,0,6.25,6.25,4.25,4.25,4.25,4.25,4.25,4.25,4.25,4.25,4.25,4.25,4,4.22,4.25,4,4.11,0,0,0,0,4.25,4.25,0,100,0,0,4.25
2002-10-14,4.25,0,0,0,0,6.25,6.25,4.25,4.25,4.25,4.25,4.25,4.25,4.25,4.25,4.25,4.25,4,4.22,4.25,4,4.11,0,0,0,0,4.25,4.25,0,100,0,0,4.25
2002-10-15,4.25,0,0,0,0,6.25,6.25,4.25,4.25,4.25,4.25,4.25,4.25,4.25,4.25,4.25,4.25,4,4.22,4.25,4,4.11,0,0,0,0,4.25,4.25,0,100,0,0,4.25
2002-10-16,4.25,0,0,0,0,6.25,6.25,4.25,4.25,4.25,4.25,4.25,4.25,4.25,4.25,4.25,4.25,4,4.23,4.25,4,4.11,0,0,0,0,4.25,4.25,0,100,0,0,4.25
2002-10-17,4.25,0,0,0,0,6.25,6.25,4.25,4.25,4.25,4.25,4.25,4.25,4.25,4.25,4.25,4.25,4,4.23,4.25,4,4.11,0,0,0,0,4.25,4.25,0,100,0,0,4.25
2002-10-18,4.25,0,0,0,0,6.25,6.25,4.25,4.25,4.25,4.25,4.25,4.25,4.25,4.25,4.25,4.25,4,4.23,4.25,4,4.11,0,0,0,0,4.25,4.25,0,100,0,0,4.25
2002-10-21,4.25,0,0,0,0,6.25,6.25,4.25,4.25,4.25,4.25,4.25,4.25,4.25,4.25,4.25,4.25,4,4.23,4.25,4,4.12,0,0,0,0,4.25,4.25,0,100,0,0,4.25
2002-10-22,4.25,0,0,0,0,6.25,6.25,4.25,4.25,4.25,4.25,4.25,4.25,4.25,4.25,4.25,4.25,4,4.23,4.25,4,4.12,0,0,0,0,4.25,4.25,0,100,0,0,4.25
2002-10-23,4.25,0,0,0,0,6.25,6.25,4.25,4.25,4.25,4.25,4.25,4.25,4.25,4.25,4.25,4.25,4,4.23,4.25,4,4.12,0,0,0,0,4.25,4.25,0,100,0,0,4.25
2002-10-24,4.25,0,0,0,0,6.25,6.25,4.25,4.25,4.25,4.25,4.25,4.25,4.25,4.25,4.25,4.25,4,4.24,4.25,4,4.12,0,0,0,0,4.25,4.25,0,100,0,0,4.25
2002-10-25,4.25,0,0,0,0,6.25,6.25,4.25,4.25,4.25,4.25,4.25,4.25,4.25,4.25,4.25,4.25,4,4.24,4.25,4,4.12,0,0,0,0,4.25,4.25,0,100,0,0,4.25
2002-10-28,4.25,0,0,0,0,6.25,6.25,4.25,4.25,4.25,4.25,4.25,4.25,4.25,4.25,4.25,4.25,4,4.24,4.25,4,4.12,0,0,0,0,4.25,4.25,0,100,0,0,4.25
2002-10-29,4.25,0,0,0,0,6.25,6.25,4.25,4.25,4.25,4.25,4.25,4.25,4.25,4.25,4.25,4.25,4,4.24,4.25,4,4.12,0,0,0,0,4.25,4.25,0,100,0,0,4.25
2002-10-30,4.25,0,0,0,0,6.25,6.25,4.25,4.25,4.25,4.25,4.25,4.25,4.25,4.25,4.25,4.25,4,4.24,4.25,4,4.12,0,0,0,0,4.25,4.25,0,100,0,0,4.25
2002-10-31,4.25,0,0,0,0,6.25,6.25,4.25,4.25,4.25,4.25,4.25,4.25,4.25,4.25,4.25,4.25,4,4.25,4.25,4,4.12,0,0,0,0,4.25,4.25,0,100,0,0,4.25
2002-11-01,4.25,0,0,0,0,6.25,6.25,4.25,4.25,4.25,4.25,4.25,4.25,4.25,4.25,4.25,4.25,4,4.25,4.25,4,4.12,0,0,0,0,4.25,4.25,0,100,0,0,4.25
2002-11-04,4.25,0,0,0,0,6.25,6.25,4.25,4.25,4.25,4.25,4.25,4.25,4.25,4.25,4.25,4.25,4.25,4.25,4.25,4,4.13,0,0,0,0,4.25,4.25,0,100,0,0,4.25
2002-11-05,4.25,0,0,0,0,0,6.25,4.25,4.25,4.25,4.25,4.25,4.25,4.25,4.25,4.25,4.25,4.25,4.25,4.25,4,4.13,0,0,0,0,4.25,4.25,0,100,0,0,4.25
2002-11-06,4.25,0,0,0,0,0,6.25,4.25,4.25,4.25,4.25,4.25,4.25,4.25,4.25,4.25,4.25,4.25,4.25,4.25,4,4.13,0,0,0,0,4.25,4.25,0,100,0,0,4.25
2002-11-07,4.25,0,0,0,0,0,6.25,4.25,4.25,4.25,4.25,4.25,4.25,4.25,4.25,4.25,4.25,4.25,4.25,4.25,4,4.13,0,0,0,0,4.25,4.25,0,100,0,0,4.25
2002-11-08,4.25,0,0,0,0,0,6.25,4.25,4.25,4.25,4.25,4.25,4.25,4.25,4.25,4.25,4.25,4.25,4.25,4.25,4,4.13,0,0,0,0,4.25,4.25,0,100,0,0,4.25
2002-11-11,4.25,0,0,0,0,0,6.25,4.25,4.25,4.25,4.25,4.25,4.25,4.25,4.25,4.25,4.25,4.25,4.25,4.25,4,4.13,0,0,0,0,4.25,4.25,0,100,0,0,4.25
2002-11-12,4.25,0,0,0,0,0,6.25,4.25,4.25,4.25,4.25,4.25,4.25,4.25,4.25,4.25,4.25,4.25,4.25,4.25,4,4.13,0,0,0,0,4.25,4.25,0,100,0,0,4.25
2002-11-13,4.25,0,0,0,0,0,6.25,4.25,4.25,4.25,4.25,4.25,4.25,4.25,4.25,4.25,4.25,4.25,4.25,4.25,4,4.13,0,0,0,0,4.25,4.25,0,100,0,0,4.25
2002-11-14,4.25,0,0,0,0,0,6.25,4.25,4.25,4.25,4.25,4.25,4.25,4.25,4.25,4.25,4.25,4.25,4.25,4.25,4,4.13,0,0,0,0,4.25,4.25,0,100,0,0,4.25
2002-11-15,4.25,0,0,0,0,0,6.25,4.25,4.25,4.25,4.25,4.25,4.25,4.25,4.25,4.25,4.25,4.25,4.25,4.25,4,4.13,0,0,0,0,4.25,4.25,0,100,0,0,4.25
2002-11-18,4.25,0,0,0,0,0,6.25,4.25,4.25,4.25,4.25,4.25,4.25,4.25,4.25,4.25,4.25,4.25,4.25,4.25,4,4.13,0,0,0,0,4.25,4.25,0,100,0,0,4.25
2002-11-19,4.25,0,0,0,0,0,6.25,4.25,4.25,4.25,4.25,4.25,4.25,4.25,4.25,4.25,4.25,4.25,4.25,4.25,4,4.14,0,0,0,0,4.25,4.25,0,100,0,0,4.25
2002-11-20,4.25,0,0,0,0,0,6.25,4.25,4.25,4.25,4.25,4.25,4.25,4.25,4.25,4.25,4.25,4.25,4.25,4.25,4,4.14,0,0,0,0,4.25,4.25,0,100,0,0,4.25
2002-11-21,4.25,0,0,0,0,0,6.25,4.25,4.25,4.25,4.25,4.25,4.25,4.25,4.25,4.25,4.25,4.25,4.25,4.25,4,4.14,0,0,0,0,4.25,4.25,0,100,0,0,4.25
2002-11-22,4.25,0,0,0,0,0,6.25,4.25,4.25,4.25,4.25,4.25,4.25,4.25,4.25,4.25,4.25,4.25,4.25,4.25,4,4.14,0,0,0,0,4.25,4.25,0,100,0,0,4.25
2002-11-25,4.25,0,0,0,0,0,6.25,4.25,4.25,4.25,4.25,4.25,4.25,4.25,4.25,4.25,4.25,4.25,4.25,4.25,4,4.14,0,0,0,0,4.25,4.25,0,100,0,0,4.25
2002-11-26,4.25,0,0,0,0,0,6.25,4.25,4.25,4.25,4.25,4.25,4.25,4.25,4.25,4.25,4.25,4.25,4.25,4.25,4,4.14,0,0,0,0,4.25,4.25,0,100,0,0,4.25
2002-11-27,4.25,0,0,0,0,0,6.25,4.25,4.25,4.25,4.25,4.25,4.25,4.25,4.25,4.25,4.25,4.25,4.25,4.25,4,4.14,0,0,0,0,4.25,4.25,0,100,0,0,4.25
2002-11-28,4.25,0,0,0,0,0,6.25,4.25,4.25,4.25,4.25,4.25,4.25,4.25,4.25,4.25,4.25,4.25,4.25,4.25,4,4.14,0,0,0,0,4.25,4.25,0,100,0,0,4.25
2002-11-29,4.25,0,0,0,0,0,6.25,4.25,4.25,4.25,4.25,4.25,4.25,4.25,4.25,4.25,4.25,4.25,4.25,4.25,4,4.14,0,0,0,0,4.25,4.25,0,100,0,0,4.25
2002-12-02,4.25,0,0,0,0,0,6.25,4.25,4.25,4.25,4.25,4.25,4.25,4.25,4.25,4.25,4.25,4.25,4.25,4.25,4,4.14,0,0,0,0,4.25,4.25,0,100,0,0,4.25
2002-12-03,4.25,0,0,0,0,0,6.25,4.25,4.25,4.25,4.25,4.25,4.25,4.25,4.25,4.25,4.25,4.25,4.25,4.25,4,4.15,0,0,0,0,4.25,4.25,0,100,0,0,4.25
2002-12-04,4.25,0,0,0,0,0,6.25,4.25,4.25,4.25,4.25,4.25,4.25,4.25,4.25,4.25,4.25,4.25,4.25,4.25,4,4.15,0,0,0,0,4.25,4.25,0,100,0,0,4.25
2002-12-05,4.25,0,0,0,0,0,6.25,4.25,4.25,4.25,4.25,4.25,4.25,4.25,4.25,4.25,4.25,4.25,4.25,4.25,4,4.15,0,0,0,0,4.25,4.25,0,100,0,0,4.25
2002-12-06,4.25,0,0,0,0,0,6.25,4.25,4.25,4.25,4.25,4.25,4.25,4.25,4.25,4.25,4.25,4.25,4.25,4.25,4,4.15,0,0,0,0,4.25,4.25,0,100,0,0,4.25
2002-12-09,4.25,0,0,0,0,0,6.25,4.25,4.25,4.25,4.25,4.25,4.25,4.25,4.25,4.25,4.25,4.25,4.25,4.25,4,4.15,0,0,0,0,4.25,4.25,0,100,0,0,4.25
2002-12-10,4.25,0,0,0,0,0,6.25,4.25,4.25,4.25,4.25,4.25,4.25,4.25,4.25,4.25,4.25,4.25,4.25,4.25,4,4.15,0,0,0,0,4.25,4.25,0,100,0,0,4.25
2002-12-11,4.25,0,0,0,0,0,6.25,4.25,4.25,4.25,4.25,4.25,4.25,4.25,4.25,4.25,4.25,4.25,4.25,4.25,4,4.15,0,0,0,0,4.25,4.25,0,100,0,0,4.25
2002-12-12,4.25,0,0,0,0,0,6.25,4.25,4.25,4.25,4.25,4.25,4.25,4.25,4.25,4.25,4.25,4.25,4.25,4.25,4,4.15,0,0,0,0,4.25,4.25,0,100,0,0,4.25
2002-12-13,4.25,0,0,0,0,0,6.25,4.25,4.25,4.25,4.25,4.25,4.25,4.25,4.25,4.25,4.25,4.25,4.25,4.25,4,4.15,0,0,0,0,4.25,4.25,0,100,0,0,4.25
2002-12-16,4.25,0,0,0,0,0,6.25,4.25,4.25,4.25,4.25,4.25,4.25,4.25,4.25,4.25,4.25,4.25,4.25,4.25,4,4.15,0,0,0,0,4.25,4.25,0,100,0,0,4.25
2002-12-17,4.25,0,0,0,0,0,6.25,4.25,4.25,4.25,4.25,4.25,4.25,4.25,4.25,4.25,4.25,4.25,4.25,4.25,4,4.15,0,0,0,0,4.25,4.25,0,100,0,0,4.25
2002-12-18,4.25,0,0,0,0,0,6.25,4.25,4.25,4.25,4.25,4.25,4.25,4.25,4.25,4.25,4.25,4.25,4.25,4.25,4,4.16,0,0,0,0,4.25,4.25,0,100,0,0,4.25
2002-12-19,4.25,0,0,0,0,0,6.25,4.25,4.25,4.25,4.25,4.25,4.25,4.25,4.25,4.25,4.25,4.25,4.25,4.25,4,4.16,0,0,0,0,4.25,4.25,0,100,0,0,4.25
2002-12-20,4.25,0,0,0,0,0,6.25,4.25,4.25,4.25,4.25,4.25,4.25,4.25,4.25,4.25,4.25,4.25,4.25,4.25,4,4.16,0,0,0,0,4.25,4.25,0,100,0,0,4.25
2002-12-23,4.25,0,0,0,0,0,6.25,4.25,4.25,4.25,4.25,4.25,4.25,4.25,4.25,4.25,4.25,4.25,4.25,4.25,4,4.16,0,0,0,0,4.25,4.25,0,100,0,0,4.25
2002-12-24,4.25,0,0,0,0,0,6.25,4.25,4.25,4.25,4.25,4.25,4.25,4.25,4.25,4.25,4.25,4.25,4.25,4.25,4,4.16,0,0,0,0,4.25,4.25,0,100,0,0,4.25
2002-12-25,4.25,0,0,0,0,0,6.25,4.25,4.25,4.25,4.25,4.25,4.25,4.25,4.25,4.25,4.25,4.25,4.25,4.25,4,4.16,0,0,0,0,4.25,4.25,0,100,0,0,4.25
2002-12-26,4.25,0,0,0,0,0,6.25,4.25,4.25,4.25,4.25,4.25,4.25,4.25,4.25,4.25,4.25,4.25,4.25,4.25,4,4.16,0,0,0,0,4.25,4.25,0,100,0,0,4.25
2002-12-27,4.25,0,0,0,0,0,6.25,4.25,4.25,4.25,4.25,4.25,4.25,4.25,4.25,4.25,4.25,4.25,4.25,4.25,4,4.16,0,0,0,0,4.25,4.25,0,100,0,0,4.25
2002-12-30,4.25,0,0,0,0,0,6.25,4.25,4.25,4.25,4.25,4.25,4.25,4.25,4.25,4.25,4.25,4.25,4.25,4.25,4,4.16,0,0,0,0,4.25,4.25,0,100,0,0,4.25
2002-12-31,4.25,0,0,0,0,0,6.25,4.25,4.25,4.25,4.25,4.25,4.25,4.25,4.25,4.25,4.25,4.25,4.25,4.25,4,4.16,0,0,0,0,4.25,4.25,0,100,0,0,4.25
2003-01-01,4.25,0,0,0,0,0,6.25,4.25,4.25,4.25,4.25,4.25,4.25,4.25,4.25,4.25,4.25,4.25,4.25,4.25,4,4.17,0,0,0,0,4.25,4.25,0,100,0,0,4.25
2003-01-02,4.25,0,0,0,0,0,6.25,4.25,4.25,4.25,4.25,4.25,4.25,4.25,4.25,4.25,4.25,4.25,4.25,4.25,4,4.17,0,0,0,0,4.25,4.25,0,100,0,0,4.25
2003-01-03,4.25,0,0,0,0,0,6.25,4.25,4.25,4.25,4.25,4.25,4.25,4.25,4.25,4.25,4.25,4.25,4.25,4.25,4,4.17,0,0,0,0,4.25,4.25,0,100,0,0,4.25
2003-01-06,4.25,0,0,0,0,0,6.25,4.25,4.25,4.25,4.25,4.25,4.25,4.25,4.25,4.25,4.25,4.25,4.25,4.25,4,4.17,0,0,0,0,4.25,4.25,0,100,0,0,4.25
2003-01-07,4.25,0,0,0,0,0,6.25,4.25,4.25,4.25,4.25,4.25,4.25,4.25,4.25,4.25,4.25,4.25,4.25,4.25,4,4.17,0,0,0,0,4.25,4.25,0,100,0,0,4.25
2003-01-08,4.25,0,0,0,0,0,6.25,4.25,4.25,4.25,4.25,4.25,4.25,4.25,4.25,4.25,4.25,4.25,4.25,4.25,4,4.17,0,0,0,0,4.25,4.25,0,100,0,0,4.25
2003-01-09,4.25,0,0,0,0,0,6.25,4.25,4.25,4.25,4.25,4.25,4.25,4.25,4.25,4.25,4.25,4.25,4.25,4.25,4,4.17,0,0,0,0,4.25,4.25,0,100,0,0,4.25
2003-01-10,4.25,0,0,0,0,0,6.25,4.25,4.25,4.25,4.25,4.25,4.25,4.25,4.25,4.25,4.25,4.25,4.25,4.25,4,4.17,0,0,0,0,4.25,4.25,0,100,0,0,4.25
2003-01-13,4.25,0,0,0,0,0,6.25,4.25,4.25,4.25,4.25,4.25,4.25,4.25,4.25,4.25,4.25,4.25,4.25,4.25,4,4.17,0,0,0,0,4.25,4.25,0,100,0,0,4.25
2003-01-14,4.25,0,0,0,0,0,6.25,4.25,4.25,4.25,4.25,4.25,4.25,4.25,4.25,4.25,4.25,4.25,4.25,4.25,4,4.17,0,0,0,0,4.25,4.25,0,100,0,0,4.25
2003-01-15,4.25,0,0,0,0,0,6.25,4.25,4.25,4.25,4.25,4.25,4.25,4.25,4.25,4.25,4.25,4.25,4.25,4.25,4,4.18,0,0,0,0,4.25,4.25,0,100,0,0,4.25
2003-01-16,4.25,0,0,0,0,0,6.25,4.25,4.25,4.25,4.25,4.25,4.25,4.25,4.25,4.25,4.25,4.25,4.25,4.25,4,4.18,0,0,0,0,4.25,4.25,0,100,0,0,4.25
2003-01-17,4.25,0,0,0,0,0,6.25,4.25,4.25,4.25,4.25,4.25,4.25,4.25,4.25,4.25,4.25,4.25,4.25,4.25,4,4.18,0,0,0,0,4.25,4.25,0,100,0,0,4.25
2003-01-20,4.25,0,0,0,0,0,6.25,4.25,4.25,4.25,4.25,4.25,4.25,4.25,4.25,4.25,4.25,4.25,4.25,4.25,4,4.18,0,0,0,0,4.25,4.25,0,100,0,0,4.25
2003-01-21,4.25,0,0,0,0,0,6.25,4.25,4.25,4.25,4.25,4.25,4.25,4.25,4.25,4.25,4.25,4.25,4.25,4.25,4,4.18,0,0,0,0,4.25,4.25,0,100,0,0,4.25
2003-01-22,4.25,0,0,0,0,0,6.25,4.25,4.25,4.25,4.25,4.25,4.25,4.25,4.25,4.25,4.25,4.25,4.25,4.25,4,4.18,0,0,0,0,4.25,4.25,0,100,0,0,4.25
2003-01-23,4.25,0,0,0,0,0,6.25,4.25,4.25,4.25,4.25,4.25,4.25,4.25,4.25,4.25,4.25,4.25,4.25,4.25,4,4.18,0,0,0,0,4.25,4.25,0,100,0,0,4.25
2003-01-24,4.25,0,0,0,0,0,6.25,4.25,4.25,4.25,4.25,4.25,4.25,4.25,4.25,4.25,4.25,4.25,4.25,4.25,4,4.18,0,0,0,0,4.25,4.25,0,100,0,0,4.25
2003-01-27,4.25,0,0,0,0,0,6.25,4.25,4.25,4.25,4.25,4.25,4.25,4.25,4.25,4.25,4.25,4.25,4.25,4.25,4,4.18,0,0,0,0,4.25,4.25,0,100,0,0,4.25
2003-01-28,4.25,0,0,0,0,0,6.25,4.25,4.25,4.25,4.25,4.25,4.25,4.25,4.25,4.25,4.25,4.25,4.25,4.25,4,4.18,0,0,0,0,4.25,4.25,0,100,0,0,4.25
2003-01-29,4.25,0,0,0,0,0,6.25,4.25,4.25,4.25,4.25,4.25,4.25,4.25,4.25,4.25,4.25,4.25,4.25,4.25,4,4.18,0,0,0,0,4.25,4.25,0,100,0,0,4.25
2003-01-30,4.25,0,0,0,0,0,6.25,4.25,4.25,4.25,4.25,4.25,4.25,4.25,4.25,4.25,4.25,4.25,4.25,4.25,4,4.19,0,0,0,0,4.25,4.25,0,100,0,0,4.25
2003-01-31,4.25,0,0,0,0,0,6.25,4.25,4.25,4.25,4.25,4.25,4.25,4.25,4.25,4.25,4.25,4.25,4.25,4.25,4,4.19,0,0,0,0,4.25,4.25,0,100,0,0,4.25
2003-02-03,4.25,0,0,0,0,0,6.25,4.25,4.25,4.25,4.25,4.25,4.25,4.25,4.25,4.25,4.25,4.25,4.25,4.25,4,4.19,0,0,0,0,4.25,4.25,0,100,0,0,4.25
2003-02-04,4.25,0,0,0,0,0,6.25,4.25,4.25,4.25,4.25,4.25,4.25,4.25,4.25,4.25,4.25,4.25,4.25,4.25,4,4.19,0,0,0,0,4.25,4.25,0,100,0,0,4.25
2003-02-05,4.25,0,0,0,0,0,6.25,4.25,4.25,4.25,4.25,4.25,4.25,4.25,4.25,4.25,4.25,4.25,4.25,4.25,4,4.19,0,0,0,0,4.25,4.25,0,100,0,0,4.25
2003-02-06,4.25,0,0,0,0,0,6.25,4.25,4.25,4.25,4.25,4.25,4.25,4.25,4.25,4.25,4.25,4.25,4.25,4.25,4,4.19,0,0,0,0,4.25,4.25,0,100,0,0,4.25
2003-02-07,4.25,0,0,0,0,0,6.25,4.25,4.25,4.25,4.25,4.25,4.25,4.25,4.25,4.25,4.25,4.25,4.25,4.25,4,4.19,0,0,0,0,4.25,4.25,0,100,0,0,4.25
2003-02-10,4.25,0,0,0,0,0,6.25,4.25,4.25,4.25,4.25,4.25,4.25,4.25,4.25,4.25,4.25,4.25,4.25,4.25,4,4.19,0,0,0,0,4.25,4.25,0,100,0,0,4.25
2003-02-11,4.25,0,0,0,0,0,6.25,4.25,4.25,4.25,4.25,4.25,4.25,4.25,4.25,4.25,4.25,4.25,4.25,4.25,4,4.19,0,0,0,0,4.25,4.25,0,100,0,0,4.25
2003-02-12,4.25,0,0,0,0,0,6.25,4.25,4.25,4.25,4.25,4.25,4.25,4.25,4.25,4.25,4.25,4.25,4.25,4.25,4,4.19,0,0,0,0,4.25,4.25,0,100,0,0,4.25
2003-02-13,4.25,0,0,0,0,0,6.25,4.25,4.25,4.25,4.25,4.25,4.25,4.25,4.25,4.25,4.25,4.25,4.25,4.25,4,4.2,0,0,0,0,4.25,4.25,0,100,0,0,4.25
2003-02-14,4.25,0,0,0,0,0,6.25,4.25,4.25,4.25,4.25,4.25,4.25,4.25,4.25,4.25,4.25,4.25,4.25,4.25,4,4.2,0,0,0,0,4.25,4.25,0,100,0,0,4.25
2003-02-17,4.25,0,0,0,0,0,6.25,4.25,4.25,4.25,4.25,4.25,4.25,4.25,4.25,4.25,4.25,4.25,4.25,4.25,4,4.2,0,0,0,0,4.25,4.25,0,100,0,0,4.25
2003-02-18,4.25,0,0,0,0,0,6.25,4.25,4.25,4.25,4.25,4.25,4.25,4.25,4.25,4.25,4.25,4.25,4.25,4.25,4,4.2,0,0,0,0,4.25,4.25,0,100,0,0,4.25
2003-02-19,4.25,0,0,0,0,0,6.25,4.25,4.25,4.25,4.25,4.25,4.25,4.25,4.25,4.25,4.25,4.25,4.25,4.25,4,4.2,0,0,0,0,4.25,4.25,0,100,0,0,4.25
2003-02-20,4.25,0,0,0,0,0,6.25,4.25,4.25,4.25,4.25,4.25,4.25,4.25,4.25,4.25,4.25,4.25,4.25,4.25,4,4.2,0,0,0,0,4.25,4.25,0,100,0,0,4.25
2003-02-21,4.25,0,0,0,0,0,6.25,4.25,4.25,4.25,4.25,4.25,4.25,4.25,4.25,4.25,4.25,4.25,4.25,4.25,4,4.2,0,0,0,0,4.25,4.25,0,100,0,0,4.25
2003-02-24,4.25,0,0,0,0,0,6.25,4.25,4.25,4.25,4.25,4.25,4.25,4.25,4.25,4.25,4.25,4.25,4.25,4.25,4,4.2,0,0,0,0,4.25,4.25,0,100,0,0,4.25
2003-02-25,4.25,0,0,0,0,0,6.25,4.25,4.25,4.25,4.25,4.25,4.25,4.25,4.25,4.25,4.25,4.25,4.25,4.25,4,4.2,0,0,0,0,4.25,4.25,0,100,0,0,4.25
2003-02-26,4.25,0,0,0,0,0,6.25,4.25,4.25,4.25,4.25,4.25,4.25,4.25,4.25,4.25,4.25,4.25,4.25,4.25,4,4.2,0,0,0,0,4.25,4.25,0,100,0,0,4.25
2003-02-27,4.25,0,0,0,0,0,6.25,4.25,4.25,4.25,4.25,4.25,4.25,4.25,4.25,4.25,4.25,4.25,4.25,4.25,4,4.2,0,0,0,0,4.25,4.25,0,100,0,0,4.25
2003-02-28,4.25,0,0,0,0,0,6.25,4.25,4.25,4.25,4.25,4.25,4.25,4.25,4.25,4.25,4.25,4.25,4.25,4.25,4,4.21,0,0,0,0,4.25,4.25,0,100,0,0,4.25
2003-03-03,4.25,0,0,0,0,0,6.25,4.25,4.25,4.25,4.25,4.25,4.25,4.25,4.25,4.25,4.25,4.25,4.25,4.25,4,4.21,0,0,0,0,4.25,4.25,0,100,0,0,4.25
2003-03-04,4.25,0,0,0,0,0,6.25,4.25,4.25,4.25,4.25,4.25,4.25,4.25,4.25,4.25,4.25,4.25,4.25,4.25,4,4.21,0,0,0,0,4.25,4.25,0,100,0,0,4.25
2003-03-05,4.25,0,0,0,0,0,6.25,4.25,4.25,4.25,4.25,4.25,4.25,4.25,4.25,4.25,4.25,4.25,4.25,4.25,4,4.21,0,0,0,0,4.25,4.25,0,100,0,0,4.25
2003-03-06,4.25,0,0,0,0,0,6.25,4.25,4.25,4.25,4.25,4.25,4.25,4.25,4.25,4.25,4.25,4.25,4.25,4.25,4,4.21,0,0,0,0,4.25,4.25,0,100,0,0,4.25
2003-03-07,4.25,0,0,0,0,0,6.25,4.25,4.25,4.25,4.25,4.25,4.25,4.25,4.25,4.25,4.25,4.25,4.25,4.25,4,4.21,0,0,0,0,4.25,4.25,0,100,0,0,4.25
2003-03-10,4.25,0,0,0,0,0,6.25,4.25,4.25,4.25,4.25,4.25,4.25,4.25,4.25,4.25,4.25,4.25,4.25,4.25,4,4.21,0,0,0,0,4.25,4.25,0,100,0,0,4.25
2003-03-11,4.25,0,0,0,0,0,6.25,4.25,4.25,4.25,4.25,4.25,4.25,4.25,4.25,4.25,4.25,4.25,4.25,4.25,4,4.21,0,0,0,0,4.25,4.25,0,100,0,0,4.25
2003-03-12,4.25,0,0,0,0,0,6.25,4.25,4.25,4.25,4.25,4.25,4.25,4.25,4.25,4.25,4.25,4.25,4.25,4.25,4,4.21,0,0,0,0,4.25,4.25,0,100,0,0,4.25
2003-03-13,4.25,0,0,0,0,0,6.25,4.25,4.25,4.25,4.25,4.25,4.25,4.25,4.25,4.25,4.25,4.25,4.25,4.25,4,4.21,0,0,0,0,4.25,4.25,0,100,0,0,4.25
2003-03-14,4.25,0,0,0,0,0,6.25,4.25,4.25,4.25,4.25,4.25,4.25,4.25,4.25,4.25,4.25,4.25,4.25,4.25,4,4.22,0,0,0,0,4.25,4.25,0,100,0,0,4.25
2003-03-17,4.25,0,0,0,0,0,6.25,4.25,4.25,4.25,4.25,4.25,4.25,4.25,4.25,4.25,4.25,4.25,4.25,4.25,4,4.22,0,0,0,0,4.25,4.25,0,100,0,0,4.25
2003-03-18,4.25,0,0,0,0,0,6.25,4.25,4.25,4.25,4.25,4.25,4.25,4.25,4.25,4.25,4.25,4.25,4.25,4.25,4,4.22,0,0,0,0,4.25,4.25,0,100,0,0,4.25
2003-03-19,4.25,0,0,0,0,0,6.25,4.25,4.25,4.25,4.25,4.25,4.25,4.25,4.25,4.25,4.25,4.25,4.25,4.25,4,4.22,0,0,0,0,4.25,4.25,0,100,0,0,4.25
2003-03-20,4.25,0,0,0,0,0,6.25,4.25,4.25,4.25,4.25,4.25,4.25,4.25,4.25,4.25,4.25,4.25,4.25,4.25,4,4.22,0,0,0,0,4.25,4.25,0,100,0,0,4.25
2003-03-21,4.25,0,0,0,0,0,6.25,4.25,4.25,4.25,4.25,4.25,4.25,4.25,4.25,4.25,4.25,4.25,4.25,4.25,4,4.22,0,0,0,0,4.25,4.25,0,100,0,0,4.25
2003-03-24,4.25,0,0,0,0,0,6.25,4.25,4.25,4.25,4.25,4.25,4.25,4.25,4.25,4.25,4.25,4.25,4.25,4.25,4,4.22,0,0,0,0,4.25,4.25,0,100,0,0,4.25
2003-03-25,4.25,0,0,0,0,0,6.25,4.25,4.25,4.25,4.25,4.25,4.25,4.25,4.25,4.25,4.25,4.25,4.25,4.25,4,4.22,0,0,0,0,4.25,4.25,0,100,0,0,4.25
2003-03-26,4.25,0,0,0,0,0,6.25,4.25,4.25,4.25,4.25,4.25,4.25,4.25,4.25,4.25,4.25,4.25,4.25,4.25,4,4.22,0,0,0,0,4.25,4.25,0,100,0,0,4.25
2003-03-27,4.25,0,0,0,0,0,6.25,4.25,4.25,4.25,4.25,4.25,4.25,4.25,4.25,4.25,4.25,4.25,4.25,4.25,4,4.22,0,0,0,0,4.25,4.25,0,100,0,0,4.25
2003-03-28,4.25,0,0,0,0,0,6.25,4.25,4.25,4.25,4.25,4.25,4.25,4.25,4.25,4.25,4.25,4.25,4.25,4.25,4,4.23,0,0,0,0,4.25,4.25,0,100,0,0,4.25
2003-03-31,4.25,0,0,0,0,0,6.25,4.25,4.25,4.25,4.25,4.25,4.25,4.25,4.25,4.25,4.25,4.25,4.25,4.25,4,4.23,0,0,0,0,4.25,4.25,0,100,0,0,4.25
2003-04-01,4.25,0,0,0,0,0,6.25,4.25,4.25,4.25,4.25,4.25,4.25,4.25,4.25,4.25,4.25,4.25,4.25,4.25,4,4.23,0,0,0,0,4.25,4.25,0,100,0,0,4.25
2003-04-02,4.25,0,0,0,0,0,6.25,4.25,4.25,4.25,4.25,4.25,4.25,4.25,4.25,4.25,4.25,4.25,4.25,4.25,4,4.23,0,0,0,0,4.25,4.25,0,100,0,0,4.25
2003-04-03,4.25,0,0,0,0,0,6.25,4.25,4.25,4.25,4.25,4.25,4.25,4.25,4.25,4.25,4.25,4.25,4.25,4.25,4,4.23,0,0,0,0,4.25,4.25,0,100,0,0,4.25
2003-04-04,4.25,0,0,0,0,0,6.25,4.25,4.25,4.25,4.25,4.25,4.25,4.25,4.25,4.25,4.25,4.25,4.25,4.25,4,4.23,0,0,0,0,4.25,4.25,0,100,0,0,4.25
2003-04-07,4.25,0,0,0,0,0,6.25,4.25,4.25,4.25,4.25,4.25,4.25,4.25,4.25,4.25,4.25,4.25,4.25,4.25,4,4.23,0,0,0,0,4.25,4.25,0,100,0,0,4.25
2003-04-08,4.25,0,0,0,0,0,6.25,4.25,4.25,4.25,4.25,4.25,4.25,4.25,4.25,4.25,4.25,4.25,4.25,4.25,4,4.23,0,0,0,0,4.25,4.25,0,100,0,0,4.25
2003-04-09,4.25,0,0,0,0,0,6.25,4.25,4.25,4.25,4.25,4.25,4.25,4.25,4.25,4.25,4.25,4.25,4.25,4.25,4,4.23,0,0,0,0,4.25,4.25,0,100,0,0,4.25
2003-04-10,4.25,0,0,0,0,0,6.25,4.25,4.25,4.25,4.25,4.25,4.25,4.25,4.25,4.25,4.25,4.25,4.25,4.25,4,4.23,0,0,0,0,4.25,4.25,0,100,0,0,4.25
2003-04-11,4.25,0,0,0,0,0,6.25,4.25,4.25,4.25,4.25,4.25,4.25,4.25,4.25,4.25,4.25,4.25,4.25,4.25,4,4.23,0,0,0,0,4.25,4.25,0,100,0,0,4.25
2003-04-14,4.25,0,0,0,0,0,6.25,4.25,4.25,4.25,4.25,4.25,4.25,4.25,4.25,4.25,4.25,4.25,4.25,4.25,4,4.24,0,0,0,0,4.25,4.25,0,100,0,0,4.25
2003-04-15,4.25,0,0,0,0,0,6.25,4.25,4.25,4.25,4.25,4.25,4.25,4.25,4.25,4.25,4.25,4.25,4.25,4.25,4,4.24,0,0,0,0,4.25,4.25,0,100,0,0,4.25
2003-04-16,4.25,0,0,0,0,0,6.25,4.25,4.25,4.25,4.25,4.25,4.25,4.25,4.25,4.25,4.25,4.25,4.25,4.25,4,4.24,0,0,0,0,4.25,4.25,0,100,0,0,4.25
2003-04-17,4.25,0,0,0,0,0,6.25,4.25,4.25,4.25,4.25,4.25,4.25,4.25,4.25,4.25,4.25,4.25,4.25,4.25,4,4.24,0,0,0,0,4.25,4.25,0,100,0,0,4.25
2003-04-18,4.25,0,0,0,0,0,6.25,4.25,4.25,4.25,4.25,4.25,4.25,4.25,4.25,4.25,4.25,4.25,4.25,4.25,4,4.24,0,0,0,0,4.25,4.25,0,100,0,0,4.25
2003-04-21,4.25,0,0,0,0,0,6.25,4.25,4.25,4.25,4.25,4.25,4.25,4.25,4.25,4.25,4.25,4.25,4.25,4.25,4,4.24,0,0,0,0,4.25,4.25,0,100,0,0,4.25
2003-04-22,4.25,0,0,0,0,0,6.25,4.25,4.25,4.25,4.25,4.25,4.25,4.25,4.25,4.25,4.25,4.25,4.25,4.25,4,4.24,0,0,0,0,4.25,4.25,0,100,0,0,4.25
2003-04-23,4.25,0,0,0,0,0,6.25,4.25,4.25,4.25,4.25,4.25,4.25,4.25,4.25,4.25,4.25,4.25,4.25,4.25,4,4.24,0,0,0,0,4.25,4.25,0,100,0,0,4.25
2003-04-24,4.25,0,0,0,0,0,6.25,4.25,4.25,4.25,4.25,4.25,4.25,4.25,4.25,4.25,4.25,4.25,4.25,4.25,4,4.24,0,0,0,0,4.25,4.25,0,100,0,0,4.25
2003-04-25,4.25,0,0,0,0,0,6.25,4.25,4.25,4.25,4.25,4.25,4.25,4.25,4.25,4.25,4.25,4.25,4.25,4.25,4,4.24,0,0,0,0,4.25,4.25,0,100,0,0,4.25
2003-04-28,4.25,0,0,0,0,0,6.25,4.25,4.25,4.25,4.25,4.25,4.25,4.25,4.25,4.25,4.25,4.25,4.25,4.25,4,4.25,0,0,0,0,4.25,4.25,0,100,0,0,4.25
2003-04-29,4.25,0,0,0,0,0,6.25,4.25,4.25,4.25,4.25,4.25,4.25,4.25,4.25,4.25,4.25,4.25,4.25,4.25,4,4.25,0,0,0,0,4.25,4.25,0,100,0,0,4.25
2003-04-30,4.25,0,0,0,0,0,6.25,4.25,4.25,4.25,4.25,4.25,4.25,4.25,4.25,4.25,4.25,4.25,4.25,4.25,4,4.25,0,0,0,0,4.25,4.25,0,100,0,0,4.25
2003-05-01,4.25,0,0,0,0,0,6.25,4.25,4.25,4.25,4.25,4.25,4.25,4.25,4.25,4.25,4.25,4.25,4.25,4.25,4,4.25,0,0,0,0,4.25,4.25,0,100,0,0,4.25
2003-05-02,4.25,0,0,0,0,0,6.25,4.25,4.25,4.25,4.25,4.25,4.25,4.25,4.25,4.25,4.25,4.25,4.25,4.25,4,4.25,0,0,0,0,4.25,4.25,0,100,0,0,4.25
2003-05-05,4.25,0,0,0,0,0,6.25,4.25,4.25,4.25,4.25,4.25,4.25,4.25,4.25,4.25,4.25,4.25,4.25,4.25,4.25,4.25,0,0,0,0,4.25,4.25,0,100,0,0,4.25
2003-05-06,4.25,0,0,0,0,0,0,4.25,4.25,4.25,4.25,4.25,4.25,4.25,4.25,4.25,4.25,4.25,4.25,4.25,4.25,4.25,0,0,0,0,4.25,4.25,0,100,0,0,4.25
2003-05-07,4.25,0,0,0,0,0,0,4.25,4.25,4.25,4.25,4.25,4.25,4.25,4.25,4.25,4.25,4.25,4.25,4.25,4.25,4.25,0,0,0,0,4.25,4.25,0,100,0,0,4.25
2003-05-08,4.25,0,0,0,0,0,0,4.25,4.25,4.25,4.25,4.25,4.25,4.25,4.25,4.25,4.25,4.25,4.25,4.25,4.25,4.25,0,0,0,0,4.25,4.25,0,100,0,0,4.25
2003-05-09,4.25,0,0,0,0,0,0,4.25,4.25,4.25,4.25,4.25,4.25,4.25,4.25,4.25,4.25,4.25,4.25,4.25,4.25,4.25,0,0,0,0,4.25,4.25,0,100,0,0,4.25
2003-05-12,4.25,0,0,0,0,0,0,4.25,4.25,4.25,4.25,4.25,4.25,4.25,4.25,4.25,4.25,4.25,4.25,4.25,4.25,4.25,0,0,0,0,4.25,4.25,0,100,0,0,4.25
2003-05-13,4,-5.88,-5.88,-5.88,-5.88,-5.88,-5.88,4.25,4,4.2,4.25,4,4.24,4.25,4,4.25,4.25,4,4.25,4.25,4,4.25,0,-0.011217949,-0.001246439,-0.00997151,4.349303399,4.125696601,0,99.71321421,0.214340406,0.052768566,4
2003-05-14,4,0,-5.88,-5.88,-5.88,-5.88,-5.88,4.25,4,4.15,4.25,4,4.23,4.25,4,4.24,4.25,4,4.25,4.25,4,4.25,0,-0.022435897,-0.003739316,-0.018696581,4.378896753,4.071103247,0,99.43369861,0.214340406,0.072850534,4
2003-05-15,4,0,-5.88,-5.88,-5.88,-5.88,-5.88,4.25,4,4.1,4.25,4,4.21,4.25,4,4.24,4.25,4,4.24,4.25,4,4.25,0,-0.033653846,-0.007478632,-0.026175214,4.395673774,4.029326226,0,99.16139473,0.214340406,0.086966777,4
2003-05-16,4,0,-5.88,-5.88,-5.88,-5.88,-5.88,4.25,4,4.05,4.25,4,4.2,4.25,4,4.23,4.25,4,4.24,4.25,4,4.25,0,-0.044871795,-0.012464387,-0.032407407,4.40519567,3.99480433,0,98.89624724,0.214340406,0.097712224,4
2003-05-19,4,0,-5.88,-5.88,-5.88,-5.88,-5.88,4,4,4,4.25,4,4.19,4.25,4,4.23,4.25,4,4.24,4.25,4,4.25,0,-0.056089744,-0.018696581,-0.037393162,4.409630829,3.965369171,0,98.6382039,0.214340406,0.106092336,4
2003-05-20,4,0,0,-5.88,-5.88,-5.88,-5.88,4,4,4,4.25,4,4.18,4.25,4,4.23,4.25,4,4.24,4.25,4,4.24,0,-0.067307692,-0.026175214,-0.041132479,4.410081173,3.939918827,0,98.38721555,0.214340406,0.112613736,4
2003-05-21,4,0,0,-5.88,-5.88,-5.88,-5.88,4,4,4,4.25,4,4.16,4.25,4,4.22,4.25,4,4.24,4.25,4,4.24,0,-0.078525641,-0.034900285,-0.043625356,4.407180242,3.917819758,0,98.14323607,0.214340406,0.11756408,4
2003-05-22,4,0,0,-5.88,-5.88,-5.88,-5.88,4,4,4,4.25,4,4.15,4.25,4,4.22,4.25,4,4.23,4.25,4,4.24,0,-0.08974359,-0.044871795,-0.044871795,4.401312345,3.898687655,0,97.90622235,0.214340406,0.121114383,4
2003-05-23,4,0,0,-5.88,-5.88,-5.88,-5.88,4,4,4,4.25,4,4.14,4.25,4,4.22,4.25,4,4.23,4.25,4,4.24,0,-0.100961538,-0.056089744,-0.044871795,4.392708893,3.882291107,0,97.67613427,0.214340406,0.123363815,4
2003-05-26,4,0,0,-5.88,-5.88,-5.88,-5.88,4,4,4,4.25,4,4.13,4.25,4,4.21,4.25,4,4.23,4.25,4,4.24,0,-0.112179487,-0.067307692,-0.044871795,4.381494588,3.868505412,0,97.45293466,0.214340406,0.124361012,4
2003-05-27,4,0,0,-5.88,-5.88,-5.88,-5.88,4,4,4,4.25,4,4.11,4.25,4,4.21,4.25,4,4.23,4.25,4,4.24,0,-0.123397436,-0.078525641,-0.044871795,4.367708893,3.857291107,0,97.23658933,0.214340406,0.124113747,4
2003-05-28,4,0,0,-5.88,-5.88,-5.88,-5.88,4,4,4,4.25,4,4.1,4.25,4,4.2,4.25,4,4.23,4.25,4,4.24,0,-0.134615385,-0.08974359,-0.044871795,4.351312345,3.848687655,0,97.027067,0.214340406,0.122591388,4
2003-05-29,4,0,0,-5.88,-5.88,-5.88,-5.88,4,4,4,4.25,4,4.09,4.25,4,4.2,4.25,4,4.23,4.25,4,4.24,0,-0.125,-0.098646724,-0.026353276,4.332180242,3.842819758,0,96.82433933,0.214340406,0.11972122,4
2003-05-30,4,0,0,-5.88,-5.88,-5.88,-5.88,4,4,4,4.25,4,4.08,4.25,4,4.2,4.25,4,4.22,4.25,4,4.24,0,-0.115384615,-0.105235043,-0.010149573,4.310081173,3.839918827,0,96.62838088,0.214340406,0.115377263,4
2003-06-02,4,0,0,-5.88,-5.88,-5.88,-5.88,4,4,4,4.25,4,4.06,4.25,4,4.19,4.25,4,4.22,4.25,4,4.24,0,-0.105769231,-0.109508547,0.003739316,4.284630829,3.840369171,0,96.43916914,0.214340406,0.109356716,4
2003-06-03,4,0,0,-5.88,-5.88,-5.88,-5.88,4,4,4,4.25,4,4.05,4.25,4,4.19,4.25,4,4.22,4.25,4,4.23,0,-0.096153846,-0.111467236,0.01531339,4.25519567,3.84480433,0,96.25668449,0.214340406,0.101331195,4
2003-06-04,4,0,0,-5.88,-5.88,-5.88,-5.88,4,4,4,4.25,4,4.04,4.25,4,4.18,4.25,4,4.22,4.25,4,4.23,0,-0.086538462,-0.111111111,0.02457265,4.220673774,3.854326226,0,96.08091024,0.214340406,0.090736235,4
2003-06-05,4,0,0,-5.88,-5.88,-5.88,-5.88,4,4,4,4.25,4,4.03,4.25,4,4.18,4.25,4,4.22,4.25,4,4.23,0,-0.076923077,-0.108440171,0.031517094,4.178896753,3.871103247,0,95.9118326,0.214340406,0.076470436,4
2003-06-06,4,0,0,-5.88,-5.88,-5.88,-5.88,4,4,4,4.25,4,4.01,4.25,4,4.18,4.25,4,4.21,4.25,4,4.23,0,-0.067307692,-0.103454416,0.036146724,4.124303399,3.900696601,0,95.74944072,0.214340406,0.055727551,4
2003-06-09,4,0,0,-5.88,-5.88,-5.88,-5.88,4,4,4,4,4,4,4.25,4,4.17,4.25,4,4.21,4.25,4,4.23,0,-0.057692308,-0.096153846,0.038461538,4,4,0,95.59372666,0.214340406,0,4
2003-06-10,4,0,0,0,-5.88,-5.88,-5.88,4,4,4,4,4,4,4.25,4,4.17,4.25,4,4.21,4.25,4,4.23,0,-0.048076923,-0.086538462,0.038461538,4,4,0,95.72956398,0,0,4
2003-06-11,4,0,0,0,-5.88,-5.88,-5.88,4,4,4,4,4,4,4.25,4,4.17,4.25,4,4.21,4.25,4,4.23,0,-0.038461538,-0.076923077,0.038461538,4,4,0,95.85860855,0,0,4
2003-06-12,4,0,0,0,-5.88,-5.88,-5.88,4,4,4,4,4,4,4.25,4,4.16,4.25,4,4.21,4.25,4,4.23,0,-0.028846154,-0.067307692,0.038461538,4,4,0,95.98080384,0,0,4
2003-06-13,4,0,0,0,-5.88,-5.88,-5.88,4,4,4,4,4,4,4.25,4,4.16,4.25,4,4.2,4.25,4,4.23,0,-0.019230769,-0.057692308,0.038461538,4,4,0,96.0960961,0,0,4
2003-06-16,4,0,0,0,-5.88,-5.88,-5.88,4,4,4,4,4,4,4.25,4,4.15,4.25,4,4.2,4.25,4,4.23,0,-0.009615385,-0.048076923,0.038461538,4,4,0,96.20443442,0,0,4
2003-06-17,4,0,0,0,-5.88,-5.88,-5.88,4,4,4,4,4,4,4.25,4,4.15,4.25,4,4.2,4.25,4,4.23,0,0,-0.038461538,0.038461538,4,4,0,96.30577082,0,0,4
2003-06-18,4,0,0,0,-5.88,-5.88,-5.88,4,4,4,4,4,4,4.25,4,4.15,4.25,4,4.2,4.25,4,4.22,0,0,-0.02991453,0.02991453,4,4,0,96.40006025,0,0,4
2003-06-19,4,0,0,0,-5.88,-5.88,-5.88,4,4,4,4,4,4,4.25,4,4.14,4.25,4,4.2,4.25,4,4.22,0,0,-0.022435897,0.022435897,4,4,0,96.48726067,0,0,4
2003-06-20,4,0,0,0,-5.88,-5.88,-5.88,4,4,4,4,4,4,4.25,4,4.14,4.25,4,4.19,4.25,4,4.22,0,0,-0.016025641,0.016025641,4,4,0,96.56733308,0,0,4
2003-06-23,4,0,0,0,-5.88,-5.88,-5.88,4,4,4,4,4,4,4.25,4,4.13,4.25,4,4.19,4.25,4,4.22,0,0,-0.010683761,0.010683761,4,4,0,96.6402416,0,0,4
2003-06-24,4,0,0,0,-5.88,-5.88,-5.88,4,4,4,4,4,4,4.25,4,4.13,4.25,4,4.19,4.25,4,4.22,0,0,-0.006410256,0.006410256,4,4,0,96.70595346,0,0,4
2003-06-25,4,0,0,0,-5.88,-5.88,-5.88,4,4,4,4,4,4,4.25,4,4.13,4.25,4,4.19,4.25,4,4.22,0,0,-0.003205128,0.003205128,4,4,0,96.76443907,0,0,4
2003-06-26,4,0,0,0,-5.88,-5.88,-5.88,4,4,4,4,4,4,4.25,4,4.12,4.25,4,4.19,4.25,4,4.22,0,0,-0.001068376,0.001068376,4,4,0,96.81567204,0,0,4
2003-06-27,4,0,0,0,-5.88,-5.88,-5.88,4,4,4,4,4,4,4.25,4,4.12,4.25,4,4.18,4.25,4,4.22,0,0,0,0,4,4,0,96.85962921,0,0,4
2003-06-30,4,0,0,0,-5.88,-5.88,-5.88,4,4,4,4,4,4,4.25,4,4.12,4.25,4,4.18,4.25,4,4.22,0,0,0,0,4,4,0,96.89629069,0,0,4
2003-07-01,4,0,0,0,-5.88,-5.88,-5.88,4,4,4,4,4,4,4.25,4,4.11,4.25,4,4.18,4.25,4,4.22,0,0,0,0,4,4,0,96.92563986,0,0,4
2003-07-02,4,0,0,0,-5.88,-5.88,-5.88,4,4,4,4,4,4,4.25,4,4.11,4.25,4,4.18,4.25,4,4.21,0,0,0,0,4,4,0,96.94766341,0,0,4
2003-07-03,4,0,0,0,-5.88,-5.88,-5.88,4,4,4,4,4,4,4.25,4,4.1,4.25,4,4.18,4.25,4,4.21,0,0,0,0,4,4,0,96.96235134,0,0,4
2003-07-04,4,0,0,0,-5.88,-5.88,-5.88,4,4,4,4,4,4,4.25,4,4.1,4.25,4,4.18,4.25,4,4.21,0,0,0,0,4,4,0,96.96969697,0,0,4
2003-07-07,4,0,0,0,-5.88,-5.88,-5.88,4,4,4,4,4,4,4.25,4,4.1,4.25,4,4.17,4.25,4,4.21,0,0,0,0,4,4,0,96.96969697,0,0,4
2003-07-08,4,0,0,0,-5.88,-5.88,-5.88,4,4,4,4,4,4,4.25,4,4.09,4.25,4,4.17,4.25,4,4.21,0,0,0,0,4,4,0,96.96969697,0,0,4
2003-07-09,4,0,0,0,-5.88,-5.88,-5.88,4,4,4,4,4,4,4.25,4,4.09,4.25,4,4.17,4.25,4,4.21,0,0,0,0,4,4,0,96.96969697,0,0,4
2003-07-10,3.75,-6.25,-6.25,-6.25,-11.76,-11.76,-11.76,4,3.75,3.95,4,3.75,3.99,4.25,3.75,4.08,4.25,3.75,4.17,4.25,3.75,4.21,0,-0.011217949,-0.001246439,-0.00997151,4.099303399,3.875696601,0,96.67399045,0.22817813,0.05607694,3.75
2003-07-11,3.75,0,-6.25,-6.25,-11.76,-11.76,-11.76,4,3.75,3.9,4,3.75,3.98,4.25,3.75,4.07,4.25,3.75,4.16,4.25,3.75,4.21,0,-0.022435897,-0.003739316,-0.018696581,4.128896753,3.821103247,0,96.38554217,0.22817813,0.077432328,3.75
2003-07-14,3.75,0,-6.25,-6.25,-11.76,-11.76,-11.76,4,3.75,3.85,4,3.75,3.96,4.25,3.75,4.07,4.25,3.75,4.16,4.25,3.75,4.2,0,-0.033653846,-0.007478632,-0.026175214,4.145673774,3.779326226,0,96.10428983,0.22817813,0.09245364,3.75
2003-07-15,3.75,0,-6.25,-6.25,-11.76,-11.76,-11.76,4,3.75,3.8,4,3.75,3.95,4.25,3.75,4.06,4.25,3.75,4.15,4.25,3.75,4.2,0,-0.044871795,-0.012464387,-0.032407407,4.15519567,3.74480433,0,95.83017437,0.22817813,0.103896542,3.75
2003-07-16,3.75,0,-6.25,-6.25,-11.76,-11.76,-11.76,3.75,3.75,3.75,4,3.75,3.94,4.25,3.75,4.05,4.25,3.75,4.15,4.25,3.75,4.2,0,-0.056089744,-0.018696581,-0.037393162,4.159630829,3.715369171,0,95.56313993,0.22817813,0.112828358,3.75
2003-07-17,3.75,0,0,-6.25,-11.76,-11.76,-11.76,3.75,3.75,3.75,4,3.75,3.93,4.25,3.75,4.04,4.25,3.75,4.15,4.25,3.75,4.2,0,-0.067307692,-0.026175214,-0.041132479,4.160081173,3.689918827,0,95.30313377,0.22817813,0.119786585,3.75
2003-07-18,3.75,0,0,-6.25,-11.76,-11.76,-11.76,3.75,3.75,3.75,4,3.75,3.91,4.25,3.75,4.03,4.25,3.75,4.14,4.25,3.75,4.2,0,-0.078525641,-0.034900285,-0.043625356,4.157180242,3.667819758,0,95.05010629,0.22817813,0.125076162,3.75
2003-07-21,3.75,0,0,-6.25,-11.76,-11.76,-11.76,3.75,3.75,3.75,4,3.75,3.9,4.25,3.75,4.03,4.25,3.75,4.14,4.25,3.75,4.19,0,-0.08974359,-0.044871795,-0.044871795,4.151312345,3.648687655,0,94.80401094,0.22817813,0.128878126,3.75
2003-07-22,3.75,0,0,-6.25,-11.76,-11.76,-11.76,3.75,3.75,3.75,4,3.75,3.89,4.25,3.75,4.02,4.25,3.75,4.13,4.25,3.75,4.19,0,-0.100961538,-0.056089744,-0.044871795,4.142708893,3.632291107,0,94.56480426,0.22817813,0.13129718,3.75
2003-07-23,3.75,0,0,-6.25,-11.76,-11.76,-11.76,3.75,3.75,3.75,4,3.75,3.88,4.25,3.75,4.01,4.25,3.75,4.13,4.25,3.75,4.19,0,-0.112179487,-0.067307692,-0.044871795,4.131494588,3.618505412,0,94.3324458,0.22817813,0.132384303,3.75
2003-07-24,3.75,0,0,-6.25,-11.76,-11.76,-11.76,3.75,3.75,3.75,4,3.75,3.86,4.25,3.75,4,4.25,3.75,4.13,4.25,3.75,4.19,0,-0.123397436,-0.078525641,-0.044871795,4.117708893,3.607291107,0,94.10689813,0.22817813,0.132146999,3.75
2003-07-25,3.75,0,0,-6.25,-11.76,-11.76,-11.76,3.75,3.75,3.75,4,3.75,3.85,4.25,3.75,4,4.25,3.75,4.12,4.25,3.75,4.19,0,-0.134615385,-0.08974359,-0.044871795,4.101312345,3.598687655,0,93.88812681,0.22817813,0.130551868,3.75
2003-07-28,3.75,0,0,-6.25,-11.76,-11.76,-11.76,3.75,3.75,3.75,4,3.75,3.84,4.25,3.75,3.99,4.25,3.75,4.12,4.25,3.75,4.18,0,-0.125,-0.098646724,-0.026353276,4.082180242,3.592819758,0,93.67610039,0.22817813,0.127520648,3.75
2003-07-29,3.75,0,0,-6.25,-11.76,-11.76,-11.76,3.75,3.75,3.75,4,3.75,3.83,4.25,3.75,3.98,4.25,3.75,4.12,4.25,3.75,4.18,0,-0.115384615,-0.105235043,-0.010149573,4.060081173,3.589918827,0,93.47079038,0.22817813,0.12291826,3.75
2003-07-30,3.75,0,0,-6.25,-11.76,-11.76,-11.76,3.75,3.75,3.75,4,3.75,3.81,4.25,3.75,3.97,4.25,3.75,4.11,4.25,3.75,4.18,0,-0.105769231,-0.109508547,0.003739316,4.034630829,3.590369171,0,93.27217125,0.22817813,0.116527648,3.75
2003-07-31,3.75,0,0,-6.25,-11.76,-11.76,-11.76,3.75,3.75,3.75,4,3.75,3.8,4.25,3.75,3.97,4.25,3.75,4.11,4.25,3.75,4.18,0,-0.096153846,-0.111467236,0.01531339,4.00519567,3.59480433,0,93.08022045,0.22817813,0.107997721,3.75
2003-08-01,3.75,0,0,-6.25,-11.76,-11.76,-11.76,3.75,3.75,3.75,4,3.75,3.79,4.25,3.75,3.96,4.25,3.75,4.1,4.25,3.75,4.18,0,-0.086538462,-0.111111111,0.02457265,3.970673774,3.604326226,0,92.89491837,0.22817813,0.096725425,3.75
2003-08-04,3.75,0,0,-6.25,-11.76,-11.76,-11.76,3.75,3.75,3.75,4,3.75,3.78,4.25,3.75,3.95,4.25,3.75,4.1,4.25,3.75,4.18,0,-0.076923077,-0.108440171,0.031517094,3.928896753,3.621103247,0,92.71624837,0.22817813,0.081534703,3.75
2003-08-05,3.75,0,0,-6.25,-11.76,-11.76,-11.76,3.75,3.75,3.75,4,3.75,3.76,4.25,3.75,3.94,4.25,3.75,4.1,4.25,3.75,4.17,0,-0.067307692,-0.103454416,0.036146724,3.874303399,3.650696601,0,92.54419677,0.22817813,0.059430378,3.75
2003-08-06,3.75,0,0,-6.25,-11.76,-11.76,-11.76,3.75,3.75,3.75,3.75,3.75,3.75,4.25,3.75,3.93,4.25,3.75,4.09,4.25,3.75,4.17,0,-0.057692308,-0.096153846,0.038461538,3.75,3.75,0,92.37875289,0.22817813,0,3.75
2003-08-07,3.75,0,0,0,-11.76,-11.76,-11.76,3.75,3.75,3.75,3.75,3.75,3.75,4.25,3.75,3.93,4.25,3.75,4.09,4.25,3.75,4.17,0,-0.048076923,-0.086538462,0.038461538,3.75,3.75,0,92.51406985,0,0,3.75
2003-08-08,3.75,0,0,0,-11.76,-11.76,-11.76,3.75,3.75,3.75,3.75,3.75,3.75,4.25,3.75,3.92,4.25,3.75,4.08,4.25,3.75,4.17,0,-0.038461538,-0.076923077,0.038461538,3.75,3.75,0,92.64263105,0,0,3.75
2003-08-11,3.75,0,0,0,-11.76,-11.76,-11.76,3.75,3.75,3.75,3.75,3.75,3.75,4,3.75,3.91,4.25,3.75,4.08,4.25,3.75,4.17,0,-0.028846154,-0.067307692,0.038461538,3.75,3.75,0,92.90802106,0,0,3.75
2003-08-12,3.75,0,0,0,-6.25,-11.76,-11.76,3.75,3.75,3.75,3.75,3.75,3.75,4,3.75,3.91,4.25,3.75,4.08,4.25,3.75,4.16,0,-0.019230769,-0.057692308,0.038461538,3.75,3.75,0,93.16770186,0,0,3.75
2003-08-13,3.75,0,0,0,-6.25,-11.76,-11.76,3.75,3.75,3.75,3.75,3.75,3.75,4,3.75,3.9,4.25,3.75,4.07,4.25,3.75,4.16,0,-0.009615385,-0.048076923,0.038461538,3.75,3.75,0,93.42156481,0,0,3.75
2003-08-14,3.75,0,0,0,-6.25,-11.76,-11.76,3.75,3.75,3.75,3.75,3.75,3.75,4,3.75,3.9,4.25,3.75,4.07,4.25,3.75,4.16,0,0,-0.038461538,0.038461538,3.75,3.75,0,93.66950277,0,0,3.75
2003-08-15,3.75,0,0,0,-6.25,-11.76,-11.76,3.75,3.75,3.75,3.75,3.75,3.75,4,3.75,3.9,4.25,3.75,4.07,4.25,3.75,4.16,0,0,-0.02991453,0.02991453,3.75,3.75,0,93.91141024,0,0,3.75
2003-08-18,3.75,0,0,0,-6.25,-11.76,-11.76,3.75,3.75,3.75,3.75,3.75,3.75,4,3.75,3.89,4.25,3.75,4.06,4.25,3.75,4.16,0,0,-0.022435897,0.022435897,3.75,3.75,0,94.14718343,0,0,3.75
2003-08-19,3.75,0,0,0,-6.25,-11.76,-11.76,3.75,3.75,3.75,3.75,3.75,3.75,4,3.75,3.89,4.25,3.75,4.06,4.25,3.75,4.15,0,0,-0.016025641,0.016025641,3.75,3.75,0,94.37672041,0,0,3.75
2003-08-20,3.75,0,0,0,-6.25,-11.76,-11.76,3.75,3.75,3.75,3.75,3.75,3.75,4,3.75,3.88,4.25,3.75,4.05,4.25,3.75,4.15,0,0,-0.010683761,0.010683761,3.75,3.75,0,94.59992117,0,0,3.75
2003-08-21,3.75,0,0,0,-6.25,-11.76,-11.76,3.75,3.75,3.75,3.75,3.75,3.75,4,3.75,3.88,4.25,3.75,4.05,4.25,3.75,4.15,0,0,-0.006410256,0.006410256,3.75,3.75,0,94.81668774,0,0,3.75
2003-08-22,3.75,0,0,0,-6.25,-11.76,-11.76,3.75,3.75,3.75,3.75,3.75,3.75,4,3.75,3.88,4.25,3.75,4.05,4.25,3.75,4.15,0,0,-0.003205128,0.003205128,3.75,3.75,0,95.0269243,0,0,3.75
2003-08-25,3.75,0,0,0,-6.25,-11.76,-11.76,3.75,3.75,3.75,3.75,3.75,3.75,4,3.75,3.87,4.25,3.75,4.04,4.25,3.75,4.15,0,0,-0.001068376,0.001068376,3.75,3.75,0,95.23053726,0,0,3.75
2003-08-26,3.75,0,0,0,-6.25,-11.76,-11.76,3.75,3.75,3.75,3.75,3.75,3.75,4,3.75,3.87,4.25,3.75,4.04,4.25,3.75,4.14,0,0,0,0,3.75,3.75,0,95.42743539,0,0,3.75
2003-08-27,3.75,0,0,0,-6.25,-11.76,-11.76,3.75,3.75,3.75,3.75,3.75,3.75,4,3.75,3.87,4.25,3.75,4.03,4.25,3.75,4.14,0,0,0,0,3.75,3.75,0,95.61752988,0,0,3.75
2003-08-28,3.75,0,0,0,-6.25,-11.76,-11.76,3.75,3.75,3.75,3.75,3.75,3.75,4,3.75,3.86,4.25,3.75,4.03,4.25,3.75,4.14,0,0,0,0,3.75,3.75,0,95.80073447,0,0,3.75
2003-08-29,3.75,0,0,0,-6.25,-11.76,-11.76,3.75,3.75,3.75,3.75,3.75,3.75,4,3.75,3.86,4.25,3.75,4.03,4.25,3.75,4.14,0,0,0,0,3.75,3.75,0,95.97696553,0,0,3.75
2003-09-01,3.75,0,0,0,-6.25,-11.76,-11.76,3.75,3.75,3.75,3.75,3.75,3.75,4,3.75,3.85,4.25,3.75,4.02,4.25,3.75,4.14,0,0,0,0,3.75,3.75,0,96.14614214,0,0,3.75
2003-09-02,3.75,0,0,0,-6.25,-11.76,-11.76,3.75,3.75,3.75,3.75,3.75,3.75,4,3.75,3.85,4.25,3.75,4.02,4.25,3.75,4.13,0,0,0,0,3.75,3.75,0,96.3081862,0,0,3.75
2003-09-03,3.75,0,0,0,-6.25,-11.76,-11.76,3.75,3.75,3.75,3.75,3.75,3.75,4,3.75,3.85,4.25,3.75,4.02,4.25,3.75,4.13,0,0,0,0,3.75,3.75,0,96.46302251,0,0,3.75
2003-09-04,3.75,0,0,0,-6.25,-11.76,-11.76,3.75,3.75,3.75,3.75,3.75,3.75,4,3.75,3.84,4.25,3.75,4.01,4.25,3.75,4.13,0,0,0,0,3.75,3.75,0,96.61835749,0,0,3.75
2003-09-05,3.75,0,0,0,-6.25,-11.76,-11.76,3.75,3.75,3.75,3.75,3.75,3.75,4,3.75,3.84,4.25,3.75,4.01,4.25,3.75,4.13,0,0,0,0,3.75,3.75,0,96.77419355,0,0,3.75
2003-09-08,3.75,0,0,0,-6.25,-11.76,-11.76,3.75,3.75,3.75,3.75,3.75,3.75,4,3.75,3.83,4.25,3.75,4,4.25,3.75,4.13,0,0,0,0,3.75,3.75,0,96.77419355,0,0,3.75
2003-09-09,3.75,0,0,0,-6.25,-11.76,-11.76,3.75,3.75,3.75,3.75,3.75,3.75,4,3.75,3.83,4.25,3.75,4,4.25,3.75,4.13,0,0,0,0,3.75,3.75,0,96.77419355,0,0,3.75
2003-09-10,3.75,0,0,0,-6.25,-11.76,-11.76,3.75,3.75,3.75,3.75,3.75,3.75,4,3.75,3.83,4.25,3.75,4,4.25,3.75,4.12,0,0,0,0,3.75,3.75,0,96.77419355,0,0,3.75
2003-09-11,3.75,0,0,0,-6.25,-11.76,-11.76,3.75,3.75,3.75,3.75,3.75,3.75,4,3.75,3.82,4.25,3.75,3.99,4.25,3.75,4.12,0,0,0,0,3.75,3.75,0,96.77419355,0,0,3.75
2003-09-12,3.75,0,0,0,-6.25,-11.76,-11.76,3.75,3.75,3.75,3.75,3.75,3.75,4,3.75,3.82,4.25,3.75,3.99,4.25,3.75,4.12,0,0,0,0,3.75,3.75,0,96.77419355,0,0,3.75
2003-09-15,3.75,0,0,0,-6.25,-11.76,-11.76,3.75,3.75,3.75,3.75,3.75,3.75,4,3.75,3.82,4.25,3.75,3.98,4.25,3.75,4.12,0,0,0,0,3.75,3.75,0,96.77419355,0,0,3.75
2003-09-16,3.75,0,0,0,-6.25,-11.76,-11.76,3.75,3.75,3.75,3.75,3.75,3.75,4,3.75,3.81,4.25,3.75,3.98,4.25,3.75,4.12,0,0,0,0,3.75,3.75,0,96.77419355,0,0,3.75
2003-09-17,3.75,0,0,0,-6.25,-11.76,-11.76,3.75,3.75,3.75,3.75,3.75,3.75,4,3.75,3.81,4.25,3.75,3.98,4.25,3.75,4.11,0,0,0,0,3.75,3.75,0,96.77419355,0,0,3.75
2003-09-18,3.75,0,0,0,-6.25,-11.76,-11.76,3.75,3.75,3.75,3.75,3.75,3.75,4,3.75,3.8,4.25,3.75,3.97,4.25,3.75,4.11,0,0,0,0,3.75,3.75,0,96.77419355,0,0,3.75
2003-09-19,3.75,0,0,0,-6.25,-11.76,-11.76,3.75,3.75,3.75,3.75,3.75,3.75,4,3.75,3.8,4.25,3.75,3.97,4.25,3.75,4.11,0,0,0,0,3.75,3.75,0,96.77419355,0,0,3.75
2003-09-22,3.75,0,0,0,-6.25,-11.76,-11.76,3.75,3.75,3.75,3.75,3.75,3.75,4,3.75,3.8,4.25,3.75,3.97,4.25,3.75,4.11,0,0,0,0,3.75,3.75,0,96.77419355,0,0,3.75
2003-09-23,3.75,0,0,0,-6.25,-11.76,-11.76,3.75,3.75,3.75,3.75,3.75,3.75,4,3.75,3.79,4.25,3.75,3.96,4.25,3.75,4.11,0,0,0,0,3.75,3.75,0,96.77419355,0,0,3.75
2003-09-24,3.75,0,0,0,-6.25,-11.76,-11.76,3.75,3.75,3.75,3.75,3.75,3.75,4,3.75,3.79,4.25,3.75,3.96,4.25,3.75,4.1,0,0,0,0,3.75,3.75,0,96.77419355,0,0,3.75
2003-09-25,3.75,0,0,0,-6.25,-11.76,-11.76,3.75,3.75,3.75,3.75,3.75,3.75,4,3.75,3.78,4.25,3.75,3.95,4.25,3.75,4.1,0,0,0,0,3.75,3.75,0,96.77419355,0,0,3.75
2003-09-26,3.75,0,0,0,-6.25,-11.76,-11.76,3.75,3.75,3.75,3.75,3.75,3.75,4,3.75,3.78,4.25,3.75,3.95,4.25,3.75,4.1,0,0,0,0,3.75,3.75,0,96.77419355,0,0,3.75
2003-09-29,3.75,0,0,0,-6.25,-11.76,-11.76,3.75,3.75,3.75,3.75,3.75,3.75,4,3.75,3.78,4.25,3.75,3.95,4.25,3.75,4.1,0,0,0,0,3.75,3.75,0,96.77419355,0,0,3.75
2003-09-30,3.75,0,0,0,-6.25,-11.76,-11.76,3.75,3.75,3.75,3.75,3.75,3.75,4,3.75,3.77,4.25,3.75,3.94,4.25,3.75,4.1,0,0,0,0,3.75,3.75,0,96.77419355,0,0,3.75
2003-10-01,3.75,0,0,0,-6.25,-11.76,-11.76,3.75,3.75,3.75,3.75,3.75,3.75,4,3.75,3.77,4.25,3.75,3.94,4.25,3.75,4.09,0,0,0,0,3.75,3.75,0,96.77419355,0,0,3.75
2003-10-02,3.75,0,0,0,-6.25,-11.76,-11.76,3.75,3.75,3.75,3.75,3.75,3.75,4,3.75,3.77,4.25,3.75,3.93,4.25,3.75,4.09,0,0,0,0,3.75,3.75,0,96.77419355,0,0,3.75
2003-10-03,3.75,0,0,0,-6.25,-11.76,-11.76,3.75,3.75,3.75,3.75,3.75,3.75,4,3.75,3.76,4.25,3.75,3.93,4.25,3.75,4.09,0,0,0,0,3.75,3.75,0,96.77419355,0,0,3.75
2003-10-06,3.75,0,0,0,-6.25,-11.76,-11.76,3.75,3.75,3.75,3.75,3.75,3.75,4,3.75,3.76,4.25,3.75,3.93,4.25,3.75,4.09,0,0,0,0,3.75,3.75,0,96.77419355,0,0,3.75
2003-10-07,3.75,0,0,0,-6.25,-11.76,-11.76,3.75,3.75,3.75,3.75,3.75,3.75,4,3.75,3.75,4.25,3.75,3.92,4.25,3.75,4.09,0,0,0,0,3.75,3.75,0,96.77419355,0,0,3.75
2003-10-08,3.75,0,0,0,-6.25,-11.76,-11.76,3.75,3.75,3.75,3.75,3.75,3.75,3.75,3.75,3.75,4.25,3.75,3.92,4.25,3.75,4.08,0,0,0,0,3.75,3.75,0,96.93053312,0,0,3.75
2003-10-09,3.75,0,0,0,0,-11.76,-11.76,3.75,3.75,3.75,3.75,3.75,3.75,3.75,3.75,3.75,4.25,3.75,3.92,4.25,3.75,4.08,0,0,0,0,3.75,3.75,0,97.08737864,0,0,3.75
2003-10-10,3.75,0,0,0,0,-11.76,-11.76,3.75,3.75,3.75,3.75,3.75,3.75,3.75,3.75,3.75,4.25,3.75,3.91,4.25,3.75,4.08,0,0,0,0,3.75,3.75,0,97.24473258,0,0,3.75
2003-10-13,3.75,0,0,0,0,-11.76,-11.76,3.75,3.75,3.75,3.75,3.75,3.75,3.75,3.75,3.75,4.25,3.75,3.91,4.25,3.75,4.08,0,0,0,0,3.75,3.75,0,97.4025974,0,0,3.75
2003-10-14,3.75,0,0,0,0,-11.76,-11.76,3.75,3.75,3.75,3.75,3.75,3.75,3.75,3.75,3.75,4.25,3.75,3.9,4.25,3.75,4.08,0,0,0,0,3.75,3.75,0,97.56097561,0,0,3.75
2003-10-15,3.75,0,0,0,0,-11.76,-11.76,3.75,3.75,3.75,3.75,3.75,3.75,3.75,3.75,3.75,4.25,3.75,3.9,4.25,3.75,4.08,0,0,0,0,3.75,3.75,0,97.71986971,0,0,3.75
2003-10-16,3.75,0,0,0,0,-11.76,-11.76,3.75,3.75,3.75,3.75,3.75,3.75,3.75,3.75,3.75,4.25,3.75,3.9,4.25,3.75,4.07,0,0,0,0,3.75,3.75,0,97.87928222,0,0,3.75
2003-10-17,3.75,0,0,0,0,-11.76,-11.76,3.75,3.75,3.75,3.75,3.75,3.75,3.75,3.75,3.75,4.25,3.75,3.89,4.25,3.75,4.07,0,0,0,0,3.75,3.75,0,98.03921569,0,0,3.75
2003-10-20,3.75,0,0,0,0,-11.76,-11.76,3.75,3.75,3.75,3.75,3.75,3.75,3.75,3.75,3.75,4.25,3.75,3.89,4.25,3.75,4.07,0,0,0,0,3.75,3.75,0,98.19967267,0,0,3.75
2003-10-21,3.75,0,0,0,0,-11.76,-11.76,3.75,3.75,3.75,3.75,3.75,3.75,3.75,3.75,3.75,4.25,3.75,3.88,4.25,3.75,4.07,0,0,0,0,3.75,3.75,0,98.36065574,0,0,3.75
2003-10-22,3.75,0,0,0,0,-11.76,-11.76,3.75,3.75,3.75,3.75,3.75,3.75,3.75,3.75,3.75,4.25,3.75,3.88,4.25,3.75,4.07,0,0,0,0,3.75,3.75,0,98.52216749,0,0,3.75
2003-10-23,3.75,0,0,0,0,-11.76,-11.76,3.75,3.75,3.75,3.75,3.75,3.75,3.75,3.75,3.75,4.25,3.75,3.88,4.25,3.75,4.06,0,0,0,0,3.75,3.75,0,98.68421053,0,0,3.75
2003-10-24,3.75,0,0,0,0,-11.76,-11.76,3.75,3.75,3.75,3.75,3.75,3.75,3.75,3.75,3.75,4.25,3.75,3.87,4.25,3.75,4.06,0,0,0,0,3.75,3.75,0,98.84678748,0,0,3.75
2003-10-27,3.75,0,0,0,0,-11.76,-11.76,3.75,3.75,3.75,3.75,3.75,3.75,3.75,3.75,3.75,4.25,3.75,3.87,4.25,3.75,4.06,0,0,0,0,3.75,3.75,0,99.00990099,0,0,3.75
2003-10-28,3.75,0,0,0,0,-11.76,-11.76,3.75,3.75,3.75,3.75,3.75,3.75,3.75,3.75,3.75,4.25,3.75,3.87,4.25,3.75,4.06,0,0,0,0,3.75,3.75,0,99.17355372,0,0,3.75
2003-10-29,3.75,0,0,0,0,-11.76,-11.76,3.75,3.75,3.75,3.75,3.75,3.75,3.75,3.75,3.75,4.25,3.75,3.86,4.25,3.75,4.06,0,0,0,0,3.75,3.75,0,99.33774834,0,0,3.75
2003-10-30,3.75,0,0,0,0,-11.76,-11.76,3.75,3.75,3.75,3.75,3.75,3.75,3.75,3.75,3.75,4.25,3.75,3.86,4.25,3.75,4.05,0,0,0,0,3.75,3.75,0,99.50248756,0,0,3.75
2003-10-31,3.75,0,0,0,0,-11.76,-11.76,3.75,3.75,3.75,3.75,3.75,3.75,3.75,3.75,3.75,4.25,3.75,3.85,4.25,3.75,4.05,0,0,0,0,3.75,3.75,0,99.66777409,0,0,3.75
2003-11-03,3.75,0,0,0,0,-11.76,-11.76,3.75,3.75,3.75,3.75,3.75,3.75,3.75,3.75,3.75,4.25,3.75,3.85,4.25,3.75,4.05,0,0,0,0,3.75,3.75,0,99.83361065,0,0,3.75
2003-11-04,3.75,0,0,0,0,-11.76,-11.76,3.75,3.75,3.75,3.75,3.75,3.75,3.75,3.75,3.75,4.25,3.75,3.85,4.25,3.75,4.05,0,0,0,0,3.75,3.75,0,100,0,0,3.75
2003-11-05,3.75,0,0,0,0,-11.76,-11.76,3.75,3.75,3.75,3.75,3.75,3.75,3.75,3.75,3.75,4.25,3.75,3.84,4.25,3.75,4.05,0,0,0,0,3.75,3.75,0,100,0,0,3.75
2003-11-06,3.75,0,0,0,0,-11.76,-11.76,3.75,3.75,3.75,3.75,3.75,3.75,3.75,3.75,3.75,4.25,3.75,3.84,4.25,3.75,4.04,0,0,0,0,3.75,3.75,0,100,0,0,3.75
2003-11-07,3.75,0,0,0,0,-11.76,-11.76,3.75,3.75,3.75,3.75,3.75,3.75,3.75,3.75,3.75,4.25,3.75,3.83,4.25,3.75,4.04,0,0,0,0,3.75,3.75,0,100,0,0,3.75
2003-11-10,3.75,0,0,0,0,-11.76,-11.76,3.75,3.75,3.75,3.75,3.75,3.75,3.75,3.75,3.75,4,3.75,3.83,4.25,3.75,4.04,0,0,0,0,3.75,3.75,0,100,0,0,3.75
2003-11-11,3.75,0,0,0,0,-6.25,-11.76,3.75,3.75,3.75,3.75,3.75,3.75,3.75,3.75,3.75,4,3.75,3.83,4.25,3.75,4.04,0,0,0,0,3.75,3.75,0,100,0,0,3.75
2003-11-12,3.75,0,0,0,0,-6.25,-11.76,3.75,3.75,3.75,3.75,3.75,3.75,3.75,3.75,3.75,4,3.75,3.83,4.25,3.75,4.04,0,0,0,0,3.75,3.75,0,100,0,0,3.75
2003-11-13,3.75,0,0,0,0,-6.25,-11.76,3.75,3.75,3.75,3.75,3.75,3.75,3.75,3.75,3.75,4,3.75,3.83,4.25,3.75,4.03,0,0,0,0,3.75,3.75,0,100,0,0,3.75
2003-11-14,3.75,0,0,0,0,-6.25,-11.76,3.75,3.75,3.75,3.75,3.75,3.75,3.75,3.75,3.75,4,3.75,3.82,4.25,3.75,4.03,0,0,0,0,3.75,3.75,0,100,0,0,3.75
2003-11-17,3.75,0,0,0,0,-6.25,-11.76,3.75,3.75,3.75,3.75,3.75,3.75,3.75,3.75,3.75,4,3.75,3.82,4.25,3.75,4.03,0,0,0,0,3.75,3.75,0,100,0,0,3.75
2003-11-18,3.75,0,0,0,0,-6.25,-11.76,3.75,3.75,3.75,3.75,3.75,3.75,3.75,3.75,3.75,4,3.75,3.82,4.25,3.75,4.03,0,0,0,0,3.75,3.75,0,100,0,0,3.75
2003-11-19,3.75,0,0,0,0,-6.25,-11.76,3.75,3.75,3.75,3.75,3.75,3.75,3.75,3.75,3.75,4,3.75,3.82,4.25,3.75,4.03,0,0,0,0,3.75,3.75,0,100,0,0,3.75
2003-11-20,3.75,0,0,0,0,-6.25,-11.76,3.75,3.75,3.75,3.75,3.75,3.75,3.75,3.75,3.75,4,3.75,3.82,4.25,3.75,4.03,0,0,0,0,3.75,3.75,0,100,0,0,3.75
2003-11-21,3.75,0,0,0,0,-6.25,-11.76,3.75,3.75,3.75,3.75,3.75,3.75,3.75,3.75,3.75,4,3.75,3.81,4.25,3.75,4.02,0,0,0,0,3.75,3.75,0,100,0,0,3.75
2003-11-24,3.75,0,0,0,0,-6.25,-11.76,3.75,3.75,3.75,3.75,3.75,3.75,3.75,3.75,3.75,4,3.75,3.81,4.25,3.75,4.02,0,0,0,0,3.75,3.75,0,100,0,0,3.75
2003-11-25,3.75,0,0,0,0,-6.25,-11.76,3.75,3.75,3.75,3.75,3.75,3.75,3.75,3.75,3.75,4,3.75,3.81,4.25,3.75,4.02,0,0,0,0,3.75,3.75,0,100,0,0,3.75
2003-11-26,3.75,0,0,0,0,-6.25,-11.76,3.75,3.75,3.75,3.75,3.75,3.75,3.75,3.75,3.75,4,3.75,3.81,4.25,3.75,4.02,0,0,0,0,3.75,3.75,0,100,0,0,3.75
2003-11-27,3.75,0,0,0,0,-6.25,-11.76,3.75,3.75,3.75,3.75,3.75,3.75,3.75,3.75,3.75,4,3.75,3.81,4.25,3.75,4.02,0,0,0,0,3.75,3.75,0,100,0,0,3.75
2003-11-28,3.75,0,0,0,0,-6.25,-11.76,3.75,3.75,3.75,3.75,3.75,3.75,3.75,3.75,3.75,4,3.75,3.8,4.25,3.75,4.01,0,0,0,0,3.75,3.75,0,100,0,0,3.75
2003-12-01,3.75,0,0,0,0,-6.25,-11.76,3.75,3.75,3.75,3.75,3.75,3.75,3.75,3.75,3.75,4,3.75,3.8,4.25,3.75,4.01,0,0,0,0,3.75,3.75,0,100,0,0,3.75
2003-12-02,3.75,0,0,0,0,-6.25,-11.76,3.75,3.75,3.75,3.75,3.75,3.75,3.75,3.75,3.75,4,3.75,3.8,4.25,3.75,4.01,0,0,0,0,3.75,3.75,0,100,0,0,3.75
2003-12-03,3.75,0,0,0,0,-6.25,-11.76,3.75,3.75,3.75,3.75,3.75,3.75,3.75,3.75,3.75,4,3.75,3.8,4.25,3.75,4.01,0,0,0,0,3.75,3.75,0,100,0,0,3.75
2003-12-04,3.75,0,0,0,0,-6.25,-11.76,3.75,3.75,3.75,3.75,3.75,3.75,3.75,3.75,3.75,4,3.75,3.8,4.25,3.75,4.01,0,0,0,0,3.75,3.75,0,100,0,0,3.75
2003-12-05,3.75,0,0,0,0,-6.25,-11.76,3.75,3.75,3.75,3.75,3.75,3.75,3.75,3.75,3.75,4,3.75,3.79,4.25,3.75,4,0,0,0,0,3.75,3.75,0,100,0,0,3.75
2003-12-08,3.75,0,0,0,0,-6.25,-11.76,3.75,3.75,3.75,3.75,3.75,3.75,3.75,3.75,3.75,4,3.75,3.79,4.25,3.75,4,0,0,0,0,3.75,3.75,0,100,0,0,3.75
2003-12-09,3.75,0,0,0,0,-6.25,-11.76,3.75,3.75,3.75,3.75,3.75,3.75,3.75,3.75,3.75,4,3.75,3.79,4.25,3.75,4,0,0,0,0,3.75,3.75,0,100,0,0,3.75
2003-12-10,3.75,0,0,0,0,-6.25,-11.76,3.75,3.75,3.75,3.75,3.75,3.75,3.75,3.75,3.75,4,3.75,3.79,4.25,3.75,4,0,0,0,0,3.75,3.75,0,100,0,0,3.75
2003-12-11,3.75,0,0,0,0,-6.25,-11.76,3.75,3.75,3.75,3.75,3.75,3.75,3.75,3.75,3.75,4,3.75,3.79,4.25,3.75,4,0,0,0,0,3.75,3.75,0,100,0,0,3.75
2003-12-12,3.75,0,0,0,0,-6.25,-11.76,3.75,3.75,3.75,3.75,3.75,3.75,3.75,3.75,3.75,4,3.75,3.78,4.25,3.75,3.99,0,0,0,0,3.75,3.75,0,100,0,0,3.75
2003-12-15,3.75,0,0,0,0,-6.25,-11.76,3.75,3.75,3.75,3.75,3.75,3.75,3.75,3.75,3.75,4,3.75,3.78,4.25,3.75,3.99,0,0,0,0,3.75,3.75,0,100,0,0,3.75
2003-12-16,3.75,0,0,0,0,-6.25,-11.76,3.75,3.75,3.75,3.75,3.75,3.75,3.75,3.75,3.75,4,3.75,3.78,4.25,3.75,3.99,0,0,0,0,3.75,3.75,0,100,0,0,3.75
2003-12-17,3.75,0,0,0,0,-6.25,-11.76,3.75,3.75,3.75,3.75,3.75,3.75,3.75,3.75,3.75,4,3.75,3.78,4.25,3.75,3.99,0,0,0,0,3.75,3.75,0,100,0,0,3.75
2003-12-18,3.75,0,0,0,0,-6.25,-11.76,3.75,3.75,3.75,3.75,3.75,3.75,3.75,3.75,3.75,4,3.75,3.78,4.25,3.75,3.99,0,0,0,0,3.75,3.75,0,100,0,0,3.75
2003-12-19,3.75,0,0,0,0,-6.25,-11.76,3.75,3.75,3.75,3.75,3.75,3.75,3.75,3.75,3.75,4,3.75,3.78,4.25,3.75,3.98,0,0,0,0,3.75,3.75,0,100,0,0,3.75
2003-12-22,3.75,0,0,0,0,-6.25,-11.76,3.75,3.75,3.75,3.75,3.75,3.75,3.75,3.75,3.75,4,3.75,3.77,4.25,3.75,3.98,0,0,0,0,3.75,3.75,0,100,0,0,3.75
2003-12-23,3.75,0,0,0,0,-6.25,-11.76,3.75,3.75,3.75,3.75,3.75,3.75,3.75,3.75,3.75,4,3.75,3.77,4.25,3.75,3.98,0,0,0,0,3.75,3.75,0,100,0,0,3.75
2003-12-24,3.75,0,0,0,0,-6.25,-11.76,3.75,3.75,3.75,3.75,3.75,3.75,3.75,3.75,3.75,4,3.75,3.77,4.25,3.75,3.98,0,0,0,0,3.75,3.75,0,100,0,0,3.75
2003-12-25,3.75,0,0,0,0,-6.25,-11.76,3.75,3.75,3.75,3.75,3.75,3.75,3.75,3.75,3.75,4,3.75,3.77,4.25,3.75,3.98,0,0,0,0,3.75,3.75,0,100,0,0,3.75
2003-12-26,3.75,0,0,0,0,-6.25,-11.76,3.75,3.75,3.75,3.75,3.75,3.75,3.75,3.75,3.75,4,3.75,3.77,4.25,3.75,3.98,0,0,0,0,3.75,3.75,0,100,0,0,3.75
2003-12-29,3.75,0,0,0,0,-6.25,-11.76,3.75,3.75,3.75,3.75,3.75,3.75,3.75,3.75,3.75,4,3.75,3.76,4.25,3.75,3.97,0,0,0,0,3.75,3.75,0,100,0,0,3.75
2003-12-30,3.75,0,0,0,0,-6.25,-11.76,3.75,3.75,3.75,3.75,3.75,3.75,3.75,3.75,3.75,4,3.75,3.76,4.25,3.75,3.97,0,0,0,0,3.75,3.75,0,100,0,0,3.75
2003-12-31,3.75,0,0,0,0,-6.25,-11.76,3.75,3.75,3.75,3.75,3.75,3.75,3.75,3.75,3.75,4,3.75,3.76,4.25,3.75,3.97,0,0,0,0,3.75,3.75,0,100,0,0,3.75
2004-01-01,3.75,0,0,0,0,-6.25,-11.76,3.75,3.75,3.75,3.75,3.75,3.75,3.75,3.75,3.75,4,3.75,3.76,4.25,3.75,3.97,0,0,0,0,3.75,3.75,0,100,0,0,3.75
2004-01-02,3.75,0,0,0,0,-6.25,-11.76,3.75,3.75,3.75,3.75,3.75,3.75,3.75,3.75,3.75,4,3.75,3.76,4.25,3.75,3.97,0,0,0,0,3.75,3.75,0,100,0,0,3.75
2004-01-05,3.75,0,0,0,0,-6.25,-11.76,3.75,3.75,3.75,3.75,3.75,3.75,3.75,3.75,3.75,4,3.75,3.75,4.25,3.75,3.96,0,0,0,0,3.75,3.75,0,100,0,0,3.75
2004-01-06,3.75,0,0,0,0,-6.25,-11.76,3.75,3.75,3.75,3.75,3.75,3.75,3.75,3.75,3.75,4,3.75,3.75,4.25,3.75,3.96,0,0,0,0,3.75,3.75,0,100,0,0,3.75
2004-01-07,3.75,0,0,0,0,-6.25,-11.76,3.75,3.75,3.75,3.75,3.75,3.75,3.75,3.75,3.75,3.75,3.75,3.75,4.25,3.75,3.96,0,0,0,0,3.75,3.75,0,100,0,0,3.75
2004-01-08,3.75,0,0,0,0,0,-11.76,3.75,3.75,3.75,3.75,3.75,3.75,3.75,3.75,3.75,3.75,3.75,3.75,4.25,3.75,3.96,0,0,0,0,3.75,3.75,0,100,0,0,3.75
2004-01-09,3.75,0,0,0,0,0,-11.76,3.75,3.75,3.75,3.75,3.75,3.75,3.75,3.75,3.75,3.75,3.75,3.75,4.25,3.75,3.96,0,0,0,0,3.75,3.75,0,100,0,0,3.75
2004-01-12,3.75,0,0,0,0,0,-11.76,3.75,3.75,3.75,3.75,3.75,3.75,3.75,3.75,3.75,3.75,3.75,3.75,4.25,3.75,3.95,0,0,0,0,3.75,3.75,0,100,0,0,3.75
2004-01-13,3.75,0,0,0,0,0,-11.76,3.75,3.75,3.75,3.75,3.75,3.75,3.75,3.75,3.75,3.75,3.75,3.75,4.25,3.75,3.95,0,0,0,0,3.75,3.75,0,100,0,0,3.75
2004-01-14,3.75,0,0,0,0,0,-11.76,3.75,3.75,3.75,3.75,3.75,3.75,3.75,3.75,3.75,3.75,3.75,3.75,4.25,3.75,3.95,0,0,0,0,3.75,3.75,0,100,0,0,3.75
2004-01-15,3.75,0,0,0,0,0,-11.76,3.75,3.75,3.75,3.75,3.75,3.75,3.75,3.75,3.75,3.75,3.75,3.75,4.25,3.75,3.95,0,0,0,0,3.75,3.75,0,100,0,0,3.75
2004-01-16,3.75,0,0,0,0,0,-11.76,3.75,3.75,3.75,3.75,3.75,3.75,3.75,3.75,3.75,3.75,3.75,3.75,4.25,3.75,3.95,0,0,0,0,3.75,3.75,0,100,0,0,3.75
2004-01-19,3.75,0,0,0,0,0,-11.76,3.75,3.75,3.75,3.75,3.75,3.75,3.75,3.75,3.75,3.75,3.75,3.75,4.25,3.75,3.94,0,0,0,0,3.75,3.75,0,100,0,0,3.75
2004-01-20,3.75,0,0,0,0,0,-11.76,3.75,3.75,3.75,3.75,3.75,3.75,3.75,3.75,3.75,3.75,3.75,3.75,4.25,3.75,3.94,0,0,0,0,3.75,3.75,0,100,0,0,3.75
2004-01-21,3.75,0,0,0,0,0,-11.76,3.75,3.75,3.75,3.75,3.75,3.75,3.75,3.75,3.75,3.75,3.75,3.75,4.25,3.75,3.94,0,0,0,0,3.75,3.75,0,100,0,0,3.75
2004-01-22,3.75,0,0,0,0,0,-11.76,3.75,3.75,3.75,3.75,3.75,3.75,3.75,3.75,3.75,3.75,3.75,3.75,4.25,3.75,3.94,0,0,0,0,3.75,3.75,0,100,0,0,3.75
2004-01-23,3.75,0,0,0,0,0,-11.76,3.75,3.75,3.75,3.75,3.75,3.75,3.75,3.75,3.75,3.75,3.75,3.75,4.25,3.75,3.94,0,0,0,0,3.75,3.75,0,100,0,0,3.75
2004-01-26,3.75,0,0,0,0,0,-11.76,3.75,3.75,3.75,3.75,3.75,3.75,3.75,3.75,3.75,3.75,3.75,3.75,4.25,3.75,3.93,0,0,0,0,3.75,3.75,0,100,0,0,3.75
2004-01-27,3.75,0,0,0,0,0,-11.76,3.75,3.75,3.75,3.75,3.75,3.75,3.75,3.75,3.75,3.75,3.75,3.75,4.25,3.75,3.93,0,0,0,0,3.75,3.75,0,100,0,0,3.75
2004-01-28,3.75,0,0,0,0,0,-11.76,3.75,3.75,3.75,3.75,3.75,3.75,3.75,3.75,3.75,3.75,3.75,3.75,4.25,3.75,3.93,0,0,0,0,3.75,3.75,0,100,0,0,3.75
2004-01-29,3.75,0,0,0,0,0,-11.76,3.75,3.75,3.75,3.75,3.75,3.75,3.75,3.75,3.75,3.75,3.75,3.75,4.25,3.75,3.93,0,0,0,0,3.75,3.75,0,100,0,0,3.75
2004-01-30,3.75,0,0,0,0,0,-11.76,3.75,3.75,3.75,3.75,3.75,3.75,3.75,3.75,3.75,3.75,3.75,3.75,4.25,3.75,3.93,0,0,0,0,3.75,3.75,0,100,0,0,3.75
2004-02-02,3.75,0,0,0,0,0,-11.76,3.75,3.75,3.75,3.75,3.75,3.75,3.75,3.75,3.75,3.75,3.75,3.75,4.25,3.75,3.93,0,0,0,0,3.75,3.75,0,100,0,0,3.75
2004-02-03,3.75,0,0,0,0,0,-11.76,3.75,3.75,3.75,3.75,3.75,3.75,3.75,3.75,3.75,3.75,3.75,3.75,4.25,3.75,3.92,0,0,0,0,3.75,3.75,0,100,0,0,3.75
2004-02-04,3.75,0,0,0,0,0,-11.76,3.75,3.75,3.75,3.75,3.75,3.75,3.75,3.75,3.75,3.75,3.75,3.75,4.25,3.75,3.92,0,0,0,0,3.75,3.75,0,100,0,0,3.75
2004-02-05,3.75,0,0,0,0,0,-11.76,3.75,3.75,3.75,3.75,3.75,3.75,3.75,3.75,3.75,3.75,3.75,3.75,4.25,3.75,3.92,0,0,0,0,3.75,3.75,0,100,0,0,3.75
2004-02-06,3.75,0,0,0,0,0,-11.76,3.75,3.75,3.75,3.75,3.75,3.75,3.75,3.75,3.75,3.75,3.75,3.75,4.25,3.75,3.92,0,0,0,0,3.75,3.75,0,100,0,0,3.75
2004-02-09,3.75,0,0,0,0,0,-11.76,3.75,3.75,3.75,3.75,3.75,3.75,3.75,3.75,3.75,3.75,3.75,3.75,4.25,3.75,3.92,0,0,0,0,3.75,3.75,0,100,0,0,3.75
2004-02-10,3.75,0,0,0,0,0,-11.76,3.75,3.75,3.75,3.75,3.75,3.75,3.75,3.75,3.75,3.75,3.75,3.75,4.25,3.75,3.91,0,0,0,0,3.75,3.75,0,100,0,0,3.75
2004-02-11,3.75,0,0,0,0,0,-11.76,3.75,3.75,3.75,3.75,3.75,3.75,3.75,3.75,3.75,3.75,3.75,3.75,4.25,3.75,3.91,0,0,0,0,3.75,3.75,0,100,0,0,3.75
2004-02-12,3.75,0,0,0,0,0,-11.76,3.75,3.75,3.75,3.75,3.75,3.75,3.75,3.75,3.75,3.75,3.75,3.75,4.25,3.75,3.91,0,0,0,0,3.75,3.75,0,100,0,0,3.75
2004-02-13,3.75,0,0,0,0,0,-11.76,3.75,3.75,3.75,3.75,3.75,3.75,3.75,3.75,3.75,3.75,3.75,3.75,4.25,3.75,3.91,0,0,0,0,3.75,3.75,0,100,0,0,3.75
2004-02-16,3.75,0,0,0,0,0,-11.76,3.75,3.75,3.75,3.75,3.75,3.75,3.75,3.75,3.75,3.75,3.75,3.75,4.25,3.75,3.91,0,0,0,0,3.75,3.75,0,100,0,0,3.75
2004-02-17,3.75,0,0,0,0,0,-11.76,3.75,3.75,3.75,3.75,3.75,3.75,3.75,3.75,3.75,3.75,3.75,3.75,4.25,3.75,3.9,0,0,0,0,3.75,3.75,0,100,0,0,3.75
2004-02-18,3.75,0,0,0,0,0,-11.76,3.75,3.75,3.75,3.75,3.75,3.75,3.75,3.75,3.75,3.75,3.75,3.75,4.25,3.75,3.9,0,0,0,0,3.75,3.75,0,100,0,0,3.75
2004-02-19,3.75,0,0,0,0,0,-11.76,3.75,3.75,3.75,3.75,3.75,3.75,3.75,3.75,3.75,3.75,3.75,3.75,4.25,3.75,3.9,0,0,0,0,3.75,3.75,0,100,0,0,3.75
2004-02-20,3.75,0,0,0,0,0,-11.76,3.75,3.75,3.75,3.75,3.75,3.75,3.75,3.75,3.75,3.75,3.75,3.75,4.25,3.75,3.9,0,0,0,0,3.75,3.75,0,100,0,0,3.75
2004-02-23,3.75,0,0,0,0,0,-11.76,3.75,3.75,3.75,3.75,3.75,3.75,3.75,3.75,3.75,3.75,3.75,3.75,4.25,3.75,3.9,0,0,0,0,3.75,3.75,0,100,0,0,3.75
2004-02-24,3.75,0,0,0,0,0,-11.76,3.75,3.75,3.75,3.75,3.75,3.75,3.75,3.75,3.75,3.75,3.75,3.75,4.25,3.75,3.89,0,0,0,0,3.75,3.75,0,100,0,0,3.75
2004-02-25,3.75,0,0,0,0,0,-11.76,3.75,3.75,3.75,3.75,3.75,3.75,3.75,3.75,3.75,3.75,3.75,3.75,4.25,3.75,3.89,0,0,0,0,3.75,3.75,0,100,0,0,3.75
2004-02-26,3.75,0,0,0,0,0,-11.76,3.75,3.75,3.75,3.75,3.75,3.75,3.75,3.75,3.75,3.75,3.75,3.75,4.25,3.75,3.89,0,0,0,0,3.75,3.75,0,100,0,0,3.75
2004-02-27,3.75,0,0,0,0,0,-11.76,3.75,3.75,3.75,3.75,3.75,3.75,3.75,3.75,3.75,3.75,3.75,3.75,4.25,3.75,3.89,0,0,0,0,3.75,3.75,0,100,0,0,3.75
2004-03-01,3.75,0,0,0,0,0,-11.76,3.75,3.75,3.75,3.75,3.75,3.75,3.75,3.75,3.75,3.75,3.75,3.75,4.25,3.75,3.89,0,0,0,0,3.75,3.75,0,100,0,0,3.75
2004-03-02,3.75,0,0,0,0,0,-11.76,3.75,3.75,3.75,3.75,3.75,3.75,3.75,3.75,3.75,3.75,3.75,3.75,4.25,3.75,3.88,0,0,0,0,3.75,3.75,0,100,0,0,3.75
2004-03-03,3.75,0,0,0,0,0,-11.76,3.75,3.75,3.75,3.75,3.75,3.75,3.75,3.75,3.75,3.75,3.75,3.75,4.25,3.75,3.88,0,0,0,0,3.75,3.75,0,100,0,0,3.75
2004-03-04,3.75,0,0,0,0,0,-11.76,3.75,3.75,3.75,3.75,3.75,3.75,3.75,3.75,3.75,3.75,3.75,3.75,4.25,3.75,3.88,0,0,0,0,3.75,3.75,0,100,0,0,3.75
2004-03-05,3.75,0,0,0,0,0,-11.76,3.75,3.75,3.75,3.75,3.75,3.75,3.75,3.75,3.75,3.75,3.75,3.75,4.25,3.75,3.88,0,0,0,0,3.75,3.75,0,100,0,0,3.75
2004-03-08,3.75,0,0,0,0,0,-11.76,3.75,3.75,3.75,3.75,3.75,3.75,3.75,3.75,3.75,3.75,3.75,3.75,4.25,3.75,3.88,0,0,0,0,3.75,3.75,0,100,0,0,3.75
2004-03-09,3.75,0,0,0,0,0,-11.76,3.75,3.75,3.75,3.75,3.75,3.75,3.75,3.75,3.75,3.75,3.75,3.75,4.25,3.75,3.88,0,0,0,0,3.75,3.75,0,100,0,0,3.75
2004-03-10,3.75,0,0,0,0,0,-11.76,3.75,3.75,3.75,3.75,3.75,3.75,3.75,3.75,3.75,3.75,3.75,3.75,4.25,3.75,3.87,0,0,0,0,3.75,3.75,0,100,0,0,3.75
2004-03-11,3.75,0,0,0,0,0,-11.76,3.75,3.75,3.75,3.75,3.75,3.75,3.75,3.75,3.75,3.75,3.75,3.75,4.25,3.75,3.87,0,0,0,0,3.75,3.75,0,100,0,0,3.75
2004-03-12,3.75,0,0,0,0,0,-11.76,3.75,3.75,3.75,3.75,3.75,3.75,3.75,3.75,3.75,3.75,3.75,3.75,4.25,3.75,3.87,0,0,0,0,3.75,3.75,0,100,0,0,3.75
2004-03-15,3.75,0,0,0,0,0,-11.76,3.75,3.75,3.75,3.75,3.75,3.75,3.75,3.75,3.75,3.75,3.75,3.75,4.25,3.75,3.87,0,0,0,0,3.75,3.75,0,100,0,0,3.75
2004-03-16,3.75,0,0,0,0,0,-11.76,3.75,3.75,3.75,3.75,3.75,3.75,3.75,3.75,3.75,3.75,3.75,3.75,4.25,3.75,3.87,0,0,0,0,3.75,3.75,0,100,0,0,3.75
2004-03-17,3.75,0,0,0,0,0,-11.76,3.75,3.75,3.75,3.75,3.75,3.75,3.75,3.75,3.75,3.75,3.75,3.75,4.25,3.75,3.86,0,0,0,0,3.75,3.75,0,100,0,0,3.75
2004-03-18,3.75,0,0,0,0,0,-11.76,3.75,3.75,3.75,3.75,3.75,3.75,3.75,3.75,3.75,3.75,3.75,3.75,4.25,3.75,3.86,0,0,0,0,3.75,3.75,0,100,0,0,3.75
2004-03-19,3.75,0,0,0,0,0,-11.76,3.75,3.75,3.75,3.75,3.75,3.75,3.75,3.75,3.75,3.75,3.75,3.75,4.25,3.75,3.86,0,0,0,0,3.75,3.75,0,100,0,0,3.75
2004-03-22,3.75,0,0,0,0,0,-11.76,3.75,3.75,3.75,3.75,3.75,3.75,3.75,3.75,3.75,3.75,3.75,3.75,4.25,3.75,3.86,0,0,0,0,3.75,3.75,0,100,0,0,3.75
2004-03-23,3.75,0,0,0,0,0,-11.76,3.75,3.75,3.75,3.75,3.75,3.75,3.75,3.75,3.75,3.75,3.75,3.75,4.25,3.75,3.86,0,0,0,0,3.75,3.75,0,100,0,0,3.75
2004-03-24,3.75,0,0,0,0,0,-11.76,3.75,3.75,3.75,3.75,3.75,3.75,3.75,3.75,3.75,3.75,3.75,3.75,4.25,3.75,3.85,0,0,0,0,3.75,3.75,0,100,0,0,3.75
2004-03-25,3.75,0,0,0,0,0,-11.76,3.75,3.75,3.75,3.75,3.75,3.75,3.75,3.75,3.75,3.75,3.75,3.75,4.25,3.75,3.85,0,0,0,0,3.75,3.75,0,100,0,0,3.75
2004-03-26,3.75,0,0,0,0,0,-11.76,3.75,3.75,3.75,3.75,3.75,3.75,3.75,3.75,3.75,3.75,3.75,3.75,4.25,3.75,3.85,0,0,0,0,3.75,3.75,0,100,0,0,3.75
2004-03-29,3.75,0,0,0,0,0,-11.76,3.75,3.75,3.75,3.75,3.75,3.75,3.75,3.75,3.75,3.75,3.75,3.75,4.25,3.75,3.85,0,0,0,0,3.75,3.75,0,100,0,0,3.75
2004-03-30,3.75,0,0,0,0,0,-11.76,3.75,3.75,3.75,3.75,3.75,3.75,3.75,3.75,3.75,3.75,3.75,3.75,4.25,3.75,3.85,0,0,0,0,3.75,3.75,0,100,0,0,3.75
2004-03-31,3.75,0,0,0,0,0,-11.76,3.75,3.75,3.75,3.75,3.75,3.75,3.75,3.75,3.75,3.75,3.75,3.75,4.25,3.75,3.84,0,0,0,0,3.75,3.75,0,100,0,0,3.75
2004-04-01,3.75,0,0,0,0,0,-11.76,3.75,3.75,3.75,3.75,3.75,3.75,3.75,3.75,3.75,3.75,3.75,3.75,4.25,3.75,3.84,0,0,0,0,3.75,3.75,0,100,0,0,3.75
2004-04-02,3.75,0,0,0,0,0,-11.76,3.75,3.75,3.75,3.75,3.75,3.75,3.75,3.75,3.75,3.75,3.75,3.75,4.25,3.75,3.84,0,0,0,0,3.75,3.75,0,100,0,0,3.75
2004-04-05,3.75,0,0,0,0,0,-11.76,3.75,3.75,3.75,3.75,3.75,3.75,3.75,3.75,3.75,3.75,3.75,3.75,4.25,3.75,3.84,0,0,0,0,3.75,3.75,0,100,0,0,3.75
2004-04-06,3.75,0,0,0,0,0,-11.76,3.75,3.75,3.75,3.75,3.75,3.75,3.75,3.75,3.75,3.75,3.75,3.75,4.25,3.75,3.84,0,0,0,0,3.75,3.75,0,100,0,0,3.75
2004-04-07,3.75,0,0,0,0,0,-11.76,3.75,3.75,3.75,3.75,3.75,3.75,3.75,3.75,3.75,3.75,3.75,3.75,4.25,3.75,3.83,0,0,0,0,3.75,3.75,0,100,0,0,3.75
2004-04-08,3.75,0,0,0,0,0,-11.76,3.75,3.75,3.75,3.75,3.75,3.75,3.75,3.75,3.75,3.75,3.75,3.75,4.25,3.75,3.83,0,0,0,0,3.75,3.75,0,100,0,0,3.75
2004-04-09,3.75,0,0,0,0,0,-11.76,3.75,3.75,3.75,3.75,3.75,3.75,3.75,3.75,3.75,3.75,3.75,3.75,4.25,3.75,3.83,0,0,0,0,3.75,3.75,0,100,0,0,3.75
2004-04-12,3.75,0,0,0,0,0,-11.76,3.75,3.75,3.75,3.75,3.75,3.75,3.75,3.75,3.75,3.75,3.75,3.75,4.25,3.75,3.83,0,0,0,0,3.75,3.75,0,100,0,0,3.75
2004-04-13,3.75,0,0,0,0,0,-11.76,3.75,3.75,3.75,3.75,3.75,3.75,3.75,3.75,3.75,3.75,3.75,3.75,4.25,3.75,3.83,0,0,0,0,3.75,3.75,0,100,0,0,3.75
2004-04-14,3.75,0,0,0,0,0,-11.76,3.75,3.75,3.75,3.75,3.75,3.75,3.75,3.75,3.75,3.75,3.75,3.75,4.25,3.75,3.83,0,0,0,0,3.75,3.75,0,100,0,0,3.75
2004-04-15,3.75,0,0,0,0,0,-11.76,3.75,3.75,3.75,3.75,3.75,3.75,3.75,3.75,3.75,3.75,3.75,3.75,4.25,3.75,3.82,0,0,0,0,3.75,3.75,0,100,0,0,3.75
2004-04-16,3.75,0,0,0,0,0,-11.76,3.75,3.75,3.75,3.75,3.75,3.75,3.75,3.75,3.75,3.75,3.75,3.75,4.25,3.75,3.82,0,0,0,0,3.75,3.75,0,100,0,0,3.75
2004-04-19,3.75,0,0,0,0,0,-11.76,3.75,3.75,3.75,3.75,3.75,3.75,3.75,3.75,3.75,3.75,3.75,3.75,4.25,3.75,3.82,0,0,0,0,3.75,3.75,0,100,0,0,3.75
2004-04-20,3.75,0,0,0,0,0,-11.76,3.75,3.75,3.75,3.75,3.75,3.75,3.75,3.75,3.75,3.75,3.75,3.75,4.25,3.75,3.82,0,0,0,0,3.75,3.75,0,100,0,0,3.75
2004-04-21,3.75,0,0,0,0,0,-11.76,3.75,3.75,3.75,3.75,3.75,3.75,3.75,3.75,3.75,3.75,3.75,3.75,4.25,3.75,3.82,0,0,0,0,3.75,3.75,0,100,0,0,3.75
2004-04-22,3.75,0,0,0,0,0,-11.76,3.75,3.75,3.75,3.75,3.75,3.75,3.75,3.75,3.75,3.75,3.75,3.75,4.25,3.75,3.81,0,0,0,0,3.75,3.75,0,100,0,0,3.75
2004-04-23,3.75,0,0,0,0,0,-11.76,3.75,3.75,3.75,3.75,3.75,3.75,3.75,3.75,3.75,3.75,3.75,3.75,4.25,3.75,3.81,0,0,0,0,3.75,3.75,0,100,0,0,3.75
2004-04-26,3.75,0,0,0,0,0,-11.76,3.75,3.75,3.75,3.75,3.75,3.75,3.75,3.75,3.75,3.75,3.75,3.75,4.25,3.75,3.81,0,0,0,0,3.75,3.75,0,100,0,0,3.75
2004-04-27,3.75,0,0,0,0,0,-11.76,3.75,3.75,3.75,3.75,3.75,3.75,3.75,3.75,3.75,3.75,3.75,3.75,4.25,3.75,3.81,0,0,0,0,3.75,3.75,0,100,0,0,3.75
2004-04-28,3.75,0,0,0,0,0,-11.76,3.75,3.75,3.75,3.75,3.75,3.75,3.75,3.75,3.75,3.75,3.75,3.75,4.25,3.75,3.81,0,0,0,0,3.75,3.75,0,100,0,0,3.75
2004-04-29,3.75,0,0,0,0,0,-11.76,3.75,3.75,3.75,3.75,3.75,3.75,3.75,3.75,3.75,3.75,3.75,3.75,4.25,3.75,3.8,0,0,0,0,3.75,3.75,0,100,0,0,3.75
2004-04-30,3.75,0,0,0,0,0,-11.76,3.75,3.75,3.75,3.75,3.75,3.75,3.75,3.75,3.75,3.75,3.75,3.75,4.25,3.75,3.8,0,0,0,0,3.75,3.75,0,100,0,0,3.75
2004-05-03,3.75,0,0,0,0,0,-11.76,3.75,3.75,3.75,3.75,3.75,3.75,3.75,3.75,3.75,3.75,3.75,3.75,4.25,3.75,3.8,0,0,0,0,3.75,3.75,0,100,0,0,3.75
2004-05-04,3.75,0,0,0,0,0,-11.76,3.75,3.75,3.75,3.75,3.75,3.75,3.75,3.75,3.75,3.75,3.75,3.75,4.25,3.75,3.8,0,0,0,0,3.75,3.75,0,100,0,0,3.75
2004-05-05,3.75,0,0,0,0,0,-11.76,3.75,3.75,3.75,3.75,3.75,3.75,3.75,3.75,3.75,3.75,3.75,3.75,4.25,3.75,3.8,0,0,0,0,3.75,3.75,0,100,0,0,3.75
2004-05-06,3.75,0,0,0,0,0,-11.76,3.75,3.75,3.75,3.75,3.75,3.75,3.75,3.75,3.75,3.75,3.75,3.75,4.25,3.75,3.79,0,0,0,0,3.75,3.75,0,100,0,0,3.75
2004-05-07,3.75,0,0,0,0,0,-11.76,3.75,3.75,3.75,3.75,3.75,3.75,3.75,3.75,3.75,3.75,3.75,3.75,4.25,3.75,3.79,0,0,0,0,3.75,3.75,0,100,0,0,3.75
2004-05-10,3.75,0,0,0,0,0,-11.76,3.75,3.75,3.75,3.75,3.75,3.75,3.75,3.75,3.75,3.75,3.75,3.75,4,3.75,3.79,0,0,0,0,3.75,3.75,0,100,0,0,3.75
2004-05-11,3.75,0,0,0,0,0,-6.25,3.75,3.75,3.75,3.75,3.75,3.75,3.75,3.75,3.75,3.75,3.75,3.75,4,3.75,3.79,0,0,0,0,3.75,3.75,0,100,0,0,3.75
2004-05-12,3.75,0,0,0,0,0,-6.25,3.75,3.75,3.75,3.75,3.75,3.75,3.75,3.75,3.75,3.75,3.75,3.75,4,3.75,3.79,0,0,0,0,3.75,3.75,0,100,0,0,3.75
2004-05-13,3.75,0,0,0,0,0,-6.25,3.75,3.75,3.75,3.75,3.75,3.75,3.75,3.75,3.75,3.75,3.75,3.75,4,3.75,3.79,0,0,0,0,3.75,3.75,0,100,0,0,3.75
2004-05-14,3.75,0,0,0,0,0,-6.25,3.75,3.75,3.75,3.75,3.75,3.75,3.75,3.75,3.75,3.75,3.75,3.75,4,3.75,3.79,0,0,0,0,3.75,3.75,0,100,0,0,3.75
2004-05-17,3.75,0,0,0,0,0,-6.25,3.75,3.75,3.75,3.75,3.75,3.75,3.75,3.75,3.75,3.75,3.75,3.75,4,3.75,3.79,0,0,0,0,3.75,3.75,0,100,0,0,3.75
2004-05-18,3.75,0,0,0,0,0,-6.25,3.75,3.75,3.75,3.75,3.75,3.75,3.75,3.75,3.75,3.75,3.75,3.75,4,3.75,3.78,0,0,0,0,3.75,3.75,0,100,0,0,3.75
2004-05-19,3.75,0,0,0,0,0,-6.25,3.75,3.75,3.75,3.75,3.75,3.75,3.75,3.75,3.75,3.75,3.75,3.75,4,3.75,3.78,0,0,0,0,3.75,3.75,0,100,0,0,3.75
2004-05-20,3.75,0,0,0,0,0,-6.25,3.75,3.75,3.75,3.75,3.75,3.75,3.75,3.75,3.75,3.75,3.75,3.75,4,3.75,3.78,0,0,0,0,3.75,3.75,0,100,0,0,3.75
2004-05-21,3.75,0,0,0,0,0,-6.25,3.75,3.75,3.75,3.75,3.75,3.75,3.75,3.75,3.75,3.75,3.75,3.75,4,3.75,3.78,0,0,0,0,3.75,3.75,0,100,0,0,3.75
2004-05-24,3.75,0,0,0,0,0,-6.25,3.75,3.75,3.75,3.75,3.75,3.75,3.75,3.75,3.75,3.75,3.75,3.75,4,3.75,3.78,0,0,0,0,3.75,3.75,0,100,0,0,3.75
2004-05-25,3.75,0,0,0,0,0,-6.25,3.75,3.75,3.75,3.75,3.75,3.75,3.75,3.75,3.75,3.75,3.75,3.75,4,3.75,3.78,0,0,0,0,3.75,3.75,0,100,0,0,3.75
2004-05-26,3.75,0,0,0,0,0,-6.25,3.75,3.75,3.75,3.75,3.75,3.75,3.75,3.75,3.75,3.75,3.75,3.75,4,3.75,3.78,0,0,0,0,3.75,3.75,0,100,0,0,3.75
2004-05-27,3.75,0,0,0,0,0,-6.25,3.75,3.75,3.75,3.75,3.75,3.75,3.75,3.75,3.75,3.75,3.75,3.75,4,3.75,3.78,0,0,0,0,3.75,3.75,0,100,0,0,3.75
2004-05-28,3.75,0,0,0,0,0,-6.25,3.75,3.75,3.75,3.75,3.75,3.75,3.75,3.75,3.75,3.75,3.75,3.75,4,3.75,3.78,0,0,0,0,3.75,3.75,0,100,0,0,3.75
2004-05-31,3.75,0,0,0,0,0,-6.25,3.75,3.75,3.75,3.75,3.75,3.75,3.75,3.75,3.75,3.75,3.75,3.75,4,3.75,3.78,0,0,0,0,3.75,3.75,0,100,0,0,3.75
2004-06-01,3.75,0,0,0,0,0,-6.25,3.75,3.75,3.75,3.75,3.75,3.75,3.75,3.75,3.75,3.75,3.75,3.75,4,3.75,3.78,0,0,0,0,3.75,3.75,0,100,0,0,3.75
2004-06-02,3.75,0,0,0,0,0,-6.25,3.75,3.75,3.75,3.75,3.75,3.75,3.75,3.75,3.75,3.75,3.75,3.75,4,3.75,3.77,0,0,0,0,3.75,3.75,0,100,0,0,3.75
2004-06-03,3.75,0,0,0,0,0,-6.25,3.75,3.75,3.75,3.75,3.75,3.75,3.75,3.75,3.75,3.75,3.75,3.75,4,3.75,3.77,0,0,0,0,3.75,3.75,0,100,0,0,3.75
2004-06-04,3.75,0,0,0,0,0,-6.25,3.75,3.75,3.75,3.75,3.75,3.75,3.75,3.75,3.75,3.75,3.75,3.75,4,3.75,3.77,0,0,0,0,3.75,3.75,0,100,0,0,3.75
2004-06-07,3.75,0,0,0,0,0,-6.25,3.75,3.75,3.75,3.75,3.75,3.75,3.75,3.75,3.75,3.75,3.75,3.75,4,3.75,3.77,0,0,0,0,3.75,3.75,0,100,0,0,3.75
2004-06-08,3.75,0,0,0,0,0,-6.25,3.75,3.75,3.75,3.75,3.75,3.75,3.75,3.75,3.75,3.75,3.75,3.75,4,3.75,3.77,0,0,0,0,3.75,3.75,0,100,0,0,3.75
2004-06-09,3.75,0,0,0,0,0,-6.25,3.75,3.75,3.75,3.75,3.75,3.75,3.75,3.75,3.75,3.75,3.75,3.75,4,3.75,3.77,0,0,0,0,3.75,3.75,0,100,0,0,3.75
2004-06-10,3.75,0,0,0,0,0,-6.25,3.75,3.75,3.75,3.75,3.75,3.75,3.75,3.75,3.75,3.75,3.75,3.75,4,3.75,3.77,0,0,0,0,3.75,3.75,0,100,0,0,3.75
2004-06-11,3.75,0,0,0,0,0,-6.25,3.75,3.75,3.75,3.75,3.75,3.75,3.75,3.75,3.75,3.75,3.75,3.75,4,3.75,3.77,0,0,0,0,3.75,3.75,0,100,0,0,3.75
2004-06-14,3.75,0,0,0,0,0,-6.25,3.75,3.75,3.75,3.75,3.75,3.75,3.75,3.75,3.75,3.75,3.75,3.75,4,3.75,3.77,0,0,0,0,3.75,3.75,0,100,0,0,3.75
2004-06-15,3.75,0,0,0,0,0,-6.25,3.75,3.75,3.75,3.75,3.75,3.75,3.75,3.75,3.75,3.75,3.75,3.75,4,3.75,3.77,0,0,0,0,3.75,3.75,0,100,0,0,3.75
2004-06-16,3.75,0,0,0,0,0,-6.25,3.75,3.75,3.75,3.75,3.75,3.75,3.75,3.75,3.75,3.75,3.75,3.75,4,3.75,3.76,0,0,0,0,3.75,3.75,0,100,0,0,3.75
2004-06-17,3.75,0,0,0,0,0,-6.25,3.75,3.75,3.75,3.75,3.75,3.75,3.75,3.75,3.75,3.75,3.75,3.75,4,3.75,3.76,0,0,0,0,3.75,3.75,0,100,0,0,3.75
2004-06-18,3.75,0,0,0,0,0,-6.25,3.75,3.75,3.75,3.75,3.75,3.75,3.75,3.75,3.75,3.75,3.75,3.75,4,3.75,3.76,0,0,0,0,3.75,3.75,0,100,0,0,3.75
2004-06-21,3.75,0,0,0,0,0,-6.25,3.75,3.75,3.75,3.75,3.75,3.75,3.75,3.75,3.75,3.75,3.75,3.75,4,3.75,3.76,0,0,0,0,3.75,3.75,0,100,0,0,3.75
2004-06-22,3.75,0,0,0,0,0,-6.25,3.75,3.75,3.75,3.75,3.75,3.75,3.75,3.75,3.75,3.75,3.75,3.75,4,3.75,3.76,0,0,0,0,3.75,3.75,0,100,0,0,3.75
2004-06-23,3.75,0,0,0,0,0,-6.25,3.75,3.75,3.75,3.75,3.75,3.75,3.75,3.75,3.75,3.75,3.75,3.75,4,3.75,3.76,0,0,0,0,3.75,3.75,0,100,0,0,3.75
2004-06-24,3.75,0,0,0,0,0,-6.25,3.75,3.75,3.75,3.75,3.75,3.75,3.75,3.75,3.75,3.75,3.75,3.75,4,3.75,3.76,0,0,0,0,3.75,3.75,0,100,0,0,3.75
2004-06-25,3.75,0,0,0,0,0,-6.25,3.75,3.75,3.75,3.75,3.75,3.75,3.75,3.75,3.75,3.75,3.75,3.75,4,3.75,3.76,0,0,0,0,3.75,3.75,0,100,0,0,3.75
2004-06-28,3.75,0,0,0,0,0,-6.25,3.75,3.75,3.75,3.75,3.75,3.75,3.75,3.75,3.75,3.75,3.75,3.75,4,3.75,3.76,0,0,0,0,3.75,3.75,0,100,0,0,3.75
2004-06-29,3.75,0,0,0,0,0,-6.25,3.75,3.75,3.75,3.75,3.75,3.75,3.75,3.75,3.75,3.75,3.75,3.75,4,3.75,3.76,0,0,0,0,3.75,3.75,0,100,0,0,3.75
2004-06-30,3.75,0,0,0,0,0,-6.25,3.75,3.75,3.75,3.75,3.75,3.75,3.75,3.75,3.75,3.75,3.75,3.75,4,3.75,3.75,0,0,0,0,3.75,3.75,0,100,0,0,3.75
2004-07-01,3.75,0,0,0,0,0,-6.25,3.75,3.75,3.75,3.75,3.75,3.75,3.75,3.75,3.75,3.75,3.75,3.75,4,3.75,3.75,0,0,0,0,3.75,3.75,0,100,0,0,3.75
2004-07-02,3.75,0,0,0,0,0,-6.25,3.75,3.75,3.75,3.75,3.75,3.75,3.75,3.75,3.75,3.75,3.75,3.75,4,3.75,3.75,0,0,0,0,3.75,3.75,0,100,0,0,3.75
2004-07-05,3.75,0,0,0,0,0,-6.25,3.75,3.75,3.75,3.75,3.75,3.75,3.75,3.75,3.75,3.75,3.75,3.75,4,3.75,3.75,0,0,0,0,3.75,3.75,0,100,0,0,3.75
2004-07-06,3.75,0,0,0,0,0,-6.25,3.75,3.75,3.75,3.75,3.75,3.75,3.75,3.75,3.75,3.75,3.75,3.75,4,3.75,3.75,0,0,0,0,3.75,3.75,0,100,0,0,3.75
2004-07-07,3.75,0,0,0,0,0,-6.25,3.75,3.75,3.75,3.75,3.75,3.75,3.75,3.75,3.75,3.75,3.75,3.75,3.75,3.75,3.75,0,0,0,0,3.75,3.75,0,100,0,0,3.75
2004-07-08,3.75,0,0,0,0,0,0,3.75,3.75,3.75,3.75,3.75,3.75,3.75,3.75,3.75,3.75,3.75,3.75,3.75,3.75,3.75,0,0,0,0,3.75,3.75,0,100,0,0,3.75
2004-07-09,3.75,0,0,0,0,0,0,3.75,3.75,3.75,3.75,3.75,3.75,3.75,3.75,3.75,3.75,3.75,3.75,3.75,3.75,3.75,0,0,0,0,3.75,3.75,0,100,0,0,3.75
2004-07-12,3.75,0,0,0,0,0,0,3.75,3.75,3.75,3.75,3.75,3.75,3.75,3.75,3.75,3.75,3.75,3.75,3.75,3.75,3.75,0,0,0,0,3.75,3.75,0,100,0,0,3.75
2004-07-13,3.75,0,0,0,0,0,0,3.75,3.75,3.75,3.75,3.75,3.75,3.75,3.75,3.75,3.75,3.75,3.75,3.75,3.75,3.75,0,0,0,0,3.75,3.75,0,100,0,0,3.75
2004-07-14,3.75,0,0,0,0,0,0,3.75,3.75,3.75,3.75,3.75,3.75,3.75,3.75,3.75,3.75,3.75,3.75,3.75,3.75,3.75,0,0,0,0,3.75,3.75,0,100,0,0,3.75
2004-07-15,3.75,0,0,0,0,0,0,3.75,3.75,3.75,3.75,3.75,3.75,3.75,3.75,3.75,3.75,3.75,3.75,3.75,3.75,3.75,0,0,0,0,3.75,3.75,0,100,0,0,3.75
2004-07-16,3.75,0,0,0,0,0,0,3.75,3.75,3.75,3.75,3.75,3.75,3.75,3.75,3.75,3.75,3.75,3.75,3.75,3.75,3.75,0,0,0,0,3.75,3.75,0,100,0,0,3.75
2004-07-19,3.75,0,0,0,0,0,0,3.75,3.75,3.75,3.75,3.75,3.75,3.75,3.75,3.75,3.75,3.75,3.75,3.75,3.75,3.75,0,0,0,0,3.75,3.75,0,100,0,0,3.75
2004-07-20,3.75,0,0,0,0,0,0,3.75,3.75,3.75,3.75,3.75,3.75,3.75,3.75,3.75,3.75,3.75,3.75,3.75,3.75,3.75,0,0,0,0,3.75,3.75,0,100,0,0,3.75
2004-07-21,3.75,0,0,0,0,0,0,3.75,3.75,3.75,3.75,3.75,3.75,3.75,3.75,3.75,3.75,3.75,3.75,3.75,3.75,3.75,0,0,0,0,3.75,3.75,0,100,0,0,3.75
2004-07-22,3.75,0,0,0,0,0,0,3.75,3.75,3.75,3.75,3.75,3.75,3.75,3.75,3.75,3.75,3.75,3.75,3.75,3.75,3.75,0,0,0,0,3.75,3.75,0,100,0,0,3.75
2004-07-23,3.75,0,0,0,0,0,0,3.75,3.75,3.75,3.75,3.75,3.75,3.75,3.75,3.75,3.75,3.75,3.75,3.75,3.75,3.75,0,0,0,0,3.75,3.75,0,100,0,0,3.75
2004-07-26,3.75,0,0,0,0,0,0,3.75,3.75,3.75,3.75,3.75,3.75,3.75,3.75,3.75,3.75,3.75,3.75,3.75,3.75,3.75,0,0,0,0,3.75,3.75,0,100,0,0,3.75
2004-07-27,3.75,0,0,0,0,0,0,3.75,3.75,3.75,3.75,3.75,3.75,3.75,3.75,3.75,3.75,3.75,3.75,3.75,3.75,3.75,0,0,0,0,3.75,3.75,0,100,0,0,3.75
2004-07-28,3.75,0,0,0,0,0,0,3.75,3.75,3.75,3.75,3.75,3.75,3.75,3.75,3.75,3.75,3.75,3.75,3.75,3.75,3.75,0,0,0,0,3.75,3.75,0,100,0,0,3.75
2004-07-29,3.75,0,0,0,0,0,0,3.75,3.75,3.75,3.75,3.75,3.75,3.75,3.75,3.75,3.75,3.75,3.75,3.75,3.75,3.75,0,0,0,0,3.75,3.75,0,100,0,0,3.75
2004-07-30,3.75,0,0,0,0,0,0,3.75,3.75,3.75,3.75,3.75,3.75,3.75,3.75,3.75,3.75,3.75,3.75,3.75,3.75,3.75,0,0,0,0,3.75,3.75,0,100,0,0,3.75
2004-08-02,3.75,0,0,0,0,0,0,3.75,3.75,3.75,3.75,3.75,3.75,3.75,3.75,3.75,3.75,3.75,3.75,3.75,3.75,3.75,0,0,0,0,3.75,3.75,0,100,0,0,3.75
2004-08-03,3.75,0,0,0,0,0,0,3.75,3.75,3.75,3.75,3.75,3.75,3.75,3.75,3.75,3.75,3.75,3.75,3.75,3.75,3.75,0,0,0,0,3.75,3.75,0,100,0,0,3.75
2004-08-04,3.75,0,0,0,0,0,0,3.75,3.75,3.75,3.75,3.75,3.75,3.75,3.75,3.75,3.75,3.75,3.75,3.75,3.75,3.75,0,0,0,0,3.75,3.75,0,100,0,0,3.75
2004-08-05,3.75,0,0,0,0,0,0,3.75,3.75,3.75,3.75,3.75,3.75,3.75,3.75,3.75,3.75,3.75,3.75,3.75,3.75,3.75,0,0,0,0,3.75,3.75,0,100,0,0,3.75
2004-08-06,3.75,0,0,0,0,0,0,3.75,3.75,3.75,3.75,3.75,3.75,3.75,3.75,3.75,3.75,3.75,3.75,3.75,3.75,3.75,0,0,0,0,3.75,3.75,0,100,0,0,3.75
2004-08-09,3.75,0,0,0,0,0,0,3.75,3.75,3.75,3.75,3.75,3.75,3.75,3.75,3.75,3.75,3.75,3.75,3.75,3.75,3.75,0,0,0,0,3.75,3.75,0,100,0,0,3.75
2004-08-10,3.75,0,0,0,0,0,0,3.75,3.75,3.75,3.75,3.75,3.75,3.75,3.75,3.75,3.75,3.75,3.75,3.75,3.75,3.75,0,0,0,0,3.75,3.75,0,100,0,0,3.75
2004-08-11,3.75,0,0,0,0,0,0,3.75,3.75,3.75,3.75,3.75,3.75,3.75,3.75,3.75,3.75,3.75,3.75,3.75,3.75,3.75,0,0,0,0,3.75,3.75,0,100,0,0,3.75
2004-08-12,3.5,-6.67,-6.67,-6.67,-6.67,-6.67,-6.67,3.75,3.5,3.7,3.75,3.5,3.74,3.75,3.5,3.75,3.75,3.5,3.75,3.75,3.5,3.75,0,-0.011217949,-0.001246439,-0.00997151,3.849303399,3.625696601,0,99.67497291,0.243926636,0.059827906,3.5
2004-08-13,3.5,0,-6.67,-6.67,-6.67,-6.67,-6.67,3.75,3.5,3.65,3.75,3.5,3.73,3.75,3.5,3.74,3.75,3.5,3.75,3.75,3.5,3.75,0,-0.022435897,-0.003739316,-0.018696581,3.878896753,3.571103247,0,99.35817288,0.243926636,0.082629129,3.5
2004-08-16,3.5,0,-6.67,-6.67,-6.67,-6.67,-6.67,3.75,3.5,3.6,3.75,3.5,3.71,3.75,3.5,3.74,3.75,3.5,3.74,3.75,3.5,3.75,0,-0.033653846,-0.007478632,-0.026175214,3.895673774,3.529326226,0,99.04952476,0.243926636,0.098679474,3.5
2004-08-17,3.5,0,-6.67,-6.67,-6.67,-6.67,-6.67,3.75,3.5,3.55,3.75,3.5,3.7,3.75,3.5,3.73,3.75,3.5,3.74,3.75,3.5,3.75,0,-0.044871795,-0.012464387,-0.032407407,3.90519567,3.49480433,0,98.74895746,0.243926636,0.110916579,3.5
2004-08-18,3.5,0,-6.67,-6.67,-6.67,-6.67,-6.67,3.5,3.5,3.5,3.75,3.5,3.69,3.75,3.5,3.73,3.75,3.5,3.74,3.75,3.5,3.75,0,-0.056089744,-0.018696581,-0.037393162,3.909630829,3.465369171,0,98.45640384,0.243926636,0.120477738,3.5
2004-08-19,3.5,0,0,-6.67,-6.67,-6.67,-6.67,3.5,3.5,3.5,3.75,3.5,3.68,3.75,3.5,3.73,3.75,3.5,3.74,3.75,3.5,3.74,0,-0.067307692,-0.026175214,-0.041132479,3.910081173,3.439918827,0,98.17180065,0.243926636,0.127935332,3.5
2004-08-20,3.5,0,0,-6.67,-6.67,-6.67,-6.67,3.5,3.5,3.5,3.75,3.5,3.66,3.75,3.5,3.72,3.75,3.5,3.74,3.75,3.5,3.74,0,-0.078525641,-0.034900285,-0.043625356,3.907180242,3.417819758,0,97.89508854,0.243926636,0.133613784,3.5
2004-08-23,3.5,0,0,-6.67,-6.67,-6.67,-6.67,3.5,3.5,3.5,3.75,3.5,3.65,3.75,3.5,3.72,3.75,3.5,3.73,3.75,3.5,3.74,0,-0.08974359,-0.044871795,-0.044871795,3.901312345,3.398687655,0,97.62621197,0.243926636,0.137705395,3.5
2004-08-24,3.5,0,0,-6.67,-6.67,-6.67,-6.67,3.5,3.5,3.5,3.75,3.5,3.64,3.75,3.5,3.72,3.75,3.5,3.73,3.75,3.5,3.74,0,-0.100961538,-0.056089744,-0.044871795,3.892708893,3.382291107,0,97.3651192,0.243926636,0.140321041,3.5
2004-08-25,3.5,0,0,-6.67,-6.67,-6.67,-6.67,3.5,3.5,3.5,3.75,3.5,3.63,3.75,3.5,3.71,3.75,3.5,3.73,3.75,3.5,3.74,0,-0.112179487,-0.067307692,-0.044871795,3.881494588,3.368505412,0,97.11176224,0.243926636,0.141514255,3.5
2004-08-26,3.5,0,0,-6.67,-6.67,-6.67,-6.67,3.5,3.5,3.5,3.75,3.5,3.61,3.75,3.5,3.71,3.75,3.5,3.73,3.75,3.5,3.74,0,-0.123397436,-0.078525641,-0.044871795,3.867708893,3.357291107,0,96.86609687,0.243926636,0.141292121,3.5
2004-08-27,3.5,0,0,-6.67,-6.67,-6.67,-6.67,3.5,3.5,3.5,3.75,3.5,3.6,3.75,3.5,3.7,3.75,3.5,3.73,3.75,3.5,3.74,0,-0.134615385,-0.08974359,-0.044871795,3.851312345,3.348687655,0,96.62808254,0.243926636,0.139617969,3.5
2004-08-30,3.5,0,0,-6.67,-6.67,-6.67,-6.67,3.5,3.5,3.5,3.75,3.5,3.59,3.75,3.5,3.7,3.75,3.5,3.73,3.75,3.5,3.74,0,-0.125,-0.098646724,-0.026353276,3.832180242,3.342819758,0,96.39768243,0.243926636,0.136407104,3.5
2004-08-31,3.5,0,0,-6.67,-6.67,-6.67,-6.67,3.5,3.5,3.5,3.75,3.5,3.58,3.75,3.5,3.7,3.75,3.5,3.72,3.75,3.5,3.74,0,-0.115384615,-0.105235043,-0.010149573,3.810081173,3.339918827,0,96.17486339,0.243926636,0.131513943,3.5
2004-09-01,3.5,0,0,-6.67,-6.67,-6.67,-6.67,3.5,3.5,3.5,3.75,3.5,3.56,3.75,3.5,3.69,3.75,3.5,3.72,3.75,3.5,3.74,0,-0.105769231,-0.109508547,0.003739316,3.784630829,3.340369171,0,95.95959596,0.243926636,0.124705027,3.5
2004-09-02,3.5,0,0,-6.67,-6.67,-6.67,-6.67,3.5,3.5,3.5,3.75,3.5,3.55,3.75,3.5,3.69,3.75,3.5,3.72,3.75,3.5,3.73,0,-0.096153846,-0.111467236,0.01531339,3.75519567,3.34480433,0,95.75185435,0.243926636,0.115603195,3.5
2004-09-03,3.5,0,0,-6.67,-6.67,-6.67,-6.67,3.5,3.5,3.5,3.75,3.5,3.54,3.75,3.5,3.68,3.75,3.5,3.72,3.75,3.5,3.73,0,-0.086538462,-0.111111111,0.02457265,3.720673774,3.354326226,0,95.55161644,0.243926636,0.103561144,3.5
2004-09-06,3.5,0,0,-6.67,-6.67,-6.67,-6.67,3.5,3.5,3.5,3.75,3.5,3.53,3.75,3.5,3.68,3.75,3.5,3.72,3.75,3.5,3.73,0,-0.076923077,-0.108440171,0.031517094,3.678896753,3.371103247,0,95.35886381,0.243926636,0.087317307,3.5
2004-09-07,3.5,0,0,-6.67,-6.67,-6.67,-6.67,3.5,3.5,3.5,3.75,3.5,3.51,3.75,3.5,3.68,3.75,3.5,3.71,3.75,3.5,3.73,0,-0.067307692,-0.103454416,0.036146724,3.624303399,3.400696601,0,95.17358171,0.243926636,0.063660298,3.5
2004-09-08,3.5,0,0,-6.67,-6.67,-6.67,-6.67,3.5,3.5,3.5,3.5,3.5,3.5,3.75,3.5,3.67,3.75,3.5,3.71,3.75,3.5,3.73,0,-0.057692308,-0.096153846,0.038461538,3.5,3.5,0,94.99575912,0.243926636,0,3.5
2004-09-09,3.5,0,0,0,-6.67,-6.67,-6.67,3.5,3.5,3.5,3.5,3.5,3.5,3.75,3.5,3.67,3.75,3.5,3.71,3.75,3.5,3.73,0,-0.048076923,-0.086538462,0.038461538,3.5,3.5,0,95.14909523,0,0,3.5
2004-09-10,3.5,0,0,0,-6.67,-6.67,-6.67,3.5,3.5,3.5,3.5,3.5,3.5,3.75,3.5,3.67,3.75,3.5,3.71,3.75,3.5,3.73,0,-0.038461538,-0.076923077,0.038461538,3.5,3.5,0,95.29481834,0,0,3.5
2004-09-13,3.5,0,0,0,-6.67,-6.67,-6.67,3.5,3.5,3.5,3.5,3.5,3.5,3.75,3.5,3.66,3.75,3.5,3.71,3.75,3.5,3.73,0,-0.028846154,-0.067307692,0.038461538,3.5,3.5,0,95.43285617,0,0,3.5
2004-09-14,3.5,0,0,0,-6.67,-6.67,-6.67,3.5,3.5,3.5,3.5,3.5,3.5,3.75,3.5,3.66,3.75,3.5,3.7,3.75,3.5,3.73,0,-0.019230769,-0.057692308,0.038461538,3.5,3.5,0,95.56313993,0,0,3.5
2004-09-15,3.5,0,0,0,-6.67,-6.67,-6.67,3.5,3.5,3.5,3.5,3.5,3.5,3.75,3.5,3.65,3.75,3.5,3.7,3.75,3.5,3.73,0,-0.009615385,-0.048076923,0.038461538,3.5,3.5,0,95.68560444,0,0,3.5
2004-09-16,3.5,0,0,0,-6.67,-6.67,-6.67,3.5,3.5,3.5,3.5,3.5,3.5,3.75,3.5,3.65,3.75,3.5,3.7,3.75,3.5,3.73,0,0,-0.038461538,0.038461538,3.5,3.5,0,95.80018818,0,0,3.5
2004-09-17,3.5,0,0,0,-6.67,-6.67,-6.67,3.5,3.5,3.5,3.5,3.5,3.5,3.75,3.5,3.65,3.75,3.5,3.7,3.75,3.5,3.72,0,0,-0.02991453,0.02991453,3.5,3.5,0,95.90683336,0,0,3.5
2004-09-20,3.5,0,0,0,-6.67,-6.67,-6.67,3.5,3.5,3.5,3.5,3.5,3.5,3.75,3.5,3.64,3.75,3.5,3.7,3.75,3.5,3.72,0,0,-0.022435897,0.022435897,3.5,3.5,0,96.00548603,0,0,3.5
2004-09-21,3.5,0,0,0,-6.67,-6.67,-6.67,3.5,3.5,3.5,3.5,3.5,3.5,3.75,3.5,3.64,3.75,3.5,3.69,3.75,3.5,3.72,0,0,-0.016025641,0.016025641,3.5,3.5,0,96.0960961,0,0,3.5
2004-09-22,3.5,0,0,0,-6.67,-6.67,-6.67,3.5,3.5,3.5,3.5,3.5,3.5,3.75,3.5,3.63,3.75,3.5,3.69,3.75,3.5,3.72,0,0,-0.010683761,0.010683761,3.5,3.5,0,96.17861743,0,0,3.5
2004-09-23,3.5,0,0,0,-6.67,-6.67,-6.67,3.5,3.5,3.5,3.5,3.5,3.5,3.75,3.5,3.63,3.75,3.5,3.69,3.75,3.5,3.72,0,0,-0.006410256,0.006410256,3.5,3.5,0,96.25300791,0,0,3.5
2004-09-24,3.5,0,0,0,-6.67,-6.67,-6.67,3.5,3.5,3.5,3.5,3.5,3.5,3.75,3.5,3.63,3.75,3.5,3.69,3.75,3.5,3.72,0,0,-0.003205128,0.003205128,3.5,3.5,0,96.31922945,0,0,3.5
2004-09-27,3.5,0,0,0,-6.67,-6.67,-6.67,3.5,3.5,3.5,3.5,3.5,3.5,3.75,3.5,3.62,3.75,3.5,3.69,3.75,3.5,3.72,0,0,-0.001068376,0.001068376,3.5,3.5,0,96.37724809,0,0,3.5
2004-09-28,3.5,0,0,0,-6.67,-6.67,-6.67,3.5,3.5,3.5,3.5,3.5,3.5,3.75,3.5,3.62,3.75,3.5,3.68,3.75,3.5,3.72,0,0,0,0,3.5,3.5,0,96.42703401,0,0,3.5
2004-09-29,3.5,0,0,0,-6.67,-6.67,-6.67,3.5,3.5,3.5,3.5,3.5,3.5,3.75,3.5,3.62,3.75,3.5,3.68,3.75,3.5,3.72,0,0,0,0,3.5,3.5,0,96.46856158,0,0,3.5
2004-09-30,3.5,0,0,0,-6.67,-6.67,-6.67,3.5,3.5,3.5,3.5,3.5,3.5,3.75,3.5,3.61,3.75,3.5,3.68,3.75,3.5,3.72,0,0,0,0,3.5,3.5,0,96.50180941,0,0,3.5
2004-10-01,3.5,0,0,0,-6.67,-6.67,-6.67,3.5,3.5,3.5,3.5,3.5,3.5,3.75,3.5,3.61,3.75,3.5,3.68,3.75,3.5,3.71,0,0,0,0,3.5,3.5,0,96.52676032,0,0,3.5
2004-10-04,3.5,0,0,0,-6.67,-6.67,-6.67,3.5,3.5,3.5,3.5,3.5,3.5,3.75,3.5,3.6,3.75,3.5,3.68,3.75,3.5,3.71,0,0,0,0,3.5,3.5,0,96.54340143,0,0,3.5
2004-10-05,3.5,0,0,0,-6.67,-6.67,-6.67,3.5,3.5,3.5,3.5,3.5,3.5,3.75,3.5,3.6,3.75,3.5,3.68,3.75,3.5,3.71,0,0,0,0,3.5,3.5,0,96.55172414,0,0,3.5
2004-10-06,3.5,0,0,0,-6.67,-6.67,-6.67,3.5,3.5,3.5,3.5,3.5,3.5,3.75,3.5,3.6,3.75,3.5,3.67,3.75,3.5,3.71,0,0,0,0,3.5,3.5,0,96.55172414,0,0,3.5
2004-10-07,3.5,0,0,0,-6.67,-6.67,-6.67,3.5,3.5,3.5,3.5,3.5,3.5,3.75,3.5,3.59,3.75,3.5,3.67,3.75,3.5,3.71,0,0,0,0,3.5,3.5,0,96.55172414,0,0,3.5
2004-10-08,3.5,0,0,0,-6.67,-6.67,-6.67,3.5,3.5,3.5,3.5,3.5,3.5,3.75,3.5,3.59,3.75,3.5,3.67,3.75,3.5,3.71,0,0,0,0,3.5,3.5,0,96.55172414,0,0,3.5
2004-10-11,3.5,0,0,0,-6.67,-6.67,-6.67,3.5,3.5,3.5,3.5,3.5,3.5,3.75,3.5,3.58,3.75,3.5,3.67,3.75,3.5,3.71,0,0,0,0,3.5,3.5,0,96.55172414,0,0,3.5
2004-10-12,3.5,0,0,0,-6.67,-6.67,-6.67,3.5,3.5,3.5,3.5,3.5,3.5,3.75,3.5,3.58,3.75,3.5,3.67,3.75,3.5,3.71,0,0,0,0,3.5,3.5,0,96.55172414,0,0,3.5
2004-10-13,3.5,0,0,0,-6.67,-6.67,-6.67,3.5,3.5,3.5,3.5,3.5,3.5,3.75,3.5,3.58,3.75,3.5,3.66,3.75,3.5,3.71,0,0,0,0,3.5,3.5,0,96.55172414,0,0,3.5
2004-10-14,3.5,0,0,0,-6.67,-6.67,-6.67,3.5,3.5,3.5,3.5,3.5,3.5,3.75,3.5,3.57,3.75,3.5,3.66,3.75,3.5,3.71,0,0,0,0,3.5,3.5,0,96.55172414,0,0,3.5
2004-10-15,3.5,0,0,0,-6.67,-6.67,-6.67,3.5,3.5,3.5,3.5,3.5,3.5,3.75,3.5,3.57,3.75,3.5,3.66,3.75,3.5,3.7,0,0,0,0,3.5,3.5,0,96.55172414,0,0,3.5
2004-10-18,3.5,0,0,0,-6.67,-6.67,-6.67,3.5,3.5,3.5,3.5,3.5,3.5,3.75,3.5,3.57,3.75,3.5,3.66,3.75,3.5,3.7,0,0,0,0,3.5,3.5,0,96.55172414,0,0,3.5
2004-10-19,3.5,0,0,0,-6.67,-6.67,-6.67,3.5,3.5,3.5,3.5,3.5,3.5,3.75,3.5,3.56,3.75,3.5,3.66,3.75,3.5,3.7,0,0,0,0,3.5,3.5,0,96.55172414,0,0,3.5
2004-10-20,3.5,0,0,0,-6.67,-6.67,-6.67,3.5,3.5,3.5,3.5,3.5,3.5,3.75,3.5,3.56,3.75,3.5,3.65,3.75,3.5,3.7,0,0,0,0,3.5,3.5,0,96.55172414,0,0,3.5
2004-10-21,3.5,0,0,0,-6.67,-6.67,-6.67,3.5,3.5,3.5,3.5,3.5,3.5,3.75,3.5,3.55,3.75,3.5,3.65,3.75,3.5,3.7,0,0,0,0,3.5,3.5,0,96.55172414,0,0,3.5
2004-10-22,3.5,0,0,0,-6.67,-6.67,-6.67,3.5,3.5,3.5,3.5,3.5,3.5,3.75,3.5,3.55,3.75,3.5,3.65,3.75,3.5,3.7,0,0,0,0,3.5,3.5,0,96.55172414,0,0,3.5
2004-10-25,3.5,0,0,0,-6.67,-6.67,-6.67,3.5,3.5,3.5,3.5,3.5,3.5,3.75,3.5,3.55,3.75,3.5,3.65,3.75,3.5,3.7,0,0,0,0,3.5,3.5,0,96.55172414,0,0,3.5
2004-10-26,3.5,0,0,0,-6.67,-6.67,-6.67,3.5,3.5,3.5,3.5,3.5,3.5,3.75,3.5,3.54,3.75,3.5,3.65,3.75,3.5,3.7,0,0,0,0,3.5,3.5,0,96.55172414,0,0,3.5
2004-10-27,3.5,0,0,0,-6.67,-6.67,-6.67,3.5,3.5,3.5,3.5,3.5,3.5,3.75,3.5,3.54,3.75,3.5,3.64,3.75,3.5,3.7,0,0,0,0,3.5,3.5,0,96.55172414,0,0,3.5
2004-10-28,3.5,0,0,0,-6.67,-6.67,-6.67,3.5,3.5,3.5,3.5,3.5,3.5,3.75,3.5,3.53,3.75,3.5,3.64,3.75,3.5,3.7,0,0,0,0,3.5,3.5,0,96.55172414,0,0,3.5
2004-10-29,3.5,0,0,0,-6.67,-6.67,-6.67,3.5,3.5,3.5,3.5,3.5,3.5,3.75,3.5,3.53,3.75,3.5,3.64,3.75,3.5,3.7,0,0,0,0,3.5,3.5,0,96.55172414,0,0,3.5
2004-11-01,3.5,0,0,0,-6.67,-6.67,-6.67,3.5,3.5,3.5,3.5,3.5,3.5,3.75,3.5,3.53,3.75,3.5,3.64,3.75,3.5,3.69,0,0,0,0,3.5,3.5,0,96.55172414,0,0,3.5
2004-11-02,3.5,0,0,0,-6.67,-6.67,-6.67,3.5,3.5,3.5,3.5,3.5,3.5,3.75,3.5,3.52,3.75,3.5,3.64,3.75,3.5,3.69,0,0,0,0,3.5,3.5,0,96.55172414,0,0,3.5
2004-11-03,3.5,0,0,0,-6.67,-6.67,-6.67,3.5,3.5,3.5,3.5,3.5,3.5,3.75,3.5,3.52,3.75,3.5,3.63,3.75,3.5,3.69,0,0,0,0,3.5,3.5,0,96.55172414,0,0,3.5
2004-11-04,3.5,0,0,0,-6.67,-6.67,-6.67,3.5,3.5,3.5,3.5,3.5,3.5,3.75,3.5,3.52,3.75,3.5,3.63,3.75,3.5,3.69,0,0,0,0,3.5,3.5,0,96.55172414,0,0,3.5
2004-11-05,3.5,0,0,0,-6.67,-6.67,-6.67,3.5,3.5,3.5,3.5,3.5,3.5,3.75,3.5,3.51,3.75,3.5,3.63,3.75,3.5,3.69,0,0,0,0,3.5,3.5,0,96.55172414,0,0,3.5
2004-11-08,3.5,0,0,0,-6.67,-6.67,-6.67,3.5,3.5,3.5,3.5,3.5,3.5,3.75,3.5,3.51,3.75,3.5,3.63,3.75,3.5,3.69,0,0,0,0,3.5,3.5,0,96.55172414,0,0,3.5
2004-11-09,3.5,0,0,0,-6.67,-6.67,-6.67,3.5,3.5,3.5,3.5,3.5,3.5,3.75,3.5,3.5,3.75,3.5,3.63,3.75,3.5,3.69,0,0,0,0,3.5,3.5,0,96.55172414,0,0,3.5
2004-11-10,3.5,0,0,0,-6.67,-6.67,-6.67,3.5,3.5,3.5,3.5,3.5,3.5,3.5,3.5,3.5,3.75,3.5,3.63,3.75,3.5,3.69,0,0,0,0,3.5,3.5,0,96.71848014,0,0,3.5
2004-11-11,3.25,-7.14,-7.14,-7.14,-7.14,-13.33,-13.33,3.5,3.25,3.45,3.5,3.25,3.49,3.5,3.25,3.5,3.75,3.25,3.62,3.75,3.25,3.69,0,-0.011217949,-0.001246439,-0.00997151,3.599303399,3.375696601,0,96.5481443,0.262011248,0.064116645,3.25
2004-11-12,3.25,0,-7.14,-7.14,-7.14,-13.33,-13.33,3.5,3.25,3.4,3.5,3.25,3.48,3.5,3.25,3.49,3.75,3.25,3.62,3.75,3.25,3.68,0,-0.022435897,-0.003739316,-0.018696581,3.628896753,3.321103247,0,96.38554217,0.262011248,0.088573671,3.25
2004-11-15,3.25,0,-7.14,-7.14,-7.14,-13.33,-13.33,3.5,3.25,3.35,3.5,3.25,3.46,3.5,3.25,3.49,3.75,3.25,3.61,3.75,3.25,3.68,0,-0.033653846,-0.007478632,-0.026175214,3.645673774,3.279326226,0,96.2306757,0.262011248,0.105804346,3.25
2004-11-16,3.25,0,-7.14,-7.14,-7.14,-13.33,-13.33,3.5,3.25,3.3,3.5,3.25,3.45,3.5,3.25,3.48,3.75,3.25,3.61,3.75,3.25,3.68,0,-0.044871795,-0.012464387,-0.032407407,3.65519567,3.24480433,0,96.08355091,0.262011248,0.118954012,3.25
2004-11-17,3.25,0,-7.14,-7.14,-7.14,-13.33,-13.33,3.25,3.25,3.25,3.5,3.25,3.44,3.5,3.25,3.48,3.75,3.25,3.61,3.75,3.25,3.68,0,-0.056089744,-0.018696581,-0.037393162,3.659630829,3.215369171,0,95.94417793,0.262011248,0.129239755,3.25
2004-11-18,3.25,0,0,-7.14,-7.14,-13.33,-13.33,3.25,3.25,3.25,3.5,3.25,3.43,3.5,3.25,3.48,3.75,3.25,3.6,3.75,3.25,3.68,0,-0.067307692,-0.026175214,-0.041132479,3.660081173,3.189918827,0,95.81257103,0.262011248,0.137273678,3.25
2004-11-19,3.25,0,0,-7.14,-7.14,-13.33,-13.33,3.25,3.25,3.25,3.5,3.25,3.41,3.5,3.25,3.47,3.75,3.25,3.6,3.75,3.25,3.67,0,-0.078525641,-0.034900285,-0.043625356,3.657180242,3.167819758,0,95.68874869,0.262011248,0.14340234,3.25
2004-11-22,3.25,0,0,-7.14,-7.14,-13.33,-13.33,3.25,3.25,3.25,3.5,3.25,3.4,3.5,3.25,3.47,3.75,3.25,3.59,3.75,3.25,3.67,0,-0.08974359,-0.044871795,-0.044871795,3.651312345,3.148687655,0,95.57273366,0.262011248,0.147830791,3.25
2004-11-23,3.25,0,0,-7.14,-7.14,-13.33,-13.33,3.25,3.25,3.25,3.5,3.25,3.39,3.5,3.25,3.47,3.75,3.25,3.59,3.75,3.25,3.67,0,-0.100961538,-0.056089744,-0.044871795,3.642708893,3.132291107,0,95.46455306,0.262011248,0.150676837,3.25
2004-11-24,3.25,0,0,-7.14,-7.14,-13.33,-13.33,3.25,3.25,3.25,3.5,3.25,3.38,3.5,3.25,3.46,3.75,3.25,3.59,3.75,3.25,3.67,0,-0.112179487,-0.067307692,-0.044871795,3.631494588,3.118505412,0,95.36423841,0.262011248,0.151996793,3.25
2004-11-25,3.25,0,0,-7.14,-7.14,-13.33,-13.33,3.25,3.25,3.25,3.5,3.25,3.36,3.5,3.25,3.46,3.75,3.25,3.58,3.75,3.25,3.67,0,-0.123397436,-0.078525641,-0.044871795,3.617708893,3.107291107,0,95.27182575,0.262011248,0.151797111,3.25
2004-11-26,3.25,0,0,-7.14,-7.14,-13.33,-13.33,3.25,3.25,3.25,3.5,3.25,3.35,3.5,3.25,3.45,3.75,3.25,3.58,3.75,3.25,3.66,0,-0.134615385,-0.08974359,-0.044871795,3.601312345,3.098687655,0,95.18735571,0.262011248,0.150037221,3.25
2004-11-29,3.25,0,0,-7.14,-7.14,-13.33,-13.33,3.25,3.25,3.25,3.5,3.25,3.34,3.5,3.25,3.45,3.75,3.25,3.58,3.75,3.25,3.66,0,-0.125,-0.098646724,-0.026353276,3.582180242,3.092819758,0,95.11087363,0.262011248,0.146624864,3.25
2004-11-30,3.25,0,0,-7.14,-7.14,-13.33,-13.33,3.25,3.25,3.25,3.5,3.25,3.33,3.5,3.25,3.45,3.75,3.25,3.57,3.75,3.25,3.66,0,-0.115384615,-0.105235043,-0.010149573,3.560081173,3.089918827,0,95.04242966,0.262011248,0.141402209,3.25
2004-12-01,3.25,0,0,-7.14,-7.14,-13.33,-13.33,3.25,3.25,3.25,3.5,3.25,3.31,3.5,3.25,3.44,3.75,3.25,3.57,3.75,3.25,3.66,0,-0.105769231,-0.109508547,0.003739316,3.534630829,3.090369171,0,94.98207885,0.262011248,0.134116727,3.25
2004-12-02,3.25,0,0,-7.14,-7.14,-13.33,-13.33,3.25,3.25,3.25,3.5,3.25,3.3,3.5,3.25,3.44,3.75,3.25,3.56,3.75,3.25,3.66,0,-0.096153846,-0.111467236,0.01531339,3.50519567,3.09480433,0,94.92988134,0.262011248,0.124361012,3.25
2004-12-03,3.25,0,0,-7.14,-7.14,-13.33,-13.33,3.25,3.25,3.25,3.5,3.25,3.29,3.5,3.25,3.43,3.75,3.25,3.56,3.75,3.25,3.65,0,-0.086538462,-0.111111111,0.02457265,3.470673774,3.104326226,0,94.88590241,0.262011248,0.111436517,3.25
2004-12-06,3.25,0,0,-7.14,-7.14,-13.33,-13.33,3.25,3.25,3.25,3.5,3.25,3.28,3.5,3.25,3.43,3.75,3.25,3.56,3.75,3.25,3.65,0,-0.076923077,-0.108440171,0.031517094,3.428896753,3.121103247,0,94.85021269,0.262011248,0.09398275,3.25
2004-12-07,3.25,0,0,-7.14,-7.14,-13.33,-13.33,3.25,3.25,3.25,3.5,3.25,3.26,3.5,3.25,3.43,3.75,3.25,3.55,3.75,3.25,3.65,0,-0.067307692,-0.103454416,0.036146724,3.374303399,3.150696601,0,94.82288828,0.262011248,0.068538482,3.25
2004-12-08,3.25,0,0,-7.14,-7.14,-13.33,-13.33,3.25,3.25,3.25,3.25,3.25,3.25,3.5,3.25,3.42,3.75,3.25,3.55,3.75,3.25,3.65,0,-0.057692308,-0.096153846,0.038461538,3.25,3.25,0,94.63148317,0.262011248,0,3.25
2004-12-09,3.25,0,0,0,-7.14,-13.33,-13.33,3.25,3.25,3.25,3.25,3.25,3.25,3.5,3.25,3.42,3.75,3.25,3.54,3.75,3.25,3.65,0,-0.048076923,-0.086538462,0.038461538,3.25,3.25,0,94.79536961,0,0,3.25
2004-12-10,3.25,0,0,0,-7.14,-13.33,-13.33,3.25,3.25,3.25,3.25,3.25,3.25,3.5,3.25,3.42,3.75,3.25,3.54,3.75,3.25,3.65,0,-0.038461538,-0.076923077,0.038461538,3.25,3.25,0,94.95115493,0,0,3.25
2004-12-13,3.25,0,0,0,-7.14,-13.33,-13.33,3.25,3.25,3.25,3.25,3.25,3.25,3.5,3.25,3.41,3.75,3.25,3.54,3.75,3.25,3.64,0,-0.028846154,-0.067307692,0.038461538,3.25,3.25,0,95.0987564,0,0,3.25
2004-12-14,3.25,0,0,0,-7.14,-13.33,-13.33,3.25,3.25,3.25,3.25,3.25,3.25,3.5,3.25,3.41,3.75,3.25,3.53,3.75,3.25,3.64,0,-0.019230769,-0.057692308,0.038461538,3.25,3.25,0,95.23809524,0,0,3.25
2004-12-15,3.25,0,0,0,-7.14,-13.33,-13.33,3.25,3.25,3.25,3.25,3.25,3.25,3.5,3.25,3.4,3.75,3.25,3.53,3.75,3.25,3.64,0,-0.009615385,-0.048076923,0.038461538,3.25,3.25,0,95.36909674,0,0,3.25
2004-12-16,3.25,0,0,0,-7.14,-13.33,-13.33,3.25,3.25,3.25,3.25,3.25,3.25,3.5,3.25,3.4,3.75,3.25,3.53,3.75,3.25,3.64,0,0,-0.038461538,0.038461538,3.25,3.25,0,95.49169039,0,0,3.25
2004-12-17,3.25,0,0,0,-7.14,-13.33,-13.33,3.25,3.25,3.25,3.25,3.25,3.25,3.5,3.25,3.4,3.75,3.25,3.52,3.75,3.25,3.64,0,0,-0.02991453,0.02991453,3.25,3.25,0,95.60580989,0,0,3.25
2004-12-20,3.25,0,0,0,-7.14,-13.33,-13.33,3.25,3.25,3.25,3.25,3.25,3.25,3.5,3.25,3.39,3.75,3.25,3.52,3.75,3.25,3.63,0,0,-0.022435897,0.022435897,3.25,3.25,0,95.71139334,0,0,3.25
2004-12-21,3.25,0,0,0,-7.14,-13.33,-13.33,3.25,3.25,3.25,3.25,3.25,3.25,3.5,3.25,3.39,3.75,3.25,3.51,3.75,3.25,3.63,0,0,-0.016025641,0.016025641,3.25,3.25,0,95.80838323,0,0,3.25
2004-12-22,3.25,0,0,0,-7.14,-13.33,-13.33,3.25,3.25,3.25,3.25,3.25,3.25,3.5,3.25,3.38,3.75,3.25,3.51,3.75,3.25,3.63,0,0,-0.010683761,0.010683761,3.25,3.25,0,95.8967266,0,0,3.25
2004-12-23,3.25,0,0,0,-7.14,-13.33,-13.33,3.25,3.25,3.25,3.25,3.25,3.25,3.5,3.25,3.38,3.75,3.25,3.51,3.75,3.25,3.63,0,0,-0.006410256,0.006410256,3.25,3.25,0,95.97637505,0,0,3.25
2004-12-24,3.25,0,0,0,-7.14,-13.33,-13.33,3.25,3.25,3.25,3.25,3.25,3.25,3.5,3.25,3.38,3.75,3.25,3.5,3.75,3.25,3.63,0,0,-0.003205128,0.003205128,3.25,3.25,0,96.04728482,0,0,3.25
2004-12-27,3.25,0,0,0,-7.14,-13.33,-13.33,3.25,3.25,3.25,3.25,3.25,3.25,3.5,3.25,3.37,3.75,3.25,3.5,3.75,3.25,3.62,0,0,-0.001068376,0.001068376,3.25,3.25,0,96.10941687,0,0,3.25
2004-12-28,3.25,0,0,0,-7.14,-13.33,-13.33,3.25,3.25,3.25,3.25,3.25,3.25,3.5,3.25,3.37,3.75,3.25,3.49,3.75,3.25,3.62,0,0,0,0,3.25,3.25,0,96.16273694,0,0,3.25
2004-12-29,3.25,0,0,0,-7.14,-13.33,-13.33,3.25,3.25,3.25,3.25,3.25,3.25,3.5,3.25,3.37,3.75,3.25,3.49,3.75,3.25,3.62,0,0,0,0,3.25,3.25,0,96.20721554,0,0,3.25
2004-12-30,3.25,0,0,0,-7.14,-13.33,-13.33,3.25,3.25,3.25,3.25,3.25,3.25,3.5,3.25,3.36,3.75,3.25,3.49,3.75,3.25,3.62,0,0,0,0,3.25,3.25,0,96.24282806,0,0,3.25
2004-12-31,3.25,0,0,0,-7.14,-13.33,-13.33,3.25,3.25,3.25,3.25,3.25,3.25,3.5,3.25,3.36,3.75,3.25,3.48,3.75,3.25,3.62,0,0,0,0,3.25,3.25,0,96.26955475,0,0,3.25
2005-01-03,3.25,0,0,0,-7.14,-13.33,-13.33,3.25,3.25,3.25,3.25,3.25,3.25,3.5,3.25,3.35,3.75,3.25,3.48,3.75,3.25,3.61,0,0,0,0,3.25,3.25,0,96.2873808,0,0,3.25
2005-01-04,3.25,0,0,0,-7.14,-13.33,-13.33,3.25,3.25,3.25,3.25,3.25,3.25,3.5,3.25,3.35,3.75,3.25,3.48,3.75,3.25,3.61,0,0,0,0,3.25,3.25,0,96.2962963,0,0,3.25
2005-01-05,3.25,0,0,0,-7.14,-13.33,-13.33,3.25,3.25,3.25,3.25,3.25,3.25,3.5,3.25,3.35,3.75,3.25,3.47,3.75,3.25,3.61,0,0,0,0,3.25,3.25,0,96.2962963,0,0,3.25
2005-01-06,3.25,0,0,0,-7.14,-13.33,-13.33,3.25,3.25,3.25,3.25,3.25,3.25,3.5,3.25,3.34,3.75,3.25,3.47,3.75,3.25,3.61,0,0,0,0,3.25,3.25,0,96.2962963,0,0,3.25
2005-01-07,3.25,0,0,0,-7.14,-13.33,-13.33,3.25,3.25,3.25,3.25,3.25,3.25,3.5,3.25,3.34,3.75,3.25,3.46,3.75,3.25,3.61,0,0,0,0,3.25,3.25,0,96.2962963,0,0,3.25
2005-01-10,3.25,0,0,0,-7.14,-13.33,-13.33,3.25,3.25,3.25,3.25,3.25,3.25,3.5,3.25,3.33,3.75,3.25,3.46,3.75,3.25,3.6,0,0,0,0,3.25,3.25,0,96.2962963,0,0,3.25
2005-01-11,3.25,0,0,0,-7.14,-13.33,-13.33,3.25,3.25,3.25,3.25,3.25,3.25,3.5,3.25,3.33,3.75,3.25,3.46,3.75,3.25,3.6,0,0,0,0,3.25,3.25,0,96.2962963,0,0,3.25
2005-01-12,3.25,0,0,0,-7.14,-13.33,-13.33,3.25,3.25,3.25,3.25,3.25,3.25,3.5,3.25,3.33,3.75,3.25,3.45,3.75,3.25,3.6,0,0,0,0,3.25,3.25,0,96.2962963,0,0,3.25
2005-01-13,3.25,0,0,0,-7.14,-13.33,-13.33,3.25,3.25,3.25,3.25,3.25,3.25,3.5,3.25,3.32,3.75,3.25,3.45,3.75,3.25,3.6,0,0,0,0,3.25,3.25,0,96.2962963,0,0,3.25
2005-01-14,3.25,0,0,0,-7.14,-13.33,-13.33,3.25,3.25,3.25,3.25,3.25,3.25,3.5,3.25,3.32,3.75,3.25,3.44,3.75,3.25,3.6,0,0,0,0,3.25,3.25,0,96.2962963,0,0,3.25
2005-01-17,3.25,0,0,0,-7.14,-13.33,-13.33,3.25,3.25,3.25,3.25,3.25,3.25,3.5,3.25,3.32,3.75,3.25,3.44,3.75,3.25,3.6,0,0,0,0,3.25,3.25,0,96.2962963,0,0,3.25
2005-01-18,3.25,0,0,0,-7.14,-13.33,-13.33,3.25,3.25,3.25,3.25,3.25,3.25,3.5,3.25,3.31,3.75,3.25,3.44,3.75,3.25,3.59,0,0,0,0,3.25,3.25,0,96.2962963,0,0,3.25
2005-01-19,3.25,0,0,0,-7.14,-13.33,-13.33,3.25,3.25,3.25,3.25,3.25,3.25,3.5,3.25,3.31,3.75,3.25,3.43,3.75,3.25,3.59,0,0,0,0,3.25,3.25,0,96.2962963,0,0,3.25
2005-01-20,3.25,0,0,0,-7.14,-13.33,-13.33,3.25,3.25,3.25,3.25,3.25,3.25,3.5,3.25,3.3,3.75,3.25,3.43,3.75,3.25,3.59,0,0,0,0,3.25,3.25,0,96.2962963,0,0,3.25
2005-01-21,3.25,0,0,0,-7.14,-13.33,-13.33,3.25,3.25,3.25,3.25,3.25,3.25,3.5,3.25,3.3,3.75,3.25,3.43,3.75,3.25,3.59,0,0,0,0,3.25,3.25,0,96.2962963,0,0,3.25
2005-01-24,3.25,0,0,0,-7.14,-13.33,-13.33,3.25,3.25,3.25,3.25,3.25,3.25,3.5,3.25,3.3,3.75,3.25,3.42,3.75,3.25,3.59,0,0,0,0,3.25,3.25,0,96.2962963,0,0,3.25
2005-01-25,3.25,0,0,0,-7.14,-13.33,-13.33,3.25,3.25,3.25,3.25,3.25,3.25,3.5,3.25,3.29,3.75,3.25,3.42,3.75,3.25,3.58,0,0,0,0,3.25,3.25,0,96.2962963,0,0,3.25
2005-01-26,3.25,0,0,0,-7.14,-13.33,-13.33,3.25,3.25,3.25,3.25,3.25,3.25,3.5,3.25,3.29,3.75,3.25,3.41,3.75,3.25,3.58,0,0,0,0,3.25,3.25,0,96.2962963,0,0,3.25
2005-01-27,3.25,0,0,0,-7.14,-13.33,-13.33,3.25,3.25,3.25,3.25,3.25,3.25,3.5,3.25,3.28,3.75,3.25,3.41,3.75,3.25,3.58,0,0,0,0,3.25,3.25,0,96.2962963,0,0,3.25
2005-01-28,3.25,0,0,0,-7.14,-13.33,-13.33,3.25,3.25,3.25,3.25,3.25,3.25,3.5,3.25,3.28,3.75,3.25,3.41,3.75,3.25,3.58,0,0,0,0,3.25,3.25,0,96.2962963,0,0,3.25
2005-01-31,3.25,0,0,0,-7.14,-13.33,-13.33,3.25,3.25,3.25,3.25,3.25,3.25,3.5,3.25,3.28,3.75,3.25,3.4,3.75,3.25,3.58,0,0,0,0,3.25,3.25,0,96.2962963,0,0,3.25
2005-02-01,3.25,0,0,0,-7.14,-13.33,-13.33,3.25,3.25,3.25,3.25,3.25,3.25,3.5,3.25,3.27,3.75,3.25,3.4,3.75,3.25,3.57,0,0,0,0,3.25,3.25,0,96.2962963,0,0,3.25
2005-02-02,3.25,0,0,0,-7.14,-13.33,-13.33,3.25,3.25,3.25,3.25,3.25,3.25,3.5,3.25,3.27,3.75,3.25,3.39,3.75,3.25,3.57,0,0,0,0,3.25,3.25,0,96.2962963,0,0,3.25
2005-02-03,3.25,0,0,0,-7.14,-13.33,-13.33,3.25,3.25,3.25,3.25,3.25,3.25,3.5,3.25,3.27,3.75,3.25,3.39,3.75,3.25,3.57,0,0,0,0,3.25,3.25,0,96.2962963,0,0,3.25
2005-02-04,3.25,0,0,0,-7.14,-13.33,-13.33,3.25,3.25,3.25,3.25,3.25,3.25,3.5,3.25,3.26,3.75,3.25,3.39,3.75,3.25,3.57,0,0,0,0,3.25,3.25,0,96.2962963,0,0,3.25
2005-02-07,3.25,0,0,0,-7.14,-13.33,-13.33,3.25,3.25,3.25,3.25,3.25,3.25,3.5,3.25,3.26,3.75,3.25,3.38,3.75,3.25,3.57,0,0,0,0,3.25,3.25,0,96.2962963,0,0,3.25
2005-02-08,3.25,0,0,0,-7.14,-13.33,-13.33,3.25,3.25,3.25,3.25,3.25,3.25,3.5,3.25,3.25,3.75,3.25,3.38,3.75,3.25,3.56,0,0,0,0,3.25,3.25,0,96.2962963,0,0,3.25
2005-02-09,3.25,0,0,0,-7.14,-13.33,-13.33,3.25,3.25,3.25,3.25,3.25,3.25,3.25,3.25,3.25,3.5,3.25,3.38,3.75,3.25,3.56,0,0,0,0,3.25,3.25,0,96.47495362,0,0,3.25
2005-02-10,3.25,0,0,0,0,-7.14,-13.33,3.25,3.25,3.25,3.25,3.25,3.25,3.25,3.25,3.25,3.5,3.25,3.37,3.75,3.25,3.56,0,0,0,0,3.25,3.25,0,96.65427509,0,0,3.25
2005-02-11,3.25,0,0,0,0,-7.14,-13.33,3.25,3.25,3.25,3.25,3.25,3.25,3.25,3.25,3.25,3.5,3.25,3.37,3.75,3.25,3.56,0,0,0,0,3.25,3.25,0,96.83426443,0,0,3.25
2005-02-14,3.25,0,0,0,0,-7.14,-13.33,3.25,3.25,3.25,3.25,3.25,3.25,3.25,3.25,3.25,3.5,3.25,3.37,3.75,3.25,3.56,0,0,0,0,3.25,3.25,0,97.01492537,0,0,3.25
2005-02-15,3.25,0,0,0,0,-7.14,-13.33,3.25,3.25,3.25,3.25,3.25,3.25,3.25,3.25,3.25,3.5,3.25,3.37,3.75,3.25,3.55,0,0,0,0,3.25,3.25,0,97.19626168,0,0,3.25
2005-02-16,3.25,0,0,0,0,-7.14,-13.33,3.25,3.25,3.25,3.25,3.25,3.25,3.25,3.25,3.25,3.5,3.25,3.37,3.75,3.25,3.55,0,0,0,0,3.25,3.25,0,97.37827715,0,0,3.25
2005-02-17,3.25,0,0,0,0,-7.14,-13.33,3.25,3.25,3.25,3.25,3.25,3.25,3.25,3.25,3.25,3.5,3.25,3.36,3.75,3.25,3.55,0,0,0,0,3.25,3.25,0,97.56097561,0,0,3.25
2005-02-18,3.25,0,0,0,0,-7.14,-13.33,3.25,3.25,3.25,3.25,3.25,3.25,3.25,3.25,3.25,3.5,3.25,3.36,3.75,3.25,3.55,0,0,0,0,3.25,3.25,0,97.7443609,0,0,3.25
2005-02-21,3.25,0,0,0,0,-7.14,-13.33,3.25,3.25,3.25,3.25,3.25,3.25,3.25,3.25,3.25,3.5,3.25,3.36,3.75,3.25,3.55,0,0,0,0,3.25,3.25,0,97.92843691,0,0,3.25
2005-02-22,3.25,0,0,0,0,-7.14,-13.33,3.25,3.25,3.25,3.25,3.25,3.25,3.25,3.25,3.25,3.5,3.25,3.36,3.75,3.25,3.55,0,0,0,0,3.25,3.25,0,98.11320755,0,0,3.25
2005-02-23,3.25,0,0,0,0,-7.14,-13.33,3.25,3.25,3.25,3.25,3.25,3.25,3.25,3.25,3.25,3.5,3.25,3.36,3.75,3.25,3.54,0,0,0,0,3.25,3.25,0,98.29867675,0,0,3.25
2005-02-24,3.25,0,0,0,0,-7.14,-13.33,3.25,3.25,3.25,3.25,3.25,3.25,3.25,3.25,3.25,3.5,3.25,3.35,3.75,3.25,3.54,0,0,0,0,3.25,3.25,0,98.48484848,0,0,3.25
2005-02-25,3.25,0,0,0,0,-7.14,-13.33,3.25,3.25,3.25,3.25,3.25,3.25,3.25,3.25,3.25,3.5,3.25,3.35,3.75,3.25,3.54,0,0,0,0,3.25,3.25,0,98.67172676,0,0,3.25
2005-02-28,3.25,0,0,0,0,-7.14,-13.33,3.25,3.25,3.25,3.25,3.25,3.25,3.25,3.25,3.25,3.5,3.25,3.35,3.75,3.25,3.54,0,0,0,0,3.25,3.25,0,98.85931559,0,0,3.25
2005-03-01,3.25,0,0,0,0,-7.14,-13.33,3.25,3.25,3.25,3.25,3.25,3.25,3.25,3.25,3.25,3.5,3.25,3.35,3.75,3.25,3.54,0,0,0,0,3.25,3.25,0,99.04761905,0,0,3.25
2005-03-02,3.25,0,0,0,0,-7.14,-13.33,3.25,3.25,3.25,3.25,3.25,3.25,3.25,3.25,3.25,3.5,3.25,3.35,3.75,3.25,3.53,0,0,0,0,3.25,3.25,0,99.23664122,0,0,3.25
2005-03-03,3.25,0,0,0,0,-7.14,-13.33,3.25,3.25,3.25,3.25,3.25,3.25,3.25,3.25,3.25,3.5,3.25,3.34,3.75,3.25,3.53,0,0,0,0,3.25,3.25,0,99.42638623,0,0,3.25
2005-03-04,3.25,0,0,0,0,-7.14,-13.33,3.25,3.25,3.25,3.25,3.25,3.25,3.25,3.25,3.25,3.5,3.25,3.34,3.75,3.25,3.53,0,0,0,0,3.25,3.25,0,99.61685824,0,0,3.25
2005-03-07,3.25,0,0,0,0,-7.14,-13.33,3.25,3.25,3.25,3.25,3.25,3.25,3.25,3.25,3.25,3.5,3.25,3.34,3.75,3.25,3.53,0,0,0,0,3.25,3.25,0,99.80806142,0,0,3.25
2005-03-08,3.25,0,0,0,0,-7.14,-13.33,3.25,3.25,3.25,3.25,3.25,3.25,3.25,3.25,3.25,3.5,3.25,3.34,3.75,3.25,3.53,0,0,0,0,3.25,3.25,0,100,0,0,3.25
2005-03-09,3.25,0,0,0,0,-7.14,-13.33,3.25,3.25,3.25,3.25,3.25,3.25,3.25,3.25,3.25,3.5,3.25,3.34,3.75,3.25,3.52,0,0,0,0,3.25,3.25,0,100,0,0,3.25
2005-03-10,3.25,0,0,0,0,-7.14,-13.33,3.25,3.25,3.25,3.25,3.25,3.25,3.25,3.25,3.25,3.5,3.25,3.33,3.75,3.25,3.52,0,0,0,0,3.25,3.25,0,100,0,0,3.25
2005-03-11,3.25,0,0,0,0,-7.14,-13.33,3.25,3.25,3.25,3.25,3.25,3.25,3.25,3.25,3.25,3.5,3.25,3.33,3.75,3.25,3.52,0,0,0,0,3.25,3.25,0,100,0,0,3.25
2005-03-14,3.25,0,0,0,0,-7.14,-13.33,3.25,3.25,3.25,3.25,3.25,3.25,3.25,3.25,3.25,3.5,3.25,3.33,3.75,3.25,3.52,0,0,0,0,3.25,3.25,0,100,0,0,3.25
2005-03-15,3.25,0,0,0,0,-7.14,-13.33,3.25,3.25,3.25,3.25,3.25,3.25,3.25,3.25,3.25,3.5,3.25,3.33,3.75,3.25,3.52,0,0,0,0,3.25,3.25,0,100,0,0,3.25
2005-03-16,3.25,0,0,0,0,-7.14,-13.33,3.25,3.25,3.25,3.25,3.25,3.25,3.25,3.25,3.25,3.5,3.25,3.33,3.75,3.25,3.51,0,0,0,0,3.25,3.25,0,100,0,0,3.25
2005-03-17,3.25,0,0,0,0,-7.14,-13.33,3.25,3.25,3.25,3.25,3.25,3.25,3.25,3.25,3.25,3.5,3.25,3.33,3.75,3.25,3.51,0,0,0,0,3.25,3.25,0,100,0,0,3.25
2005-03-18,3.25,0,0,0,0,-7.14,-13.33,3.25,3.25,3.25,3.25,3.25,3.25,3.25,3.25,3.25,3.5,3.25,3.32,3.75,3.25,3.51,0,0,0,0,3.25,3.25,0,100,0,0,3.25
2005-03-21,3.25,0,0,0,0,-7.14,-13.33,3.25,3.25,3.25,3.25,3.25,3.25,3.25,3.25,3.25,3.5,3.25,3.32,3.75,3.25,3.51,0,0,0,0,3.25,3.25,0,100,0,0,3.25
2005-03-22,3.25,0,0,0,0,-7.14,-13.33,3.25,3.25,3.25,3.25,3.25,3.25,3.25,3.25,3.25,3.5,3.25,3.32,3.75,3.25,3.51,0,0,0,0,3.25,3.25,0,100,0,0,3.25
2005-03-23,3.25,0,0,0,0,-7.14,-13.33,3.25,3.25,3.25,3.25,3.25,3.25,3.25,3.25,3.25,3.5,3.25,3.32,3.75,3.25,3.5,0,0,0,0,3.25,3.25,0,100,0,0,3.25
2005-03-24,3.25,0,0,0,0,-7.14,-13.33,3.25,3.25,3.25,3.25,3.25,3.25,3.25,3.25,3.25,3.5,3.25,3.32,3.75,3.25,3.5,0,0,0,0,3.25,3.25,0,100,0,0,3.25
2005-03-25,3.25,0,0,0,0,-7.14,-13.33,3.25,3.25,3.25,3.25,3.25,3.25,3.25,3.25,3.25,3.5,3.25,3.31,3.75,3.25,3.5,0,0,0,0,3.25,3.25,0,100,0,0,3.25
2005-03-28,3.25,0,0,0,0,-7.14,-13.33,3.25,3.25,3.25,3.25,3.25,3.25,3.25,3.25,3.25,3.5,3.25,3.31,3.75,3.25,3.5,0,0,0,0,3.25,3.25,0,100,0,0,3.25
2005-03-29,3.25,0,0,0,0,-7.14,-13.33,3.25,3.25,3.25,3.25,3.25,3.25,3.25,3.25,3.25,3.5,3.25,3.31,3.75,3.25,3.5,0,0,0,0,3.25,3.25,0,100,0,0,3.25
2005-03-30,3.25,0,0,0,0,-7.14,-13.33,3.25,3.25,3.25,3.25,3.25,3.25,3.25,3.25,3.25,3.5,3.25,3.31,3.75,3.25,3.5,0,0,0,0,3.25,3.25,0,100,0,0,3.25
2005-03-31,3.25,0,0,0,0,-7.14,-13.33,3.25,3.25,3.25,3.25,3.25,3.25,3.25,3.25,3.25,3.5,3.25,3.31,3.75,3.25,3.49,0,0,0,0,3.25,3.25,0,100,0,0,3.25
2005-04-01,3.25,0,0,0,0,-7.14,-13.33,3.25,3.25,3.25,3.25,3.25,3.25,3.25,3.25,3.25,3.5,3.25,3.3,3.75,3.25,3.49,0,0,0,0,3.25,3.25,0,100,0,0,3.25
2005-04-04,3.25,0,0,0,0,-7.14,-13.33,3.25,3.25,3.25,3.25,3.25,3.25,3.25,3.25,3.25,3.5,3.25,3.3,3.75,3.25,3.49,0,0,0,0,3.25,3.25,0,100,0,0,3.25
2005-04-05,3.25,0,0,0,0,-7.14,-13.33,3.25,3.25,3.25,3.25,3.25,3.25,3.25,3.25,3.25,3.5,3.25,3.3,3.75,3.25,3.49,0,0,0,0,3.25,3.25,0,100,0,0,3.25
2005-04-06,3.25,0,0,0,0,-7.14,-13.33,3.25,3.25,3.25,3.25,3.25,3.25,3.25,3.25,3.25,3.5,3.25,3.3,3.75,3.25,3.49,0,0,0,0,3.25,3.25,0,100,0,0,3.25
2005-04-07,3.25,0,0,0,0,-7.14,-13.33,3.25,3.25,3.25,3.25,3.25,3.25,3.25,3.25,3.25,3.5,3.25,3.3,3.75,3.25,3.48,0,0,0,0,3.25,3.25,0,100,0,0,3.25
2005-04-08,3.25,0,0,0,0,-7.14,-13.33,3.25,3.25,3.25,3.25,3.25,3.25,3.25,3.25,3.25,3.5,3.25,3.29,3.75,3.25,3.48,0,0,0,0,3.25,3.25,0,100,0,0,3.25
2005-04-11,3.25,0,0,0,0,-7.14,-13.33,3.25,3.25,3.25,3.25,3.25,3.25,3.25,3.25,3.25,3.5,3.25,3.29,3.75,3.25,3.48,0,0,0,0,3.25,3.25,0,100,0,0,3.25
2005-04-12,3.25,0,0,0,0,-7.14,-13.33,3.25,3.25,3.25,3.25,3.25,3.25,3.25,3.25,3.25,3.5,3.25,3.29,3.75,3.25,3.48,0,0,0,0,3.25,3.25,0,100,0,0,3.25
2005-04-13,3.25,0,0,0,0,-7.14,-13.33,3.25,3.25,3.25,3.25,3.25,3.25,3.25,3.25,3.25,3.5,3.25,3.29,3.75,3.25,3.48,0,0,0,0,3.25,3.25,0,100,0,0,3.25
2005-04-14,3.25,0,0,0,0,-7.14,-13.33,3.25,3.25,3.25,3.25,3.25,3.25,3.25,3.25,3.25,3.5,3.25,3.29,3.75,3.25,3.47,0,0,0,0,3.25,3.25,0,100,0,0,3.25
2005-04-15,3.25,0,0,0,0,-7.14,-13.33,3.25,3.25,3.25,3.25,3.25,3.25,3.25,3.25,3.25,3.5,3.25,3.28,3.75,3.25,3.47,0,0,0,0,3.25,3.25,0,100,0,0,3.25
2005-04-18,3.25,0,0,0,0,-7.14,-13.33,3.25,3.25,3.25,3.25,3.25,3.25,3.25,3.25,3.25,3.5,3.25,3.28,3.75,3.25,3.47,0,0,0,0,3.25,3.25,0,100,0,0,3.25
2005-04-19,3.25,0,0,0,0,-7.14,-13.33,3.25,3.25,3.25,3.25,3.25,3.25,3.25,3.25,3.25,3.5,3.25,3.28,3.75,3.25,3.47,0,0,0,0,3.25,3.25,0,100,0,0,3.25
2005-04-20,3.25,0,0,0,0,-7.14,-13.33,3.25,3.25,3.25,3.25,3.25,3.25,3.25,3.25,3.25,3.5,3.25,3.28,3.75,3.25,3.47,0,0,0,0,3.25,3.25,0,100,0,0,3.25
2005-04-21,3.25,0,0,0,0,-7.14,-13.33,3.25,3.25,3.25,3.25,3.25,3.25,3.25,3.25,3.25,3.5,3.25,3.28,3.75,3.25,3.46,0,0,0,0,3.25,3.25,0,100,0,0,3.25
2005-04-22,3.25,0,0,0,0,-7.14,-13.33,3.25,3.25,3.25,3.25,3.25,3.25,3.25,3.25,3.25,3.5,3.25,3.28,3.75,3.25,3.46,0,0,0,0,3.25,3.25,0,100,0,0,3.25
2005-04-25,3.25,0,0,0,0,-7.14,-13.33,3.25,3.25,3.25,3.25,3.25,3.25,3.25,3.25,3.25,3.5,3.25,3.27,3.75,3.25,3.46,0,0,0,0,3.25,3.25,0,100,0,0,3.25
2005-04-26,3.25,0,0,0,0,-7.14,-13.33,3.25,3.25,3.25,3.25,3.25,3.25,3.25,3.25,3.25,3.5,3.25,3.27,3.75,3.25,3.46,0,0,0,0,3.25,3.25,0,100,0,0,3.25
2005-04-27,3.25,0,0,0,0,-7.14,-13.33,3.25,3.25,3.25,3.25,3.25,3.25,3.25,3.25,3.25,3.5,3.25,3.27,3.75,3.25,3.46,0,0,0,0,3.25,3.25,0,100,0,0,3.25
2005-04-28,3.25,0,0,0,0,-7.14,-13.33,3.25,3.25,3.25,3.25,3.25,3.25,3.25,3.25,3.25,3.5,3.25,3.27,3.75,3.25,3.45,0,0,0,0,3.25,3.25,0,100,0,0,3.25
2005-04-29,3.25,0,0,0,0,-7.14,-13.33,3.25,3.25,3.25,3.25,3.25,3.25,3.25,3.25,3.25,3.5,3.25,3.27,3.75,3.25,3.45,0,0,0,0,3.25,3.25,0,100,0,0,3.25
2005-05-02,3.25,0,0,0,0,-7.14,-13.33,3.25,3.25,3.25,3.25,3.25,3.25,3.25,3.25,3.25,3.5,3.25,3.26,3.75,3.25,3.45,0,0,0,0,3.25,3.25,0,100,0,0,3.25
2005-05-03,3.25,0,0,0,0,-7.14,-13.33,3.25,3.25,3.25,3.25,3.25,3.25,3.25,3.25,3.25,3.5,3.25,3.26,3.75,3.25,3.45,0,0,0,0,3.25,3.25,0,100,0,0,3.25
2005-05-04,3.25,0,0,0,0,-7.14,-13.33,3.25,3.25,3.25,3.25,3.25,3.25,3.25,3.25,3.25,3.5,3.25,3.26,3.75,3.25,3.45,0,0,0,0,3.25,3.25,0,100,0,0,3.25
2005-05-05,3.25,0,0,0,0,-7.14,-13.33,3.25,3.25,3.25,3.25,3.25,3.25,3.25,3.25,3.25,3.5,3.25,3.26,3.75,3.25,3.45,0,0,0,0,3.25,3.25,0,100,0,0,3.25
2005-05-06,3.25,0,0,0,0,-7.14,-13.33,3.25,3.25,3.25,3.25,3.25,3.25,3.25,3.25,3.25,3.5,3.25,3.26,3.75,3.25,3.44,0,0,0,0,3.25,3.25,0,100,0,0,3.25
2005-05-09,3.25,0,0,0,0,-7.14,-13.33,3.25,3.25,3.25,3.25,3.25,3.25,3.25,3.25,3.25,3.5,3.25,3.25,3.75,3.25,3.44,0,0,0,0,3.25,3.25,0,100,0,0,3.25
2005-05-10,3.25,0,0,0,0,-7.14,-13.33,3.25,3.25,3.25,3.25,3.25,3.25,3.25,3.25,3.25,3.5,3.25,3.25,3.75,3.25,3.44,0,0,0,0,3.25,3.25,0,100,0,0,3.25
2005-05-11,3.25,0,0,0,0,-7.14,-13.33,3.25,3.25,3.25,3.25,3.25,3.25,3.25,3.25,3.25,3.25,3.25,3.25,3.75,3.25,3.44,0,0,0,0,3.25,3.25,0,100,0,0,3.25
2005-05-12,3.25,0,0,0,0,0,-13.33,3.25,3.25,3.25,3.25,3.25,3.25,3.25,3.25,3.25,3.25,3.25,3.25,3.75,3.25,3.44,0,0,0,0,3.25,3.25,0,100,0,0,3.25
2005-05-13,3.25,0,0,0,0,0,-13.33,3.25,3.25,3.25,3.25,3.25,3.25,3.25,3.25,3.25,3.25,3.25,3.25,3.75,3.25,3.43,0,0,0,0,3.25,3.25,0,100,0,0,3.25
2005-05-16,3.25,0,0,0,0,0,-13.33,3.25,3.25,3.25,3.25,3.25,3.25,3.25,3.25,3.25,3.25,3.25,3.25,3.75,3.25,3.43,0,0,0,0,3.25,3.25,0,100,0,0,3.25
2005-05-17,3.25,0,0,0,0,0,-13.33,3.25,3.25,3.25,3.25,3.25,3.25,3.25,3.25,3.25,3.25,3.25,3.25,3.75,3.25,3.43,0,0,0,0,3.25,3.25,0,100,0,0,3.25
2005-05-18,3.25,0,0,0,0,0,-13.33,3.25,3.25,3.25,3.25,3.25,3.25,3.25,3.25,3.25,3.25,3.25,3.25,3.75,3.25,3.43,0,0,0,0,3.25,3.25,0,100,0,0,3.25
2005-05-19,3.25,0,0,0,0,0,-13.33,3.25,3.25,3.25,3.25,3.25,3.25,3.25,3.25,3.25,3.25,3.25,3.25,3.75,3.25,3.43,0,0,0,0,3.25,3.25,0,100,0,0,3.25
2005-05-20,3.25,0,0,0,0,0,-13.33,3.25,3.25,3.25,3.25,3.25,3.25,3.25,3.25,3.25,3.25,3.25,3.25,3.75,3.25,3.42,0,0,0,0,3.25,3.25,0,100,0,0,3.25
2005-05-23,3.25,0,0,0,0,0,-13.33,3.25,3.25,3.25,3.25,3.25,3.25,3.25,3.25,3.25,3.25,3.25,3.25,3.75,3.25,3.42,0,0,0,0,3.25,3.25,0,100,0,0,3.25
2005-05-24,3.25,0,0,0,0,0,-13.33,3.25,3.25,3.25,3.25,3.25,3.25,3.25,3.25,3.25,3.25,3.25,3.25,3.75,3.25,3.42,0,0,0,0,3.25,3.25,0,100,0,0,3.25
2005-05-25,3.25,0,0,0,0,0,-13.33,3.25,3.25,3.25,3.25,3.25,3.25,3.25,3.25,3.25,3.25,3.25,3.25,3.75,3.25,3.42,0,0,0,0,3.25,3.25,0,100,0,0,3.25
2005-05-26,3.25,0,0,0,0,0,-13.33,3.25,3.25,3.25,3.25,3.25,3.25,3.25,3.25,3.25,3.25,3.25,3.25,3.75,3.25,3.42,0,0,0,0,3.25,3.25,0,100,0,0,3.25
2005-05-27,3.25,0,0,0,0,0,-13.33,3.25,3.25,3.25,3.25,3.25,3.25,3.25,3.25,3.25,3.25,3.25,3.25,3.75,3.25,3.41,0,0,0,0,3.25,3.25,0,100,0,0,3.25
2005-05-30,3.25,0,0,0,0,0,-13.33,3.25,3.25,3.25,3.25,3.25,3.25,3.25,3.25,3.25,3.25,3.25,3.25,3.75,3.25,3.41,0,0,0,0,3.25,3.25,0,100,0,0,3.25
2005-05-31,3.25,0,0,0,0,0,-13.33,3.25,3.25,3.25,3.25,3.25,3.25,3.25,3.25,3.25,3.25,3.25,3.25,3.75,3.25,3.41,0,0,0,0,3.25,3.25,0,100,0,0,3.25
2005-06-01,3.25,0,0,0,0,0,-13.33,3.25,3.25,3.25,3.25,3.25,3.25,3.25,3.25,3.25,3.25,3.25,3.25,3.75,3.25,3.41,0,0,0,0,3.25,3.25,0,100,0,0,3.25
2005-06-02,3.25,0,0,0,0,0,-13.33,3.25,3.25,3.25,3.25,3.25,3.25,3.25,3.25,3.25,3.25,3.25,3.25,3.75,3.25,3.41,0,0,0,0,3.25,3.25,0,100,0,0,3.25
2005-06-03,3.25,0,0,0,0,0,-13.33,3.25,3.25,3.25,3.25,3.25,3.25,3.25,3.25,3.25,3.25,3.25,3.25,3.75,3.25,3.4,0,0,0,0,3.25,3.25,0,100,0,0,3.25
2005-06-06,3.25,0,0,0,0,0,-13.33,3.25,3.25,3.25,3.25,3.25,3.25,3.25,3.25,3.25,3.25,3.25,3.25,3.75,3.25,3.4,0,0,0,0,3.25,3.25,0,100,0,0,3.25
2005-06-07,3.25,0,0,0,0,0,-13.33,3.25,3.25,3.25,3.25,3.25,3.25,3.25,3.25,3.25,3.25,3.25,3.25,3.75,3.25,3.4,0,0,0,0,3.25,3.25,0,100,0,0,3.25
2005-06-08,3.25,0,0,0,0,0,-13.33,3.25,3.25,3.25,3.25,3.25,3.25,3.25,3.25,3.25,3.25,3.25,3.25,3.75,3.25,3.4,0,0,0,0,3.25,3.25,0,100,0,0,3.25
2005-06-09,3.25,0,0,0,0,0,-13.33,3.25,3.25,3.25,3.25,3.25,3.25,3.25,3.25,3.25,3.25,3.25,3.25,3.75,3.25,3.4,0,0,0,0,3.25,3.25,0,100,0,0,3.25
2005-06-10,3.25,0,0,0,0,0,-13.33,3.25,3.25,3.25,3.25,3.25,3.25,3.25,3.25,3.25,3.25,3.25,3.25,3.75,3.25,3.4,0,0,0,0,3.25,3.25,0,100,0,0,3.25
2005-06-13,3.25,0,0,0,0,0,-13.33,3.25,3.25,3.25,3.25,3.25,3.25,3.25,3.25,3.25,3.25,3.25,3.25,3.75,3.25,3.39,0,0,0,0,3.25,3.25,0,100,0,0,3.25
2005-06-14,3.25,0,0,0,0,0,-13.33,3.25,3.25,3.25,3.25,3.25,3.25,3.25,3.25,3.25,3.25,3.25,3.25,3.75,3.25,3.39,0,0,0,0,3.25,3.25,0,100,0,0,3.25
2005-06-15,3.25,0,0,0,0,0,-13.33,3.25,3.25,3.25,3.25,3.25,3.25,3.25,3.25,3.25,3.25,3.25,3.25,3.75,3.25,3.39,0,0,0,0,3.25,3.25,0,100,0,0,3.25
2005-06-16,3.25,0,0,0,0,0,-13.33,3.25,3.25,3.25,3.25,3.25,3.25,3.25,3.25,3.25,3.25,3.25,3.25,3.75,3.25,3.39,0,0,0,0,3.25,3.25,0,100,0,0,3.25
2005-06-17,3.25,0,0,0,0,0,-13.33,3.25,3.25,3.25,3.25,3.25,3.25,3.25,3.25,3.25,3.25,3.25,3.25,3.75,3.25,3.39,0,0,0,0,3.25,3.25,0,100,0,0,3.25
2005-06-20,3.25,0,0,0,0,0,-13.33,3.25,3.25,3.25,3.25,3.25,3.25,3.25,3.25,3.25,3.25,3.25,3.25,3.75,3.25,3.38,0,0,0,0,3.25,3.25,0,100,0,0,3.25
2005-06-21,3.25,0,0,0,0,0,-13.33,3.25,3.25,3.25,3.25,3.25,3.25,3.25,3.25,3.25,3.25,3.25,3.25,3.75,3.25,3.38,0,0,0,0,3.25,3.25,0,100,0,0,3.25
2005-06-22,3.25,0,0,0,0,0,-13.33,3.25,3.25,3.25,3.25,3.25,3.25,3.25,3.25,3.25,3.25,3.25,3.25,3.75,3.25,3.38,0,0,0,0,3.25,3.25,0,100,0,0,3.25
2005-06-23,3.25,0,0,0,0,0,-13.33,3.25,3.25,3.25,3.25,3.25,3.25,3.25,3.25,3.25,3.25,3.25,3.25,3.75,3.25,3.38,0,0,0,0,3.25,3.25,0,100,0,0,3.25
2005-06-24,3.25,0,0,0,0,0,-13.33,3.25,3.25,3.25,3.25,3.25,3.25,3.25,3.25,3.25,3.25,3.25,3.25,3.75,3.25,3.38,0,0,0,0,3.25,3.25,0,100,0,0,3.25
2005-06-27,3.25,0,0,0,0,0,-13.33,3.25,3.25,3.25,3.25,3.25,3.25,3.25,3.25,3.25,3.25,3.25,3.25,3.75,3.25,3.37,0,0,0,0,3.25,3.25,0,100,0,0,3.25
2005-06-28,3.25,0,0,0,0,0,-13.33,3.25,3.25,3.25,3.25,3.25,3.25,3.25,3.25,3.25,3.25,3.25,3.25,3.75,3.25,3.37,0,0,0,0,3.25,3.25,0,100,0,0,3.25
2005-06-29,3.25,0,0,0,0,0,-13.33,3.25,3.25,3.25,3.25,3.25,3.25,3.25,3.25,3.25,3.25,3.25,3.25,3.75,3.25,3.37,0,0,0,0,3.25,3.25,0,100,0,0,3.25
2005-06-30,3.25,0,0,0,0,0,-13.33,3.25,3.25,3.25,3.25,3.25,3.25,3.25,3.25,3.25,3.25,3.25,3.25,3.75,3.25,3.37,0,0,0,0,3.25,3.25,0,100,0,0,3.25
2005-07-01,3.25,0,0,0,0,0,-13.33,3.25,3.25,3.25,3.25,3.25,3.25,3.25,3.25,3.25,3.25,3.25,3.25,3.75,3.25,3.37,0,0,0,0,3.25,3.25,0,100,0,0,3.25
2005-07-04,3.25,0,0,0,0,0,-13.33,3.25,3.25,3.25,3.25,3.25,3.25,3.25,3.25,3.25,3.25,3.25,3.25,3.75,3.25,3.36,0,0,0,0,3.25,3.25,0,100,0,0,3.25
2005-07-05,3.25,0,0,0,0,0,-13.33,3.25,3.25,3.25,3.25,3.25,3.25,3.25,3.25,3.25,3.25,3.25,3.25,3.75,3.25,3.36,0,0,0,0,3.25,3.25,0,100,0,0,3.25
2005-07-06,3.25,0,0,0,0,0,-13.33,3.25,3.25,3.25,3.25,3.25,3.25,3.25,3.25,3.25,3.25,3.25,3.25,3.75,3.25,3.36,0,0,0,0,3.25,3.25,0,100,0,0,3.25
2005-07-07,3.25,0,0,0,0,0,-13.33,3.25,3.25,3.25,3.25,3.25,3.25,3.25,3.25,3.25,3.25,3.25,3.25,3.75,3.25,3.36,0,0,0,0,3.25,3.25,0,100,0,0,3.25
2005-07-08,3.25,0,0,0,0,0,-13.33,3.25,3.25,3.25,3.25,3.25,3.25,3.25,3.25,3.25,3.25,3.25,3.25,3.75,3.25,3.36,0,0,0,0,3.25,3.25,0,100,0,0,3.25
2005-07-11,3.25,0,0,0,0,0,-13.33,3.25,3.25,3.25,3.25,3.25,3.25,3.25,3.25,3.25,3.25,3.25,3.25,3.75,3.25,3.35,0,0,0,0,3.25,3.25,0,100,0,0,3.25
2005-07-12,3.25,0,0,0,0,0,-13.33,3.25,3.25,3.25,3.25,3.25,3.25,3.25,3.25,3.25,3.25,3.25,3.25,3.75,3.25,3.35,0,0,0,0,3.25,3.25,0,100,0,0,3.25
2005-07-13,3.25,0,0,0,0,0,-13.33,3.25,3.25,3.25,3.25,3.25,3.25,3.25,3.25,3.25,3.25,3.25,3.25,3.75,3.25,3.35,0,0,0,0,3.25,3.25,0,100,0,0,3.25
2005-07-14,3.25,0,0,0,0,0,-13.33,3.25,3.25,3.25,3.25,3.25,3.25,3.25,3.25,3.25,3.25,3.25,3.25,3.75,3.25,3.35,0,0,0,0,3.25,3.25,0,100,0,0,3.25
2005-07-15,3.25,0,0,0,0,0,-13.33,3.25,3.25,3.25,3.25,3.25,3.25,3.25,3.25,3.25,3.25,3.25,3.25,3.75,3.25,3.35,0,0,0,0,3.25,3.25,0,100,0,0,3.25
2005-07-18,3.25,0,0,0,0,0,-13.33,3.25,3.25,3.25,3.25,3.25,3.25,3.25,3.25,3.25,3.25,3.25,3.25,3.75,3.25,3.35,0,0,0,0,3.25,3.25,0,100,0,0,3.25
2005-07-19,3.25,0,0,0,0,0,-13.33,3.25,3.25,3.25,3.25,3.25,3.25,3.25,3.25,3.25,3.25,3.25,3.25,3.75,3.25,3.34,0,0,0,0,3.25,3.25,0,100,0,0,3.25
2005-07-20,3.25,0,0,0,0,0,-13.33,3.25,3.25,3.25,3.25,3.25,3.25,3.25,3.25,3.25,3.25,3.25,3.25,3.75,3.25,3.34,0,0,0,0,3.25,3.25,0,100,0,0,3.25
2005-07-21,3.25,0,0,0,0,0,-13.33,3.25,3.25,3.25,3.25,3.25,3.25,3.25,3.25,3.25,3.25,3.25,3.25,3.75,3.25,3.34,0,0,0,0,3.25,3.25,0,100,0,0,3.25
2005-07-22,3.25,0,0,0,0,0,-13.33,3.25,3.25,3.25,3.25,3.25,3.25,3.25,3.25,3.25,3.25,3.25,3.25,3.75,3.25,3.34,0,0,0,0,3.25,3.25,0,100,0,0,3.25
2005-07-25,3.25,0,0,0,0,0,-13.33,3.25,3.25,3.25,3.25,3.25,3.25,3.25,3.25,3.25,3.25,3.25,3.25,3.75,3.25,3.34,0,0,0,0,3.25,3.25,0,100,0,0,3.25
2005-07-26,3.25,0,0,0,0,0,-13.33,3.25,3.25,3.25,3.25,3.25,3.25,3.25,3.25,3.25,3.25,3.25,3.25,3.75,3.25,3.33,0,0,0,0,3.25,3.25,0,100,0,0,3.25
2005-07-27,3.25,0,0,0,0,0,-13.33,3.25,3.25,3.25,3.25,3.25,3.25,3.25,3.25,3.25,3.25,3.25,3.25,3.75,3.25,3.33,0,0,0,0,3.25,3.25,0,100,0,0,3.25
2005-07-28,3.25,0,0,0,0,0,-13.33,3.25,3.25,3.25,3.25,3.25,3.25,3.25,3.25,3.25,3.25,3.25,3.25,3.75,3.25,3.33,0,0,0,0,3.25,3.25,0,100,0,0,3.25
2005-07-29,3.25,0,0,0,0,0,-13.33,3.25,3.25,3.25,3.25,3.25,3.25,3.25,3.25,3.25,3.25,3.25,3.25,3.75,3.25,3.33,0,0,0,0,3.25,3.25,0,100,0,0,3.25
2005-08-01,3.25,0,0,0,0,0,-13.33,3.25,3.25,3.25,3.25,3.25,3.25,3.25,3.25,3.25,3.25,3.25,3.25,3.75,3.25,3.33,0,0,0,0,3.25,3.25,0,100,0,0,3.25
2005-08-02,3.25,0,0,0,0,0,-13.33,3.25,3.25,3.25,3.25,3.25,3.25,3.25,3.25,3.25,3.25,3.25,3.25,3.75,3.25,3.32,0,0,0,0,3.25,3.25,0,100,0,0,3.25
2005-08-03,3.25,0,0,0,0,0,-13.33,3.25,3.25,3.25,3.25,3.25,3.25,3.25,3.25,3.25,3.25,3.25,3.25,3.75,3.25,3.32,0,0,0,0,3.25,3.25,0,100,0,0,3.25
2005-08-04,3.25,0,0,0,0,0,-13.33,3.25,3.25,3.25,3.25,3.25,3.25,3.25,3.25,3.25,3.25,3.25,3.25,3.75,3.25,3.32,0,0,0,0,3.25,3.25,0,100,0,0,3.25
2005-08-05,3.25,0,0,0,0,0,-13.33,3.25,3.25,3.25,3.25,3.25,3.25,3.25,3.25,3.25,3.25,3.25,3.25,3.75,3.25,3.32,0,0,0,0,3.25,3.25,0,100,0,0,3.25
2005-08-08,3.25,0,0,0,0,0,-13.33,3.25,3.25,3.25,3.25,3.25,3.25,3.25,3.25,3.25,3.25,3.25,3.25,3.75,3.25,3.32,0,0,0,0,3.25,3.25,0,100,0,0,3.25
2005-08-09,3.25,0,0,0,0,0,-13.33,3.25,3.25,3.25,3.25,3.25,3.25,3.25,3.25,3.25,3.25,3.25,3.25,3.75,3.25,3.31,0,0,0,0,3.25,3.25,0,100,0,0,3.25
2005-08-10,3.25,0,0,0,0,0,-13.33,3.25,3.25,3.25,3.25,3.25,3.25,3.25,3.25,3.25,3.25,3.25,3.25,3.5,3.25,3.31,0,0,0,0,3.25,3.25,0,100,0,0,3.25
2005-08-11,3.25,0,0,0,0,0,-7.14,3.25,3.25,3.25,3.25,3.25,3.25,3.25,3.25,3.25,3.25,3.25,3.25,3.5,3.25,3.31,0,0,0,0,3.25,3.25,0,100,0,0,3.25
2005-08-12,3.25,0,0,0,0,0,-7.14,3.25,3.25,3.25,3.25,3.25,3.25,3.25,3.25,3.25,3.25,3.25,3.25,3.5,3.25,3.31,0,0,0,0,3.25,3.25,0,100,0,0,3.25
2005-08-15,3.25,0,0,0,0,0,-7.14,3.25,3.25,3.25,3.25,3.25,3.25,3.25,3.25,3.25,3.25,3.25,3.25,3.5,3.25,3.31,0,0,0,0,3.25,3.25,0,100,0,0,3.25
2005-08-16,3.25,0,0,0,0,0,-7.14,3.25,3.25,3.25,3.25,3.25,3.25,3.25,3.25,3.25,3.25,3.25,3.25,3.5,3.25,3.31,0,0,0,0,3.25,3.25,0,100,0,0,3.25
2005-08-17,3.25,0,0,0,0,0,-7.14,3.25,3.25,3.25,3.25,3.25,3.25,3.25,3.25,3.25,3.25,3.25,3.25,3.5,3.25,3.31,0,0,0,0,3.25,3.25,0,100,0,0,3.25
2005-08-18,3.25,0,0,0,0,0,-7.14,3.25,3.25,3.25,3.25,3.25,3.25,3.25,3.25,3.25,3.25,3.25,3.25,3.5,3.25,3.31,0,0,0,0,3.25,3.25,0,100,0,0,3.25
2005-08-19,3.25,0,0,0,0,0,-7.14,3.25,3.25,3.25,3.25,3.25,3.25,3.25,3.25,3.25,3.25,3.25,3.25,3.5,3.25,3.31,0,0,0,0,3.25,3.25,0,100,0,0,3.25
2005-08-22,3.25,0,0,0,0,0,-7.14,3.25,3.25,3.25,3.25,3.25,3.25,3.25,3.25,3.25,3.25,3.25,3.25,3.5,3.25,3.3,0,0,0,0,3.25,3.25,0,100,0,0,3.25
2005-08-23,3.25,0,0,0,0,0,-7.14,3.25,3.25,3.25,3.25,3.25,3.25,3.25,3.25,3.25,3.25,3.25,3.25,3.5,3.25,3.3,0,0,0,0,3.25,3.25,0,100,0,0,3.25
2005-08-24,3.25,0,0,0,0,0,-7.14,3.25,3.25,3.25,3.25,3.25,3.25,3.25,3.25,3.25,3.25,3.25,3.25,3.5,3.25,3.3,0,0,0,0,3.25,3.25,0,100,0,0,3.25
2005-08-25,3.25,0,0,0,0,0,-7.14,3.25,3.25,3.25,3.25,3.25,3.25,3.25,3.25,3.25,3.25,3.25,3.25,3.5,3.25,3.3,0,0,0,0,3.25,3.25,0,100,0,0,3.25
2005-08-26,3.25,0,0,0,0,0,-7.14,3.25,3.25,3.25,3.25,3.25,3.25,3.25,3.25,3.25,3.25,3.25,3.25,3.5,3.25,3.3,0,0,0,0,3.25,3.25,0,100,0,0,3.25
2005-08-29,3.25,0,0,0,0,0,-7.14,3.25,3.25,3.25,3.25,3.25,3.25,3.25,3.25,3.25,3.25,3.25,3.25,3.5,3.25,3.3,0,0,0,0,3.25,3.25,0,100,0,0,3.25
2005-08-30,3.25,0,0,0,0,0,-7.14,3.25,3.25,3.25,3.25,3.25,3.25,3.25,3.25,3.25,3.25,3.25,3.25,3.5,3.25,3.3,0,0,0,0,3.25,3.25,0,100,0,0,3.25
2005-08-31,3.25,0,0,0,0,0,-7.14,3.25,3.25,3.25,3.25,3.25,3.25,3.25,3.25,3.25,3.25,3.25,3.25,3.5,3.25,3.3,0,0,0,0,3.25,3.25,0,100,0,0,3.25
2005-09-01,3.25,0,0,0,0,0,-7.14,3.25,3.25,3.25,3.25,3.25,3.25,3.25,3.25,3.25,3.25,3.25,3.25,3.5,3.25,3.3,0,0,0,0,3.25,3.25,0,100,0,0,3.25
2005-09-02,3.25,0,0,0,0,0,-7.14,3.25,3.25,3.25,3.25,3.25,3.25,3.25,3.25,3.25,3.25,3.25,3.25,3.5,3.25,3.3,0,0,0,0,3.25,3.25,0,100,0,0,3.25
2005-09-05,3.25,0,0,0,0,0,-7.14,3.25,3.25,3.25,3.25,3.25,3.25,3.25,3.25,3.25,3.25,3.25,3.25,3.5,3.25,3.3,0,0,0,0,3.25,3.25,0,100,0,0,3.25
2005-09-06,3.25,0,0,0,0,0,-7.14,3.25,3.25,3.25,3.25,3.25,3.25,3.25,3.25,3.25,3.25,3.25,3.25,3.5,3.25,3.29,0,0,0,0,3.25,3.25,0,100,0,0,3.25
2005-09-07,3.25,0,0,0,0,0,-7.14,3.25,3.25,3.25,3.25,3.25,3.25,3.25,3.25,3.25,3.25,3.25,3.25,3.5,3.25,3.29,0,0,0,0,3.25,3.25,0,100,0,0,3.25
2005-09-08,3.25,0,0,0,0,0,-7.14,3.25,3.25,3.25,3.25,3.25,3.25,3.25,3.25,3.25,3.25,3.25,3.25,3.5,3.25,3.29,0,0,0,0,3.25,3.25,0,100,0,0,3.25
2005-09-09,3.25,0,0,0,0,0,-7.14,3.25,3.25,3.25,3.25,3.25,3.25,3.25,3.25,3.25,3.25,3.25,3.25,3.5,3.25,3.29,0,0,0,0,3.25,3.25,0,100,0,0,3.25
2005-09-12,3.25,0,0,0,0,0,-7.14,3.25,3.25,3.25,3.25,3.25,3.25,3.25,3.25,3.25,3.25,3.25,3.25,3.5,3.25,3.29,0,0,0,0,3.25,3.25,0,100,0,0,3.25
2005-09-13,3.25,0,0,0,0,0,-7.14,3.25,3.25,3.25,3.25,3.25,3.25,3.25,3.25,3.25,3.25,3.25,3.25,3.5,3.25,3.29,0,0,0,0,3.25,3.25,0,100,0,0,3.25
2005-09-14,3.25,0,0,0,0,0,-7.14,3.25,3.25,3.25,3.25,3.25,3.25,3.25,3.25,3.25,3.25,3.25,3.25,3.5,3.25,3.29,0,0,0,0,3.25,3.25,0,100,0,0,3.25
2005-09-15,3.25,0,0,0,0,0,-7.14,3.25,3.25,3.25,3.25,3.25,3.25,3.25,3.25,3.25,3.25,3.25,3.25,3.5,3.25,3.29,0,0,0,0,3.25,3.25,0,100,0,0,3.25
2005-09-16,3.25,0,0,0,0,0,-7.14,3.25,3.25,3.25,3.25,3.25,3.25,3.25,3.25,3.25,3.25,3.25,3.25,3.5,3.25,3.29,0,0,0,0,3.25,3.25,0,100,0,0,3.25
2005-09-19,3.25,0,0,0,0,0,-7.14,3.25,3.25,3.25,3.25,3.25,3.25,3.25,3.25,3.25,3.25,3.25,3.25,3.5,3.25,3.29,0,0,0,0,3.25,3.25,0,100,0,0,3.25
2005-09-20,3.25,0,0,0,0,0,-7.14,3.25,3.25,3.25,3.25,3.25,3.25,3.25,3.25,3.25,3.25,3.25,3.25,3.5,3.25,3.28,0,0,0,0,3.25,3.25,0,100,0,0,3.25
2005-09-21,3.25,0,0,0,0,0,-7.14,3.25,3.25,3.25,3.25,3.25,3.25,3.25,3.25,3.25,3.25,3.25,3.25,3.5,3.25,3.28,0,0,0,0,3.25,3.25,0,100,0,0,3.25
2005-09-22,3.25,0,0,0,0,0,-7.14,3.25,3.25,3.25,3.25,3.25,3.25,3.25,3.25,3.25,3.25,3.25,3.25,3.5,3.25,3.28,0,0,0,0,3.25,3.25,0,100,0,0,3.25
2005-09-23,3.25,0,0,0,0,0,-7.14,3.25,3.25,3.25,3.25,3.25,3.25,3.25,3.25,3.25,3.25,3.25,3.25,3.5,3.25,3.28,0,0,0,0,3.25,3.25,0,100,0,0,3.25
2005-09-26,3.25,0,0,0,0,0,-7.14,3.25,3.25,3.25,3.25,3.25,3.25,3.25,3.25,3.25,3.25,3.25,3.25,3.5,3.25,3.28,0,0,0,0,3.25,3.25,0,100,0,0,3.25
2005-09-27,3.25,0,0,0,0,0,-7.14,3.25,3.25,3.25,3.25,3.25,3.25,3.25,3.25,3.25,3.25,3.25,3.25,3.5,3.25,3.28,0,0,0,0,3.25,3.25,0,100,0,0,3.25
2005-09-28,3.25,0,0,0,0,0,-7.14,3.25,3.25,3.25,3.25,3.25,3.25,3.25,3.25,3.25,3.25,3.25,3.25,3.5,3.25,3.28,0,0,0,0,3.25,3.25,0,100,0,0,3.25
2005-09-29,3.25,0,0,0,0,0,-7.14,3.25,3.25,3.25,3.25,3.25,3.25,3.25,3.25,3.25,3.25,3.25,3.25,3.5,3.25,3.28,0,0,0,0,3.25,3.25,0,100,0,0,3.25
2005-09-30,3.25,0,0,0,0,0,-7.14,3.25,3.25,3.25,3.25,3.25,3.25,3.25,3.25,3.25,3.25,3.25,3.25,3.5,3.25,3.28,0,0,0,0,3.25,3.25,0,100,0,0,3.25
2005-10-03,3.25,0,0,0,0,0,-7.14,3.25,3.25,3.25,3.25,3.25,3.25,3.25,3.25,3.25,3.25,3.25,3.25,3.5,3.25,3.28,0,0,0,0,3.25,3.25,0,100,0,0,3.25
2005-10-04,3.25,0,0,0,0,0,-7.14,3.25,3.25,3.25,3.25,3.25,3.25,3.25,3.25,3.25,3.25,3.25,3.25,3.5,3.25,3.28,0,0,0,0,3.25,3.25,0,100,0,0,3.25
2005-10-05,3.25,0,0,0,0,0,-7.14,3.25,3.25,3.25,3.25,3.25,3.25,3.25,3.25,3.25,3.25,3.25,3.25,3.5,3.25,3.27,0,0,0,0,3.25,3.25,0,100,0,0,3.25
2005-10-06,3.25,0,0,0,0,0,-7.14,3.25,3.25,3.25,3.25,3.25,3.25,3.25,3.25,3.25,3.25,3.25,3.25,3.5,3.25,3.27,0,0,0,0,3.25,3.25,0,100,0,0,3.25
2005-10-07,3.25,0,0,0,0,0,-7.14,3.25,3.25,3.25,3.25,3.25,3.25,3.25,3.25,3.25,3.25,3.25,3.25,3.5,3.25,3.27,0,0,0,0,3.25,3.25,0,100,0,0,3.25
2005-10-10,3.25,0,0,0,0,0,-7.14,3.25,3.25,3.25,3.25,3.25,3.25,3.25,3.25,3.25,3.25,3.25,3.25,3.5,3.25,3.27,0,0,0,0,3.25,3.25,0,100,0,0,3.25
2005-10-11,3.5,7.69,7.69,7.69,7.69,7.69,0,3.5,3.25,3.3,3.5,3.25,3.26,3.5,3.25,3.25,3.5,3.25,3.25,3.5,3.25,3.27,0,0.011217949,0.001246439,0.00997151,3.374303399,3.150696601,1,100.1823242,0.262011248,0.068538482,3.5
2005-10-12,3.5,0,7.69,7.69,7.69,7.69,0,3.5,3.25,3.35,3.5,3.25,3.28,3.5,3.25,3.26,3.5,3.25,3.25,3.5,3.25,3.27,0,0.022435897,0.003739316,0.018696581,3.428896753,3.121103247,1,100.3543043,0.262011248,0.09398275,3.5
2005-10-13,3.5,0,7.69,7.69,7.69,7.69,0,3.5,3.25,3.4,3.5,3.25,3.29,3.5,3.25,3.26,3.5,3.25,3.26,3.5,3.25,3.27,0,0.033653846,0.007478632,0.026175214,3.470673774,3.104326226,1,100.5159564,0.262011248,0.111436517,3.5
2005-10-14,3.5,0,7.69,7.69,7.69,7.69,0,3.5,3.25,3.45,3.5,3.25,3.3,3.5,3.25,3.27,3.5,3.25,3.26,3.5,3.25,3.27,0,0.044871795,0.012464387,0.032407407,3.50519567,3.09480433,1,100.6673022,0.262011248,0.124361012,3.5
2005-10-17,3.5,0,7.69,7.69,7.69,7.69,0,3.5,3.5,3.5,3.5,3.25,3.31,3.5,3.25,3.27,3.5,3.25,3.26,3.5,3.25,3.27,0,0.056089744,0.018696581,0.037393162,3.534630829,3.090369171,1,100.808369,0.262011248,0.134116727,3.5
2005-10-18,3.5,0,0,7.69,7.69,7.69,0,3.5,3.5,3.5,3.5,3.25,3.33,3.5,3.25,3.27,3.5,3.25,3.26,3.5,3.25,3.27,0,0.067307692,0.026175214,0.041132479,3.560081173,3.089918827,1,100.9391898,0.262011248,0.141402209,3.5
2005-10-19,3.5,0,0,7.69,7.69,7.69,0,3.5,3.5,3.5,3.5,3.25,3.34,3.5,3.25,3.28,3.5,3.25,3.26,3.5,3.25,3.27,0,0.078525641,0.034900285,0.043625356,3.582180242,3.092819758,1,101.0598032,0.262011248,0.146624864,3.5
2005-10-20,3.5,0,0,7.69,7.69,7.69,0,3.5,3.5,3.5,3.5,3.25,3.35,3.5,3.25,3.28,3.5,3.25,3.27,3.5,3.25,3.27,0,0.08974359,0.044871795,0.044871795,3.601312345,3.098687655,1,101.1702529,0.262011248,0.150037221,3.5
2005-10-21,3.5,0,0,7.69,7.69,7.69,0,3.5,3.5,3.5,3.5,3.25,3.36,3.5,3.25,3.28,3.5,3.25,3.27,3.5,3.25,3.27,0,0.100961538,0.056089744,0.044871795,3.617708893,3.107291107,1,101.2705882,0.262011248,0.151797111,3.5
2005-10-24,3.5,0,0,7.69,7.69,7.69,0,3.5,3.5,3.5,3.5,3.25,3.38,3.5,3.25,3.29,3.5,3.25,3.27,3.5,3.25,3.27,0,0.112179487,0.067307692,0.044871795,3.631494588,3.118505412,1,101.3608634,0.262011248,0.151996793,3.5
2005-10-25,3.5,0,0,7.69,7.69,7.69,0,3.5,3.5,3.5,3.5,3.25,3.39,3.5,3.25,3.29,3.5,3.25,3.27,3.5,3.25,3.27,0,0.123397436,0.078525641,0.044871795,3.642708893,3.132291107,1,101.4411379,0.262011248,0.150676837,3.5
2005-10-26,3.5,0,0,7.69,7.69,7.69,0,3.5,3.5,3.5,3.5,3.25,3.4,3.5,3.25,3.3,3.5,3.25,3.27,3.5,3.25,3.27,0,0.134615385,0.08974359,0.044871795,3.651312345,3.148687655,1,101.511476,0.262011248,0.147830791,3.5
2005-10-27,3.5,0,0,7.69,7.69,7.69,0,3.5,3.5,3.5,3.5,3.25,3.41,3.5,3.25,3.3,3.5,3.25,3.28,3.5,3.25,3.27,0,0.125,0.098646724,0.026353276,3.657180242,3.167819758,1,101.5719468,0.262011248,0.14340234,3.5
2005-10-28,3.5,0,0,7.69,7.69,7.69,0,3.5,3.5,3.5,3.5,3.25,3.43,3.5,3.25,3.3,3.5,3.25,3.28,3.5,3.25,3.27,0,0.115384615,0.105235043,0.010149573,3.660081173,3.189918827,1,101.622624,0.262011248,0.137273678,3.5
2005-10-31,3.5,0,0,7.69,7.69,7.69,0,3.5,3.5,3.5,3.5,3.25,3.44,3.5,3.25,3.31,3.5,3.25,3.28,3.5,3.25,3.27,0,0.105769231,0.109508547,-0.003739316,3.659630829,3.215369171,1,101.663586,0.262011248,0.129239755,3.5
2005-11-01,3.5,0,0,7.69,7.69,7.69,0,3.5,3.5,3.5,3.5,3.25,3.45,3.5,3.25,3.31,3.5,3.25,3.28,3.5,3.25,3.27,0,0.096153846,0.111467236,-0.01531339,3.65519567,3.24480433,1,101.6949153,0.262011248,0.118954012,3.5
2005-11-02,3.5,0,0,7.69,7.69,7.69,0,3.5,3.5,3.5,3.5,3.25,3.46,3.5,3.25,3.32,3.5,3.25,3.28,3.5,3.25,3.27,0,0.086538462,0.111111111,-0.02457265,3.645673774,3.279326226,1,101.7166988,0.262011248,0.105804346,3.5
2005-11-03,3.5,0,0,7.69,7.69,7.69,0,3.5,3.5,3.5,3.5,3.25,3.48,3.5,3.25,3.32,3.5,3.25,3.28,3.5,3.25,3.27,0,0.076923077,0.108440171,-0.031517094,3.628896753,3.321103247,1,101.7290275,0.262011248,0.088573671,3.5
2005-11-04,3.5,0,0,7.69,7.69,7.69,0,3.5,3.5,3.5,3.5,3.25,3.49,3.5,3.25,3.32,3.5,3.25,3.29,3.5,3.25,3.27,0,0.067307692,0.103454416,-0.036146724,3.599303399,3.375696601,1,101.7319964,0.262011248,0.064116645,3.5
2005-11-07,3.5,0,0,7.69,7.69,7.69,0,3.5,3.5,3.5,3.5,3.5,3.5,3.5,3.25,3.33,3.5,3.25,3.29,3.5,3.25,3.27,0,0.057692308,0.096153846,-0.038461538,3.5,3.5,0,101.7257039,0.262011248,0,3.5
2005-11-08,3.5,0,0,0,7.69,7.69,0,3.5,3.5,3.5,3.5,3.5,3.5,3.5,3.25,3.33,3.5,3.25,3.29,3.5,3.25,3.27,0,0.048076923,0.086538462,-0.038461538,3.5,3.5,0,101.5504579,0,0,3.5
2005-11-09,3.5,0,0,0,7.69,7.69,0,3.5,3.5,3.5,3.5,3.5,3.5,3.5,3.25,3.33,3.5,3.25,3.29,3.5,3.25,3.27,0,0.038461538,0.076923077,-0.038461538,3.5,3.5,0,101.3849914,0,0,3.5
2005-11-10,3.5,0,0,0,7.69,7.69,7.69,3.5,3.5,3.5,3.5,3.5,3.5,3.5,3.25,3.34,3.5,3.25,3.29,3.5,3.25,3.27,0,0.028846154,0.067307692,-0.038461538,3.5,3.5,0,101.2292119,0,0,3.5
2005-11-11,3.5,0,0,0,7.69,7.69,7.69,3.5,3.5,3.5,3.5,3.5,3.5,3.5,3.25,3.34,3.5,3.25,3.3,3.5,3.25,3.27,0,0.019230769,0.057692308,-0.038461538,3.5,3.5,0,101.0830325,0,0,3.5
2005-11-14,3.5,0,0,0,7.69,7.69,7.69,3.5,3.5,3.5,3.5,3.5,3.5,3.5,3.25,3.35,3.5,3.25,3.3,3.5,3.25,3.27,0,0.009615385,0.048076923,-0.038461538,3.5,3.5,0,100.9463722,0,0,3.5
2005-11-15,3.5,0,0,0,7.69,7.69,7.69,3.5,3.5,3.5,3.5,3.5,3.5,3.5,3.25,3.35,3.5,3.25,3.3,3.5,3.25,3.28,0,0,0.038461538,-0.038461538,3.5,3.5,0,100.8191556,0,0,3.5
2005-11-16,3.5,0,0,0,7.69,7.69,7.69,3.5,3.5,3.5,3.5,3.5,3.5,3.5,3.25,3.35,3.5,3.25,3.3,3.5,3.25,3.28,0,0,0.02991453,-0.02991453,3.5,3.5,0,100.7013127,0,0,3.5
2005-11-17,3.5,0,0,0,7.69,7.69,7.69,3.5,3.5,3.5,3.5,3.5,3.5,3.5,3.25,3.36,3.5,3.25,3.3,3.5,3.25,3.28,0,0,0.022435897,-0.022435897,3.5,3.5,0,100.5927789,0,0,3.5
2005-11-18,3.5,0,0,0,7.69,7.69,7.69,3.5,3.5,3.5,3.5,3.5,3.5,3.5,3.25,3.36,3.5,3.25,3.31,3.5,3.25,3.28,0,0,0.016025641,-0.016025641,3.5,3.5,0,100.4934948,0,0,3.5
2005-11-21,3.5,0,0,0,7.69,7.69,7.69,3.5,3.5,3.5,3.5,3.5,3.5,3.5,3.25,3.37,3.5,3.25,3.31,3.5,3.25,3.28,0,0,0.010683761,-0.010683761,3.5,3.5,0,100.4034065,0,0,3.5
2005-11-22,3.5,0,0,0,7.69,7.69,7.69,3.5,3.5,3.5,3.5,3.5,3.5,3.5,3.25,3.37,3.5,3.25,3.31,3.5,3.25,3.28,0,0,0.006410256,-0.006410256,3.5,3.5,0,100.3224651,0,0,3.5
2005-11-23,3.5,0,0,0,7.69,7.69,7.69,3.5,3.5,3.5,3.5,3.5,3.5,3.5,3.25,3.37,3.5,3.25,3.31,3.5,3.25,3.28,0,0,0.003205128,-0.003205128,3.5,3.5,0,100.2506266,0,0,3.5
2005-11-24,3.5,0,0,0,7.69,7.69,7.69,3.5,3.5,3.5,3.5,3.5,3.5,3.5,3.25,3.38,3.5,3.25,3.31,3.5,3.25,3.28,0,0,0.001068376,-0.001068376,3.5,3.5,0,100.1878522,0,0,3.5
2005-11-25,3.5,0,0,0,7.69,7.69,7.69,3.5,3.5,3.5,3.5,3.5,3.5,3.5,3.25,3.38,3.5,3.25,3.32,3.5,3.25,3.28,0,0,0,0,3.5,3.5,0,100.1341082,0,0,3.5
2005-11-28,3.5,0,0,0,7.69,7.69,7.69,3.5,3.5,3.5,3.5,3.5,3.5,3.5,3.25,3.38,3.5,3.25,3.32,3.5,3.25,3.28,0,0,0,0,3.5,3.5,0,100.0893655,0,0,3.5
2005-11-29,3.5,0,0,0,7.69,7.69,7.69,3.5,3.5,3.5,3.5,3.5,3.5,3.5,3.25,3.39,3.5,3.25,3.32,3.5,3.25,3.28,0,0,0,0,3.5,3.5,0,100.0536001,0,0,3.5
2005-11-30,3.5,0,0,0,7.69,7.69,7.69,3.5,3.5,3.5,3.5,3.5,3.5,3.5,3.25,3.39,3.5,3.25,3.32,3.5,3.25,3.29,0,0,0,0,3.5,3.5,0,100.0267929,0,0,3.5
2005-12-01,3.5,0,0,0,7.69,7.69,7.69,3.5,3.5,3.5,3.5,3.5,3.5,3.5,3.25,3.4,3.5,3.25,3.32,3.5,3.25,3.29,0,0,0,0,3.5,3.5,0,100.0089294,0,0,3.5
2005-12-02,3.5,0,0,0,7.69,7.69,7.69,3.5,3.5,3.5,3.5,3.5,3.5,3.5,3.25,3.4,3.5,3.25,3.33,3.5,3.25,3.29,0,0,0,0,3.5,3.5,0,100,0,0,3.5
2005-12-05,3.5,0,0,0,7.69,7.69,7.69,3.5,3.5,3.5,3.5,3.5,3.5,3.5,3.25,3.4,3.5,3.25,3.33,3.5,3.25,3.29,0,0,0,0,3.5,3.5,0,100,0,0,3.5
2005-12-06,3.5,0,0,0,7.69,7.69,7.69,3.5,3.5,3.5,3.5,3.5,3.5,3.5,3.25,3.41,3.5,3.25,3.33,3.5,3.25,3.29,0,0,0,0,3.5,3.5,0,100,0,0,3.5
2005-12-07,3.5,0,0,0,7.69,7.69,7.69,3.5,3.5,3.5,3.5,3.5,3.5,3.5,3.25,3.41,3.5,3.25,3.33,3.5,3.25,3.29,0,0,0,0,3.5,3.5,0,100,0,0,3.5
2005-12-08,3.75,7.14,7.14,7.14,15.38,15.38,15.38,3.75,3.5,3.55,3.75,3.5,3.51,3.75,3.25,3.42,3.75,3.25,3.33,3.75,3.25,3.29,0,0.011217949,0.001246439,0.00997151,3.624303399,3.400696601,1,100.1693254,0.243926636,0.063660298,3.75
2005-12-09,3.75,0,7.14,7.14,15.38,15.38,15.38,3.75,3.5,3.6,3.75,3.5,3.53,3.75,3.25,3.43,3.75,3.25,3.34,3.75,3.25,3.29,0,0.022435897,0.003739316,0.018696581,3.678896753,3.371103247,1,100.3290937,0.243926636,0.087317307,3.75
2005-12-12,3.75,0,7.14,7.14,15.38,15.38,15.38,3.75,3.5,3.65,3.75,3.5,3.54,3.75,3.25,3.43,3.75,3.25,3.34,3.75,3.25,3.3,0,0.033653846,0.007478632,0.026175214,3.720673774,3.354326226,1,100.4793183,0.243926636,0.103561144,3.75
2005-12-13,3.75,0,7.14,7.14,15.38,15.38,15.38,3.75,3.5,3.7,3.75,3.5,3.55,3.75,3.25,3.44,3.75,3.25,3.35,3.75,3.25,3.3,0,0.044871795,0.012464387,0.032407407,3.75519567,3.34480433,1,100.6200177,0.243926636,0.115603195,3.75
2005-12-14,3.75,0,7.14,7.14,15.38,15.38,15.38,3.75,3.75,3.75,3.75,3.5,3.56,3.75,3.25,3.45,3.75,3.25,3.35,3.75,3.25,3.3,0,0.056089744,0.018696581,0.037393162,3.784630829,3.340369171,1,100.7512152,0.243926636,0.124705027,3.75
2005-12-15,3.75,0,0,7.14,15.38,15.38,15.38,3.75,3.75,3.75,3.75,3.5,3.58,3.75,3.25,3.46,3.75,3.25,3.35,3.75,3.25,3.3,0,0.067307692,0.026175214,0.041132479,3.810081173,3.339918827,1,100.8729389,0.243926636,0.131513943,3.75
2005-12-16,3.75,0,0,7.14,15.38,15.38,15.38,3.75,3.75,3.75,3.75,3.5,3.59,3.75,3.25,3.47,3.75,3.25,3.36,3.75,3.25,3.3,0,0.078525641,0.034900285,0.043625356,3.832180242,3.342819758,1,100.9852217,0.243926636,0.136407104,3.75
2005-12-19,3.75,0,0,7.14,15.38,15.38,15.38,3.75,3.75,3.75,3.75,3.5,3.6,3.75,3.25,3.47,3.75,3.25,3.36,3.75,3.25,3.31,0,0.08974359,0.044871795,0.044871795,3.851312345,3.348687655,1,101.0881011,0.243926636,0.139617969,3.75
2005-12-20,3.75,0,0,7.14,15.38,15.38,15.38,3.75,3.75,3.75,3.75,3.5,3.61,3.75,3.25,3.48,3.75,3.25,3.37,3.75,3.25,3.31,0,0.100961538,0.056089744,0.044871795,3.867708893,3.357291107,1,101.1816193,0.243926636,0.141292121,3.75
2005-12-21,3.75,0,0,7.14,15.38,15.38,15.38,3.75,3.75,3.75,3.75,3.5,3.63,3.75,3.25,3.49,3.75,3.25,3.37,3.75,3.25,3.31,0,0.112179487,0.067307692,0.044871795,3.881494588,3.368505412,1,101.2658228,0.243926636,0.141514255,3.75
2005-12-22,3.75,0,0,7.14,15.38,15.38,15.38,3.75,3.75,3.75,3.75,3.5,3.64,3.75,3.25,3.5,3.75,3.25,3.37,3.75,3.25,3.31,0,0.123397436,0.078525641,0.044871795,3.892708893,3.382291107,1,101.3407627,0.243926636,0.140321041,3.75
2005-12-23,3.75,0,0,7.14,15.38,15.38,15.38,3.75,3.75,3.75,3.75,3.5,3.65,3.75,3.25,3.5,3.75,3.25,3.38,3.75,3.25,3.31,0,0.134615385,0.08974359,0.044871795,3.901312345,3.398687655,1,101.4064942,0.243926636,0.137705395,3.75
2005-12-26,3.75,0,0,7.14,15.38,15.38,15.38,3.75,3.75,3.75,3.75,3.5,3.66,3.75,3.25,3.51,3.75,3.25,3.38,3.75,3.25,3.32,0,0.125,0.098646724,0.026353276,3.907180242,3.417819758,1,101.4630768,0.243926636,0.133613784,3.75
2005-12-27,3.75,0,0,7.14,15.38,15.38,15.38,3.75,3.75,3.75,3.75,3.5,3.68,3.75,3.25,3.52,3.75,3.25,3.38,3.75,3.25,3.32,0,0.115384615,0.105235043,0.010149573,3.910081173,3.439918827,1,101.510574,0.243926636,0.127935332,3.75
2005-12-28,3.75,0,0,7.14,15.38,15.38,15.38,3.75,3.75,3.75,3.75,3.5,3.69,3.75,3.25,3.53,3.75,3.25,3.39,3.75,3.25,3.32,0,0.105769231,0.109508547,-0.003739316,3.909630829,3.465369171,1,101.5490534,0.243926636,0.120477738,3.75
2005-12-29,3.75,0,0,7.14,15.38,15.38,15.38,3.75,3.75,3.75,3.75,3.5,3.7,3.75,3.25,3.53,3.75,3.25,3.39,3.75,3.25,3.32,0,0.096153846,0.111467236,-0.01531339,3.90519567,3.49480433,1,101.5785861,0.243926636,0.110916579,3.75
2005-12-30,3.75,0,0,7.14,15.38,15.38,15.38,3.75,3.75,3.75,3.75,3.5,3.71,3.75,3.25,3.54,3.75,3.25,3.4,3.75,3.25,3.32,0,0.086538462,0.111111111,-0.02457265,3.895673774,3.529326226,1,101.5992474,0.243926636,0.098679474,3.75
2006-01-02,3.75,0,0,7.14,15.38,15.38,15.38,3.75,3.75,3.75,3.75,3.5,3.73,3.75,3.25,3.55,3.75,3.25,3.4,3.75,3.25,3.33,0,0.076923077,0.108440171,-0.031517094,3.878896753,3.571103247,1,101.6111158,0.243926636,0.082629129,3.75
2006-01-03,3.75,0,0,7.14,15.38,15.38,15.38,3.75,3.75,3.75,3.75,3.5,3.74,3.75,3.25,3.56,3.75,3.25,3.4,3.75,3.25,3.33,0,0.067307692,0.103454416,-0.036146724,3.849303399,3.625696601,1,101.6142736,0.243926636,0.059827906,3.75
2006-01-04,3.75,0,0,7.14,15.38,15.38,15.38,3.75,3.75,3.75,3.75,3.75,3.75,3.75,3.25,3.57,3.75,3.25,3.41,3.75,3.25,3.33,0,0.057692308,0.096153846,-0.038461538,3.75,3.75,0,101.6088061,0.243926636,0,3.75
2006-01-05,3.75,0,0,0,15.38,15.38,15.38,3.75,3.75,3.75,3.75,3.75,3.75,3.75,3.25,3.57,3.75,3.25,3.41,3.75,3.25,3.33,0,0.048076923,0.086538462,-0.038461538,3.75,3.75,0,101.4455998,0,0,3.75
2006-01-06,3.75,0,0,0,15.38,15.38,15.38,3.75,3.75,3.75,3.75,3.75,3.75,3.75,3.25,3.58,3.75,3.25,3.42,3.75,3.25,3.33,0,0.038461538,0.076923077,-0.038461538,3.75,3.75,0,101.2914662,0,0,3.75
2006-01-09,3.75,0,0,0,15.38,15.38,15.38,3.75,3.75,3.75,3.75,3.75,3.75,3.75,3.5,3.59,3.75,3.25,3.42,3.75,3.25,3.33,0,0.028846154,0.067307692,-0.038461538,3.75,3.75,0,101.146325,0,0,3.75
2006-01-10,3.75,0,0,0,7.14,15.38,15.38,3.75,3.75,3.75,3.75,3.75,3.75,3.75,3.5,3.59,3.75,3.25,3.42,3.75,3.25,3.34,0,0.019230769,0.057692308,-0.038461538,3.75,3.75,0,101.010101,0,0,3.75
2006-01-11,3.75,0,0,0,7.14,15.38,15.38,3.75,3.75,3.75,3.75,3.75,3.75,3.75,3.5,3.6,3.75,3.25,3.43,3.75,3.25,3.34,0,0.009615385,0.048076923,-0.038461538,3.75,3.75,0,100.8827238,0,0,3.75
2006-01-12,3.75,0,0,0,7.14,15.38,15.38,3.75,3.75,3.75,3.75,3.75,3.75,3.75,3.5,3.6,3.75,3.25,3.43,3.75,3.25,3.34,0,0,0.038461538,-0.038461538,3.75,3.75,0,100.764128,0,0,3.75
2006-01-13,3.75,0,0,0,7.14,15.38,15.38,3.75,3.75,3.75,3.75,3.75,3.75,3.75,3.5,3.6,3.75,3.25,3.43,3.75,3.25,3.34,0,0,0.02991453,-0.02991453,3.75,3.75,0,100.6542526,0,0,3.75
2006-01-16,3.75,0,0,0,7.14,15.38,15.38,3.75,3.75,3.75,3.75,3.75,3.75,3.75,3.5,3.61,3.75,3.25,3.44,3.75,3.25,3.34,0,0,0.022435897,-0.022435897,3.75,3.75,0,100.5530417,0,0,3.75
2006-01-17,3.75,0,0,0,7.14,15.38,15.38,3.75,3.75,3.75,3.75,3.75,3.75,3.75,3.5,3.61,3.75,3.25,3.44,3.75,3.25,3.35,0,0,0.016025641,-0.016025641,3.75,3.75,0,100.4604437,0,0,3.75
2006-01-18,3.75,0,0,0,7.14,15.38,15.38,3.75,3.75,3.75,3.75,3.75,3.75,3.75,3.5,3.62,3.75,3.25,3.45,3.75,3.25,3.35,0,0,0.010683761,-0.010683761,3.75,3.75,0,100.3764115,0,0,3.75
2006-01-19,3.75,0,0,0,7.14,15.38,15.38,3.75,3.75,3.75,3.75,3.75,3.75,3.75,3.5,3.62,3.75,3.25,3.45,3.75,3.25,3.35,0,0,0.006410256,-0.006410256,3.75,3.75,0,100.3009027,0,0,3.75
2006-01-20,3.75,0,0,0,7.14,15.38,15.38,3.75,3.75,3.75,3.75,3.75,3.75,3.75,3.5,3.62,3.75,3.25,3.45,3.75,3.25,3.35,0,0,0.003205128,-0.003205128,3.75,3.75,0,100.2338791,0,0,3.75
2006-01-23,3.75,0,0,0,7.14,15.38,15.38,3.75,3.75,3.75,3.75,3.75,3.75,3.75,3.5,3.63,3.75,3.25,3.46,3.75,3.25,3.35,0,0,0.001068376,-0.001068376,3.75,3.75,0,100.1753068,0,0,3.75
2006-01-24,3.75,0,0,0,7.14,15.38,15.38,3.75,3.75,3.75,3.75,3.75,3.75,3.75,3.5,3.63,3.75,3.25,3.46,3.75,3.25,3.36,0,0,0,0,3.75,3.75,0,100.1251564,0,0,3.75
2006-01-25,3.75,0,0,0,7.14,15.38,15.38,3.75,3.75,3.75,3.75,3.75,3.75,3.75,3.5,3.63,3.75,3.25,3.47,3.75,3.25,3.36,0,0,0,0,3.75,3.75,0,100.0834028,0,0,3.75
2006-01-26,3.75,0,0,0,7.14,15.38,15.38,3.75,3.75,3.75,3.75,3.75,3.75,3.75,3.5,3.64,3.75,3.25,3.47,3.75,3.25,3.36,0,0,0,0,3.75,3.75,0,100.050025,0,0,3.75
2006-01-27,3.75,0,0,0,7.14,15.38,15.38,3.75,3.75,3.75,3.75,3.75,3.75,3.75,3.5,3.64,3.75,3.25,3.47,3.75,3.25,3.36,0,0,0,0,3.75,3.75,0,100.0250063,0,0,3.75
2006-01-30,3.75,0,0,0,7.14,15.38,15.38,3.75,3.75,3.75,3.75,3.75,3.75,3.75,3.5,3.65,3.75,3.25,3.48,3.75,3.25,3.36,0,0,0,0,3.75,3.75,0,100.008334,0,0,3.75
2006-01-31,3.75,0,0,0,7.14,15.38,15.38,3.75,3.75,3.75,3.75,3.75,3.75,3.75,3.5,3.65,3.75,3.25,3.48,3.75,3.25,3.37,0,0,0,0,3.75,3.75,0,100,0,0,3.75
2006-02-01,3.75,0,0,0,7.14,15.38,15.38,3.75,3.75,3.75,3.75,3.75,3.75,3.75,3.5,3.65,3.75,3.25,3.48,3.75,3.25,3.37,0,0,0,0,3.75,3.75,0,100,0,0,3.75
2006-02-02,3.75,0,0,0,7.14,15.38,15.38,3.75,3.75,3.75,3.75,3.75,3.75,3.75,3.5,3.66,3.75,3.25,3.49,3.75,3.25,3.37,0,0,0,0,3.75,3.75,0,100,0,0,3.75
2006-02-03,3.75,0,0,0,7.14,15.38,15.38,3.75,3.75,3.75,3.75,3.75,3.75,3.75,3.5,3.66,3.75,3.25,3.49,3.75,3.25,3.37,0,0,0,0,3.75,3.75,0,100,0,0,3.75
2006-02-06,3.75,0,0,0,7.14,15.38,15.38,3.75,3.75,3.75,3.75,3.75,3.75,3.75,3.5,3.67,3.75,3.25,3.5,3.75,3.25,3.37,0,0,0,0,3.75,3.75,0,100,0,0,3.75
2006-02-07,3.75,0,0,0,7.14,15.38,15.38,3.75,3.75,3.75,3.75,3.75,3.75,3.75,3.5,3.67,3.75,3.25,3.5,3.75,3.25,3.38,0,0,0,0,3.75,3.75,0,100,0,0,3.75
2006-02-08,3.75,0,0,0,7.14,15.38,15.38,3.75,3.75,3.75,3.75,3.75,3.75,3.75,3.5,3.67,3.75,3.25,3.5,3.75,3.25,3.38,0,0,0,0,3.75,3.75,0,100,0,0,3.75
2006-02-09,4,6.67,6.67,6.67,14.29,23.08,23.08,4,3.75,3.8,4,3.75,3.76,4,3.5,3.68,4,3.25,3.51,4,3.25,3.38,0,0.011217949,0.001246439,0.00997151,3.874303399,3.650696601,1,100.1580567,0.22817813,0.059430378,4
2006-02-10,4,0,6.67,6.67,14.29,23.08,23.08,4,3.75,3.85,4,3.75,3.78,4,3.5,3.69,4,3.25,3.52,4,3.25,3.38,0,0.022435897,0.003739316,0.018696581,3.928896753,3.621103247,1,100.3072324,0.22817813,0.081534703,4
2006-02-13,4,0,6.67,6.67,14.29,23.08,23.08,4,3.75,3.9,4,3.75,3.79,4,3.5,3.7,4,3.25,3.52,4,3.25,3.39,0,0.033653846,0.007478632,0.026175214,3.970673774,3.604326226,1,100.4475385,0.22817813,0.096725425,4
2006-02-14,4,0,6.67,6.67,14.29,23.08,23.08,4,3.75,3.95,4,3.75,3.8,4,3.5,3.7,4,3.25,3.53,4,3.25,3.39,0,0.044871795,0.012464387,0.032407407,4.00519567,3.59480433,1,100.5789909,0.22817813,0.107997721,4
2006-02-15,4,0,6.67,6.67,14.29,23.08,23.08,4,4,4,4,3.75,3.81,4,3.5,3.71,4,3.25,3.53,4,3.25,3.39,0,0.056089744,0.018696581,0.037393162,4.034630829,3.590369171,1,100.7016096,0.22817813,0.116527648,4
2006-02-16,4,0,0,6.67,14.29,23.08,23.08,4,4,4,4,3.75,3.83,4,3.5,3.72,4,3.25,3.54,4,3.25,3.39,0,0.067307692,0.026175214,0.041132479,4.060081173,3.589918827,1,100.8154188,0.22817813,0.12291826,4
2006-02-17,4,0,0,6.67,14.29,23.08,23.08,4,4,4,4,3.75,3.84,4,3.5,3.73,4,3.25,3.54,4,3.25,3.4,0,0.078525641,0.034900285,0.043625356,4.082180242,3.592819758,1,100.9204471,0.22817813,0.127520648,4
2006-02-20,4,0,0,6.67,14.29,23.08,23.08,4,4,4,4,3.75,3.85,4,3.5,3.73,4,3.25,3.55,4,3.25,3.4,0,0.08974359,0.044871795,0.044871795,4.101312345,3.598687655,1,101.0167268,0.22817813,0.130551868,4
2006-02-21,4,0,0,6.67,14.29,23.08,23.08,4,4,4,4,3.75,3.86,4,3.5,3.74,4,3.25,3.56,4,3.25,3.4,0,0.100961538,0.056089744,0.044871795,4.117708893,3.607291107,1,101.1042945,0.22817813,0.132146999,4
2006-02-22,4,0,0,6.67,14.29,23.08,23.08,4,4,4,4,3.75,3.88,4,3.5,3.75,4,3.25,3.56,4,3.25,3.41,0,0.112179487,0.067307692,0.044871795,4.131494588,3.618505412,1,101.1831905,0.22817813,0.132384303,4
2006-02-23,4,0,0,6.67,14.29,23.08,23.08,4,4,4,4,3.75,3.89,4,3.5,3.76,4,3.25,3.57,4,3.25,3.41,0,0.123397436,0.078525641,0.044871795,4.142708893,3.632291107,1,101.2534592,0.22817813,0.13129718,4
2006-02-24,4,0,0,6.67,14.29,23.08,23.08,4,4,4,4,3.75,3.9,4,3.5,3.77,4,3.25,3.57,4,3.25,3.41,0,0.134615385,0.08974359,0.044871795,4.151312345,3.648687655,1,101.3151486,0.22817813,0.128878126,4
2006-02-27,4,0,0,6.67,14.29,23.08,23.08,4,4,4,4,3.75,3.91,4,3.5,3.77,4,3.25,3.58,4,3.25,3.41,0,0.125,0.098646724,0.026353276,4.157180242,3.667819758,1,101.3683103,0.22817813,0.125076162,4
2006-02-28,4,0,0,6.67,14.29,23.08,23.08,4,4,4,4,3.75,3.93,4,3.5,3.78,4,3.25,3.58,4,3.25,3.42,0,0.115384615,0.105235043,0.010149573,4.160081173,3.689918827,1,101.4129996,0.22817813,0.119786585,4
2006-03-01,4,0,0,6.67,14.29,23.08,23.08,4,4,4,4,3.75,3.94,4,3.5,3.79,4,3.25,3.59,4,3.25,3.42,0,0.105769231,0.109508547,-0.003739316,4.159630829,3.715369171,1,101.4492754,0.22817813,0.112828358,4
2006-03-02,4,0,0,6.67,14.29,23.08,23.08,4,4,4,4,3.75,3.95,4,3.5,3.8,4,3.25,3.6,4,3.25,3.42,0,0.096153846,0.111467236,-0.01531339,4.15519567,3.74480433,1,101.4771997,0.22817813,0.103896542,4
2006-03-03,4,0,0,6.67,14.29,23.08,23.08,4,4,4,4,3.75,3.96,4,3.5,3.8,4,3.25,3.6,4,3.25,3.43,0,0.086538462,0.111111111,-0.02457265,4.145673774,3.779326226,1,101.4968382,0.22817813,0.09245364,4
2006-03-06,4,0,0,6.67,14.29,23.08,23.08,4,4,4,4,3.75,3.98,4,3.5,3.81,4,3.25,3.61,4,3.25,3.43,0,0.076923077,0.108440171,-0.031517094,4.128896753,3.821103247,1,101.5082595,0.22817813,0.077432328,4
2006-03-07,4,0,0,6.67,14.29,23.08,23.08,4,4,4,4,3.75,3.99,4,3.5,3.82,4,3.25,3.61,4,3.25,3.43,0,0.067307692,0.103454416,-0.036146724,4.099303399,3.875696601,1,101.5115354,0.22817813,0.05607694,4
2006-03-08,4,0,0,6.67,14.29,23.08,23.08,4,4,4,4,4,4,4,3.75,3.83,4,3.25,3.62,4,3.25,3.43,0,0.057692308,0.096153846,-0.038461538,4,4,0,101.5067407,0.22817813,0,4
2006-03-09,4,0,0,0,6.67,23.08,23.08,4,4,4,4,4,4,4,3.75,3.83,4,3.25,3.63,4,3.25,3.44,0,0.048076923,0.086538462,-0.038461538,4,4,0,101.3540264,0,0,4
2006-03-10,4,0,0,0,6.67,23.08,23.08,4,4,4,4,4,4,4,3.75,3.83,4,3.25,3.63,4,3.25,3.44,0,0.038461538,0.076923077,-0.038461538,4,4,0,101.2097731,0,0,4
2006-03-13,4,0,0,0,6.67,23.08,23.08,4,4,4,4,4,4,4,3.75,3.84,4,3.25,3.64,4,3.25,3.44,0,0.028846154,0.067307692,-0.038461538,4,4,0,101.0739103,0,0,4
2006-03-14,4,0,0,0,6.67,23.08,23.08,4,4,4,4,4,4,4,3.75,3.84,4,3.25,3.64,4,3.25,3.45,0,0.019230769,0.057692308,-0.038461538,4,4,0,100.9463722,0,0,4
2006-03-15,4,0,0,0,6.67,23.08,23.08,4,4,4,4,4,4,4,3.75,3.85,4,3.25,3.65,4,3.25,3.45,0,0.009615385,0.048076923,-0.038461538,4,4,0,100.8270973,0,0,4
2006-03-16,4,0,0,0,6.67,23.08,23.08,4,4,4,4,4,4,4,3.75,3.85,4,3.25,3.65,4,3.25,3.45,0,0,0.038461538,-0.038461538,4,4,0,100.716028,0,0,4
2006-03-17,4,0,0,0,6.67,23.08,23.08,4,4,4,4,4,4,4,3.75,3.85,4,3.25,3.66,4,3.25,3.45,0,0,0.02991453,-0.02991453,4,4,0,100.6131111,0,0,4
2006-03-20,4,0,0,0,6.67,23.08,23.08,4,4,4,4,4,4,4,3.75,3.86,4,3.25,3.67,4,3.25,3.46,0,0,0.022435897,-0.022435897,4,4,0,100.5182975,0,0,4
2006-03-21,4,0,0,0,6.67,23.08,23.08,4,4,4,4,4,4,4,3.75,3.86,4,3.25,3.67,4,3.25,3.46,0,0,0.016025641,-0.016025641,4,4,0,100.4315418,0,0,4
2006-03-22,4,0,0,0,6.67,23.08,23.08,4,4,4,4,4,4,4,3.75,3.87,4,3.25,3.68,4,3.25,3.46,0,0,0.010683761,-0.010683761,4,4,0,100.3528028,0,0,4
2006-03-23,4,0,0,0,6.67,23.08,23.08,4,4,4,4,4,4,4,3.75,3.87,4,3.25,3.68,4,3.25,3.47,0,0,0.006410256,-0.006410256,4,4,0,100.2820432,0,0,4
2006-03-24,4,0,0,0,6.67,23.08,23.08,4,4,4,4,4,4,4,3.75,3.87,4,3.25,3.69,4,3.25,3.47,0,0,0.003205128,-0.003205128,4,4,0,100.2192296,0,0,4
2006-03-27,4,0,0,0,6.67,23.08,23.08,4,4,4,4,4,4,4,3.75,3.88,4,3.25,3.69,4,3.25,3.47,0,0,0.001068376,-0.001068376,4,4,0,100.1643321,0,0,4
2006-03-28,4,0,0,0,6.67,23.08,23.08,4,4,4,4,4,4,4,3.75,3.88,4,3.25,3.7,4,3.25,3.48,0,0,0,0,4,4,0,100.117325,0,0,4
2006-03-29,4,0,0,0,6.67,23.08,23.08,4,4,4,4,4,4,4,3.75,3.88,4,3.25,3.71,4,3.25,3.48,0,0,0,0,4,4,0,100.0781861,0,0,4
2006-03-30,4,0,0,0,6.67,23.08,23.08,4,4,4,4,4,4,4,3.75,3.89,4,3.25,3.71,4,3.25,3.48,0,0,0,0,4,4,0,100.046897,0,0,4
2006-03-31,4,0,0,0,6.67,23.08,23.08,4,4,4,4,4,4,4,3.75,3.89,4,3.25,3.72,4,3.25,3.48,0,0,0,0,4,4,0,100.023443,0,0,4
2006-04-03,4,0,0,0,6.67,23.08,23.08,4,4,4,4,4,4,4,3.75,3.9,4,3.25,3.72,4,3.25,3.49,0,0,0,0,4,4,0,100.0078131,0,0,4
2006-04-04,4,0,0,0,6.67,23.08,23.08,4,4,4,4,4,4,4,3.75,3.9,4,3.25,3.73,4,3.25,3.49,0,0,0,0,4,4,0,100,0,0,4
2006-04-05,4,0,0,0,6.67,23.08,23.08,4,4,4,4,4,4,4,3.75,3.9,4,3.25,3.73,4,3.25,3.49,0,0,0,0,4,4,0,100,0,0,4
2006-04-06,4,0,0,0,6.67,23.08,23.08,4,4,4,4,4,4,4,3.75,3.91,4,3.25,3.74,4,3.25,3.5,0,0,0,0,4,4,0,100,0,0,4
2006-04-07,4,0,0,0,6.67,23.08,23.08,4,4,4,4,4,4,4,3.75,3.91,4,3.25,3.75,4,3.25,3.5,0,0,0,0,4,4,0,100,0,0,4
2006-04-10,4,0,0,0,6.67,23.08,23.08,4,4,4,4,4,4,4,3.75,3.92,4,3.5,3.75,4,3.25,3.5,0,0,0,0,4,4,0,100,0,0,4
2006-04-11,4,0,0,0,6.67,14.29,23.08,4,4,4,4,4,4,4,3.75,3.92,4,3.5,3.76,4,3.25,3.5,0,0,0,0,4,4,0,100,0,0,4
2006-04-12,4,0,0,0,6.67,14.29,23.08,4,4,4,4,4,4,4,3.75,3.92,4,3.5,3.76,4,3.25,3.51,0,0,0,0,4,4,0,100,0,0,4
2006-04-13,4,0,0,0,6.67,14.29,23.08,4,4,4,4,4,4,4,3.75,3.93,4,3.5,3.76,4,3.25,3.51,0,0,0,0,4,4,0,100,0,0,4
2006-04-14,4,0,0,0,6.67,14.29,23.08,4,4,4,4,4,4,4,3.75,3.93,4,3.5,3.77,4,3.25,3.51,0,0,0,0,4,4,0,100,0,0,4
2006-04-17,4,0,0,0,6.67,14.29,23.08,4,4,4,4,4,4,4,3.75,3.93,4,3.5,3.77,4,3.25,3.52,0,0,0,0,4,4,0,100,0,0,4
2006-04-18,4,0,0,0,6.67,14.29,23.08,4,4,4,4,4,4,4,3.75,3.94,4,3.5,3.78,4,3.25,3.52,0,0,0,0,4,4,0,100,0,0,4
2006-04-19,4,0,0,0,6.67,14.29,23.08,4,4,4,4,4,4,4,3.75,3.94,4,3.5,3.78,4,3.25,3.52,0,0,0,0,4,4,0,100,0,0,4
2006-04-20,4,0,0,0,6.67,14.29,23.08,4,4,4,4,4,4,4,3.75,3.95,4,3.5,3.78,4,3.25,3.52,0,0,0,0,4,4,0,100,0,0,4
2006-04-21,4,0,0,0,6.67,14.29,23.08,4,4,4,4,4,4,4,3.75,3.95,4,3.5,3.79,4,3.25,3.53,0,0,0,0,4,4,0,100,0,0,4
2006-04-24,4,0,0,0,6.67,14.29,23.08,4,4,4,4,4,4,4,3.75,3.95,4,3.5,3.79,4,3.25,3.53,0,0,0,0,4,4,0,100,0,0,4
2006-04-25,4,0,0,0,6.67,14.29,23.08,4,4,4,4,4,4,4,3.75,3.96,4,3.5,3.79,4,3.25,3.53,0,0,0,0,4,4,0,100,0,0,4
2006-04-26,4,0,0,0,6.67,14.29,23.08,4,4,4,4,4,4,4,3.75,3.96,4,3.5,3.8,4,3.25,3.54,0,0,0,0,4,4,0,100,0,0,4
2006-04-27,4,0,0,0,6.67,14.29,23.08,4,4,4,4,4,4,4,3.75,3.97,4,3.5,3.8,4,3.25,3.54,0,0,0,0,4,4,0,100,0,0,4
2006-04-28,4,0,0,0,6.67,14.29,23.08,4,4,4,4,4,4,4,3.75,3.97,4,3.5,3.81,4,3.25,3.54,0,0,0,0,4,4,0,100,0,0,4
2006-05-01,4,0,0,0,6.67,14.29,23.08,4,4,4,4,4,4,4,3.75,3.97,4,3.5,3.81,4,3.25,3.54,0,0,0,0,4,4,0,100,0,0,4
2006-05-02,4,0,0,0,6.67,14.29,23.08,4,4,4,4,4,4,4,3.75,3.98,4,3.5,3.81,4,3.25,3.55,0,0,0,0,4,4,0,100,0,0,4
2006-05-03,4,0,0,0,6.67,14.29,23.08,4,4,4,4,4,4,4,3.75,3.98,4,3.5,3.82,4,3.25,3.55,0,0,0,0,4,4,0,100,0,0,4
2006-05-04,4,0,0,0,6.67,14.29,23.08,4,4,4,4,4,4,4,3.75,3.98,4,3.5,3.82,4,3.25,3.55,0,0,0,0,4,4,0,100,0,0,4
2006-05-05,4,0,0,0,6.67,14.29,23.08,4,4,4,4,4,4,4,3.75,3.99,4,3.5,3.83,4,3.25,3.56,0,0,0,0,4,4,0,100,0,0,4
2006-05-08,4,0,0,0,6.67,14.29,23.08,4,4,4,4,4,4,4,3.75,3.99,4,3.5,3.83,4,3.25,3.56,0,0,0,0,4,4,0,100,0,0,4
2006-05-09,4,0,0,0,6.67,14.29,23.08,4,4,4,4,4,4,4,3.75,4,4,3.5,3.83,4,3.25,3.56,0,0,0,0,4,4,0,100,0,0,4
2006-05-10,4,0,0,0,6.67,14.29,23.08,4,4,4,4,4,4,4,4,4,4,3.5,3.84,4,3.25,3.56,0,0,0,0,4,4,0,100,0,0,4
2006-05-11,4,0,0,0,0,14.29,23.08,4,4,4,4,4,4,4,4,4,4,3.5,3.84,4,3.25,3.57,0,0,0,0,4,4,0,100,0,0,4
2006-05-12,4,0,0,0,0,14.29,23.08,4,4,4,4,4,4,4,4,4,4,3.5,3.84,4,3.25,3.57,0,0,0,0,4,4,0,100,0,0,4
2006-05-15,4,0,0,0,0,14.29,23.08,4,4,4,4,4,4,4,4,4,4,3.5,3.85,4,3.25,3.57,0,0,0,0,4,4,0,100,0,0,4
2006-05-16,4,0,0,0,0,14.29,23.08,4,4,4,4,4,4,4,4,4,4,3.5,3.85,4,3.25,3.58,0,0,0,0,4,4,0,100,0,0,4
2006-05-17,4,0,0,0,0,14.29,23.08,4,4,4,4,4,4,4,4,4,4,3.5,3.86,4,3.25,3.58,0,0,0,0,4,4,0,100,0,0,4
2006-05-18,4,0,0,0,0,14.29,23.08,4,4,4,4,4,4,4,4,4,4,3.5,3.86,4,3.25,3.58,0,0,0,0,4,4,0,100,0,0,4
2006-05-19,4,0,0,0,0,14.29,23.08,4,4,4,4,4,4,4,4,4,4,3.5,3.86,4,3.25,3.58,0,0,0,0,4,4,0,100,0,0,4
2006-05-22,4,0,0,0,0,14.29,23.08,4,4,4,4,4,4,4,4,4,4,3.5,3.87,4,3.25,3.59,0,0,0,0,4,4,0,100,0,0,4
2006-05-23,4,0,0,0,0,14.29,23.08,4,4,4,4,4,4,4,4,4,4,3.5,3.87,4,3.25,3.59,0,0,0,0,4,4,0,100,0,0,4
2006-05-24,4,0,0,0,0,14.29,23.08,4,4,4,4,4,4,4,4,4,4,3.5,3.88,4,3.25,3.59,0,0,0,0,4,4,0,100,0,0,4
2006-05-25,4,0,0,0,0,14.29,23.08,4,4,4,4,4,4,4,4,4,4,3.5,3.88,4,3.25,3.6,0,0,0,0,4,4,0,100,0,0,4
2006-05-26,4,0,0,0,0,14.29,23.08,4,4,4,4,4,4,4,4,4,4,3.5,3.88,4,3.25,3.6,0,0,0,0,4,4,0,100,0,0,4
2006-05-29,4,0,0,0,0,14.29,23.08,4,4,4,4,4,4,4,4,4,4,3.5,3.89,4,3.25,3.6,0,0,0,0,4,4,0,100,0,0,4
2006-05-30,4,0,0,0,0,14.29,23.08,4,4,4,4,4,4,4,4,4,4,3.5,3.89,4,3.25,3.6,0,0,0,0,4,4,0,100,0,0,4
2006-05-31,4,0,0,0,0,14.29,23.08,4,4,4,4,4,4,4,4,4,4,3.5,3.89,4,3.25,3.61,0,0,0,0,4,4,0,100,0,0,4
2006-06-01,4,0,0,0,0,14.29,23.08,4,4,4,4,4,4,4,4,4,4,3.5,3.9,4,3.25,3.61,0,0,0,0,4,4,0,100,0,0,4
2006-06-02,4,0,0,0,0,14.29,23.08,4,4,4,4,4,4,4,4,4,4,3.5,3.9,4,3.25,3.61,0,0,0,0,4,4,0,100,0,0,4
2006-06-05,4,0,0,0,0,14.29,23.08,4,4,4,4,4,4,4,4,4,4,3.5,3.91,4,3.25,3.62,0,0,0,0,4,4,0,100,0,0,4
2006-06-06,4,0,0,0,0,14.29,23.08,4,4,4,4,4,4,4,4,4,4,3.5,3.91,4,3.25,3.62,0,0,0,0,4,4,0,100,0,0,4
2006-06-07,4,0,0,0,0,14.29,23.08,4,4,4,4,4,4,4,4,4,4,3.75,3.91,4,3.25,3.62,0,0,0,0,4,4,0,100,0,0,4
2006-06-08,4,0,0,0,0,6.67,23.08,4,4,4,4,4,4,4,4,4,4,3.75,3.92,4,3.25,3.63,0,0,0,0,4,4,0,100,0,0,4
2006-06-09,4,0,0,0,0,6.67,23.08,4,4,4,4,4,4,4,4,4,4,3.75,3.92,4,3.25,3.63,0,0,0,0,4,4,0,100,0,0,4
2006-06-12,4,0,0,0,0,6.67,23.08,4,4,4,4,4,4,4,4,4,4,3.75,3.92,4,3.25,3.63,0,0,0,0,4,4,0,100,0,0,4
2006-06-13,4,0,0,0,0,6.67,23.08,4,4,4,4,4,4,4,4,4,4,3.75,3.92,4,3.25,3.63,0,0,0,0,4,4,0,100,0,0,4
2006-06-14,4,0,0,0,0,6.67,23.08,4,4,4,4,4,4,4,4,4,4,3.75,3.92,4,3.25,3.64,0,0,0,0,4,4,0,100,0,0,4
2006-06-15,4,0,0,0,0,6.67,23.08,4,4,4,4,4,4,4,4,4,4,3.75,3.93,4,3.25,3.64,0,0,0,0,4,4,0,100,0,0,4
2006-06-16,4,0,0,0,0,6.67,23.08,4,4,4,4,4,4,4,4,4,4,3.75,3.93,4,3.25,3.64,0,0,0,0,4,4,0,100,0,0,4
2006-06-19,4,0,0,0,0,6.67,23.08,4,4,4,4,4,4,4,4,4,4,3.75,3.93,4,3.25,3.65,0,0,0,0,4,4,0,100,0,0,4
2006-06-20,4,0,0,0,0,6.67,23.08,4,4,4,4,4,4,4,4,4,4,3.75,3.93,4,3.25,3.65,0,0,0,0,4,4,0,100,0,0,4
2006-06-21,4,0,0,0,0,6.67,23.08,4,4,4,4,4,4,4,4,4,4,3.75,3.93,4,3.25,3.65,0,0,0,0,4,4,0,100,0,0,4
2006-06-22,4,0,0,0,0,6.67,23.08,4,4,4,4,4,4,4,4,4,4,3.75,3.93,4,3.25,3.65,0,0,0,0,4,4,0,100,0,0,4
2006-06-23,4,0,0,0,0,6.67,23.08,4,4,4,4,4,4,4,4,4,4,3.75,3.94,4,3.25,3.66,0,0,0,0,4,4,0,100,0,0,4
2006-06-26,4,0,0,0,0,6.67,23.08,4,4,4,4,4,4,4,4,4,4,3.75,3.94,4,3.25,3.66,0,0,0,0,4,4,0,100,0,0,4
2006-06-27,4,0,0,0,0,6.67,23.08,4,4,4,4,4,4,4,4,4,4,3.75,3.94,4,3.25,3.66,0,0,0,0,4,4,0,100,0,0,4
2006-06-28,4,0,0,0,0,6.67,23.08,4,4,4,4,4,4,4,4,4,4,3.75,3.94,4,3.25,3.67,0,0,0,0,4,4,0,100,0,0,4
2006-06-29,4,0,0,0,0,6.67,23.08,4,4,4,4,4,4,4,4,4,4,3.75,3.94,4,3.25,3.67,0,0,0,0,4,4,0,100,0,0,4
2006-06-30,4,0,0,0,0,6.67,23.08,4,4,4,4,4,4,4,4,4,4,3.75,3.95,4,3.25,3.67,0,0,0,0,4,4,0,100,0,0,4
2006-07-03,4,0,0,0,0,6.67,23.08,4,4,4,4,4,4,4,4,4,4,3.75,3.95,4,3.25,3.67,0,0,0,0,4,4,0,100,0,0,4
2006-07-04,4,0,0,0,0,6.67,23.08,4,4,4,4,4,4,4,4,4,4,3.75,3.95,4,3.25,3.68,0,0,0,0,4,4,0,100,0,0,4
2006-07-05,4,0,0,0,0,6.67,23.08,4,4,4,4,4,4,4,4,4,4,3.75,3.95,4,3.25,3.68,0,0,0,0,4,4,0,100,0,0,4
2006-07-06,4,0,0,0,0,6.67,23.08,4,4,4,4,4,4,4,4,4,4,3.75,3.95,4,3.25,3.68,0,0,0,0,4,4,0,100,0,0,4
2006-07-07,4,0,0,0,0,6.67,23.08,4,4,4,4,4,4,4,4,4,4,3.75,3.96,4,3.25,3.69,0,0,0,0,4,4,0,100,0,0,4
2006-07-10,4,0,0,0,0,6.67,23.08,4,4,4,4,4,4,4,4,4,4,3.75,3.96,4,3.25,3.69,0,0,0,0,4,4,0,100,0,0,4
2006-07-11,4,0,0,0,0,6.67,23.08,4,4,4,4,4,4,4,4,4,4,3.75,3.96,4,3.25,3.69,0,0,0,0,4,4,0,100,0,0,4
2006-07-12,4,0,0,0,0,6.67,23.08,4,4,4,4,4,4,4,4,4,4,3.75,3.96,4,3.25,3.69,0,0,0,0,4,4,0,100,0,0,4
2006-07-13,4,0,0,0,0,6.67,23.08,4,4,4,4,4,4,4,4,4,4,3.75,3.96,4,3.25,3.7,0,0,0,0,4,4,0,100,0,0,4
2006-07-14,4,0,0,0,0,6.67,23.08,4,4,4,4,4,4,4,4,4,4,3.75,3.97,4,3.25,3.7,0,0,0,0,4,4,0,100,0,0,4
2006-07-17,4,0,0,0,0,6.67,23.08,4,4,4,4,4,4,4,4,4,4,3.75,3.97,4,3.25,3.7,0,0,0,0,4,4,0,100,0,0,4
2006-07-18,4,0,0,0,0,6.67,23.08,4,4,4,4,4,4,4,4,4,4,3.75,3.97,4,3.25,3.71,0,0,0,0,4,4,0,100,0,0,4
2006-07-19,4,0,0,0,0,6.67,23.08,4,4,4,4,4,4,4,4,4,4,3.75,3.97,4,3.25,3.71,0,0,0,0,4,4,0,100,0,0,4
2006-07-20,4,0,0,0,0,6.67,23.08,4,4,4,4,4,4,4,4,4,4,3.75,3.97,4,3.25,3.71,0,0,0,0,4,4,0,100,0,0,4
2006-07-21,4,0,0,0,0,6.67,23.08,4,4,4,4,4,4,4,4,4,4,3.75,3.98,4,3.25,3.71,0,0,0,0,4,4,0,100,0,0,4
2006-07-24,4,0,0,0,0,6.67,23.08,4,4,4,4,4,4,4,4,4,4,3.75,3.98,4,3.25,3.72,0,0,0,0,4,4,0,100,0,0,4
2006-07-25,4,0,0,0,0,6.67,23.08,4,4,4,4,4,4,4,4,4,4,3.75,3.98,4,3.25,3.72,0,0,0,0,4,4,0,100,0,0,4
2006-07-26,4,0,0,0,0,6.67,23.08,4,4,4,4,4,4,4,4,4,4,3.75,3.98,4,3.25,3.72,0,0,0,0,4,4,0,100,0,0,4
2006-07-27,4,0,0,0,0,6.67,23.08,4,4,4,4,4,4,4,4,4,4,3.75,3.98,4,3.25,3.73,0,0,0,0,4,4,0,100,0,0,4
2006-07-28,4,0,0,0,0,6.67,23.08,4,4,4,4,4,4,4,4,4,4,3.75,3.98,4,3.25,3.73,0,0,0,0,4,4,0,100,0,0,4
2006-07-31,4,0,0,0,0,6.67,23.08,4,4,4,4,4,4,4,4,4,4,3.75,3.99,4,3.25,3.73,0,0,0,0,4,4,0,100,0,0,4
2006-08-01,4,0,0,0,0,6.67,23.08,4,4,4,4,4,4,4,4,4,4,3.75,3.99,4,3.25,3.73,0,0,0,0,4,4,0,100,0,0,4
2006-08-02,4,0,0,0,0,6.67,23.08,4,4,4,4,4,4,4,4,4,4,3.75,3.99,4,3.25,3.74,0,0,0,0,4,4,0,100,0,0,4
2006-08-03,4,0,0,0,0,6.67,23.08,4,4,4,4,4,4,4,4,4,4,3.75,3.99,4,3.25,3.74,0,0,0,0,4,4,0,100,0,0,4
2006-08-04,4,0,0,0,0,6.67,23.08,4,4,4,4,4,4,4,4,4,4,3.75,3.99,4,3.25,3.74,0,0,0,0,4,4,0,100,0,0,4
2006-08-07,4,0,0,0,0,6.67,23.08,4,4,4,4,4,4,4,4,4,4,3.75,4,4,3.25,3.75,0,0,0,0,4,4,0,100,0,0,4
2006-08-08,4,0,0,0,0,6.67,23.08,4,4,4,4,4,4,4,4,4,4,3.75,4,4,3.25,3.75,0,0,0,0,4,4,0,100,0,0,4
2006-08-09,4,0,0,0,0,6.67,23.08,4,4,4,4,4,4,4,4,4,4,4,4,4,3.25,3.75,0,0,0,0,4,4,0,100,0,0,4
2006-08-10,4.5,12.5,12.5,12.5,12.5,12.5,38.46,4.5,4,4.1,4.5,4,4.03,4.5,4,4.01,4.5,4,4,4.5,3.25,3.76,0,0.022435897,0.002492877,0.01994302,4.248606798,3.801393202,1,100.2959041,0.416425916,0.111108968,4.5
2006-08-11,4.5,0,12.5,12.5,12.5,12.5,38.46,4.5,4,4.2,4.5,4,4.05,4.5,4,4.02,4.5,4,4.01,4.5,3.25,3.76,0,0.044871795,0.007478632,0.037393162,4.357793506,3.742206494,1,100.5742666,0.416425916,0.151996793,4.5
2006-08-14,4.5,0,12.5,12.5,12.5,12.5,38.46,4.5,4,4.3,4.5,4,4.08,4.5,4,4.02,4.5,4,4.01,4.5,3.25,3.77,0,0.067307692,0.014957265,0.052350427,4.441347549,3.708652451,1,100.8351376,0.416425916,0.179802478,4.5
2006-08-15,4.5,0,12.5,12.5,12.5,12.5,38.46,4.5,4,4.4,4.5,4,4.1,4.5,4,4.03,4.5,4,4.02,4.5,3.25,3.77,0,0.08974359,0.024928775,0.064814815,4.510391341,3.689608659,1,101.0785824,0.416425916,0.200190898,4.5
2006-08-16,4.5,0,12.5,12.5,12.5,12.5,38.46,4.5,4.5,4.5,4.5,4,4.13,4.5,4,4.04,4.5,4,4.02,4.5,3.25,3.78,0,0.112179487,0.037393162,0.074786325,4.569261658,3.680738342,1,101.3046815,0.416425916,0.215399592,4.5
2006-08-17,4.5,0,0,12.5,12.5,12.5,38.46,4.5,4.5,4.5,4.5,4,4.15,4.5,4,4.05,4.5,4,4.02,4.5,3.25,3.78,0,0.134615385,0.052350427,0.082264957,4.620162346,3.679837654,1,101.51353,0.416425916,0.226584263,4.5
2006-08-18,4.5,0,0,12.5,12.5,12.5,38.46,4.5,4.5,4.5,4.5,4,4.18,4.5,4,4.05,4.5,4,4.03,4.5,3.25,3.79,0,0.157051282,0.06980057,0.087250712,4.664360485,3.685639515,1,101.7052375,0.416425916,0.234424184,4.5
2006-08-21,4.5,0,0,12.5,12.5,12.5,38.46,4.5,4.5,4.5,4.5,4,4.2,4.5,4,4.06,4.5,4,4.03,4.5,3.25,3.79,0,0.179487179,0.08974359,0.08974359,4.70262469,3.69737531,1,101.8799272,0.416425916,0.23934509,4.5
2006-08-22,4.5,0,0,12.5,12.5,12.5,38.46,4.5,4.5,4.5,4.5,4,4.23,4.5,4,4.07,4.5,4,4.03,4.5,3.25,3.8,0,0.201923077,0.112179487,0.08974359,4.735417786,3.714582214,1,102.0377358,0.416425916,0.241617887,4.5
2006-08-23,4.5,0,0,12.5,12.5,12.5,38.46,4.5,4.5,4.5,4.5,4,4.25,4.5,4,4.08,4.5,4,4.04,4.5,3.25,3.8,0,0.224358974,0.134615385,0.08974359,4.762989176,3.737010824,1,102.1788129,0.416425916,0.241406671,4.5
2006-08-24,4.5,0,0,12.5,12.5,12.5,38.46,4.5,4.5,4.5,4.5,4,4.28,4.5,4,4.08,4.5,4,4.04,4.5,3.25,3.8,0,0.246794872,0.157051282,0.08974359,4.785417786,3.764582214,1,102.3033204,0.416425916,0.238791946,4.5
2006-08-25,4.5,0,0,12.5,12.5,12.5,38.46,4.5,4.5,4.5,4.5,4,4.3,4.5,4,4.09,4.5,4,4.05,4.5,3.25,3.81,0,0.269230769,0.179487179,0.08974359,4.80262469,3.79737531,1,102.411432,0.416425916,0.233778926,4.5
2006-08-28,4.5,0,0,12.5,12.5,12.5,38.46,4.5,4.5,4.5,4.5,4,4.33,4.5,4,4.1,4.5,4,4.05,4.5,3.25,3.81,0,0.25,0.197293447,0.052706553,4.814360485,3.835639515,1,102.5033328,0.416425916,0.226293866,4.5
2006-08-29,4.5,0,0,12.5,12.5,12.5,38.46,4.5,4.5,4.5,4.5,4,4.35,4.5,4,4.11,4.5,4,4.05,4.5,3.25,3.82,0,0.230769231,0.210470085,0.020299145,4.820162346,3.879837654,1,102.5792189,0.416425916,0.216166596,4.5
2006-08-30,4.5,0,0,12.5,12.5,12.5,38.46,4.5,4.5,4.5,4.5,4,4.38,4.5,4,4.12,4.5,4,4.06,4.5,3.25,3.82,0,0.211538462,0.219017094,-0.007478632,4.819261658,3.930738342,1,102.6392962,0.416425916,0.203091044,4.5
2006-08-31,4.5,0,0,12.5,12.5,12.5,38.46,4.5,4.5,4.5,4.5,4,4.4,4.5,4,4.12,4.5,4,4.06,4.5,3.25,3.83,0,0.192307692,0.222934473,-0.030626781,4.810391341,3.989608659,1,102.6837806,0.416425916,0.186541519,4.5
2006-09-01,4.5,0,0,12.5,12.5,12.5,38.46,4.5,4.5,4.5,4.5,4,4.43,4.5,4,4.13,4.5,4,4.07,4.5,3.25,3.83,0,0.173076923,0.222222222,-0.049145299,4.791347549,4.058652451,1,102.7128971,0.416425916,0.165580813,4.5
2006-09-04,4.5,0,0,12.5,12.5,12.5,38.46,4.5,4.5,4.5,4.5,4,4.45,4.5,4,4.14,4.5,4,4.07,4.5,3.25,3.84,0,0.153846154,0.216880342,-0.063034188,4.757793506,4.142206494,1,102.7268792,0.416425916,0.13833416,4.5
2006-09-05,4.5,0,0,12.5,12.5,12.5,38.46,4.5,4.5,4.5,4.5,4,4.48,4.5,4,4.15,4.5,4,4.07,4.5,3.25,3.84,0,0.134615385,0.206908832,-0.072293447,4.698606798,4.251393202,1,102.7259684,0.416425916,0.099935999,4.5
2006-09-06,4.5,0,0,12.5,12.5,12.5,38.46,4.5,4.5,4.5,4.5,4.5,4.5,4.5,4,4.15,4.5,4,4.08,4.5,3.25,3.85,0,0.115384615,0.192307692,-0.076923077,4.5,4.5,0,102.7104137,0.416425916,0,4.5
2006-09-07,4.5,0,0,0,12.5,12.5,38.46,4.5,4.5,4.5,4.5,4.5,4.5,4.5,4,4.16,4.5,4,4.08,4.5,3.25,3.85,0,0.096153846,0.173076923,-0.076923077,4.5,4.5,0,102.4327785,0,0,4.5
2006-09-08,4.5,0,0,0,12.5,12.5,38.46,4.5,4.5,4.5,4.5,4.5,4.5,4.5,4,4.17,4.5,4,4.08,4.5,3.25,3.86,0,0.076923077,0.153846154,-0.076923077,4.5,4.5,0,102.1711367,0,0,4.5
2006-09-11,4.5,0,0,0,12.5,12.5,38.46,4.5,4.5,4.5,4.5,4.5,4.5,4.5,4,4.18,4.5,4,4.09,4.5,3.25,3.86,0,0.057692308,0.134615385,-0.076923077,4.5,4.5,0,101.9252548,0,0,4.5
2006-09-12,4.5,0,0,0,12.5,12.5,38.46,4.5,4.5,4.5,4.5,4.5,4.5,4.5,4,4.18,4.5,4,4.09,4.5,3.25,3.87,0,0.038461538,0.115384615,-0.076923077,4.5,4.5,0,101.6949153,0,0,4.5
2006-09-13,4.5,0,0,0,12.5,12.5,38.46,4.5,4.5,4.5,4.5,4.5,4.5,4.5,4,4.19,4.5,4,4.1,4.5,3.25,3.87,0,0.019230769,0.096153846,-0.076923077,4.5,4.5,0,101.4799154,0,0,4.5
2006-09-14,4.5,0,0,0,12.5,12.5,38.46,4.5,4.5,4.5,4.5,4.5,4.5,4.5,4,4.2,4.5,4,4.1,4.5,3.25,3.88,0,0,0.076923077,-0.076923077,4.5,4.5,0,101.2800675,0,0,4.5
2006-09-15,4.5,0,0,0,12.5,12.5,38.46,4.5,4.5,4.5,4.5,4.5,4.5,4.5,4,4.21,4.5,4,4.1,4.5,3.25,3.88,0,0,0.05982906,-0.05982906,4.5,4.5,0,101.095198,0,0,4.5
2006-09-18,4.5,0,0,0,12.5,12.5,38.46,4.5,4.5,4.5,4.5,4.5,4.5,4.5,4,4.22,4.5,4,4.11,4.5,3.25,3.89,0,0,0.044871795,-0.044871795,4.5,4.5,0,100.9251472,0,0,4.5
2006-09-19,4.5,0,0,0,12.5,12.5,38.46,4.5,4.5,4.5,4.5,4.5,4.5,4.5,4,4.22,4.5,4,4.11,4.5,3.25,3.89,0,0,0.032051282,-0.032051282,4.5,4.5,0,100.7697691,0,0,4.5
2006-09-20,4.5,0,0,0,12.5,12.5,38.46,4.5,4.5,4.5,4.5,4.5,4.5,4.5,4,4.23,4.5,4,4.12,4.5,3.25,3.9,0,0,0.021367521,-0.021367521,4.5,4.5,0,100.6289308,0,0,4.5
2006-09-21,4.5,0,0,0,12.5,12.5,38.46,4.5,4.5,4.5,4.5,4.5,4.5,4.5,4,4.24,4.5,4,4.12,4.5,3.25,3.9,0,0,0.012820513,-0.012820513,4.5,4.5,0,100.5025126,0,0,4.5
2006-09-22,4.5,0,0,0,12.5,12.5,38.46,4.5,4.5,4.5,4.5,4.5,4.5,4.5,4,4.25,4.5,4,4.12,4.5,3.25,3.91,0,0,0.006410256,-0.006410256,4.5,4.5,0,100.3904071,0,0,4.5
2006-09-25,4.5,0,0,0,12.5,12.5,38.46,4.5,4.5,4.5,4.5,4.5,4.5,4.5,4,4.25,4.5,4,4.13,4.5,3.25,3.91,0,0,0.002136752,-0.002136752,4.5,4.5,0,100.2925198,0,0,4.5
2006-09-26,4.5,0,0,0,12.5,12.5,38.46,4.5,4.5,4.5,4.5,4.5,4.5,4.5,4,4.26,4.5,4,4.13,4.5,3.25,3.92,0,0,0,0,4.5,4.5,0,100.2087683,0,0,4.5
2006-09-27,4.5,0,0,0,12.5,12.5,38.46,4.5,4.5,4.5,4.5,4.5,4.5,4.5,4,4.27,4.5,4,4.13,4.5,3.25,3.92,0,0,0,0,4.5,4.5,0,100.1390821,0,0,4.5
2006-09-28,4.5,0,0,0,12.5,12.5,38.46,4.5,4.5,4.5,4.5,4.5,4.5,4.5,4,4.28,4.5,4,4.14,4.5,3.25,3.93,0,0,0,0,4.5,4.5,0,100.0834028,0,0,4.5
2006-09-29,4.5,0,0,0,12.5,12.5,38.46,4.5,4.5,4.5,4.5,4.5,4.5,4.5,4,4.28,4.5,4,4.14,4.5,3.25,3.93,0,0,0,0,4.5,4.5,0,100.041684,0,0,4.5
2006-10-02,4.5,0,0,0,12.5,12.5,38.46,4.5,4.5,4.5,4.5,4.5,4.5,4.5,4,4.29,4.5,4,4.15,4.5,3.25,3.93,0,0,0,0,4.5,4.5,0,100.0138908,0,0,4.5
2006-10-03,4.5,0,0,0,12.5,12.5,38.46,4.5,4.5,4.5,4.5,4.5,4.5,4.5,4,4.3,4.5,4,4.15,4.5,3.25,3.94,0,0,0,0,4.5,4.5,0,100,0,0,4.5
2006-10-04,4.5,0,0,0,12.5,12.5,38.46,4.5,4.5,4.5,4.5,4.5,4.5,4.5,4,4.31,4.5,4,4.15,4.5,3.25,3.94,0,0,0,0,4.5,4.5,0,100,0,0,4.5
2006-10-05,4.5,0,0,0,12.5,12.5,38.46,4.5,4.5,4.5,4.5,4.5,4.5,4.5,4,4.32,4.5,4,4.16,4.5,3.25,3.95,0,0,0,0,4.5,4.5,0,100,0,0,4.5
2006-10-06,4.5,0,0,0,12.5,12.5,38.46,4.5,4.5,4.5,4.5,4.5,4.5,4.5,4,4.32,4.5,4,4.16,4.5,3.25,3.95,0,0,0,0,4.5,4.5,0,100,0,0,4.5
2006-10-09,4.5,0,0,0,12.5,12.5,38.46,4.5,4.5,4.5,4.5,4.5,4.5,4.5,4,4.33,4.5,4,4.17,4.5,3.5,3.96,0,0,0,0,4.5,4.5,0,100,0,0,4.5
2006-10-10,4.5,0,0,0,12.5,12.5,28.57,4.5,4.5,4.5,4.5,4.5,4.5,4.5,4,4.34,4.5,4,4.17,4.5,3.5,3.96,0,0,0,0,4.5,4.5,0,100,0,0,4.5
2006-10-11,4.5,0,0,0,12.5,12.5,28.57,4.5,4.5,4.5,4.5,4.5,4.5,4.5,4,4.35,4.5,4,4.17,4.5,3.5,3.97,0,0,0,0,4.5,4.5,0,100,0,0,4.5
2006-10-12,4.5,0,0,0,12.5,12.5,28.57,4.5,4.5,4.5,4.5,4.5,4.5,4.5,4,4.35,4.5,4,4.18,4.5,3.5,3.97,0,0,0,0,4.5,4.5,0,100,0,0,4.5
2006-10-13,4.5,0,0,0,12.5,12.5,28.57,4.5,4.5,4.5,4.5,4.5,4.5,4.5,4,4.36,4.5,4,4.18,4.5,3.5,3.97,0,0,0,0,4.5,4.5,0,100,0,0,4.5
2006-10-16,4.5,0,0,0,12.5,12.5,28.57,4.5,4.5,4.5,4.5,4.5,4.5,4.5,4,4.37,4.5,4,4.18,4.5,3.5,3.98,0,0,0,0,4.5,4.5,0,100,0,0,4.5
2006-10-17,4.5,0,0,0,12.5,12.5,28.57,4.5,4.5,4.5,4.5,4.5,4.5,4.5,4,4.38,4.5,4,4.19,4.5,3.5,3.98,0,0,0,0,4.5,4.5,0,100,0,0,4.5
2006-10-18,4.5,0,0,0,12.5,12.5,28.57,4.5,4.5,4.5,4.5,4.5,4.5,4.5,4,4.38,4.5,4,4.19,4.5,3.5,3.99,0,0,0,0,4.5,4.5,0,100,0,0,4.5
2006-10-19,4.5,0,0,0,12.5,12.5,28.57,4.5,4.5,4.5,4.5,4.5,4.5,4.5,4,4.39,4.5,4,4.2,4.5,3.5,3.99,0,0,0,0,4.5,4.5,0,100,0,0,4.5
2006-10-20,4.5,0,0,0,12.5,12.5,28.57,4.5,4.5,4.5,4.5,4.5,4.5,4.5,4,4.4,4.5,4,4.2,4.5,3.5,3.99,0,0,0,0,4.5,4.5,0,100,0,0,4.5
2006-10-23,4.5,0,0,0,12.5,12.5,28.57,4.5,4.5,4.5,4.5,4.5,4.5,4.5,4,4.41,4.5,4,4.2,4.5,3.5,4,0,0,0,0,4.5,4.5,0,100,0,0,4.5
2006-10-24,4.5,0,0,0,12.5,12.5,28.57,4.5,4.5,4.5,4.5,4.5,4.5,4.5,4,4.42,4.5,4,4.21,4.5,3.5,4,0,0,0,0,4.5,4.5,0,100,0,0,4.5
2006-10-25,4.5,0,0,0,12.5,12.5,28.57,4.5,4.5,4.5,4.5,4.5,4.5,4.5,4,4.42,4.5,4,4.21,4.5,3.5,4,0,0,0,0,4.5,4.5,0,100,0,0,4.5
2006-10-26,4.5,0,0,0,12.5,12.5,28.57,4.5,4.5,4.5,4.5,4.5,4.5,4.5,4,4.43,4.5,4,4.22,4.5,3.5,4.01,0,0,0,0,4.5,4.5,0,100,0,0,4.5
2006-10-27,4.5,0,0,0,12.5,12.5,28.57,4.5,4.5,4.5,4.5,4.5,4.5,4.5,4,4.44,4.5,4,4.22,4.5,3.5,4.01,0,0,0,0,4.5,4.5,0,100,0,0,4.5
2006-10-30,4.5,0,0,0,12.5,12.5,28.57,4.5,4.5,4.5,4.5,4.5,4.5,4.5,4,4.45,4.5,4,4.22,4.5,3.5,4.02,0,0,0,0,4.5,4.5,0,100,0,0,4.5
2006-10-31,4.5,0,0,0,12.5,12.5,28.57,4.5,4.5,4.5,4.5,4.5,4.5,4.5,4,4.45,4.5,4,4.23,4.5,3.5,4.02,0,0,0,0,4.5,4.5,0,100,0,0,4.5
2006-11-01,4.5,0,0,0,12.5,12.5,28.57,4.5,4.5,4.5,4.5,4.5,4.5,4.5,4,4.46,4.5,4,4.23,4.5,3.5,4.02,0,0,0,0,4.5,4.5,0,100,0,0,4.5
2006-11-02,4.5,0,0,0,12.5,12.5,28.57,4.5,4.5,4.5,4.5,4.5,4.5,4.5,4,4.47,4.5,4,4.23,4.5,3.5,4.03,0,0,0,0,4.5,4.5,0,100,0,0,4.5
2006-11-03,4.5,0,0,0,12.5,12.5,28.57,4.5,4.5,4.5,4.5,4.5,4.5,4.5,4,4.48,4.5,4,4.24,4.5,3.5,4.03,0,0,0,0,4.5,4.5,0,100,0,0,4.5
2006-11-06,4.5,0,0,0,12.5,12.5,28.57,4.5,4.5,4.5,4.5,4.5,4.5,4.5,4,4.48,4.5,4,4.24,4.5,3.5,4.04,0,0,0,0,4.5,4.5,0,100,0,0,4.5
2006-11-07,4.5,0,0,0,12.5,12.5,28.57,4.5,4.5,4.5,4.5,4.5,4.5,4.5,4,4.49,4.5,4,4.25,4.5,3.5,4.04,0,0,0,0,4.5,4.5,0,100,0,0,4.5
2006-11-08,4.5,0,0,0,12.5,12.5,28.57,4.5,4.5,4.5,4.5,4.5,4.5,4.5,4.5,4.5,4.5,4,4.25,4.5,3.5,4.04,0,0,0,0,4.5,4.5,0,100,0,0,4.5
2006-11-09,4.5,0,0,0,0,12.5,28.57,4.5,4.5,4.5,4.5,4.5,4.5,4.5,4.5,4.5,4.5,4,4.25,4.5,3.5,4.05,0,0,0,0,4.5,4.5,0,100,0,0,4.5
2006-11-10,4.5,0,0,0,0,12.5,28.57,4.5,4.5,4.5,4.5,4.5,4.5,4.5,4.5,4.5,4.5,4,4.26,4.5,3.5,4.05,0,0,0,0,4.5,4.5,0,100,0,0,4.5
2006-11-13,4.5,0,0,0,0,12.5,28.57,4.5,4.5,4.5,4.5,4.5,4.5,4.5,4.5,4.5,4.5,4,4.26,4.5,3.5,4.05,0,0,0,0,4.5,4.5,0,100,0,0,4.5
2006-11-14,4.5,0,0,0,0,12.5,28.57,4.5,4.5,4.5,4.5,4.5,4.5,4.5,4.5,4.5,4.5,4,4.27,4.5,3.5,4.06,0,0,0,0,4.5,4.5,0,100,0,0,4.5
2006-11-15,4.5,0,0,0,0,12.5,28.57,4.5,4.5,4.5,4.5,4.5,4.5,4.5,4.5,4.5,4.5,4,4.27,4.5,3.5,4.06,0,0,0,0,4.5,4.5,0,100,0,0,4.5
2006-11-16,4.5,0,0,0,0,12.5,28.57,4.5,4.5,4.5,4.5,4.5,4.5,4.5,4.5,4.5,4.5,4,4.27,4.5,3.5,4.07,0,0,0,0,4.5,4.5,0,100,0,0,4.5
2006-11-17,4.5,0,0,0,0,12.5,28.57,4.5,4.5,4.5,4.5,4.5,4.5,4.5,4.5,4.5,4.5,4,4.28,4.5,3.5,4.07,0,0,0,0,4.5,4.5,0,100,0,0,4.5
2006-11-20,4.5,0,0,0,0,12.5,28.57,4.5,4.5,4.5,4.5,4.5,4.5,4.5,4.5,4.5,4.5,4,4.28,4.5,3.5,4.07,0,0,0,0,4.5,4.5,0,100,0,0,4.5
2006-11-21,4.5,0,0,0,0,12.5,28.57,4.5,4.5,4.5,4.5,4.5,4.5,4.5,4.5,4.5,4.5,4,4.28,4.5,3.5,4.08,0,0,0,0,4.5,4.5,0,100,0,0,4.5
2006-11-22,4.5,0,0,0,0,12.5,28.57,4.5,4.5,4.5,4.5,4.5,4.5,4.5,4.5,4.5,4.5,4,4.29,4.5,3.5,4.08,0,0,0,0,4.5,4.5,0,100,0,0,4.5
2006-11-23,4.5,0,0,0,0,12.5,28.57,4.5,4.5,4.5,4.5,4.5,4.5,4.5,4.5,4.5,4.5,4,4.29,4.5,3.5,4.09,0,0,0,0,4.5,4.5,0,100,0,0,4.5
2006-11-24,4.5,0,0,0,0,12.5,28.57,4.5,4.5,4.5,4.5,4.5,4.5,4.5,4.5,4.5,4.5,4,4.3,4.5,3.5,4.09,0,0,0,0,4.5,4.5,0,100,0,0,4.5
2006-11-27,4.5,0,0,0,0,12.5,28.57,4.5,4.5,4.5,4.5,4.5,4.5,4.5,4.5,4.5,4.5,4,4.3,4.5,3.5,4.09,0,0,0,0,4.5,4.5,0,100,0,0,4.5
2006-11-28,4.5,0,0,0,0,12.5,28.57,4.5,4.5,4.5,4.5,4.5,4.5,4.5,4.5,4.5,4.5,4,4.3,4.5,3.5,4.1,0,0,0,0,4.5,4.5,0,100,0,0,4.5
2006-11-29,4.5,0,0,0,0,12.5,28.57,4.5,4.5,4.5,4.5,4.5,4.5,4.5,4.5,4.5,4.5,4,4.31,4.5,3.5,4.1,0,0,0,0,4.5,4.5,0,100,0,0,4.5
2006-11-30,4.5,0,0,0,0,12.5,28.57,4.5,4.5,4.5,4.5,4.5,4.5,4.5,4.5,4.5,4.5,4,4.31,4.5,3.5,4.1,0,0,0,0,4.5,4.5,0,100,0,0,4.5
2006-12-01,4.5,0,0,0,0,12.5,28.57,4.5,4.5,4.5,4.5,4.5,4.5,4.5,4.5,4.5,4.5,4,4.32,4.5,3.5,4.11,0,0,0,0,4.5,4.5,0,100,0,0,4.5
2006-12-04,4.5,0,0,0,0,12.5,28.57,4.5,4.5,4.5,4.5,4.5,4.5,4.5,4.5,4.5,4.5,4,4.32,4.5,3.5,4.11,0,0,0,0,4.5,4.5,0,100,0,0,4.5
2006-12-05,4.5,0,0,0,0,12.5,28.57,4.5,4.5,4.5,4.5,4.5,4.5,4.5,4.5,4.5,4.5,4,4.32,4.5,3.5,4.12,0,0,0,0,4.5,4.5,0,100,0,0,4.5
2006-12-06,4.5,0,0,0,0,12.5,28.57,4.5,4.5,4.5,4.5,4.5,4.5,4.5,4.5,4.5,4.5,4,4.33,4.5,3.75,4.12,0,0,0,0,4.5,4.5,0,100,0,0,4.5
2006-12-07,4.5,0,0,0,0,12.5,20,4.5,4.5,4.5,4.5,4.5,4.5,4.5,4.5,4.5,4.5,4,4.33,4.5,3.75,4.12,0,0,0,0,4.5,4.5,0,100,0,0,4.5
2006-12-08,4.5,0,0,0,0,12.5,20,4.5,4.5,4.5,4.5,4.5,4.5,4.5,4.5,4.5,4.5,4,4.33,4.5,3.75,4.13,0,0,0,0,4.5,4.5,0,100,0,0,4.5
2006-12-11,4.5,0,0,0,0,12.5,20,4.5,4.5,4.5,4.5,4.5,4.5,4.5,4.5,4.5,4.5,4,4.34,4.5,3.75,4.13,0,0,0,0,4.5,4.5,0,100,0,0,4.5
2006-12-12,4.5,0,0,0,0,12.5,20,4.5,4.5,4.5,4.5,4.5,4.5,4.5,4.5,4.5,4.5,4,4.34,4.5,3.75,4.13,0,0,0,0,4.5,4.5,0,100,0,0,4.5
2006-12-13,4.5,0,0,0,0,12.5,20,4.5,4.5,4.5,4.5,4.5,4.5,4.5,4.5,4.5,4.5,4,4.35,4.5,3.75,4.13,0,0,0,0,4.5,4.5,0,100,0,0,4.5
2006-12-14,4.5,0,0,0,0,12.5,20,4.5,4.5,4.5,4.5,4.5,4.5,4.5,4.5,4.5,4.5,4,4.35,4.5,3.75,4.14,0,0,0,0,4.5,4.5,0,100,0,0,4.5
2006-12-15,4.5,0,0,0,0,12.5,20,4.5,4.5,4.5,4.5,4.5,4.5,4.5,4.5,4.5,4.5,4,4.35,4.5,3.75,4.14,0,0,0,0,4.5,4.5,0,100,0,0,4.5
2006-12-18,4.5,0,0,0,0,12.5,20,4.5,4.5,4.5,4.5,4.5,4.5,4.5,4.5,4.5,4.5,4,4.36,4.5,3.75,4.14,0,0,0,0,4.5,4.5,0,100,0,0,4.5
2006-12-19,4.5,0,0,0,0,12.5,20,4.5,4.5,4.5,4.5,4.5,4.5,4.5,4.5,4.5,4.5,4,4.36,4.5,3.75,4.15,0,0,0,0,4.5,4.5,0,100,0,0,4.5
2006-12-20,4.5,0,0,0,0,12.5,20,4.5,4.5,4.5,4.5,4.5,4.5,4.5,4.5,4.5,4.5,4,4.37,4.5,3.75,4.15,0,0,0,0,4.5,4.5,0,100,0,0,4.5
2006-12-21,4.5,0,0,0,0,12.5,20,4.5,4.5,4.5,4.5,4.5,4.5,4.5,4.5,4.5,4.5,4,4.37,4.5,3.75,4.15,0,0,0,0,4.5,4.5,0,100,0,0,4.5
2006-12-22,4.5,0,0,0,0,12.5,20,4.5,4.5,4.5,4.5,4.5,4.5,4.5,4.5,4.5,4.5,4,4.37,4.5,3.75,4.15,0,0,0,0,4.5,4.5,0,100,0,0,4.5
2006-12-25,4.5,0,0,0,0,12.5,20,4.5,4.5,4.5,4.5,4.5,4.5,4.5,4.5,4.5,4.5,4,4.38,4.5,3.75,4.16,0,0,0,0,4.5,4.5,0,100,0,0,4.5
2006-12-26,4.5,0,0,0,0,12.5,20,4.5,4.5,4.5,4.5,4.5,4.5,4.5,4.5,4.5,4.5,4,4.38,4.5,3.75,4.16,0,0,0,0,4.5,4.5,0,100,0,0,4.5
2006-12-27,4.5,0,0,0,0,12.5,20,4.5,4.5,4.5,4.5,4.5,4.5,4.5,4.5,4.5,4.5,4,4.38,4.5,3.75,4.16,0,0,0,0,4.5,4.5,0,100,0,0,4.5
2006-12-28,4.5,0,0,0,0,12.5,20,4.5,4.5,4.5,4.5,4.5,4.5,4.5,4.5,4.5,4.5,4,4.39,4.5,3.75,4.17,0,0,0,0,4.5,4.5,0,100,0,0,4.5
2006-12-29,4.5,0,0,0,0,12.5,20,4.5,4.5,4.5,4.5,4.5,4.5,4.5,4.5,4.5,4.5,4,4.39,4.5,3.75,4.17,0,0,0,0,4.5,4.5,0,100,0,0,4.5
2007-01-01,4.5,0,0,0,0,12.5,20,4.5,4.5,4.5,4.5,4.5,4.5,4.5,4.5,4.5,4.5,4,4.4,4.5,3.75,4.17,0,0,0,0,4.5,4.5,0,100,0,0,4.5
2007-01-02,4.5,0,0,0,0,12.5,20,4.5,4.5,4.5,4.5,4.5,4.5,4.5,4.5,4.5,4.5,4,4.4,4.5,3.75,4.18,0,0,0,0,4.5,4.5,0,100,0,0,4.5
2007-01-03,4.5,0,0,0,0,12.5,20,4.5,4.5,4.5,4.5,4.5,4.5,4.5,4.5,4.5,4.5,4,4.4,4.5,3.75,4.18,0,0,0,0,4.5,4.5,0,100,0,0,4.5
2007-01-04,4.5,0,0,0,0,12.5,20,4.5,4.5,4.5,4.5,4.5,4.5,4.5,4.5,4.5,4.5,4,4.41,4.5,3.75,4.18,0,0,0,0,4.5,4.5,0,100,0,0,4.5
2007-01-05,4.5,0,0,0,0,12.5,20,4.5,4.5,4.5,4.5,4.5,4.5,4.5,4.5,4.5,4.5,4,4.41,4.5,3.75,4.18,0,0,0,0,4.5,4.5,0,100,0,0,4.5
2007-01-08,4.5,0,0,0,0,12.5,20,4.5,4.5,4.5,4.5,4.5,4.5,4.5,4.5,4.5,4.5,4,4.42,4.5,3.75,4.19,0,0,0,0,4.5,4.5,0,100,0,0,4.5
2007-01-09,4.5,0,0,0,0,12.5,20,4.5,4.5,4.5,4.5,4.5,4.5,4.5,4.5,4.5,4.5,4,4.42,4.5,3.75,4.19,0,0,0,0,4.5,4.5,0,100,0,0,4.5
2007-01-10,4.5,0,0,0,0,12.5,20,4.5,4.5,4.5,4.5,4.5,4.5,4.5,4.5,4.5,4.5,4,4.42,4.5,3.75,4.19,0,0,0,0,4.5,4.5,0,100,0,0,4.5
2007-01-11,4.5,0,0,0,0,12.5,20,4.5,4.5,4.5,4.5,4.5,4.5,4.5,4.5,4.5,4.5,4,4.43,4.5,3.75,4.2,0,0,0,0,4.5,4.5,0,100,0,0,4.5
2007-01-12,4.5,0,0,0,0,12.5,20,4.5,4.5,4.5,4.5,4.5,4.5,4.5,4.5,4.5,4.5,4,4.43,4.5,3.75,4.2,0,0,0,0,4.5,4.5,0,100,0,0,4.5
2007-01-15,4.5,0,0,0,0,12.5,20,4.5,4.5,4.5,4.5,4.5,4.5,4.5,4.5,4.5,4.5,4,4.43,4.5,3.75,4.2,0,0,0,0,4.5,4.5,0,100,0,0,4.5
2007-01-16,4.5,0,0,0,0,12.5,20,4.5,4.5,4.5,4.5,4.5,4.5,4.5,4.5,4.5,4.5,4,4.44,4.5,3.75,4.2,0,0,0,0,4.5,4.5,0,100,0,0,4.5
2007-01-17,4.5,0,0,0,0,12.5,20,4.5,4.5,4.5,4.5,4.5,4.5,4.5,4.5,4.5,4.5,4,4.44,4.5,3.75,4.21,0,0,0,0,4.5,4.5,0,100,0,0,4.5
2007-01-18,4.5,0,0,0,0,12.5,20,4.5,4.5,4.5,4.5,4.5,4.5,4.5,4.5,4.5,4.5,4,4.45,4.5,3.75,4.21,0,0,0,0,4.5,4.5,0,100,0,0,4.5
2007-01-19,4.5,0,0,0,0,12.5,20,4.5,4.5,4.5,4.5,4.5,4.5,4.5,4.5,4.5,4.5,4,4.45,4.5,3.75,4.21,0,0,0,0,4.5,4.5,0,100,0,0,4.5
2007-01-22,4.5,0,0,0,0,12.5,20,4.5,4.5,4.5,4.5,4.5,4.5,4.5,4.5,4.5,4.5,4,4.45,4.5,3.75,4.22,0,0,0,0,4.5,4.5,0,100,0,0,4.5
2007-01-23,4.5,0,0,0,0,12.5,20,4.5,4.5,4.5,4.5,4.5,4.5,4.5,4.5,4.5,4.5,4,4.46,4.5,3.75,4.22,0,0,0,0,4.5,4.5,0,100,0,0,4.5
2007-01-24,4.5,0,0,0,0,12.5,20,4.5,4.5,4.5,4.5,4.5,4.5,4.5,4.5,4.5,4.5,4,4.46,4.5,3.75,4.22,0,0,0,0,4.5,4.5,0,100,0,0,4.5
2007-01-25,4.5,0,0,0,0,12.5,20,4.5,4.5,4.5,4.5,4.5,4.5,4.5,4.5,4.5,4.5,4,4.47,4.5,3.75,4.22,0,0,0,0,4.5,4.5,0,100,0,0,4.5
2007-01-26,4.5,0,0,0,0,12.5,20,4.5,4.5,4.5,4.5,4.5,4.5,4.5,4.5,4.5,4.5,4,4.47,4.5,3.75,4.23,0,0,0,0,4.5,4.5,0,100,0,0,4.5
2007-01-29,4.5,0,0,0,0,12.5,20,4.5,4.5,4.5,4.5,4.5,4.5,4.5,4.5,4.5,4.5,4,4.47,4.5,3.75,4.23,0,0,0,0,4.5,4.5,0,100,0,0,4.5
2007-01-30,4.5,0,0,0,0,12.5,20,4.5,4.5,4.5,4.5,4.5,4.5,4.5,4.5,4.5,4.5,4,4.48,4.5,3.75,4.23,0,0,0,0,4.5,4.5,0,100,0,0,4.5
2007-01-31,4.5,0,0,0,0,12.5,20,4.5,4.5,4.5,4.5,4.5,4.5,4.5,4.5,4.5,4.5,4,4.48,4.5,3.75,4.24,0,0,0,0,4.5,4.5,0,100,0,0,4.5
2007-02-01,4.5,0,0,0,0,12.5,20,4.5,4.5,4.5,4.5,4.5,4.5,4.5,4.5,4.5,4.5,4,4.48,4.5,3.75,4.24,0,0,0,0,4.5,4.5,0,100,0,0,4.5
2007-02-02,4.5,0,0,0,0,12.5,20,4.5,4.5,4.5,4.5,4.5,4.5,4.5,4.5,4.5,4.5,4,4.49,4.5,3.75,4.24,0,0,0,0,4.5,4.5,0,100,0,0,4.5
2007-02-05,4.5,0,0,0,0,12.5,20,4.5,4.5,4.5,4.5,4.5,4.5,4.5,4.5,4.5,4.5,4,4.49,4.5,3.75,4.24,0,0,0,0,4.5,4.5,0,100,0,0,4.5
2007-02-06,4.5,0,0,0,0,12.5,20,4.5,4.5,4.5,4.5,4.5,4.5,4.5,4.5,4.5,4.5,4,4.5,4.5,3.75,4.25,0,0,0,0,4.5,4.5,0,100,0,0,4.5
2007-02-07,4.5,0,0,0,0,12.5,20,4.5,4.5,4.5,4.5,4.5,4.5,4.5,4.5,4.5,4.5,4.5,4.5,4.5,4,4.25,0,0,0,0,4.5,4.5,0,100,0,0,4.5
2007-02-08,4.5,0,0,0,0,0,12.5,4.5,4.5,4.5,4.5,4.5,4.5,4.5,4.5,4.5,4.5,4.5,4.5,4.5,4,4.25,0,0,0,0,4.5,4.5,0,100,0,0,4.5
2007-02-09,4.5,0,0,0,0,0,12.5,4.5,4.5,4.5,4.5,4.5,4.5,4.5,4.5,4.5,4.5,4.5,4.5,4.5,4,4.25,0,0,0,0,4.5,4.5,0,100,0,0,4.5
2007-02-12,4.5,0,0,0,0,0,12.5,4.5,4.5,4.5,4.5,4.5,4.5,4.5,4.5,4.5,4.5,4.5,4.5,4.5,4,4.26,0,0,0,0,4.5,4.5,0,100,0,0,4.5
2007-02-13,4.5,0,0,0,0,0,12.5,4.5,4.5,4.5,4.5,4.5,4.5,4.5,4.5,4.5,4.5,4.5,4.5,4.5,4,4.26,0,0,0,0,4.5,4.5,0,100,0,0,4.5
2007-02-14,4.5,0,0,0,0,0,12.5,4.5,4.5,4.5,4.5,4.5,4.5,4.5,4.5,4.5,4.5,4.5,4.5,4.5,4,4.26,0,0,0,0,4.5,4.5,0,100,0,0,4.5
2007-02-15,4.5,0,0,0,0,0,12.5,4.5,4.5,4.5,4.5,4.5,4.5,4.5,4.5,4.5,4.5,4.5,4.5,4.5,4,4.26,0,0,0,0,4.5,4.5,0,100,0,0,4.5
2007-02-16,4.5,0,0,0,0,0,12.5,4.5,4.5,4.5,4.5,4.5,4.5,4.5,4.5,4.5,4.5,4.5,4.5,4.5,4,4.26,0,0,0,0,4.5,4.5,0,100,0,0,4.5
2007-02-19,4.5,0,0,0,0,0,12.5,4.5,4.5,4.5,4.5,4.5,4.5,4.5,4.5,4.5,4.5,4.5,4.5,4.5,4,4.27,0,0,0,0,4.5,4.5,0,100,0,0,4.5
2007-02-20,4.5,0,0,0,0,0,12.5,4.5,4.5,4.5,4.5,4.5,4.5,4.5,4.5,4.5,4.5,4.5,4.5,4.5,4,4.27,0,0,0,0,4.5,4.5,0,100,0,0,4.5
2007-02-21,4.5,0,0,0,0,0,12.5,4.5,4.5,4.5,4.5,4.5,4.5,4.5,4.5,4.5,4.5,4.5,4.5,4.5,4,4.27,0,0,0,0,4.5,4.5,0,100,0,0,4.5
2007-02-22,4.5,0,0,0,0,0,12.5,4.5,4.5,4.5,4.5,4.5,4.5,4.5,4.5,4.5,4.5,4.5,4.5,4.5,4,4.27,0,0,0,0,4.5,4.5,0,100,0,0,4.5
2007-02-23,4.5,0,0,0,0,0,12.5,4.5,4.5,4.5,4.5,4.5,4.5,4.5,4.5,4.5,4.5,4.5,4.5,4.5,4,4.27,0,0,0,0,4.5,4.5,0,100,0,0,4.5
2007-02-26,4.5,0,0,0,0,0,12.5,4.5,4.5,4.5,4.5,4.5,4.5,4.5,4.5,4.5,4.5,4.5,4.5,4.5,4,4.28,0,0,0,0,4.5,4.5,0,100,0,0,4.5
2007-02-27,4.5,0,0,0,0,0,12.5,4.5,4.5,4.5,4.5,4.5,4.5,4.5,4.5,4.5,4.5,4.5,4.5,4.5,4,4.28,0,0,0,0,4.5,4.5,0,100,0,0,4.5
2007-02-28,4.5,0,0,0,0,0,12.5,4.5,4.5,4.5,4.5,4.5,4.5,4.5,4.5,4.5,4.5,4.5,4.5,4.5,4,4.28,0,0,0,0,4.5,4.5,0,100,0,0,4.5
2007-03-01,4.5,0,0,0,0,0,12.5,4.5,4.5,4.5,4.5,4.5,4.5,4.5,4.5,4.5,4.5,4.5,4.5,4.5,4,4.28,0,0,0,0,4.5,4.5,0,100,0,0,4.5
2007-03-02,4.5,0,0,0,0,0,12.5,4.5,4.5,4.5,4.5,4.5,4.5,4.5,4.5,4.5,4.5,4.5,4.5,4.5,4,4.28,0,0,0,0,4.5,4.5,0,100,0,0,4.5
2007-03-05,4.5,0,0,0,0,0,12.5,4.5,4.5,4.5,4.5,4.5,4.5,4.5,4.5,4.5,4.5,4.5,4.5,4.5,4,4.28,0,0,0,0,4.5,4.5,0,100,0,0,4.5
2007-03-06,4.5,0,0,0,0,0,12.5,4.5,4.5,4.5,4.5,4.5,4.5,4.5,4.5,4.5,4.5,4.5,4.5,4.5,4,4.29,0,0,0,0,4.5,4.5,0,100,0,0,4.5
2007-03-07,4.5,0,0,0,0,0,12.5,4.5,4.5,4.5,4.5,4.5,4.5,4.5,4.5,4.5,4.5,4.5,4.5,4.5,4,4.29,0,0,0,0,4.5,4.5,0,100,0,0,4.5
2007-03-08,4.5,0,0,0,0,0,12.5,4.5,4.5,4.5,4.5,4.5,4.5,4.5,4.5,4.5,4.5,4.5,4.5,4.5,4,4.29,0,0,0,0,4.5,4.5,0,100,0,0,4.5
2007-03-09,4.5,0,0,0,0,0,12.5,4.5,4.5,4.5,4.5,4.5,4.5,4.5,4.5,4.5,4.5,4.5,4.5,4.5,4,4.29,0,0,0,0,4.5,4.5,0,100,0,0,4.5
2007-03-12,4.5,0,0,0,0,0,12.5,4.5,4.5,4.5,4.5,4.5,4.5,4.5,4.5,4.5,4.5,4.5,4.5,4.5,4,4.29,0,0,0,0,4.5,4.5,0,100,0,0,4.5
2007-03-13,4.5,0,0,0,0,0,12.5,4.5,4.5,4.5,4.5,4.5,4.5,4.5,4.5,4.5,4.5,4.5,4.5,4.5,4,4.3,0,0,0,0,4.5,4.5,0,100,0,0,4.5
2007-03-14,4.5,0,0,0,0,0,12.5,4.5,4.5,4.5,4.5,4.5,4.5,4.5,4.5,4.5,4.5,4.5,4.5,4.5,4,4.3,0,0,0,0,4.5,4.5,0,100,0,0,4.5
2007-03-15,4.5,0,0,0,0,0,12.5,4.5,4.5,4.5,4.5,4.5,4.5,4.5,4.5,4.5,4.5,4.5,4.5,4.5,4,4.3,0,0,0,0,4.5,4.5,0,100,0,0,4.5
2007-03-16,4.5,0,0,0,0,0,12.5,4.5,4.5,4.5,4.5,4.5,4.5,4.5,4.5,4.5,4.5,4.5,4.5,4.5,4,4.3,0,0,0,0,4.5,4.5,0,100,0,0,4.5
2007-03-19,4.5,0,0,0,0,0,12.5,4.5,4.5,4.5,4.5,4.5,4.5,4.5,4.5,4.5,4.5,4.5,4.5,4.5,4,4.3,0,0,0,0,4.5,4.5,0,100,0,0,4.5
2007-03-20,4.5,0,0,0,0,0,12.5,4.5,4.5,4.5,4.5,4.5,4.5,4.5,4.5,4.5,4.5,4.5,4.5,4.5,4,4.31,0,0,0,0,4.5,4.5,0,100,0,0,4.5
2007-03-21,4.5,0,0,0,0,0,12.5,4.5,4.5,4.5,4.5,4.5,4.5,4.5,4.5,4.5,4.5,4.5,4.5,4.5,4,4.31,0,0,0,0,4.5,4.5,0,100,0,0,4.5
2007-03-22,4.5,0,0,0,0,0,12.5,4.5,4.5,4.5,4.5,4.5,4.5,4.5,4.5,4.5,4.5,4.5,4.5,4.5,4,4.31,0,0,0,0,4.5,4.5,0,100,0,0,4.5
2007-03-23,4.5,0,0,0,0,0,12.5,4.5,4.5,4.5,4.5,4.5,4.5,4.5,4.5,4.5,4.5,4.5,4.5,4.5,4,4.31,0,0,0,0,4.5,4.5,0,100,0,0,4.5
2007-03-26,4.5,0,0,0,0,0,12.5,4.5,4.5,4.5,4.5,4.5,4.5,4.5,4.5,4.5,4.5,4.5,4.5,4.5,4,4.31,0,0,0,0,4.5,4.5,0,100,0,0,4.5
2007-03-27,4.5,0,0,0,0,0,12.5,4.5,4.5,4.5,4.5,4.5,4.5,4.5,4.5,4.5,4.5,4.5,4.5,4.5,4,4.32,0,0,0,0,4.5,4.5,0,100,0,0,4.5
2007-03-28,4.5,0,0,0,0,0,12.5,4.5,4.5,4.5,4.5,4.5,4.5,4.5,4.5,4.5,4.5,4.5,4.5,4.5,4,4.32,0,0,0,0,4.5,4.5,0,100,0,0,4.5
2007-03-29,4.5,0,0,0,0,0,12.5,4.5,4.5,4.5,4.5,4.5,4.5,4.5,4.5,4.5,4.5,4.5,4.5,4.5,4,4.32,0,0,0,0,4.5,4.5,0,100,0,0,4.5
2007-03-30,4.5,0,0,0,0,0,12.5,4.5,4.5,4.5,4.5,4.5,4.5,4.5,4.5,4.5,4.5,4.5,4.5,4.5,4,4.32,0,0,0,0,4.5,4.5,0,100,0,0,4.5
2007-04-02,4.5,0,0,0,0,0,12.5,4.5,4.5,4.5,4.5,4.5,4.5,4.5,4.5,4.5,4.5,4.5,4.5,4.5,4,4.32,0,0,0,0,4.5,4.5,0,100,0,0,4.5
2007-04-03,4.5,0,0,0,0,0,12.5,4.5,4.5,4.5,4.5,4.5,4.5,4.5,4.5,4.5,4.5,4.5,4.5,4.5,4,4.33,0,0,0,0,4.5,4.5,0,100,0,0,4.5
2007-04-04,4.5,0,0,0,0,0,12.5,4.5,4.5,4.5,4.5,4.5,4.5,4.5,4.5,4.5,4.5,4.5,4.5,4.5,4,4.33,0,0,0,0,4.5,4.5,0,100,0,0,4.5
2007-04-05,4.5,0,0,0,0,0,12.5,4.5,4.5,4.5,4.5,4.5,4.5,4.5,4.5,4.5,4.5,4.5,4.5,4.5,4,4.33,0,0,0,0,4.5,4.5,0,100,0,0,4.5
2007-04-06,4.5,0,0,0,0,0,12.5,4.5,4.5,4.5,4.5,4.5,4.5,4.5,4.5,4.5,4.5,4.5,4.5,4.5,4,4.33,0,0,0,0,4.5,4.5,0,100,0,0,4.5
2007-04-09,4.5,0,0,0,0,0,12.5,4.5,4.5,4.5,4.5,4.5,4.5,4.5,4.5,4.5,4.5,4.5,4.5,4.5,4,4.33,0,0,0,0,4.5,4.5,0,100,0,0,4.5
2007-04-10,4.5,0,0,0,0,0,12.5,4.5,4.5,4.5,4.5,4.5,4.5,4.5,4.5,4.5,4.5,4.5,4.5,4.5,4,4.33,0,0,0,0,4.5,4.5,0,100,0,0,4.5
2007-04-11,4.5,0,0,0,0,0,12.5,4.5,4.5,4.5,4.5,4.5,4.5,4.5,4.5,4.5,4.5,4.5,4.5,4.5,4,4.34,0,0,0,0,4.5,4.5,0,100,0,0,4.5
2007-04-12,4.5,0,0,0,0,0,12.5,4.5,4.5,4.5,4.5,4.5,4.5,4.5,4.5,4.5,4.5,4.5,4.5,4.5,4,4.34,0,0,0,0,4.5,4.5,0,100,0,0,4.5
2007-04-13,4.5,0,0,0,0,0,12.5,4.5,4.5,4.5,4.5,4.5,4.5,4.5,4.5,4.5,4.5,4.5,4.5,4.5,4,4.34,0,0,0,0,4.5,4.5,0,100,0,0,4.5
2007-04-16,4.5,0,0,0,0,0,12.5,4.5,4.5,4.5,4.5,4.5,4.5,4.5,4.5,4.5,4.5,4.5,4.5,4.5,4,4.34,0,0,0,0,4.5,4.5,0,100,0,0,4.5
2007-04-17,4.5,0,0,0,0,0,12.5,4.5,4.5,4.5,4.5,4.5,4.5,4.5,4.5,4.5,4.5,4.5,4.5,4.5,4,4.34,0,0,0,0,4.5,4.5,0,100,0,0,4.5
2007-04-18,4.5,0,0,0,0,0,12.5,4.5,4.5,4.5,4.5,4.5,4.5,4.5,4.5,4.5,4.5,4.5,4.5,4.5,4,4.35,0,0,0,0,4.5,4.5,0,100,0,0,4.5
2007-04-19,4.5,0,0,0,0,0,12.5,4.5,4.5,4.5,4.5,4.5,4.5,4.5,4.5,4.5,4.5,4.5,4.5,4.5,4,4.35,0,0,0,0,4.5,4.5,0,100,0,0,4.5
2007-04-20,4.5,0,0,0,0,0,12.5,4.5,4.5,4.5,4.5,4.5,4.5,4.5,4.5,4.5,4.5,4.5,4.5,4.5,4,4.35,0,0,0,0,4.5,4.5,0,100,0,0,4.5
2007-04-23,4.5,0,0,0,0,0,12.5,4.5,4.5,4.5,4.5,4.5,4.5,4.5,4.5,4.5,4.5,4.5,4.5,4.5,4,4.35,0,0,0,0,4.5,4.5,0,100,0,0,4.5
2007-04-24,4.5,0,0,0,0,0,12.5,4.5,4.5,4.5,4.5,4.5,4.5,4.5,4.5,4.5,4.5,4.5,4.5,4.5,4,4.35,0,0,0,0,4.5,4.5,0,100,0,0,4.5
2007-04-25,4.5,0,0,0,0,0,12.5,4.5,4.5,4.5,4.5,4.5,4.5,4.5,4.5,4.5,4.5,4.5,4.5,4.5,4,4.36,0,0,0,0,4.5,4.5,0,100,0,0,4.5
2007-04-26,4.5,0,0,0,0,0,12.5,4.5,4.5,4.5,4.5,4.5,4.5,4.5,4.5,4.5,4.5,4.5,4.5,4.5,4,4.36,0,0,0,0,4.5,4.5,0,100,0,0,4.5
2007-04-27,4.5,0,0,0,0,0,12.5,4.5,4.5,4.5,4.5,4.5,4.5,4.5,4.5,4.5,4.5,4.5,4.5,4.5,4,4.36,0,0,0,0,4.5,4.5,0,100,0,0,4.5
2007-04-30,4.5,0,0,0,0,0,12.5,4.5,4.5,4.5,4.5,4.5,4.5,4.5,4.5,4.5,4.5,4.5,4.5,4.5,4,4.36,0,0,0,0,4.5,4.5,0,100,0,0,4.5
2007-05-01,4.5,0,0,0,0,0,12.5,4.5,4.5,4.5,4.5,4.5,4.5,4.5,4.5,4.5,4.5,4.5,4.5,4.5,4,4.36,0,0,0,0,4.5,4.5,0,100,0,0,4.5
2007-05-02,4.5,0,0,0,0,0,12.5,4.5,4.5,4.5,4.5,4.5,4.5,4.5,4.5,4.5,4.5,4.5,4.5,4.5,4,4.37,0,0,0,0,4.5,4.5,0,100,0,0,4.5
2007-05-03,4.5,0,0,0,0,0,12.5,4.5,4.5,4.5,4.5,4.5,4.5,4.5,4.5,4.5,4.5,4.5,4.5,4.5,4,4.37,0,0,0,0,4.5,4.5,0,100,0,0,4.5
2007-05-04,4.5,0,0,0,0,0,12.5,4.5,4.5,4.5,4.5,4.5,4.5,4.5,4.5,4.5,4.5,4.5,4.5,4.5,4,4.37,0,0,0,0,4.5,4.5,0,100,0,0,4.5
2007-05-07,4.5,0,0,0,0,0,12.5,4.5,4.5,4.5,4.5,4.5,4.5,4.5,4.5,4.5,4.5,4.5,4.5,4.5,4,4.37,0,0,0,0,4.5,4.5,0,100,0,0,4.5
2007-05-08,4.5,0,0,0,0,0,12.5,4.5,4.5,4.5,4.5,4.5,4.5,4.5,4.5,4.5,4.5,4.5,4.5,4.5,4,4.37,0,0,0,0,4.5,4.5,0,100,0,0,4.5
2007-05-09,4.5,0,0,0,0,0,12.5,4.5,4.5,4.5,4.5,4.5,4.5,4.5,4.5,4.5,4.5,4.5,4.5,4.5,4,4.38,0,0,0,0,4.5,4.5,0,100,0,0,4.5
2007-05-10,4.5,0,0,0,0,0,12.5,4.5,4.5,4.5,4.5,4.5,4.5,4.5,4.5,4.5,4.5,4.5,4.5,4.5,4,4.38,0,0,0,0,4.5,4.5,0,100,0,0,4.5
2007-05-11,4.5,0,0,0,0,0,12.5,4.5,4.5,4.5,4.5,4.5,4.5,4.5,4.5,4.5,4.5,4.5,4.5,4.5,4,4.38,0,0,0,0,4.5,4.5,0,100,0,0,4.5
2007-05-14,4.5,0,0,0,0,0,12.5,4.5,4.5,4.5,4.5,4.5,4.5,4.5,4.5,4.5,4.5,4.5,4.5,4.5,4,4.38,0,0,0,0,4.5,4.5,0,100,0,0,4.5
2007-05-15,4.5,0,0,0,0,0,12.5,4.5,4.5,4.5,4.5,4.5,4.5,4.5,4.5,4.5,4.5,4.5,4.5,4.5,4,4.38,0,0,0,0,4.5,4.5,0,100,0,0,4.5
2007-05-16,4.5,0,0,0,0,0,12.5,4.5,4.5,4.5,4.5,4.5,4.5,4.5,4.5,4.5,4.5,4.5,4.5,4.5,4,4.38,0,0,0,0,4.5,4.5,0,100,0,0,4.5
2007-05-17,4.5,0,0,0,0,0,12.5,4.5,4.5,4.5,4.5,4.5,4.5,4.5,4.5,4.5,4.5,4.5,4.5,4.5,4,4.39,0,0,0,0,4.5,4.5,0,100,0,0,4.5
2007-05-18,4.5,0,0,0,0,0,12.5,4.5,4.5,4.5,4.5,4.5,4.5,4.5,4.5,4.5,4.5,4.5,4.5,4.5,4,4.39,0,0,0,0,4.5,4.5,0,100,0,0,4.5
2007-05-21,4.5,0,0,0,0,0,12.5,4.5,4.5,4.5,4.5,4.5,4.5,4.5,4.5,4.5,4.5,4.5,4.5,4.5,4,4.39,0,0,0,0,4.5,4.5,0,100,0,0,4.5
2007-05-22,4.5,0,0,0,0,0,12.5,4.5,4.5,4.5,4.5,4.5,4.5,4.5,4.5,4.5,4.5,4.5,4.5,4.5,4,4.39,0,0,0,0,4.5,4.5,0,100,0,0,4.5
2007-05-23,4.5,0,0,0,0,0,12.5,4.5,4.5,4.5,4.5,4.5,4.5,4.5,4.5,4.5,4.5,4.5,4.5,4.5,4,4.39,0,0,0,0,4.5,4.5,0,100,0,0,4.5
2007-05-24,4.5,0,0,0,0,0,12.5,4.5,4.5,4.5,4.5,4.5,4.5,4.5,4.5,4.5,4.5,4.5,4.5,4.5,4,4.4,0,0,0,0,4.5,4.5,0,100,0,0,4.5
2007-05-25,4.5,0,0,0,0,0,12.5,4.5,4.5,4.5,4.5,4.5,4.5,4.5,4.5,4.5,4.5,4.5,4.5,4.5,4,4.4,0,0,0,0,4.5,4.5,0,100,0,0,4.5
2007-05-28,4.5,0,0,0,0,0,12.5,4.5,4.5,4.5,4.5,4.5,4.5,4.5,4.5,4.5,4.5,4.5,4.5,4.5,4,4.4,0,0,0,0,4.5,4.5,0,100,0,0,4.5
2007-05-29,4.5,0,0,0,0,0,12.5,4.5,4.5,4.5,4.5,4.5,4.5,4.5,4.5,4.5,4.5,4.5,4.5,4.5,4,4.4,0,0,0,0,4.5,4.5,0,100,0,0,4.5
2007-05-30,4.5,0,0,0,0,0,12.5,4.5,4.5,4.5,4.5,4.5,4.5,4.5,4.5,4.5,4.5,4.5,4.5,4.5,4,4.4,0,0,0,0,4.5,4.5,0,100,0,0,4.5
2007-05-31,4.5,0,0,0,0,0,12.5,4.5,4.5,4.5,4.5,4.5,4.5,4.5,4.5,4.5,4.5,4.5,4.5,4.5,4,4.41,0,0,0,0,4.5,4.5,0,100,0,0,4.5
2007-06-01,4.5,0,0,0,0,0,12.5,4.5,4.5,4.5,4.5,4.5,4.5,4.5,4.5,4.5,4.5,4.5,4.5,4.5,4,4.41,0,0,0,0,4.5,4.5,0,100,0,0,4.5
2007-06-04,4.5,0,0,0,0,0,12.5,4.5,4.5,4.5,4.5,4.5,4.5,4.5,4.5,4.5,4.5,4.5,4.5,4.5,4,4.41,0,0,0,0,4.5,4.5,0,100,0,0,4.5
2007-06-05,4.5,0,0,0,0,0,12.5,4.5,4.5,4.5,4.5,4.5,4.5,4.5,4.5,4.5,4.5,4.5,4.5,4.5,4,4.41,0,0,0,0,4.5,4.5,0,100,0,0,4.5
2007-06-06,4.5,0,0,0,0,0,12.5,4.5,4.5,4.5,4.5,4.5,4.5,4.5,4.5,4.5,4.5,4.5,4.5,4.5,4,4.41,0,0,0,0,4.5,4.5,0,100,0,0,4.5
2007-06-07,4.5,0,0,0,0,0,12.5,4.5,4.5,4.5,4.5,4.5,4.5,4.5,4.5,4.5,4.5,4.5,4.5,4.5,4,4.42,0,0,0,0,4.5,4.5,0,100,0,0,4.5
2007-06-08,4.5,0,0,0,0,0,12.5,4.5,4.5,4.5,4.5,4.5,4.5,4.5,4.5,4.5,4.5,4.5,4.5,4.5,4,4.42,0,0,0,0,4.5,4.5,0,100,0,0,4.5
2007-06-11,4.5,0,0,0,0,0,12.5,4.5,4.5,4.5,4.5,4.5,4.5,4.5,4.5,4.5,4.5,4.5,4.5,4.5,4,4.42,0,0,0,0,4.5,4.5,0,100,0,0,4.5
2007-06-12,4.5,0,0,0,0,0,12.5,4.5,4.5,4.5,4.5,4.5,4.5,4.5,4.5,4.5,4.5,4.5,4.5,4.5,4,4.42,0,0,0,0,4.5,4.5,0,100,0,0,4.5
2007-06-13,4.5,0,0,0,0,0,12.5,4.5,4.5,4.5,4.5,4.5,4.5,4.5,4.5,4.5,4.5,4.5,4.5,4.5,4,4.42,0,0,0,0,4.5,4.5,0,100,0,0,4.5
2007-06-14,4.5,0,0,0,0,0,12.5,4.5,4.5,4.5,4.5,4.5,4.5,4.5,4.5,4.5,4.5,4.5,4.5,4.5,4,4.43,0,0,0,0,4.5,4.5,0,100,0,0,4.5
2007-06-15,4.5,0,0,0,0,0,12.5,4.5,4.5,4.5,4.5,4.5,4.5,4.5,4.5,4.5,4.5,4.5,4.5,4.5,4,4.43,0,0,0,0,4.5,4.5,0,100,0,0,4.5
2007-06-18,4.5,0,0,0,0,0,12.5,4.5,4.5,4.5,4.5,4.5,4.5,4.5,4.5,4.5,4.5,4.5,4.5,4.5,4,4.43,0,0,0,0,4.5,4.5,0,100,0,0,4.5
2007-06-19,4.5,0,0,0,0,0,12.5,4.5,4.5,4.5,4.5,4.5,4.5,4.5,4.5,4.5,4.5,4.5,4.5,4.5,4,4.43,0,0,0,0,4.5,4.5,0,100,0,0,4.5
2007-06-20,4.5,0,0,0,0,0,12.5,4.5,4.5,4.5,4.5,4.5,4.5,4.5,4.5,4.5,4.5,4.5,4.5,4.5,4,4.43,0,0,0,0,4.5,4.5,0,100,0,0,4.5
2007-06-21,4.5,0,0,0,0,0,12.5,4.5,4.5,4.5,4.5,4.5,4.5,4.5,4.5,4.5,4.5,4.5,4.5,4.5,4,4.43,0,0,0,0,4.5,4.5,0,100,0,0,4.5
2007-06-22,4.5,0,0,0,0,0,12.5,4.5,4.5,4.5,4.5,4.5,4.5,4.5,4.5,4.5,4.5,4.5,4.5,4.5,4,4.44,0,0,0,0,4.5,4.5,0,100,0,0,4.5
2007-06-25,4.5,0,0,0,0,0,12.5,4.5,4.5,4.5,4.5,4.5,4.5,4.5,4.5,4.5,4.5,4.5,4.5,4.5,4,4.44,0,0,0,0,4.5,4.5,0,100,0,0,4.5
2007-06-26,4.5,0,0,0,0,0,12.5,4.5,4.5,4.5,4.5,4.5,4.5,4.5,4.5,4.5,4.5,4.5,4.5,4.5,4,4.44,0,0,0,0,4.5,4.5,0,100,0,0,4.5
2007-06-27,4.5,0,0,0,0,0,12.5,4.5,4.5,4.5,4.5,4.5,4.5,4.5,4.5,4.5,4.5,4.5,4.5,4.5,4,4.44,0,0,0,0,4.5,4.5,0,100,0,0,4.5
2007-06-28,4.5,0,0,0,0,0,12.5,4.5,4.5,4.5,4.5,4.5,4.5,4.5,4.5,4.5,4.5,4.5,4.5,4.5,4,4.44,0,0,0,0,4.5,4.5,0,100,0,0,4.5
2007-06-29,4.5,0,0,0,0,0,12.5,4.5,4.5,4.5,4.5,4.5,4.5,4.5,4.5,4.5,4.5,4.5,4.5,4.5,4,4.45,0,0,0,0,4.5,4.5,0,100,0,0,4.5
2007-07-02,4.5,0,0,0,0,0,12.5,4.5,4.5,4.5,4.5,4.5,4.5,4.5,4.5,4.5,4.5,4.5,4.5,4.5,4,4.45,0,0,0,0,4.5,4.5,0,100,0,0,4.5
2007-07-03,4.5,0,0,0,0,0,12.5,4.5,4.5,4.5,4.5,4.5,4.5,4.5,4.5,4.5,4.5,4.5,4.5,4.5,4,4.45,0,0,0,0,4.5,4.5,0,100,0,0,4.5
2007-07-04,4.5,0,0,0,0,0,12.5,4.5,4.5,4.5,4.5,4.5,4.5,4.5,4.5,4.5,4.5,4.5,4.5,4.5,4,4.45,0,0,0,0,4.5,4.5,0,100,0,0,4.5
2007-07-05,4.5,0,0,0,0,0,12.5,4.5,4.5,4.5,4.5,4.5,4.5,4.5,4.5,4.5,4.5,4.5,4.5,4.5,4,4.45,0,0,0,0,4.5,4.5,0,100,0,0,4.5
2007-07-06,4.5,0,0,0,0,0,12.5,4.5,4.5,4.5,4.5,4.5,4.5,4.5,4.5,4.5,4.5,4.5,4.5,4.5,4,4.46,0,0,0,0,4.5,4.5,0,100,0,0,4.5
2007-07-09,4.5,0,0,0,0,0,12.5,4.5,4.5,4.5,4.5,4.5,4.5,4.5,4.5,4.5,4.5,4.5,4.5,4.5,4,4.46,0,0,0,0,4.5,4.5,0,100,0,0,4.5
2007-07-10,4.5,0,0,0,0,0,12.5,4.5,4.5,4.5,4.5,4.5,4.5,4.5,4.5,4.5,4.5,4.5,4.5,4.5,4,4.46,0,0,0,0,4.5,4.5,0,100,0,0,4.5
2007-07-11,4.5,0,0,0,0,0,12.5,4.5,4.5,4.5,4.5,4.5,4.5,4.5,4.5,4.5,4.5,4.5,4.5,4.5,4,4.46,0,0,0,0,4.5,4.5,0,100,0,0,4.5
2007-07-12,4.75,5.56,5.56,5.56,5.56,5.56,18.75,4.75,4.5,4.55,4.75,4.5,4.51,4.75,4.5,4.5,4.75,4.5,4.5,4.75,4,4.46,0,0.011217949,0.001246439,0.00997151,4.624303399,4.400696601,1,100.1317523,0.191156494,0.049552753,4.75
2007-07-13,4.75,0,5.56,5.56,5.56,5.56,18.75,4.75,4.5,4.6,4.75,4.5,4.53,4.75,4.5,4.51,4.75,4.5,4.5,4.75,4,4.47,0,0.022435897,0.003739316,0.018696581,4.678896753,4.371103247,1,100.2561795,0.191156494,0.068020664,4.75
2007-07-16,4.75,0,5.56,5.56,5.56,5.56,18.75,4.75,4.5,4.65,4.75,4.5,4.54,4.75,4.5,4.51,4.75,4.5,4.51,4.75,4,4.47,0,0.033653846,0.007478632,0.026175214,4.720673774,4.354326226,1,100.3732891,0.191156494,0.080737752,4.75
2007-07-17,4.75,0,5.56,5.56,5.56,5.56,18.75,4.75,4.5,4.7,4.75,4.5,4.55,4.75,4.5,4.52,4.75,4.5,4.51,4.75,4,4.47,0,0.044871795,0.012464387,0.032407407,4.75519567,4.34480433,1,100.4830918,0.191156494,0.090195899,4.75
2007-07-18,4.75,0,5.56,5.56,5.56,5.56,18.75,4.75,4.75,4.75,4.75,4.5,4.56,4.75,4.5,4.52,4.75,4.5,4.51,4.75,4,4.48,0,0.056089744,0.018696581,0.037393162,4.784630829,4.340369171,1,100.5856011,0.191156494,0.097372418,4.75
2007-07-19,4.75,0,0,5.56,5.56,5.56,18.75,4.75,4.75,4.75,4.75,4.5,4.58,4.75,4.5,4.52,4.75,4.5,4.51,4.75,4,4.48,0,0.067307692,0.026175214,0.041132479,4.810081173,4.339918827,1,100.6808335,0.191156494,0.102767726,4.75
2007-07-20,4.75,0,0,5.56,5.56,5.56,18.75,4.75,4.75,4.75,4.75,4.5,4.59,4.75,4.5,4.53,4.75,4.5,4.51,4.75,4,4.48,0,0.078525641,0.034900285,0.043625356,4.832180242,4.342819758,1,100.7688083,0.191156494,0.106672585,4.75
2007-07-23,4.75,0,0,5.56,5.56,5.56,18.75,4.75,4.75,4.75,4.75,4.5,4.6,4.75,4.5,4.53,4.75,4.5,4.52,4.75,4,4.48,0,0.08974359,0.044871795,0.044871795,4.851312345,4.348687655,1,100.8495478,0.191156494,0.109266237,4.75
2007-07-24,4.75,0,0,5.56,5.56,5.56,18.75,4.75,4.75,4.75,4.75,4.5,4.61,4.75,4.5,4.53,4.75,4.5,4.52,4.75,4,4.49,0,0.100961538,0.056089744,0.044871795,4.867708893,4.357291107,1,100.9230769,0.191156494,0.110659683,4.75
2007-07-25,4.75,0,0,5.56,5.56,5.56,18.75,4.75,4.75,4.75,4.75,4.5,4.63,4.75,4.5,4.54,4.75,4.5,4.52,4.75,4,4.49,0,0.112179487,0.067307692,0.044871795,4.881494588,4.368505412,1,100.9894234,0.191156494,0.110916579,4.75
2007-07-26,4.75,0,0,5.56,5.56,5.56,18.75,4.75,4.75,4.75,4.75,4.5,4.64,4.75,4.5,4.54,4.75,4.5,4.52,4.75,4,4.49,0,0.123397436,0.078525641,0.044871795,4.892708893,4.382291107,1,101.0486177,0.191156494,0.110063134,4.75
2007-07-27,4.75,0,0,5.56,5.56,5.56,18.75,4.75,4.75,4.75,4.75,4.5,4.65,4.75,4.5,4.55,4.75,4.5,4.52,4.75,4,4.5,0,0.134615385,0.08974359,0.044871795,4.901312345,4.398687655,1,101.100693,0.191156494,0.108091331,4.75
2007-07-30,4.75,0,0,5.56,5.56,5.56,18.75,4.75,4.75,4.75,4.75,4.5,4.66,4.75,4.5,4.55,4.75,4.5,4.53,4.75,4,4.5,0,0.125,0.098646724,0.026353276,4.907180242,4.417819758,1,101.145685,0.191156494,0.104956672,4.75
2007-07-31,4.75,0,0,5.56,5.56,5.56,18.75,4.75,4.75,4.75,4.75,4.5,4.68,4.75,4.5,4.55,4.75,4.5,4.53,4.75,4,4.5,0,0.115384615,0.105235043,0.010149573,4.910081173,4.439918827,1,101.1836321,0.191156494,0.100569486,4.75
2007-08-01,4.75,0,0,5.56,5.56,5.56,18.75,4.75,4.75,4.75,4.75,4.5,4.69,4.75,4.5,4.56,4.75,4.5,4.53,4.75,4,4.5,0,0.105769231,0.109508547,-0.003739316,4.909630829,4.465369171,1,101.2145749,0.191156494,0.09477582,4.75
2007-08-02,4.75,0,0,5.56,5.56,5.56,18.75,4.75,4.75,4.75,4.75,4.5,4.7,4.75,4.5,4.56,4.75,4.5,4.53,4.75,4,4.51,0,0.096153846,0.111467236,-0.01531339,4.90519567,4.49480433,1,101.2385568,0.191156494,0.087317307,4.75
2007-08-03,4.75,0,0,5.56,5.56,5.56,18.75,4.75,4.75,4.75,4.75,4.5,4.71,4.75,4.5,4.57,4.75,4.5,4.53,4.75,4,4.51,0,0.086538462,0.111111111,-0.02457265,4.895673774,4.529326226,1,101.2556234,0.191156494,0.077739533,4.75
2007-08-06,4.75,0,0,5.56,5.56,5.56,18.75,4.75,4.75,4.75,4.75,4.5,4.73,4.75,4.5,4.57,4.75,4.5,4.53,4.75,4,4.51,0,0.076923077,0.108440171,-0.031517094,4.878896753,4.571103247,1,101.2658228,0.191156494,0.065141483,4.75
2007-08-07,4.75,0,0,5.56,5.56,5.56,18.75,4.75,4.75,4.75,4.75,4.5,4.74,4.75,4.5,4.57,4.75,4.5,4.54,4.75,4,4.52,0,0.067307692,0.103454416,-0.036146724,4.849303399,4.625696601,1,101.2692051,0.191156494,0.047199324,4.75
2007-08-08,4.75,0,0,5.56,5.56,5.56,18.75,4.75,4.75,4.75,4.75,4.75,4.75,4.75,4.5,4.58,4.75,4.5,4.54,4.75,4.5,4.52,0,0.057692308,0.096153846,-0.038461538,4.75,4.75,0,101.2658228,0.191156494,0,4.75
2007-08-09,5,5.26,5.26,5.26,11.11,11.11,11.11,5,4.75,4.8,5,4.75,4.76,5,4.5,4.58,5,4.5,4.54,5,4.5,4.52,0,0.059294872,0.0877849,-0.028490028,4.874303399,4.650696601,1,101.2624585,0.181349181,0.046951559,5
2007-08-10,5,0,5.26,5.26,11.11,11.11,11.11,5,4.75,4.85,5,4.75,4.78,5,4.5,4.59,5,4.5,4.55,5,4.5,4.52,0,0.060897436,0.080662393,-0.019764957,4.928896753,4.621103247,1,101.259112,0.181349181,0.064459373,5
2007-08-13,5,0,5.26,5.26,11.11,11.11,11.11,5,4.75,4.9,5,4.75,4.79,5,4.5,4.6,5,4.5,4.55,5,4.5,4.53,0,0.0625,0.074786325,-0.012286325,4.970673774,4.604326226,1,101.2557832,0.181349181,0.076521681,5
2007-08-14,5,0,5.26,5.26,11.11,11.11,11.11,5,4.75,4.95,5,4.75,4.8,5,4.5,4.61,5,4.5,4.55,5,4.5,4.53,0,0.064102564,0.070156695,-0.006054131,5.00519567,4.59480433,1,101.252472,0.181349181,0.085498196,5
2007-08-15,5,0,5.26,5.26,11.11,11.11,11.11,5,5,5,5,4.75,4.81,5,4.5,4.62,5,4.5,4.56,5,4.5,4.53,0,0.065705128,0.066773504,-0.001068376,5.034630829,4.590369171,1,101.2491782,0.181349181,0.092314111,5
2007-08-16,5,0,0,5.26,11.11,11.11,11.11,5,5,5,5,4.75,4.83,5,4.5,4.62,5,4.5,4.56,5,4.5,4.53,0,0.067307692,0.064636752,0.00267094,5.060081173,4.589918827,1,101.2459016,0.181349181,0.097442973,5
2007-08-17,5,0,0,5.26,11.11,11.11,11.11,5,5,5,5,4.75,4.84,5,4.5,4.63,5,4.5,4.57,5,4.5,4.53,0,0.078525641,0.064814815,0.013710826,5.082180242,4.592819758,1,101.2426422,0.181349181,0.10115979,5
2007-08-20,5,0,0,5.26,11.11,11.11,11.11,5,5,5,5,4.75,4.85,5,4.5,4.64,5,4.5,4.57,5,4.5,4.53,0,0.08974359,0.067307692,0.022435897,5.101312345,4.598687655,1,101.2393999,0.181349181,0.103633957,5
2007-08-21,5,0,0,5.26,11.11,11.11,11.11,5,5,5,5,4.75,4.86,5,4.5,4.65,5,4.5,4.57,5,4.5,4.54,0,0.100961538,0.072115385,0.028846154,5.117708893,4.607291107,1,101.2361744,0.181349181,0.104970239,5
2007-08-22,5,0,0,5.26,11.11,11.11,11.11,5,5,5,5,4.75,4.88,5,4.5,4.65,5,4.5,4.58,5,4.5,4.54,0,0.112179487,0.077991453,0.034188034,5.131494588,4.618505412,1,101.2329656,0.181349181,0.105228549,5
2007-08-23,5,0,0,5.26,11.11,11.11,11.11,5,5,5,5,4.75,4.89,5,4.5,4.66,5,4.5,4.58,5,4.5,4.54,0,0.123397436,0.084935897,0.038461538,5.142708893,4.632291107,1,101.2297735,0.181349181,0.104433307,5
2007-08-24,5,0,0,5.26,11.11,11.11,11.11,5,5,5,5,4.75,4.9,5,4.5,4.67,5,4.5,4.58,5,4.5,4.54,0,0.134615385,0.092948718,0.041666667,5.151312345,4.648687655,1,101.2265978,0.181349181,0.102576467,5
2007-08-27,5,0,0,5.26,11.11,11.11,11.11,5,5,5,5,4.75,4.91,5,4.5,4.68,5,4.5,4.59,5,4.5,4.54,0,0.125,0.0997151,0.0252849,5.157180242,4.667819758,1,101.2234385,0.181349181,0.099615366,5
2007-08-28,5,0,0,5.26,11.11,11.11,11.11,5,5,5,5,4.75,4.93,5,4.5,4.68,5,4.5,4.59,5,4.5,4.55,0,0.115384615,0.105235043,0.010149573,5.160081173,4.689918827,1,101.2202954,0.181349181,0.095464436,5
2007-08-29,5,0,0,5.26,11.11,11.11,11.11,5,5,5,5,4.75,4.94,5,4.5,4.69,5,4.5,4.6,5,4.5,4.55,0,0.105769231,0.109508547,-0.003739316,5.159630829,4.715369171,1,101.2171685,0.181349181,0.089977045,5
2007-08-30,5,0,0,5.26,11.11,11.11,11.11,5,5,5,5,4.75,4.95,5,4.5,4.7,5,4.5,4.6,5,4.5,4.55,0,0.096153846,0.111467236,-0.01531339,5.15519567,4.74480433,1,101.2140575,0.181349181,0.082907342,5
2007-08-31,5,0,0,5.26,11.11,11.11,11.11,5,5,5,5,4.75,4.96,5,4.5,4.71,5,4.5,4.6,5,4.5,4.55,0,0.086538462,0.111111111,-0.02457265,5.145673774,4.779326226,1,101.2109624,0.181349181,0.073823184,5
2007-09-03,5,0,0,5.26,11.11,11.11,11.11,5,5,5,5,4.75,4.98,5,4.5,4.72,5,4.5,4.61,5,4.5,4.55,0,0.076923077,0.108440171,-0.031517094,5.128896753,4.821103247,1,101.207883,0.181349181,0.061868041,5
2007-09-04,5,0,0,5.26,11.11,11.11,11.11,5,5,5,5,4.75,4.99,5,4.5,4.72,5,4.5,4.61,5,4.5,4.56,0,0.067307692,0.103454416,-0.036146724,5.099303399,4.875696601,1,101.2048193,0.181349181,0.044833443,5
2007-09-05,5,0,0,5.26,11.11,11.11,11.11,5,5,5,5,5,5,5,4.5,4.73,5,4.5,4.62,5,4.5,4.56,0,0.057692308,0.096153846,-0.038461538,5,5,0,101.201771,0.181349181,0,5
2007-09-06,5,0,0,0,11.11,11.11,11.11,5,5,5,5,5,5,5,4.5,4.74,5,4.5,4.62,5,4.5,4.56,0,0.048076923,0.086538462,-0.038461538,5,5,0,101.0802957,0,0,5
2007-09-07,5,0,0,0,11.11,11.11,11.11,5,5,5,5,5,5,5,4.5,4.75,5,4.5,4.62,5,4.5,4.56,0,0.038461538,0.076923077,-0.038461538,5,5,0,100.9654824,0,0,5
2007-09-10,5,0,0,0,11.11,11.11,11.11,5,5,5,5,5,5,5,4.5,4.75,5,4.5,4.63,5,4.5,4.56,0,0.028846154,0.067307692,-0.038461538,5,5,0,100.8572869,0,0,5
2007-09-11,5,0,0,0,11.11,11.11,11.11,5,5,5,5,5,5,5,4.5,4.76,5,4.5,4.63,5,4.5,4.57,0,0.019230769,0.057692308,-0.038461538,5,5,0,100.7556675,0,0,5
2007-09-12,5,0,0,0,11.11,11.11,11.11,5,5,5,5,5,5,5,4.5,4.77,5,4.5,4.63,5,4.5,4.57,0,0.009615385,0.048076923,-0.038461538,5,5,0,100.6605851,0,0,5
2007-09-13,5,0,0,0,11.11,11.11,11.11,5,5,5,5,5,5,5,4.5,4.78,5,4.5,4.64,5,4.5,4.57,0,0,0.038461538,-0.038461538,5,5,0,100.5720033,0,0,5
2007-09-14,5,0,0,0,11.11,11.11,11.11,5,5,5,5,5,5,5,4.5,4.78,5,4.5,4.64,5,4.5,4.57,0,0,0.02991453,-0.02991453,5,5,0,100.4898882,0,0,5
2007-09-17,5,0,0,0,11.11,11.11,11.11,5,5,5,5,5,5,5,4.5,4.79,5,4.5,4.65,5,4.5,4.57,0,0,0.022435897,-0.022435897,5,5,0,100.4142086,0,0,5
2007-09-18,5,0,0,0,11.11,11.11,11.11,5,5,5,5,5,5,5,4.5,4.8,5,4.5,4.65,5,4.5,4.58,0,0,0.016025641,-0.016025641,5,5,0,100.3449357,0,0,5
2007-09-19,5,0,0,0,11.11,11.11,11.11,5,5,5,5,5,5,5,4.5,4.81,5,4.5,4.65,5,4.5,4.58,0,0,0.010683761,-0.010683761,5,5,0,100.2820432,0,0,5
2007-09-20,5,0,0,0,11.11,11.11,11.11,5,5,5,5,5,5,5,4.5,4.82,5,4.5,4.66,5,4.5,4.58,0,0,0.006410256,-0.006410256,5,5,0,100.2255074,0,0,5
2007-09-21,5,0,0,0,11.11,11.11,11.11,5,5,5,5,5,5,5,4.5,4.82,5,4.5,4.66,5,4.5,4.58,0,0,0.003205128,-0.003205128,5,5,0,100.1753068,0,0,5
2007-09-24,5,0,0,0,11.11,11.11,11.11,5,5,5,5,5,5,5,4.5,4.83,5,4.5,4.67,5,4.5,4.58,0,0,0.001068376,-0.001068376,5,5,0,100.1314225,0,0,5
2007-09-25,5,0,0,0,11.11,11.11,11.11,5,5,5,5,5,5,5,4.5,4.84,5,4.5,4.67,5,4.5,4.58,0,0,0,0,5,5,0,100.093838,0,0,5
2007-09-26,5,0,0,0,11.11,11.11,11.11,5,5,5,5,5,5,5,4.5,4.85,5,4.5,4.67,5,4.5,4.59,0,0,0,0,5,5,0,100.0625391,0,0,5
2007-09-27,5,0,0,0,11.11,11.11,11.11,5,5,5,5,5,5,5,4.5,4.85,5,4.5,4.68,5,4.5,4.59,0,0,0,0,5,5,0,100.0375141,0,0,5
2007-09-28,5,0,0,0,11.11,11.11,11.11,5,5,5,5,5,5,5,4.5,4.86,5,4.5,4.68,5,4.5,4.59,0,0,0,0,5,5,0,100.0187535,0,0,5
2007-10-01,5,0,0,0,11.11,11.11,11.11,5,5,5,5,5,5,5,4.5,4.87,5,4.5,4.68,5,4.5,4.59,0,0,0,0,5,5,0,100.0062504,0,0,5
2007-10-02,5,0,0,0,11.11,11.11,11.11,5,5,5,5,5,5,5,4.5,4.88,5,4.5,4.69,5,4.5,4.59,0,0,0,0,5,5,0,100,0,0,5
2007-10-03,5,0,0,0,11.11,11.11,11.11,5,5,5,5,5,5,5,4.5,4.88,5,4.5,4.69,5,4.5,4.6,0,0,0,0,5,5,0,100,0,0,5
2007-10-04,5,0,0,0,11.11,11.11,11.11,5,5,5,5,5,5,5,4.5,4.89,5,4.5,4.7,5,4.5,4.6,0,0,0,0,5,5,0,100,0,0,5
2007-10-05,5,0,0,0,11.11,11.11,11.11,5,5,5,5,5,5,5,4.5,4.9,5,4.5,4.7,5,4.5,4.6,0,0,0,0,5,5,0,100,0,0,5
2007-10-08,5,0,0,0,11.11,11.11,11.11,5,5,5,5,5,5,5,4.5,4.91,5,4.5,4.7,5,4.5,4.6,0,0,0,0,5,5,0,100,0,0,5
2007-10-09,5,0,0,0,11.11,11.11,11.11,5,5,5,5,5,5,5,4.5,4.92,5,4.5,4.71,5,4.5,4.6,0,0,0,0,5,5,0,100,0,0,5
2007-10-10,5,0,0,0,11.11,11.11,11.11,5,5,5,5,5,5,5,4.75,4.92,5,4.5,4.71,5,4.5,4.61,0,0,0,0,5,5,0,100,0,0,5
2007-10-11,5,0,0,0,5.26,11.11,11.11,5,5,5,5,5,5,5,4.75,4.93,5,4.5,4.72,5,4.5,4.61,0,0,0,0,5,5,0,100,0,0,5
2007-10-12,5,0,0,0,5.26,11.11,11.11,5,5,5,5,5,5,5,4.75,4.93,5,4.5,4.72,5,4.5,4.61,0,0,0,0,5,5,0,100,0,0,5
2007-10-15,5,0,0,0,5.26,11.11,11.11,5,5,5,5,5,5,5,4.75,4.93,5,4.5,4.72,5,4.5,4.61,0,0,0,0,5,5,0,100,0,0,5
2007-10-16,5,0,0,0,5.26,11.11,11.11,5,5,5,5,5,5,5,4.75,4.94,5,4.5,4.73,5,4.5,4.61,0,0,0,0,5,5,0,100,0,0,5
2007-10-17,5,0,0,0,5.26,11.11,11.11,5,5,5,5,5,5,5,4.75,4.94,5,4.5,4.73,5,4.5,4.62,0,0,0,0,5,5,0,100,0,0,5
2007-10-18,5,0,0,0,5.26,11.11,11.11,5,5,5,5,5,5,5,4.75,4.95,5,4.5,4.73,5,4.5,4.62,0,0,0,0,5,5,0,100,0,0,5
2007-10-19,5,0,0,0,5.26,11.11,11.11,5,5,5,5,5,5,5,4.75,4.95,5,4.5,4.74,5,4.5,4.62,0,0,0,0,5,5,0,100,0,0,5
2007-10-22,5,0,0,0,5.26,11.11,11.11,5,5,5,5,5,5,5,4.75,4.95,5,4.5,4.74,5,4.5,4.62,0,0,0,0,5,5,0,100,0,0,5
2007-10-23,5,0,0,0,5.26,11.11,11.11,5,5,5,5,5,5,5,4.75,4.96,5,4.5,4.75,5,4.5,4.62,0,0,0,0,5,5,0,100,0,0,5
2007-10-24,5,0,0,0,5.26,11.11,11.11,5,5,5,5,5,5,5,4.75,4.96,5,4.5,4.75,5,4.5,4.63,0,0,0,0,5,5,0,100,0,0,5
2007-10-25,5,0,0,0,5.26,11.11,11.11,5,5,5,5,5,5,5,4.75,4.97,5,4.5,4.75,5,4.5,4.63,0,0,0,0,5,5,0,100,0,0,5
2007-10-26,5,0,0,0,5.26,11.11,11.11,5,5,5,5,5,5,5,4.75,4.97,5,4.5,4.76,5,4.5,4.63,0,0,0,0,5,5,0,100,0,0,5
2007-10-29,5,0,0,0,5.26,11.11,11.11,5,5,5,5,5,5,5,4.75,4.97,5,4.5,4.76,5,4.5,4.63,0,0,0,0,5,5,0,100,0,0,5
2007-10-30,5,0,0,0,5.26,11.11,11.11,5,5,5,5,5,5,5,4.75,4.98,5,4.5,4.77,5,4.5,4.63,0,0,0,0,5,5,0,100,0,0,5
2007-10-31,5,0,0,0,5.26,11.11,11.11,5,5,5,5,5,5,5,4.75,4.98,5,4.5,4.77,5,4.5,4.63,0,0,0,0,5,5,0,100,0,0,5
2007-11-01,5,0,0,0,5.26,11.11,11.11,5,5,5,5,5,5,5,4.75,4.98,5,4.5,4.77,5,4.5,4.64,0,0,0,0,5,5,0,100,0,0,5
2007-11-02,5,0,0,0,5.26,11.11,11.11,5,5,5,5,5,5,5,4.75,4.99,5,4.5,4.78,5,4.5,4.64,0,0,0,0,5,5,0,100,0,0,5
2007-11-05,5,0,0,0,5.26,11.11,11.11,5,5,5,5,5,5,5,4.75,4.99,5,4.5,4.78,5,4.5,4.64,0,0,0,0,5,5,0,100,0,0,5
2007-11-06,5,0,0,0,5.26,11.11,11.11,5,5,5,5,5,5,5,4.75,5,5,4.5,4.78,5,4.5,4.64,0,0,0,0,5,5,0,100,0,0,5
2007-11-07,5,0,0,0,5.26,11.11,11.11,5,5,5,5,5,5,5,5,5,5,4.5,4.79,5,4.5,4.64,0,0,0,0,5,5,0,100,0,0,5
2007-11-08,5,0,0,0,0,11.11,11.11,5,5,5,5,5,5,5,5,5,5,4.5,4.79,5,4.5,4.65,0,0,0,0,5,5,0,100,0,0,5
2007-11-09,5,0,0,0,0,11.11,11.11,5,5,5,5,5,5,5,5,5,5,4.5,4.8,5,4.5,4.65,0,0,0,0,5,5,0,100,0,0,5
2007-11-12,5,0,0,0,0,11.11,11.11,5,5,5,5,5,5,5,5,5,5,4.5,4.8,5,4.5,4.65,0,0,0,0,5,5,0,100,0,0,5
2007-11-13,5,0,0,0,0,11.11,11.11,5,5,5,5,5,5,5,5,5,5,4.5,4.8,5,4.5,4.65,0,0,0,0,5,5,0,100,0,0,5
2007-11-14,5,0,0,0,0,11.11,11.11,5,5,5,5,5,5,5,5,5,5,4.5,4.81,5,4.5,4.65,0,0,0,0,5,5,0,100,0,0,5
2007-11-15,5,0,0,0,0,11.11,11.11,5,5,5,5,5,5,5,5,5,5,4.5,4.81,5,4.5,4.66,0,0,0,0,5,5,0,100,0,0,5
2007-11-16,5,0,0,0,0,11.11,11.11,5,5,5,5,5,5,5,5,5,5,4.5,4.82,5,4.5,4.66,0,0,0,0,5,5,0,100,0,0,5
2007-11-19,5,0,0,0,0,11.11,11.11,5,5,5,5,5,5,5,5,5,5,4.5,4.82,5,4.5,4.66,0,0,0,0,5,5,0,100,0,0,5
2007-11-20,5,0,0,0,0,11.11,11.11,5,5,5,5,5,5,5,5,5,5,4.5,4.82,5,4.5,4.66,0,0,0,0,5,5,0,100,0,0,5
2007-11-21,5,0,0,0,0,11.11,11.11,5,5,5,5,5,5,5,5,5,5,4.5,4.83,5,4.5,4.66,0,0,0,0,5,5,0,100,0,0,5
2007-11-22,5,0,0,0,0,11.11,11.11,5,5,5,5,5,5,5,5,5,5,4.5,4.83,5,4.5,4.67,0,0,0,0,5,5,0,100,0,0,5
2007-11-23,5,0,0,0,0,11.11,11.11,5,5,5,5,5,5,5,5,5,5,4.5,4.83,5,4.5,4.67,0,0,0,0,5,5,0,100,0,0,5
2007-11-26,5,0,0,0,0,11.11,11.11,5,5,5,5,5,5,5,5,5,5,4.5,4.84,5,4.5,4.67,0,0,0,0,5,5,0,100,0,0,5
2007-11-27,5,0,0,0,0,11.11,11.11,5,5,5,5,5,5,5,5,5,5,4.5,4.84,5,4.5,4.67,0,0,0,0,5,5,0,100,0,0,5
2007-11-28,5,0,0,0,0,11.11,11.11,5,5,5,5,5,5,5,5,5,5,4.5,4.85,5,4.5,4.67,0,0,0,0,5,5,0,100,0,0,5
2007-11-29,5,0,0,0,0,11.11,11.11,5,5,5,5,5,5,5,5,5,5,4.5,4.85,5,4.5,4.68,0,0,0,0,5,5,0,100,0,0,5
2007-11-30,5,0,0,0,0,11.11,11.11,5,5,5,5,5,5,5,5,5,5,4.5,4.85,5,4.5,4.68,0,0,0,0,5,5,0,100,0,0,5
2007-12-03,5,0,0,0,0,11.11,11.11,5,5,5,5,5,5,5,5,5,5,4.5,4.86,5,4.5,4.68,0,0,0,0,5,5,0,100,0,0,5
2007-12-04,5,0,0,0,0,11.11,11.11,5,5,5,5,5,5,5,5,5,5,4.5,4.86,5,4.5,4.68,0,0,0,0,5,5,0,100,0,0,5
2007-12-05,5,0,0,0,0,11.11,11.11,5,5,5,5,5,5,5,5,5,5,4.5,4.87,5,4.5,4.68,0,0,0,0,5,5,0,100,0,0,5
2007-12-06,5,0,0,0,0,11.11,11.11,5,5,5,5,5,5,5,5,5,5,4.5,4.87,5,4.5,4.68,0,0,0,0,5,5,0,100,0,0,5
2007-12-07,5,0,0,0,0,11.11,11.11,5,5,5,5,5,5,5,5,5,5,4.5,4.87,5,4.5,4.69,0,0,0,0,5,5,0,100,0,0,5
2007-12-10,5,0,0,0,0,11.11,11.11,5,5,5,5,5,5,5,5,5,5,4.5,4.88,5,4.5,4.69,0,0,0,0,5,5,0,100,0,0,5
2007-12-11,5,0,0,0,0,11.11,11.11,5,5,5,5,5,5,5,5,5,5,4.5,4.88,5,4.5,4.69,0,0,0,0,5,5,0,100,0,0,5
2007-12-12,5,0,0,0,0,11.11,11.11,5,5,5,5,5,5,5,5,5,5,4.5,4.88,5,4.5,4.69,0,0,0,0,5,5,0,100,0,0,5
2007-12-13,5,0,0,0,0,11.11,11.11,5,5,5,5,5,5,5,5,5,5,4.5,4.89,5,4.5,4.69,0,0,0,0,5,5,0,100,0,0,5
2007-12-14,5,0,0,0,0,11.11,11.11,5,5,5,5,5,5,5,5,5,5,4.5,4.89,5,4.5,4.7,0,0,0,0,5,5,0,100,0,0,5
2007-12-17,5,0,0,0,0,11.11,11.11,5,5,5,5,5,5,5,5,5,5,4.5,4.9,5,4.5,4.7,0,0,0,0,5,5,0,100,0,0,5
2007-12-18,5,0,0,0,0,11.11,11.11,5,5,5,5,5,5,5,5,5,5,4.5,4.9,5,4.5,4.7,0,0,0,0,5,5,0,100,0,0,5
2007-12-19,5,0,0,0,0,11.11,11.11,5,5,5,5,5,5,5,5,5,5,4.5,4.9,5,4.5,4.7,0,0,0,0,5,5,0,100,0,0,5
2007-12-20,5,0,0,0,0,11.11,11.11,5,5,5,5,5,5,5,5,5,5,4.5,4.91,5,4.5,4.7,0,0,0,0,5,5,0,100,0,0,5
2007-12-21,5,0,0,0,0,11.11,11.11,5,5,5,5,5,5,5,5,5,5,4.5,4.91,5,4.5,4.71,0,0,0,0,5,5,0,100,0,0,5
2007-12-24,5,0,0,0,0,11.11,11.11,5,5,5,5,5,5,5,5,5,5,4.5,4.92,5,4.5,4.71,0,0,0,0,5,5,0,100,0,0,5
2007-12-25,5,0,0,0,0,11.11,11.11,5,5,5,5,5,5,5,5,5,5,4.5,4.92,5,4.5,4.71,0,0,0,0,5,5,0,100,0,0,5
2007-12-26,5,0,0,0,0,11.11,11.11,5,5,5,5,5,5,5,5,5,5,4.5,4.92,5,4.5,4.71,0,0,0,0,5,5,0,100,0,0,5
2007-12-27,5,0,0,0,0,11.11,11.11,5,5,5,5,5,5,5,5,5,5,4.5,4.93,5,4.5,4.71,0,0,0,0,5,5,0,100,0,0,5
2007-12-28,5,0,0,0,0,11.11,11.11,5,5,5,5,5,5,5,5,5,5,4.5,4.93,5,4.5,4.72,0,0,0,0,5,5,0,100,0,0,5
2007-12-31,5,0,0,0,0,11.11,11.11,5,5,5,5,5,5,5,5,5,5,4.5,4.93,5,4.5,4.72,0,0,0,0,5,5,0,100,0,0,5
2008-01-01,5,0,0,0,0,11.11,11.11,5,5,5,5,5,5,5,5,5,5,4.5,4.94,5,4.5,4.72,0,0,0,0,5,5,0,100,0,0,5
2008-01-02,5,0,0,0,0,11.11,11.11,5,5,5,5,5,5,5,5,5,5,4.5,4.94,5,4.5,4.72,0,0,0,0,5,5,0,100,0,0,5
2008-01-03,5,0,0,0,0,11.11,11.11,5,5,5,5,5,5,5,5,5,5,4.5,4.95,5,4.5,4.72,0,0,0,0,5,5,0,100,0,0,5
2008-01-04,5,0,0,0,0,11.11,11.11,5,5,5,5,5,5,5,5,5,5,4.5,4.95,5,4.5,4.73,0,0,0,0,5,5,0,100,0,0,5
2008-01-07,5,0,0,0,0,11.11,11.11,5,5,5,5,5,5,5,5,5,5,4.5,4.95,5,4.5,4.73,0,0,0,0,5,5,0,100,0,0,5
2008-01-08,5,0,0,0,0,11.11,11.11,5,5,5,5,5,5,5,5,5,5,4.5,4.96,5,4.5,4.73,0,0,0,0,5,5,0,100,0,0,5
2008-01-09,5,0,0,0,0,11.11,11.11,5,5,5,5,5,5,5,5,5,5,4.75,4.96,5,4.5,4.73,0,0,0,0,5,5,0,100,0,0,5
2008-01-10,5,0,0,0,0,5.26,11.11,5,5,5,5,5,5,5,5,5,5,4.75,4.96,5,4.5,4.73,0,0,0,0,5,5,0,100,0,0,5
2008-01-11,5,0,0,0,0,5.26,11.11,5,5,5,5,5,5,5,5,5,5,4.75,4.97,5,4.5,4.73,0,0,0,0,5,5,0,100,0,0,5
2008-01-14,5,0,0,0,0,5.26,11.11,5,5,5,5,5,5,5,5,5,5,4.75,4.97,5,4.5,4.74,0,0,0,0,5,5,0,100,0,0,5
2008-01-15,5,0,0,0,0,5.26,11.11,5,5,5,5,5,5,5,5,5,5,4.75,4.97,5,4.5,4.74,0,0,0,0,5,5,0,100,0,0,5
2008-01-16,5,0,0,0,0,5.26,11.11,5,5,5,5,5,5,5,5,5,5,4.75,4.97,5,4.5,4.74,0,0,0,0,5,5,0,100,0,0,5
2008-01-17,5,0,0,0,0,5.26,11.11,5,5,5,5,5,5,5,5,5,5,4.75,4.97,5,4.5,4.74,0,0,0,0,5,5,0,100,0,0,5
2008-01-18,5,0,0,0,0,5.26,11.11,5,5,5,5,5,5,5,5,5,5,4.75,4.98,5,4.5,4.74,0,0,0,0,5,5,0,100,0,0,5
2008-01-21,5,0,0,0,0,5.26,11.11,5,5,5,5,5,5,5,5,5,5,4.75,4.98,5,4.5,4.75,0,0,0,0,5,5,0,100,0,0,5
2008-01-22,5,0,0,0,0,5.26,11.11,5,5,5,5,5,5,5,5,5,5,4.75,4.98,5,4.5,4.75,0,0,0,0,5,5,0,100,0,0,5
2008-01-23,5,0,0,0,0,5.26,11.11,5,5,5,5,5,5,5,5,5,5,4.75,4.98,5,4.5,4.75,0,0,0,0,5,5,0,100,0,0,5
2008-01-24,5,0,0,0,0,5.26,11.11,5,5,5,5,5,5,5,5,5,5,4.75,4.98,5,4.5,4.75,0,0,0,0,5,5,0,100,0,0,5
2008-01-25,5,0,0,0,0,5.26,11.11,5,5,5,5,5,5,5,5,5,5,4.75,4.98,5,4.5,4.75,0,0,0,0,5,5,0,100,0,0,5
2008-01-28,5,0,0,0,0,5.26,11.11,5,5,5,5,5,5,5,5,5,5,4.75,4.99,5,4.5,4.76,0,0,0,0,5,5,0,100,0,0,5
2008-01-29,5,0,0,0,0,5.26,11.11,5,5,5,5,5,5,5,5,5,5,4.75,4.99,5,4.5,4.76,0,0,0,0,5,5,0,100,0,0,5
2008-01-30,5,0,0,0,0,5.26,11.11,5,5,5,5,5,5,5,5,5,5,4.75,4.99,5,4.5,4.76,0,0,0,0,5,5,0,100,0,0,5
2008-01-31,5,0,0,0,0,5.26,11.11,5,5,5,5,5,5,5,5,5,5,4.75,4.99,5,4.5,4.76,0,0,0,0,5,5,0,100,0,0,5
2008-02-01,5,0,0,0,0,5.26,11.11,5,5,5,5,5,5,5,5,5,5,4.75,4.99,5,4.5,4.76,0,0,0,0,5,5,0,100,0,0,5
2008-02-04,5,0,0,0,0,5.26,11.11,5,5,5,5,5,5,5,5,5,5,4.75,5,5,4.5,4.77,0,0,0,0,5,5,0,100,0,0,5
2008-02-05,5,0,0,0,0,5.26,11.11,5,5,5,5,5,5,5,5,5,5,4.75,5,5,4.5,4.77,0,0,0,0,5,5,0,100,0,0,5
2008-02-06,5,0,0,0,0,5.26,11.11,5,5,5,5,5,5,5,5,5,5,5,5,5,4.5,4.77,0,0,0,0,5,5,0,100,0,0,5
2008-02-07,5,0,0,0,0,0,11.11,5,5,5,5,5,5,5,5,5,5,5,5,5,4.5,4.77,0,0,0,0,5,5,0,100,0,0,5
2008-02-08,5,0,0,0,0,0,11.11,5,5,5,5,5,5,5,5,5,5,5,5,5,4.5,4.77,0,0,0,0,5,5,0,100,0,0,5
2008-02-11,5,0,0,0,0,0,11.11,5,5,5,5,5,5,5,5,5,5,5,5,5,4.5,4.78,0,0,0,0,5,5,0,100,0,0,5
2008-02-12,5,0,0,0,0,0,11.11,5,5,5,5,5,5,5,5,5,5,5,5,5,4.5,4.78,0,0,0,0,5,5,0,100,0,0,5
2008-02-13,5,0,0,0,0,0,11.11,5,5,5,5,5,5,5,5,5,5,5,5,5,4.5,4.78,0,0,0,0,5,5,0,100,0,0,5
2008-02-14,5,0,0,0,0,0,11.11,5,5,5,5,5,5,5,5,5,5,5,5,5,4.5,4.78,0,0,0,0,5,5,0,100,0,0,5
2008-02-15,5,0,0,0,0,0,11.11,5,5,5,5,5,5,5,5,5,5,5,5,5,4.5,4.78,0,0,0,0,5,5,0,100,0,0,5
2008-02-18,5,0,0,0,0,0,11.11,5,5,5,5,5,5,5,5,5,5,5,5,5,4.5,4.78,0,0,0,0,5,5,0,100,0,0,5
2008-02-19,5,0,0,0,0,0,11.11,5,5,5,5,5,5,5,5,5,5,5,5,5,4.5,4.79,0,0,0,0,5,5,0,100,0,0,5
2008-02-20,5,0,0,0,0,0,11.11,5,5,5,5,5,5,5,5,5,5,5,5,5,4.5,4.79,0,0,0,0,5,5,0,100,0,0,5
2008-02-21,5,0,0,0,0,0,11.11,5,5,5,5,5,5,5,5,5,5,5,5,5,4.5,4.79,0,0,0,0,5,5,0,100,0,0,5
2008-02-22,5,0,0,0,0,0,11.11,5,5,5,5,5,5,5,5,5,5,5,5,5,4.5,4.79,0,0,0,0,5,5,0,100,0,0,5
2008-02-25,5,0,0,0,0,0,11.11,5,5,5,5,5,5,5,5,5,5,5,5,5,4.5,4.79,0,0,0,0,5,5,0,100,0,0,5
2008-02-26,5,0,0,0,0,0,11.11,5,5,5,5,5,5,5,5,5,5,5,5,5,4.5,4.8,0,0,0,0,5,5,0,100,0,0,5
2008-02-27,5,0,0,0,0,0,11.11,5,5,5,5,5,5,5,5,5,5,5,5,5,4.5,4.8,0,0,0,0,5,5,0,100,0,0,5
2008-02-28,5,0,0,0,0,0,11.11,5,5,5,5,5,5,5,5,5,5,5,5,5,4.5,4.8,0,0,0,0,5,5,0,100,0,0,5
2008-02-29,5,0,0,0,0,0,11.11,5,5,5,5,5,5,5,5,5,5,5,5,5,4.5,4.8,0,0,0,0,5,5,0,100,0,0,5
2008-03-03,5,0,0,0,0,0,11.11,5,5,5,5,5,5,5,5,5,5,5,5,5,4.5,4.8,0,0,0,0,5,5,0,100,0,0,5
2008-03-04,5,0,0,0,0,0,11.11,5,5,5,5,5,5,5,5,5,5,5,5,5,4.5,4.81,0,0,0,0,5,5,0,100,0,0,5
2008-03-05,5,0,0,0,0,0,11.11,5,5,5,5,5,5,5,5,5,5,5,5,5,4.5,4.81,0,0,0,0,5,5,0,100,0,0,5
2008-03-06,5,0,0,0,0,0,11.11,5,5,5,5,5,5,5,5,5,5,5,5,5,4.5,4.81,0,0,0,0,5,5,0,100,0,0,5
2008-03-07,5,0,0,0,0,0,11.11,5,5,5,5,5,5,5,5,5,5,5,5,5,4.5,4.81,0,0,0,0,5,5,0,100,0,0,5
2008-03-10,5,0,0,0,0,0,11.11,5,5,5,5,5,5,5,5,5,5,5,5,5,4.5,4.81,0,0,0,0,5,5,0,100,0,0,5
2008-03-11,5,0,0,0,0,0,11.11,5,5,5,5,5,5,5,5,5,5,5,5,5,4.5,4.82,0,0,0,0,5,5,0,100,0,0,5
2008-03-12,5,0,0,0,0,0,11.11,5,5,5,5,5,5,5,5,5,5,5,5,5,4.5,4.82,0,0,0,0,5,5,0,100,0,0,5
2008-03-13,5,0,0,0,0,0,11.11,5,5,5,5,5,5,5,5,5,5,5,5,5,4.5,4.82,0,0,0,0,5,5,0,100,0,0,5
2008-03-14,5,0,0,0,0,0,11.11,5,5,5,5,5,5,5,5,5,5,5,5,5,4.5,4.82,0,0,0,0,5,5,0,100,0,0,5
2008-03-17,5,0,0,0,0,0,11.11,5,5,5,5,5,5,5,5,5,5,5,5,5,4.5,4.82,0,0,0,0,5,5,0,100,0,0,5
2008-03-18,5,0,0,0,0,0,11.11,5,5,5,5,5,5,5,5,5,5,5,5,5,4.5,4.83,0,0,0,0,5,5,0,100,0,0,5
2008-03-19,5,0,0,0,0,0,11.11,5,5,5,5,5,5,5,5,5,5,5,5,5,4.5,4.83,0,0,0,0,5,5,0,100,0,0,5
2008-03-20,5,0,0,0,0,0,11.11,5,5,5,5,5,5,5,5,5,5,5,5,5,4.5,4.83,0,0,0,0,5,5,0,100,0,0,5
2008-03-21,5,0,0,0,0,0,11.11,5,5,5,5,5,5,5,5,5,5,5,5,5,4.5,4.83,0,0,0,0,5,5,0,100,0,0,5
2008-03-24,5,0,0,0,0,0,11.11,5,5,5,5,5,5,5,5,5,5,5,5,5,4.5,4.83,0,0,0,0,5,5,0,100,0,0,5
2008-03-25,5,0,0,0,0,0,11.11,5,5,5,5,5,5,5,5,5,5,5,5,5,4.5,4.83,0,0,0,0,5,5,0,100,0,0,5
2008-03-26,5,0,0,0,0,0,11.11,5,5,5,5,5,5,5,5,5,5,5,5,5,4.5,4.84,0,0,0,0,5,5,0,100,0,0,5
2008-03-27,5,0,0,0,0,0,11.11,5,5,5,5,5,5,5,5,5,5,5,5,5,4.5,4.84,0,0,0,0,5,5,0,100,0,0,5
2008-03-28,5,0,0,0,0,0,11.11,5,5,5,5,5,5,5,5,5,5,5,5,5,4.5,4.84,0,0,0,0,5,5,0,100,0,0,5
2008-03-31,5,0,0,0,0,0,11.11,5,5,5,5,5,5,5,5,5,5,5,5,5,4.5,4.84,0,0,0,0,5,5,0,100,0,0,5
2008-04-01,5,0,0,0,0,0,11.11,5,5,5,5,5,5,5,5,5,5,5,5,5,4.5,4.84,0,0,0,0,5,5,0,100,0,0,5
2008-04-02,5,0,0,0,0,0,11.11,5,5,5,5,5,5,5,5,5,5,5,5,5,4.5,4.85,0,0,0,0,5,5,0,100,0,0,5
2008-04-03,5,0,0,0,0,0,11.11,5,5,5,5,5,5,5,5,5,5,5,5,5,4.5,4.85,0,0,0,0,5,5,0,100,0,0,5
2008-04-04,5,0,0,0,0,0,11.11,5,5,5,5,5,5,5,5,5,5,5,5,5,4.5,4.85,0,0,0,0,5,5,0,100,0,0,5
2008-04-07,5,0,0,0,0,0,11.11,5,5,5,5,5,5,5,5,5,5,5,5,5,4.5,4.85,0,0,0,0,5,5,0,100,0,0,5
2008-04-08,5,0,0,0,0,0,11.11,5,5,5,5,5,5,5,5,5,5,5,5,5,4.5,4.85,0,0,0,0,5,5,0,100,0,0,5
2008-04-09,5,0,0,0,0,0,11.11,5,5,5,5,5,5,5,5,5,5,5,5,5,4.5,4.86,0,0,0,0,5,5,0,100,0,0,5
2008-04-10,5,0,0,0,0,0,11.11,5,5,5,5,5,5,5,5,5,5,5,5,5,4.5,4.86,0,0,0,0,5,5,0,100,0,0,5
2008-04-11,5,0,0,0,0,0,11.11,5,5,5,5,5,5,5,5,5,5,5,5,5,4.5,4.86,0,0,0,0,5,5,0,100,0,0,5
2008-04-14,5,0,0,0,0,0,11.11,5,5,5,5,5,5,5,5,5,5,5,5,5,4.5,4.86,0,0,0,0,5,5,0,100,0,0,5
2008-04-15,5,0,0,0,0,0,11.11,5,5,5,5,5,5,5,5,5,5,5,5,5,4.5,4.86,0,0,0,0,5,5,0,100,0,0,5
2008-04-16,5,0,0,0,0,0,11.11,5,5,5,5,5,5,5,5,5,5,5,5,5,4.5,4.87,0,0,0,0,5,5,0,100,0,0,5
2008-04-17,5,0,0,0,0,0,11.11,5,5,5,5,5,5,5,5,5,5,5,5,5,4.5,4.87,0,0,0,0,5,5,0,100,0,0,5
2008-04-18,5,0,0,0,0,0,11.11,5,5,5,5,5,5,5,5,5,5,5,5,5,4.5,4.87,0,0,0,0,5,5,0,100,0,0,5
2008-04-21,5,0,0,0,0,0,11.11,5,5,5,5,5,5,5,5,5,5,5,5,5,4.5,4.87,0,0,0,0,5,5,0,100,0,0,5
2008-04-22,5,0,0,0,0,0,11.11,5,5,5,5,5,5,5,5,5,5,5,5,5,4.5,4.87,0,0,0,0,5,5,0,100,0,0,5
2008-04-23,5,0,0,0,0,0,11.11,5,5,5,5,5,5,5,5,5,5,5,5,5,4.5,4.88,0,0,0,0,5,5,0,100,0,0,5
2008-04-24,5,0,0,0,0,0,11.11,5,5,5,5,5,5,5,5,5,5,5,5,5,4.5,4.88,0,0,0,0,5,5,0,100,0,0,5
2008-04-25,5,0,0,0,0,0,11.11,5,5,5,5,5,5,5,5,5,5,5,5,5,4.5,4.88,0,0,0,0,5,5,0,100,0,0,5
2008-04-28,5,0,0,0,0,0,11.11,5,5,5,5,5,5,5,5,5,5,5,5,5,4.5,4.88,0,0,0,0,5,5,0,100,0,0,5
2008-04-29,5,0,0,0,0,0,11.11,5,5,5,5,5,5,5,5,5,5,5,5,5,4.5,4.88,0,0,0,0,5,5,0,100,0,0,5
2008-04-30,5,0,0,0,0,0,11.11,5,5,5,5,5,5,5,5,5,5,5,5,5,4.5,4.88,0,0,0,0,5,5,0,100,0,0,5
2008-05-01,5,0,0,0,0,0,11.11,5,5,5,5,5,5,5,5,5,5,5,5,5,4.5,4.89,0,0,0,0,5,5,0,100,0,0,5
2008-05-02,5,0,0,0,0,0,11.11,5,5,5,5,5,5,5,5,5,5,5,5,5,4.5,4.89,0,0,0,0,5,5,0,100,0,0,5
2008-05-05,5,0,0,0,0,0,11.11,5,5,5,5,5,5,5,5,5,5,5,5,5,4.5,4.89,0,0,0,0,5,5,0,100,0,0,5
2008-05-06,5,0,0,0,0,0,11.11,5,5,5,5,5,5,5,5,5,5,5,5,5,4.5,4.89,0,0,0,0,5,5,0,100,0,0,5
2008-05-07,5,0,0,0,0,0,11.11,5,5,5,5,5,5,5,5,5,5,5,5,5,4.5,4.89,0,0,0,0,5,5,0,100,0,0,5
2008-05-08,5,0,0,0,0,0,11.11,5,5,5,5,5,5,5,5,5,5,5,5,5,4.5,4.9,0,0,0,0,5,5,0,100,0,0,5
2008-05-09,5,0,0,0,0,0,11.11,5,5,5,5,5,5,5,5,5,5,5,5,5,4.5,4.9,0,0,0,0,5,5,0,100,0,0,5
2008-05-12,5,0,0,0,0,0,11.11,5,5,5,5,5,5,5,5,5,5,5,5,5,4.5,4.9,0,0,0,0,5,5,0,100,0,0,5
2008-05-13,5,0,0,0,0,0,11.11,5,5,5,5,5,5,5,5,5,5,5,5,5,4.5,4.9,0,0,0,0,5,5,0,100,0,0,5
2008-05-14,5,0,0,0,0,0,11.11,5,5,5,5,5,5,5,5,5,5,5,5,5,4.5,4.9,0,0,0,0,5,5,0,100,0,0,5
2008-05-15,5,0,0,0,0,0,11.11,5,5,5,5,5,5,5,5,5,5,5,5,5,4.5,4.91,0,0,0,0,5,5,0,100,0,0,5
2008-05-16,5,0,0,0,0,0,11.11,5,5,5,5,5,5,5,5,5,5,5,5,5,4.5,4.91,0,0,0,0,5,5,0,100,0,0,5
2008-05-19,5,0,0,0,0,0,11.11,5,5,5,5,5,5,5,5,5,5,5,5,5,4.5,4.91,0,0,0,0,5,5,0,100,0,0,5
2008-05-20,5,0,0,0,0,0,11.11,5,5,5,5,5,5,5,5,5,5,5,5,5,4.5,4.91,0,0,0,0,5,5,0,100,0,0,5
2008-05-21,5,0,0,0,0,0,11.11,5,5,5,5,5,5,5,5,5,5,5,5,5,4.5,4.91,0,0,0,0,5,5,0,100,0,0,5
2008-05-22,5,0,0,0,0,0,11.11,5,5,5,5,5,5,5,5,5,5,5,5,5,4.5,4.92,0,0,0,0,5,5,0,100,0,0,5
2008-05-23,5,0,0,0,0,0,11.11,5,5,5,5,5,5,5,5,5,5,5,5,5,4.5,4.92,0,0,0,0,5,5,0,100,0,0,5
2008-05-26,5,0,0,0,0,0,11.11,5,5,5,5,5,5,5,5,5,5,5,5,5,4.5,4.92,0,0,0,0,5,5,0,100,0,0,5
2008-05-27,5,0,0,0,0,0,11.11,5,5,5,5,5,5,5,5,5,5,5,5,5,4.5,4.92,0,0,0,0,5,5,0,100,0,0,5
2008-05-28,5,0,0,0,0,0,11.11,5,5,5,5,5,5,5,5,5,5,5,5,5,4.5,4.92,0,0,0,0,5,5,0,100,0,0,5
2008-05-29,5,0,0,0,0,0,11.11,5,5,5,5,5,5,5,5,5,5,5,5,5,4.5,4.93,0,0,0,0,5,5,0,100,0,0,5
2008-05-30,5,0,0,0,0,0,11.11,5,5,5,5,5,5,5,5,5,5,5,5,5,4.5,4.93,0,0,0,0,5,5,0,100,0,0,5
2008-06-02,5,0,0,0,0,0,11.11,5,5,5,5,5,5,5,5,5,5,5,5,5,4.5,4.93,0,0,0,0,5,5,0,100,0,0,5
2008-06-03,5,0,0,0,0,0,11.11,5,5,5,5,5,5,5,5,5,5,5,5,5,4.5,4.93,0,0,0,0,5,5,0,100,0,0,5
2008-06-04,5,0,0,0,0,0,11.11,5,5,5,5,5,5,5,5,5,5,5,5,5,4.5,4.93,0,0,0,0,5,5,0,100,0,0,5
2008-06-05,5,0,0,0,0,0,11.11,5,5,5,5,5,5,5,5,5,5,5,5,5,4.5,4.93,0,0,0,0,5,5,0,100,0,0,5
2008-06-06,5,0,0,0,0,0,11.11,5,5,5,5,5,5,5,5,5,5,5,5,5,4.5,4.94,0,0,0,0,5,5,0,100,0,0,5
2008-06-09,5,0,0,0,0,0,11.11,5,5,5,5,5,5,5,5,5,5,5,5,5,4.5,4.94,0,0,0,0,5,5,0,100,0,0,5
2008-06-10,5,0,0,0,0,0,11.11,5,5,5,5,5,5,5,5,5,5,5,5,5,4.5,4.94,0,0,0,0,5,5,0,100,0,0,5
2008-06-11,5,0,0,0,0,0,11.11,5,5,5,5,5,5,5,5,5,5,5,5,5,4.5,4.94,0,0,0,0,5,5,0,100,0,0,5
2008-06-12,5,0,0,0,0,0,11.11,5,5,5,5,5,5,5,5,5,5,5,5,5,4.5,4.94,0,0,0,0,5,5,0,100,0,0,5
2008-06-13,5,0,0,0,0,0,11.11,5,5,5,5,5,5,5,5,5,5,5,5,5,4.5,4.95,0,0,0,0,5,5,0,100,0,0,5
2008-06-16,5,0,0,0,0,0,11.11,5,5,5,5,5,5,5,5,5,5,5,5,5,4.5,4.95,0,0,0,0,5,5,0,100,0,0,5
2008-06-17,5,0,0,0,0,0,11.11,5,5,5,5,5,5,5,5,5,5,5,5,5,4.5,4.95,0,0,0,0,5,5,0,100,0,0,5
2008-06-18,5,0,0,0,0,0,11.11,5,5,5,5,5,5,5,5,5,5,5,5,5,4.5,4.95,0,0,0,0,5,5,0,100,0,0,5
2008-06-19,5,0,0,0,0,0,11.11,5,5,5,5,5,5,5,5,5,5,5,5,5,4.5,4.95,0,0,0,0,5,5,0,100,0,0,5
2008-06-20,5,0,0,0,0,0,11.11,5,5,5,5,5,5,5,5,5,5,5,5,5,4.5,4.96,0,0,0,0,5,5,0,100,0,0,5
2008-06-23,5,0,0,0,0,0,11.11,5,5,5,5,5,5,5,5,5,5,5,5,5,4.5,4.96,0,0,0,0,5,5,0,100,0,0,5
2008-06-24,5,0,0,0,0,0,11.11,5,5,5,5,5,5,5,5,5,5,5,5,5,4.5,4.96,0,0,0,0,5,5,0,100,0,0,5
2008-06-25,5,0,0,0,0,0,11.11,5,5,5,5,5,5,5,5,5,5,5,5,5,4.5,4.96,0,0,0,0,5,5,0,100,0,0,5
2008-06-26,5,0,0,0,0,0,11.11,5,5,5,5,5,5,5,5,5,5,5,5,5,4.5,4.96,0,0,0,0,5,5,0,100,0,0,5
2008-06-27,5,0,0,0,0,0,11.11,5,5,5,5,5,5,5,5,5,5,5,5,5,4.5,4.97,0,0,0,0,5,5,0,100,0,0,5
2008-06-30,5,0,0,0,0,0,11.11,5,5,5,5,5,5,5,5,5,5,5,5,5,4.5,4.97,0,0,0,0,5,5,0,100,0,0,5
2008-07-01,5,0,0,0,0,0,11.11,5,5,5,5,5,5,5,5,5,5,5,5,5,4.5,4.97,0,0,0,0,5,5,0,100,0,0,5
2008-07-02,5,0,0,0,0,0,11.11,5,5,5,5,5,5,5,5,5,5,5,5,5,4.5,4.97,0,0,0,0,5,5,0,100,0,0,5
2008-07-03,5,0,0,0,0,0,11.11,5,5,5,5,5,5,5,5,5,5,5,5,5,4.5,4.97,0,0,0,0,5,5,0,100,0,0,5
2008-07-04,5,0,0,0,0,0,11.11,5,5,5,5,5,5,5,5,5,5,5,5,5,4.5,4.98,0,0,0,0,5,5,0,100,0,0,5
2008-07-07,5,0,0,0,0,0,11.11,5,5,5,5,5,5,5,5,5,5,5,5,5,4.5,4.98,0,0,0,0,5,5,0,100,0,0,5
2008-07-08,5,0,0,0,0,0,11.11,5,5,5,5,5,5,5,5,5,5,5,5,5,4.5,4.98,0,0,0,0,5,5,0,100,0,0,5
2008-07-09,5,0,0,0,0,0,11.11,5,5,5,5,5,5,5,5,5,5,5,5,5,4.75,4.98,0,0,0,0,5,5,0,100,0,0,5
2008-07-10,5,0,0,0,0,0,5.26,5,5,5,5,5,5,5,5,5,5,5,5,5,4.75,4.98,0,0,0,0,5,5,0,100,0,0,5
2008-07-11,5,0,0,0,0,0,5.26,5,5,5,5,5,5,5,5,5,5,5,5,5,4.75,4.98,0,0,0,0,5,5,0,100,0,0,5
2008-07-14,5,0,0,0,0,0,5.26,5,5,5,5,5,5,5,5,5,5,5,5,5,4.75,4.98,0,0,0,0,5,5,0,100,0,0,5
2008-07-15,5,0,0,0,0,0,5.26,5,5,5,5,5,5,5,5,5,5,5,5,5,4.75,4.98,0,0,0,0,5,5,0,100,0,0,5
2008-07-16,5,0,0,0,0,0,5.26,5,5,5,5,5,5,5,5,5,5,5,5,5,4.75,4.99,0,0,0,0,5,5,0,100,0,0,5
2008-07-17,5,0,0,0,0,0,5.26,5,5,5,5,5,5,5,5,5,5,5,5,5,4.75,4.99,0,0,0,0,5,5,0,100,0,0,5
2008-07-18,5,0,0,0,0,0,5.26,5,5,5,5,5,5,5,5,5,5,5,5,5,4.75,4.99,0,0,0,0,5,5,0,100,0,0,5
2008-07-21,5,0,0,0,0,0,5.26,5,5,5,5,5,5,5,5,5,5,5,5,5,4.75,4.99,0,0,0,0,5,5,0,100,0,0,5
2008-07-22,5,0,0,0,0,0,5.26,5,5,5,5,5,5,5,5,5,5,5,5,5,4.75,4.99,0,0,0,0,5,5,0,100,0,0,5
2008-07-23,5,0,0,0,0,0,5.26,5,5,5,5,5,5,5,5,5,5,5,5,5,4.75,4.99,0,0,0,0,5,5,0,100,0,0,5
2008-07-24,5,0,0,0,0,0,5.26,5,5,5,5,5,5,5,5,5,5,5,5,5,4.75,4.99,0,0,0,0,5,5,0,100,0,0,5
2008-07-25,5,0,0,0,0,0,5.26,5,5,5,5,5,5,5,5,5,5,5,5,5,4.75,4.99,0,0,0,0,5,5,0,100,0,0,5
2008-07-28,5,0,0,0,0,0,5.26,5,5,5,5,5,5,5,5,5,5,5,5,5,4.75,4.99,0,0,0,0,5,5,0,100,0,0,5
2008-07-29,5,0,0,0,0,0,5.26,5,5,5,5,5,5,5,5,5,5,5,5,5,4.75,4.99,0,0,0,0,5,5,0,100,0,0,5
2008-07-30,5,0,0,0,0,0,5.26,5,5,5,5,5,5,5,5,5,5,5,5,5,4.75,5,0,0,0,0,5,5,0,100,0,0,5
2008-07-31,5,0,0,0,0,0,5.26,5,5,5,5,5,5,5,5,5,5,5,5,5,4.75,5,0,0,0,0,5,5,0,100,0,0,5
2008-08-01,5,0,0,0,0,0,5.26,5,5,5,5,5,5,5,5,5,5,5,5,5,4.75,5,0,0,0,0,5,5,0,100,0,0,5
2008-08-04,5,0,0,0,0,0,5.26,5,5,5,5,5,5,5,5,5,5,5,5,5,4.75,5,0,0,0,0,5,5,0,100,0,0,5
2008-08-05,5,0,0,0,0,0,5.26,5,5,5,5,5,5,5,5,5,5,5,5,5,4.75,5,0,0,0,0,5,5,0,100,0,0,5
2008-08-06,5,0,0,0,0,0,5.26,5,5,5,5,5,5,5,5,5,5,5,5,5,5,5,0,0,0,0,5,5,0,100,0,0,5
2008-08-07,5.25,5,5,5,5,5,5,5.25,5,5.05,5.25,5,5.01,5.25,5,5,5.25,5,5,5.25,5,5,0,0.011217949,0.001246439,0.00997151,5.124303399,4.900696601,1,100.1185943,0.17249928,0.044609835,5.25
2008-08-08,5.25,0,5,5,5,5,5,5.25,5,5.1,5.25,5,5.03,5.25,5,5.01,5.25,5,5,5.25,5,5,0,0.022435897,0.003739316,0.018696581,5.178896753,4.871103247,1,100.2306302,0.17249928,0.061252439,5.25
2008-08-11,5.25,0,5,5,5,5,5,5.25,5,5.15,5.25,5,5.04,5.25,5,5.01,5.25,5,5.01,5.25,5,5,0,0.033653846,0.007478632,0.026175214,5.220673774,4.854326226,1,100.3361135,0.17249928,0.072724079,5.25
2008-08-12,5.25,0,5,5,5,5,5,5.25,5,5.2,5.25,5,5.05,5.25,5,5.02,5.25,5,5.01,5.25,5,5,0,0.044871795,0.012464387,0.032407407,5.25519567,4.84480433,1,100.4350528,0.17249928,0.081265612,5.25
2008-08-13,5.25,0,5,5,5,5,5,5.25,5.25,5.25,5.25,5,5.06,5.25,5,5.02,5.25,5,5.01,5.25,5,5,0,0.056089744,0.018696581,0.037393162,5.284630829,4.840369171,1,100.5274589,0.17249928,0.087755389,5.25
2008-08-14,5.25,0,0,5,5,5,5,5.25,5.25,5.25,5.25,5,5.08,5.25,5,5.02,5.25,5,5.01,5.25,5,5.01,0,0.067307692,0.026175214,0.041132479,5.310081173,4.839918827,1,100.6133449,0.17249928,0.092642827,5.25
2008-08-15,5.25,0,0,5,5,5,5,5.25,5.25,5.25,5.25,5,5.09,5.25,5,5.03,5.25,5,5.01,5.25,5,5.01,0,0.078525641,0.034900285,0.043625356,5.332180242,4.842819758,1,100.6927264,0.17249928,0.096188793,5.25
2008-08-18,5.25,0,0,5,5,5,5,5.25,5.25,5.25,5.25,5,5.1,5.25,5,5.03,5.25,5,5.02,5.25,5,5.01,0,0.08974359,0.044871795,0.044871795,5.351312345,4.848687655,1,100.7656211,0.17249928,0.098553861,5.25
2008-08-19,5.25,0,0,5,5,5,5,5.25,5.25,5.25,5.25,5,5.11,5.25,5,5.03,5.25,5,5.02,5.25,5,5.01,0,0.100961538,0.056089744,0.044871795,5.367708893,4.857291107,1,100.8320493,0.17249928,0.09983722,5.25
2008-08-20,5.25,0,0,5,5,5,5,5.25,5.25,5.25,5.25,5,5.13,5.25,5,5.04,5.25,5,5.02,5.25,5,5.01,0,0.112179487,0.067307692,0.044871795,5.381494588,4.868505412,1,100.8920332,0.17249928,0.100095449,5.25
2008-08-21,5.25,0,0,5,5,5,5,5.25,5.25,5.25,5.25,5,5.14,5.25,5,5.04,5.25,5,5.02,5.25,5,5.01,0,0.123397436,0.078525641,0.044871795,5.392708893,4.882291107,1,100.9455974,0.17249928,0.099351394,5.25
2008-08-22,5.25,0,0,5,5,5,5,5.25,5.25,5.25,5.25,5,5.15,5.25,5,5.05,5.25,5,5.02,5.25,5,5.01,0,0.134615385,0.08974359,0.044871795,5.401312345,4.898687655,1,100.9927687,0.17249928,0.097597027,5.25
2008-08-25,5.25,0,0,5,5,5,5,5.25,5.25,5.25,5.25,5,5.16,5.25,5,5.05,5.25,5,5.03,5.25,5,5.01,0,0.125,0.098646724,0.026353276,5.407180242,4.917819758,1,101.0335759,0.17249928,0.094791377,5.25
2008-08-26,5.25,0,0,5,5,5,5,5.25,5.25,5.25,5.25,5,5.18,5.25,5,5.05,5.25,5,5.03,5.25,5,5.01,0,0.115384615,0.105235043,0.010149573,5.410081173,4.939918827,1,101.06805,0.17249928,0.090852627,5.25
2008-08-27,5.25,0,0,5,5,5,5,5.25,5.25,5.25,5.25,5,5.19,5.25,5,5.06,5.25,5,5.03,5.25,5,5.01,0,0.105769231,0.109508547,-0.003739316,5.409630829,4.965369171,1,101.0962241,0.17249928,0.085640802,5.25
2008-08-28,5.25,0,0,5,5,5,5,5.25,5.25,5.25,5.25,5,5.2,5.25,5,5.06,5.25,5,5.03,5.25,5,5.02,0,0.096153846,0.111467236,-0.01531339,5.40519567,4.99480433,1,101.1181332,0.17249928,0.078921412,5.25
2008-08-29,5.25,0,0,5,5,5,5,5.25,5.25,5.25,5.25,5,5.21,5.25,5,5.07,5.25,5,5.03,5.25,5,5.02,0,0.086538462,0.111111111,-0.02457265,5.395673774,5.029326226,1,101.1338143,0.17249928,0.070282503,5.25
2008-09-01,5.25,0,0,5,5,5,5,5.25,5.25,5.25,5.25,5,5.23,5.25,5,5.07,5.25,5,5.03,5.25,5,5.02,0,0.076923077,0.108440171,-0.031517094,5.378896753,5.071103247,1,101.1433065,0.17249928,0.058907848,5.25
2008-09-02,5.25,0,0,5,5,5,5,5.25,5.25,5.25,5.25,5,5.24,5.25,5,5.07,5.25,5,5.04,5.25,5,5.02,0,0.067307692,0.103454416,-0.036146724,5.349303399,5.125696601,1,101.1466506,0.17249928,0.042693422,5.25
2008-09-03,5.25,0,0,5,5,5,5,5.25,5.25,5.25,5.25,5.25,5.25,5.25,5,5.08,5.25,5,5.04,5.25,5,5.02,0,0.057692308,0.096153846,-0.038461538,5.25,5.25,0,101.1438892,0.17249928,0,5.25
2008-09-04,5.25,0,0,0,5,5,5,5.25,5.25,5.25,5.25,5.25,5.25,5.25,5,5.08,5.25,5,5.04,5.25,5,5.02,0,0.048076923,0.086538462,-0.038461538,5.25,5.25,0,101.028324,0,0,5.25
2008-09-05,5.25,0,0,0,5,5,5,5.25,5.25,5.25,5.25,5.25,5.25,5.25,5,5.08,5.25,5,5.04,5.25,5,5.02,0,0.038461538,0.076923077,-0.038461538,5.25,5.25,0,100.9190845,0,0,5.25
2008-09-08,5.25,0,0,0,5,5,5,5.25,5.25,5.25,5.25,5.25,5.25,5.25,5,5.09,5.25,5,5.04,5.25,5,5.02,0,0.028846154,0.067307692,-0.038461538,5.25,5.25,0,100.8161306,0,0,5.25
2008-09-09,5.25,0,0,0,5,5,5,5.25,5.25,5.25,5.25,5.25,5.25,5.25,5,5.09,5.25,5,5.05,5.25,5,5.02,0,0.019230769,0.057692308,-0.038461538,5.25,5.25,0,100.7194245,0,0,5.25
2008-09-10,5.25,0,0,0,5,5,5,5.25,5.25,5.25,5.25,5.25,5.25,5.25,5,5.1,5.25,5,5.05,5.25,5,5.02,0,0.009615385,0.048076923,-0.038461538,5.25,5.25,0,100.6289308,0,0,5.25
2008-09-11,5.25,0,0,0,5,5,5,5.25,5.25,5.25,5.25,5.25,5.25,5.25,5,5.1,5.25,5,5.05,5.25,5,5.03,0,0,0.038461538,-0.038461538,5.25,5.25,0,100.5446167,0,0,5.25
2008-09-12,5.25,0,0,0,5,5,5,5.25,5.25,5.25,5.25,5.25,5.25,5.25,5,5.1,5.25,5,5.05,5.25,5,5.03,0,0,0.02991453,-0.02991453,5.25,5.25,0,100.4664514,0,0,5.25
2008-09-15,5.25,0,0,0,5,5,5,5.25,5.25,5.25,5.25,5.25,5.25,5.25,5,5.11,5.25,5,5.05,5.25,5,5.03,0,0,0.022435897,-0.022435897,5.25,5.25,0,100.3944066,0,0,5.25
2008-09-16,5.25,0,0,0,5,5,5,5.25,5.25,5.25,5.25,5.25,5.25,5.25,5,5.11,5.25,5,5.06,5.25,5,5.03,0,0,0.016025641,-0.016025641,5.25,5.25,0,100.3284563,0,0,5.25
2008-09-17,5.25,0,0,0,5,5,5,5.25,5.25,5.25,5.25,5.25,5.25,5.25,5,5.12,5.25,5,5.06,5.25,5,5.03,0,0,0.010683761,-0.010683761,5.25,5.25,0,100.2685765,0,0,5.25
2008-09-18,5.25,0,0,0,5,5,5,5.25,5.25,5.25,5.25,5.25,5.25,5.25,5,5.12,5.25,5,5.06,5.25,5,5.03,0,0,0.006410256,-0.006410256,5.25,5.25,0,100.2147459,0,0,5.25
2008-09-19,5.25,0,0,0,5,5,5,5.25,5.25,5.25,5.25,5.25,5.25,5.25,5,5.12,5.25,5,5.06,5.25,5,5.03,0,0,0.003205128,-0.003205128,5.25,5.25,0,100.1669449,0,0,5.25
2008-09-22,5.25,0,0,0,5,5,5,5.25,5.25,5.25,5.25,5.25,5.25,5.25,5,5.13,5.25,5,5.06,5.25,5,5.03,0,0,0.001068376,-0.001068376,5.25,5.25,0,100.1251564,0,0,5.25
2008-09-23,5.25,0,0,0,5,5,5,5.25,5.25,5.25,5.25,5.25,5.25,5.25,5,5.13,5.25,5,5.07,5.25,5,5.03,0,0,0,0,5.25,5.25,0,100.0893655,0,0,5.25
2008-09-24,5.25,0,0,0,5,5,5,5.25,5.25,5.25,5.25,5.25,5.25,5.25,5,5.13,5.25,5,5.07,5.25,5,5.03,0,0,0,0,5.25,5.25,0,100.0595593,0,0,5.25
2008-09-25,5.25,0,0,0,5,5,5,5.25,5.25,5.25,5.25,5.25,5.25,5.25,5,5.14,5.25,5,5.07,5.25,5,5.03,0,0,0,0,5.25,5.25,0,100.035727,0,0,5.25
2008-09-26,5.25,0,0,0,5,5,5,5.25,5.25,5.25,5.25,5.25,5.25,5.25,5,5.14,5.25,5,5.07,5.25,5,5.04,0,0,0,0,5.25,5.25,0,100.0178603,0,0,5.25
2008-09-29,5.25,0,0,0,5,5,5,5.25,5.25,5.25,5.25,5.25,5.25,5.25,5,5.15,5.25,5,5.07,5.25,5,5.04,0,0,0,0,5.25,5.25,0,100.0059527,0,0,5.25
2008-09-30,5.25,0,0,0,5,5,5,5.25,5.25,5.25,5.25,5.25,5.25,5.25,5,5.15,5.25,5,5.08,5.25,5,5.04,0,0,0,0,5.25,5.25,0,100,0,0,5.25
2008-10-01,5.25,0,0,0,5,5,5,5.25,5.25,5.25,5.25,5.25,5.25,5.25,5,5.15,5.25,5,5.08,5.25,5,5.04,0,0,0,0,5.25,5.25,0,100,0,0,5.25
2008-10-02,5.25,0,0,0,5,5,5,5.25,5.25,5.25,5.25,5.25,5.25,5.25,5,5.16,5.25,5,5.08,5.25,5,5.04,0,0,0,0,5.25,5.25,0,100,0,0,5.25
2008-10-03,5.25,0,0,0,5,5,5,5.25,5.25,5.25,5.25,5.25,5.25,5.25,5,5.16,5.25,5,5.08,5.25,5,5.04,0,0,0,0,5.25,5.25,0,100,0,0,5.25
2008-10-06,5.25,0,0,0,5,5,5,5.25,5.25,5.25,5.25,5.25,5.25,5.25,5,5.17,5.25,5,5.08,5.25,5,5.04,0,0,0,0,5.25,5.25,0,100,0,0,5.25
2008-10-07,5.25,0,0,0,5,5,5,5.25,5.25,5.25,5.25,5.25,5.25,5.25,5,5.17,5.25,5,5.08,5.25,5,5.04,0,0,0,0,5.25,5.25,0,100,0,0,5.25
2008-10-08,5.25,0,0,0,5,5,5,5.25,5.25,5.25,5.25,5.25,5.25,5.25,5,5.17,5.25,5,5.09,5.25,5,5.04,0,0,0,0,5.25,5.25,0,100,0,0,5.25
2008-10-09,5,-4.76,-4.76,-4.76,0,0,0,5.25,5,5.2,5.25,5,5.24,5.25,5,5.17,5.25,5,5.09,5.25,5,5.04,0,-0.011217949,-0.001246439,-0.00997151,5.349303399,5.125696601,0,99.76784332,0.17249928,0.042693422,5
2008-10-10,5,0,-4.76,-4.76,0,0,0,5.25,5,5.15,5.25,5,5.23,5.25,5,5.17,5.25,5,5.09,5.25,5,5.04,0,-0.022435897,-0.003739316,-0.018696581,5.378896753,5.071103247,0,99.54158481,0.17249928,0.058907848,5
2008-10-13,5,0,-4.76,-4.76,0,0,0,5.25,5,5.1,5.25,5,5.21,5.25,5,5.17,5.25,5,5.09,5.25,5,5.04,0,-0.033653846,-0.007478632,-0.026175214,5.395673774,5.029326226,0,99.32118614,0.17249928,0.070282503,5
2008-10-14,5,0,-4.76,-4.76,0,0,0,5.25,5,5.05,5.25,5,5.2,5.25,5,5.17,5.25,5,5.09,5.25,5,5.04,0,-0.044871795,-0.012464387,-0.032407407,5.40519567,4.99480433,0,99.10661108,0.17249928,0.078921412,5
2008-10-15,5,0,-4.76,-4.76,0,0,0,5,5,5,5.25,5,5.19,5.25,5,5.17,5.25,5,5.09,5.25,5,5.04,0,-0.056089744,-0.018696581,-0.037393162,5.409630829,4.965369171,0,98.89782544,0.17249928,0.085640802,5
2008-10-16,5,0,0,-4.76,0,0,0,5,5,5,5.25,5,5.18,5.25,5,5.17,5.25,5,5.09,5.25,5,5.04,0,-0.067307692,-0.026175214,-0.041132479,5.410081173,4.939918827,0,98.69479707,0.17249928,0.090852627,5
2008-10-17,5,0,0,-4.76,0,0,0,5,5,5,5.25,5,5.16,5.25,5,5.17,5.25,5,5.09,5.25,5,5.04,0,-0.078525641,-0.034900285,-0.043625356,5.407180242,4.917819758,0,98.49749583,0.17249928,0.094791377,5
2008-10-20,5,0,0,-4.76,0,0,0,5,5,5,5.25,5,5.15,5.25,5,5.17,5.25,5,5.09,5.25,5,5.04,0,-0.08974359,-0.044871795,-0.044871795,5.401312345,4.898687655,0,98.30589358,0.17249928,0.097597027,5
2008-10-21,5,0,0,-4.76,0,0,0,5,5,5,5.25,5,5.14,5.25,5,5.17,5.25,5,5.09,5.25,5,5.04,0,-0.100961538,-0.056089744,-0.044871795,5.392708893,4.882291107,0,98.11996419,0.17249928,0.099351394,5
2008-10-22,5,0,0,-4.76,0,0,0,5,5,5,5.25,5,5.13,5.25,5,5.17,5.25,5,5.09,5.25,5,5.04,0,-0.112179487,-0.067307692,-0.044871795,5.381494588,4.868505412,0,97.93968349,0.17249928,0.100095449,5
2008-10-23,5,0,0,-4.76,0,0,0,5,5,5,5.25,5,5.11,5.25,5,5.17,5.25,5,5.09,5.25,5,5.04,0,-0.123397436,-0.078525641,-0.044871795,5.367708893,4.857291107,0,97.76502928,0.17249928,0.09983722,5
2008-10-24,5,0,0,-4.76,0,0,0,5,5,5,5.25,5,5.1,5.25,5,5.17,5.25,5,5.09,5.25,5,5.04,0,-0.134615385,-0.08974359,-0.044871795,5.351312345,4.848687655,0,97.59598134,0.17249928,0.098553861,5
2008-10-27,4.25,-15,-15,-19.05,-15,-15,-15,5,4.25,4.85,5.25,4.25,5.05,5.25,4.25,5.16,5.25,4.25,5.08,5.25,4.25,5.04,0,-0.158653846,-0.10238604,-0.056267806,5.497213595,4.602786405,0,96.73171316,0.591166397,0.177114295,4.25
2008-10-28,4.25,0,-15,-19.05,-15,-15,-15,5,4.25,4.7,5.25,4.25,5,5.25,4.25,5.15,5.25,4.25,5.08,5.25,4.25,5.04,0,-0.182692308,-0.116452991,-0.066239316,5.561951487,4.438048513,0,95.88876903,0.591166397,0.224780595,4.25
2008-10-29,4.25,0,-15,-19.05,-15,-15,-15,5,4.25,4.55,5.25,4.25,4.95,5.25,4.25,5.14,5.25,4.25,5.07,5.25,4.25,5.03,0,-0.206730769,-0.131944444,-0.074786325,5.590723276,4.309276724,0,95.06661865,0.591166397,0.258878091,4.25
2008-10-30,4.25,0,-15,-19.05,-15,-15,-15,5,4.25,4.4,5.25,4.25,4.9,5.25,4.25,5.13,5.25,4.25,5.06,5.25,4.25,5.03,0,-0.230769231,-0.148860399,-0.081908832,5.595852374,4.204147626,0,94.26475893,0.591166397,0.284021377,4.25
2008-10-31,4.25,0,-15,-19.05,-15,-15,-15,4.25,4.25,4.25,5.25,4.25,4.85,5.25,4.25,5.12,5.25,4.25,5.06,5.25,4.25,5.03,0,-0.254807692,-0.167200855,-0.087606838,5.582695097,4.117304903,0,93.48271293,0.591166397,0.302142308,4.25
2008-11-03,4.25,0,0,-19.05,-15,-15,-15,4.25,4.25,4.25,5.25,4.25,4.8,5.25,4.25,5.1,5.25,4.25,5.05,5.25,4.25,5.03,0,-0.278846154,-0.186965812,-0.091880342,5.553937035,4.046062965,0,92.72002898,0.591166397,0.314140431,4.25
2008-11-04,4.25,0,0,-19.05,-15,-15,-15,4.25,4.25,4.25,5.25,4.25,4.75,5.25,4.25,5.09,5.25,4.25,5.05,5.25,4.25,5.02,0,-0.302884615,-0.208155271,-0.094729345,5.51088591,3.98911409,0,91.9762798,0.591166397,0.320373015,4.25
2008-11-05,4.25,0,0,-19.05,-15,-15,-15,4.25,4.25,4.25,5,4.25,4.7,5.25,4.25,5.08,5.25,4.25,5.04,5.25,4.25,5.02,0,-0.326923077,-0.230769231,-0.096153846,5.453937035,3.946062965,0,91.25106176,0.591166397,0.32082427,4.25
2008-11-06,4.25,0,0,-15,-19.05,-15,-15,4.25,4.25,4.25,5,4.25,4.66,5.25,4.25,5.07,5.25,4.25,5.03,5.25,4.25,5.02,0,-0.350961538,-0.254807692,-0.096153846,5.428126678,3.896873322,0,90.77634461,0.574591186,0.32841895,4.25
2008-11-07,4,-5.88,-5.88,-20,-23.81,-20,-20,4.25,4,4.2,5,4,4.61,5.25,4,5.05,5.25,4,5.03,5.25,4,5.01,0,-0.386217949,-0.280092593,-0.106125356,5.415045293,3.809954707,0,90.07139806,0.602605036,0.347987119,4
2008-11-10,4,0,-5.88,-20,-23.81,-20,-20,4.25,4,4.15,5,4,4.56,5.25,4,5.03,5.25,4,5.02,5.25,4,5.01,0,-0.421474359,-0.306623932,-0.114850427,5.387679406,3.737320594,0,89.37863483,0.602605036,0.361722479,4
2008-11-11,4,0,-5.88,-20,-23.81,-20,-20,4.25,4,4.1,5,4,4.51,5.25,4,5.01,5.25,4,5.01,5.25,4,5.01,0,-0.456730769,-0.334401709,-0.12232906,5.347191875,3.677808125,0,88.6977887,0.602605036,0.369946537,4
2008-11-12,4,0,-5.88,-20,-23.81,-20,-20,4.25,4,4.05,5,4,4.46,5.25,4,4.99,5.25,4,5,5.25,4,5,0,-0.429487179,-0.356481481,-0.073005698,5.294033143,3.630966857,0,88.02860313,0.602605036,0.372675919,4
2008-11-13,4,0,-5.88,-20,-23.81,-20,-20,4,4,4,5,4,4.41,5.25,4,4.97,5.25,4,5,5.25,4,5,0,-0.40224359,-0.372863248,-0.029380342,5.228055994,3.596944006,0,87.37083101,0.602605036,0.369657108,4
2008-11-14,4,0,0,-20,-23.81,-20,-20,4,4,4,5,4,4.36,5.25,4,4.95,5.25,4,4.99,5.25,4,4.99,0,-0.384615385,-0.384615385,-5E-16,5.148479108,3.576520892,0,86.72423433,0.602605036,0.360334261,4
2008-11-17,4,0,0,-20,-23.81,-20,-20,4,4,4,5,4,4.31,5.25,4,4.93,5.25,4,4.98,5.25,4,4.99,0,-0.366987179,-0.391737892,0.024750712,5.053676163,3.571323837,0,86.08858391,0.602605036,0.343733873,4
2008-11-18,4,0,0,-20,-23.81,-20,-20,4,4,4,5,4,4.26,5.25,4,4.91,5.25,4,4.97,5.25,4,4.99,0,-0.349358974,-0.394230769,0.044871795,4.94063599,3.58436401,0,85.46365915,0.602605036,0.318186975,4
2008-11-19,4,0,0,-20,-23.81,-20,-20,4,4,4,5,4,4.21,5.25,4,4.89,5.25,4,4.97,5.25,4,4.98,0,-0.331730769,-0.392094017,0.060363248,4.803551694,3.621448306,0,84.84924781,0.602605036,0.280618015,4
2008-11-20,4,0,0,-20,-23.81,-20,-20,4,4,4,5,4,4.16,5.25,4,4.87,5.25,4,4.96,5.25,4,4.98,0,-0.314102564,-0.384081197,0.069978632,4.629151002,3.695848998,0,84.24514578,0.602605036,0.224216698,4
2008-11-21,4,0,0,-20,-23.81,-20,-20,4,4,4,4.25,4,4.11,5.25,4,4.85,5.25,4,4.95,5.25,4,4.98,0,-0.296474359,-0.370192308,0.073717949,4.367708893,3.857291107,0,83.65115688,0.602605036,0.124113747,4
2008-11-24,4,0,0,-5.88,-23.81,-20,-20,4,4,4,4.25,4,4.1,5.25,4,4.83,5.25,4,4.94,5.25,4,4.97,0,-0.278846154,-0.35042735,0.071581197,4.351312345,3.848687655,0,83.80173735,0.214340406,0.122591388,4
2008-11-25,4,0,0,-5.88,-23.81,-20,-20,4,4,4,4.25,4,4.09,5.25,4,4.82,5.25,4,4.93,5.25,4,4.97,0,-0.240384615,-0.329415954,0.089031339,4.332180242,3.842819758,0,83.93762433,0.214340406,0.11972122,4
2008-11-26,4,0,0,-5.88,-23.81,-20,-20,4,4,4,4.25,4,4.08,5.25,4,4.8,5.25,4,4.93,5.25,4,4.96,0,-0.201923077,-0.30715812,0.105235043,4.310081173,3.839918827,0,84.05853155,0.214340406,0.115377263,4
2008-11-27,4,0,0,-5.88,-23.81,-20,-20,4,4,4,4.25,4,4.06,5.25,4,4.78,5.25,4,4.92,5.25,4,4.96,0,-0.163461538,-0.28258547,0.119123932,4.284630829,3.840369171,0,84.1641849,0.214340406,0.109356716,4
2008-11-28,4,0,0,-5.88,-23.81,-20,-20,4,4,4,4.25,4,4.05,5.25,4,4.76,5.25,4,4.91,5.25,4,4.96,0,-0.125,-0.255698006,0.130698006,4.25519567,3.84480433,0,84.25432323,0.214340406,0.101331195,4
2008-12-01,4,0,0,-5.88,-23.81,-20,-20,4,4,4,4.25,4,4.04,5.25,4,4.74,5.25,4,4.9,5.25,4,4.95,0,-0.086538462,-0.226495726,0.139957265,4.220673774,3.854326226,0,84.32869917,0.214340406,0.090736235,4
2008-12-02,4,0,0,-5.88,-23.81,-20,-20,4,4,4,4.25,4,4.03,5.25,4,4.72,5.25,4,4.9,5.25,4,4.95,0,-0.076923077,-0.198183761,0.121260684,4.178896753,3.871103247,0,84.38707987,0.214340406,0.076470436,4
2008-12-03,4,0,0,-5.88,-23.81,-20,-20,4,4,4,4.25,4,4.01,5.25,4,4.7,5.25,4,4.89,5.25,4,4.94,0,-0.067307692,-0.170762108,0.103454416,4.124303399,3.900696601,0,84.42924776,0.214340406,0.055727551,4
2008-12-04,4,0,0,-5.88,-23.81,-20,-20,4,4,4,4,4,4,5.25,4,4.68,5.25,4,4.88,5.25,4,4.94,0,-0.057692308,-0.144230769,0.086538462,4,4,0,84.46057407,0.214340406,0,4
2008-12-05,4,0,0,0,-23.81,-20,-20,4,4,4,4,4,4,5.25,4,4.66,5.25,4,4.87,5.25,4,4.94,0,-0.048076923,-0.118589744,0.070512821,4,4,0,84.73454257,0,0,4
2008-12-08,4,0,0,0,-23.81,-20,-20,4,4,4,4,4,4,5.25,4,4.64,5.25,4,4.87,5.25,4,4.93,0,-0.038461538,-0.096153846,0.057692308,4,4,0,84.98771662,0,0,4
2008-12-09,4,0,0,0,-23.81,-20,-20,4,4,4,4,4,4,5.25,4,4.62,5.25,4,4.86,5.25,4,4.93,0,-0.028846154,-0.076923077,0.048076923,4,4,0,85.21970706,0,0,4
2008-12-10,4,0,0,0,-23.81,-20,-20,4,4,4,4,4,4,5.25,4,4.6,5.25,4,4.85,5.25,4,4.93,0,-0.019230769,-0.060897436,0.041666667,4,4,0,85.43015417,0,0,4
2008-12-11,3,-25,-25,-25,-42.86,-40,-40,4,3,3.8,4,3,3.95,5.25,3,4.57,5.25,3,4.83,5.25,3,4.92,0,-0.054487179,-0.053062678,-0.001424501,4.397213595,3.502786405,0,84.57112271,1.017109721,0.226437264,3
2008-12-12,3,0,-25,-25,-42.86,-40,-40,4,3,3.6,4,3,3.9,5.25,3,4.53,5.25,3,4.82,5.25,3,4.91,0,-0.08974359,-0.053418803,-0.036324786,4.515587011,3.284412989,0,83.70782749,1.017109721,0.315685647,3
2008-12-15,3,0,-25,-25,-42.86,-40,-40,4,3,3.4,4,3,3.85,5.25,3,4.5,5.25,3,4.8,5.25,3,4.9,0,-0.134615385,-0.05982906,-0.074786325,4.582695097,3.117304903,0,82.84023669,1.017109721,0.38062083,3
2008-12-16,3,0,-25,-25,-42.86,-40,-40,4,3,3.2,4,3,3.8,5.25,3,4.47,5.25,3,4.79,5.25,3,4.89,0,-0.179487179,-0.072293447,-0.107193732,4.620782682,2.979217318,0,81.96831817,1.017109721,0.431990885,3
2008-12-17,3,0,-25,-25,-42.86,-40,-40,3,3,3,4,3,3.75,5.25,3,4.43,5.25,3,4.77,5.25,3,4.89,0,-0.224358974,-0.090811966,-0.133547009,4.638523317,2.861476683,0,81.09203946,1.017109721,0.473879102,3
2008-12-18,3,0,0,-25,-42.86,-40,-40,3,3,3,4,3,3.7,5.25,3,4.4,5.25,3,4.76,5.25,3,4.88,0,-0.269230769,-0.115384615,-0.153846154,4.640324692,2.759675308,0,80.21136779,1.017109721,0.508283617,3
2008-12-19,3,0,0,-25,-42.86,-40,-40,3,3,3,4,3,3.65,5.25,3,4.36,5.25,3,4.74,5.25,3,4.87,0,-0.314102564,-0.146011396,-0.168091168,4.62872097,2.67127903,0,79.32627004,1.017109721,0.536285463,3
2008-12-22,3,0,0,-25,-42.86,-40,-40,3,3,3,4,3,3.6,5.25,3,4.33,5.25,3,4.73,5.25,3,4.86,0,-0.358974359,-0.182692308,-0.176282051,4.60524938,2.59475062,0,78.45273767,1.017109721,0.558471878,3
2008-12-23,3,0,0,-25,-42.86,-40,-40,3,3,3,4,3,3.55,5.25,3,4.29,5.25,3,4.71,5.25,3,4.86,0,-0.403846154,-0.22542735,-0.178418803,4.570835571,2.529164429,0,77.59032853,1.017109721,0.575118632,3
2008-12-24,3,0,0,-25,-42.86,-40,-40,3,3,3,4,3,3.5,5.25,3,4.26,5.25,3,4.7,5.25,3,4.85,0,-0.448717949,-0.269230769,-0.179487179,4.525978352,2.474021648,0,76.73860911,1.017109721,0.586273344,3
2008-12-25,3,0,0,-25,-42.86,-40,-40,3,3,3,4,3,3.45,5.25,3,4.22,5.25,3,4.68,5.25,3,4.84,0,-0.493589744,-0.314102564,-0.179487179,4.470835571,2.429164429,0,75.89715386,1.017109721,0.591788737,3
2008-12-26,3,0,0,-25,-42.86,-40,-40,3,3,3,4,3,3.4,5.25,3,4.19,5.25,3,4.67,5.25,3,4.83,0,-0.538461538,-0.358974359,-0.179487179,4.40524938,2.39475062,0,75.06554436,1.017109721,0.591323165,3
2008-12-29,3,0,0,-25,-42.86,-40,-40,3,3,3,4,3,3.35,5.25,3,4.15,5.25,3,4.65,5.25,3,4.83,0,-0.5,-0.394586895,-0.105413105,4.32872097,2.37127903,0,74.24336865,1.017109721,0.584311027,3
2008-12-30,3,0,0,-25,-42.86,-40,-40,3,3,3,4,3,3.3,5.25,3,4.12,5.25,3,4.63,5.25,3,4.82,0,-0.461538462,-0.420940171,-0.040598291,4.240324692,2.359675308,0,73.43022043,1.017109721,0.569893753,3
2008-12-31,3,0,0,-25,-42.86,-40,-40,3,3,3,4,3,3.25,5.25,3,4.08,5.25,3,4.62,5.25,3,4.81,0,-0.423076923,-0.438034188,0.014957265,4.138523317,2.361476683,0,72.62569832,1.017109721,0.546783579,3
2009-01-01,3,0,0,-25,-42.86,-40,-40,3,3,3,4,3,3.2,5.25,3,4.05,5.25,3,4.6,5.25,3,4.8,0,-0.384615385,-0.445868946,0.061253561,4.020782682,2.379217318,0,71.82940516,1.017109721,0.512989176,3
2009-01-02,3,0,0,-25,-42.86,-40,-40,3,3,3,4,3,3.15,5.25,3,4.02,5.25,3,4.59,5.25,3,4.79,0,-0.346153846,-0.444444444,0.098290598,3.882695097,2.417304903,0,71.04595433,1.017109721,0.465203236,3
2009-01-05,3,0,0,-25,-42.86,-40,-40,3,3,3,4,3,3.1,5.25,3,3.98,5.25,3,4.57,5.25,3,4.79,0,-0.307692308,-0.433760684,0.126068376,3.715587011,2.484412989,0,70.2748654,1.017109721,0.39715291,3
2009-01-06,3,0,0,-25,-42.86,-40,-40,3,3,3,4,3,3.05,5.25,3,3.95,5.25,3,4.56,5.25,3,4.78,0,-0.269230769,-0.413817664,0.144586895,3.497213595,2.602786405,0,69.51566952,1.017109721,0.293254817,3
2009-01-07,3,0,0,-25,-42.86,-40,-40,3,3,3,3,3,3,5,3,3.91,5.25,3,4.54,5.25,3,4.77,0,-0.230769231,-0.384615385,0.153846154,3,3,0,68.86657102,1.017109721,0,3
2009-01-08,3,0,0,0,-40,-40,-40,3,3,3,3,3,3,5,3,3.88,5.25,3,4.53,5.25,3,4.76,0,-0.192307692,-0.346153846,0.153846154,3,3,0,69.3441202,0,0,3
2009-01-09,2.5,-16.67,-16.67,-16.67,-50,-50,-50,3,2.5,2.9,3,2.5,2.98,5,2.5,3.84,5.25,2.5,4.51,5.25,2.5,4.75,0,-0.176282051,-0.310185185,0.133903134,3.198606798,2.751393202,0,69.23636364,0.644604046,0.150323898,2.5
2009-01-12,2.5,0,-16.67,-16.67,-50,-50,-50,3,2.5,2.8,3,2.5,2.95,5,2.5,3.8,5.25,2.5,4.49,5.25,2.5,4.74,0,-0.16025641,-0.276709402,0.116452991,3.257793506,2.642206494,0,69.11700103,0.644604046,0.208673563,2.5
2009-01-13,2.5,0,-16.67,-16.67,-50,-50,-50,3,2.5,2.7,3,2.5,2.93,5,2.5,3.77,5.25,2.5,4.47,5.25,2.5,4.73,0,-0.144230769,-0.245726496,0.101495726,3.291347549,2.558652451,0,68.98584906,0.644604046,0.25049405,2.5
2009-01-14,2.5,0,-16.67,-16.67,-50,-50,-50,3,2.5,2.6,3,2.5,2.9,5,2.5,3.73,5.25,2.5,4.45,5.25,2.5,4.73,0,-0.128205128,-0.217236467,0.089031339,3.310391341,2.489608659,0,68.84272997,0.644604046,0.283028511,2.5
2009-01-15,2.5,0,-16.67,-16.67,-50,-50,-50,2.5,2.5,2.5,3,2.5,2.88,5,2.5,3.69,5.25,2.5,4.43,5.25,2.5,4.72,0,-0.112179487,-0.191239316,0.079059829,3.319261658,2.430738342,0,68.687472,0.644604046,0.309051588,2.5
2009-01-16,2.5,0,0,-16.67,-50,-50,-50,2.5,2.5,2.5,3,2.5,2.85,5,2.5,3.65,5.25,2.5,4.41,5.25,2.5,4.71,0,-0.134615385,-0.172008547,0.037393162,3.320162346,2.379837654,0,68.51990984,0.644604046,0.329938488,2.5
2009-01-19,2.5,0,0,-16.67,-50,-50,-50,2.5,2.5,2.5,3,2.5,2.83,5,2.5,3.61,5.25,2.5,4.39,5.25,2.5,4.7,0,-0.157051282,-0.15954416,0.002492877,3.314360485,2.335639515,0,68.33988509,0.644604046,0.346449901,2.5
2009-01-20,2.5,0,0,-16.67,-50,-50,-50,2.5,2.5,2.5,3,2.5,2.8,5,2.5,3.57,5.25,2.5,4.37,5.25,2.5,4.69,0,-0.179487179,-0.153846154,-0.025641026,3.30262469,2.29737531,0,68.14724673,0.644604046,0.359017636,2.5
2009-01-21,2.5,0,0,-16.67,-50,-50,-50,2.5,2.5,2.5,3,2.5,2.78,5,2.5,3.53,5.25,2.5,4.35,5.25,2.5,4.68,0,-0.201923077,-0.15491453,-0.047008547,3.285417786,2.264582214,0,67.94185157,0.644604046,0.367868674,2.5
2009-01-22,2.5,0,0,-16.67,-50,-50,-50,2.5,2.5,2.5,3,2.5,2.75,5,2.5,3.5,5.25,2.5,4.33,5.25,2.5,4.67,0,-0.224358974,-0.16025641,-0.064102564,3.262989176,2.237010824,0,67.72356472,0.644604046,0.373083037,2.5
2009-01-23,2.5,0,0,-16.67,-50,-50,-50,2.5,2.5,2.5,3,2.5,2.73,4.25,2.5,3.46,5.25,2.5,4.32,5.25,2.5,4.66,0,-0.246794872,-0.169871795,-0.076923077,3.235417786,2.214582214,0,67.80715397,0.644604046,0.374618558,2.5
2009-01-26,2.5,0,0,-16.67,-41.18,-50,-50,2.5,2.5,2.5,3,2.5,2.7,4.25,2.5,3.43,5.25,2.5,4.3,5.25,2.5,4.65,0,-0.269230769,-0.183760684,-0.085470085,3.20262469,2.19737531,0,67.88183532,0.644604046,0.372314585,2.5
2009-01-27,2.5,0,0,-16.67,-41.18,-50,-50,2.5,2.5,2.5,3,2.5,2.68,4.25,2.5,3.4,5.25,2.5,4.28,5.25,2.5,4.64,0,-0.25,-0.197293447,-0.052706553,3.164360485,2.185639515,0,67.94729322,0.644604046,0.365876998,2.5
2009-01-28,2.5,0,0,-16.67,-41.18,-50,-50,2.5,2.5,2.5,3,2.5,2.65,4.25,2.5,3.38,5.25,2.5,4.26,5.25,2.5,4.63,0,-0.230769231,-0.210470085,-0.020299145,3.120162346,2.179837654,0,68.0032077,0.644604046,0.354839506,2.5
2009-01-29,2.5,0,0,-16.67,-41.18,-50,-50,2.5,2.5,2.5,3,2.5,2.63,4.25,2.5,3.35,5.25,2.5,4.24,5.25,2.5,4.62,0,-0.211538462,-0.219017094,0.007478632,3.069261658,2.180738342,0,68.0492547,0.644604046,0.338485073,2.5
2009-01-30,2.5,0,0,-16.67,-41.18,-50,-50,2.5,2.5,2.5,3,2.5,2.6,4.25,2.5,3.32,5.25,2.5,4.22,5.25,2.5,4.61,0,-0.192307692,-0.222934473,0.030626781,3.010391341,2.189608659,0,68.08510638,0.644604046,0.315685647,2.5
2009-02-02,2.5,0,0,-16.67,-41.18,-50,-50,2.5,2.5,2.5,3,2.5,2.58,4.25,2.5,3.3,5.25,2.5,4.2,5.25,2.5,4.6,0,-0.173076923,-0.222222222,0.049145299,2.941347549,2.208652451,0,68.11043148,0.644604046,0.284541785,2.5
2009-02-03,2.5,0,0,-16.67,-41.18,-50,-50,2.5,2.5,2.5,3,2.5,2.55,4.25,2.5,3.27,5.25,2.5,4.18,5.25,2.5,4.59,0,-0.153846154,-0.216880342,0.063034188,2.857793506,2.242206494,0,68.12489564,0.644604046,0.241406671,2.5
2009-02-04,2.5,0,0,-16.67,-41.18,-50,-50,2.5,2.5,2.5,3,2.5,2.53,4.25,2.5,3.24,5.25,2.5,4.16,5.25,2.5,4.58,0,-0.134615385,-0.206908832,0.072293447,2.748606798,2.301393202,0,68.01346801,0.644604046,0.177114295,2.5
2009-02-05,2.5,0,0,-16.67,-41.18,-52.38,-50,2.5,2.5,2.5,2.5,2.5,2.5,4,2.5,3.22,5.25,2.5,4.14,5.25,2.5,4.57,0,-0.115384615,-0.192307692,0.076923077,2.5,2.5,0,68.02721088,0.644604046,0,2.5
2009-02-06,2.5,0,0,0,-37.5,-52.38,-50,2.5,2.5,2.5,2.5,2.5,2.5,4,2.5,3.19,5.25,2.5,4.12,5.25,2.5,4.56,0,-0.096153846,-0.173076923,0.076923077,2.5,2.5,0,68.71671534,0,0,2.5
2009-02-09,2.5,0,0,0,-37.5,-52.38,-50,2.5,2.5,2.5,2.5,2.5,2.5,4,2.5,3.17,5.25,2.5,4.1,5.25,2.5,4.55,0,-0.076923077,-0.153846154,0.076923077,2.5,2.5,0,69.40829429,0,0,2.5
2009-02-10,2.5,0,0,0,-37.5,-52.38,-50,2.5,2.5,2.5,2.5,2.5,2.5,4,2.5,3.15,5.25,2.5,4.08,5.25,2.5,4.54,0,-0.057692308,-0.134615385,0.076923077,2.5,2.5,0,70.10164739,0,0,2.5
2009-02-11,2.5,0,0,0,-37.5,-52.38,-50,2.5,2.5,2.5,2.5,2.5,2.5,4,2.5,3.12,5.25,2.5,4.06,5.25,2.5,4.53,0,-0.038461538,-0.115384615,0.076923077,2.5,2.5,0,70.79646018,0,0,2.5
2009-02-12,2,-20,-20,-20,-50,-61.9,-60,2.5,2,2.4,2.5,2,2.48,4,2,3.09,5.25,2,4.03,5.25,2,4.52,0,-0.041666667,-0.098646724,0.056980057,2.698606798,2.251393202,0,70.79013228,0.788931592,0.180692362,2
2009-02-13,2,0,-20,-20,-50,-61.9,-60,2.5,2,2.3,2.5,2,2.45,4,2,3.06,5.25,2,4.01,5.25,2,4.51,0,-0.044871795,-0.084401709,0.039529915,2.757793506,2.142206494,0,70.78367642,0.788931592,0.251260005,2
2009-02-16,2,0,-20,-20,-50,-61.9,-60,2.5,2,2.2,2.5,2,2.43,4,2,3.03,5.25,2,3.98,5.25,2,4.5,0,-0.067307692,-0.074786325,0.007478632,2.791347549,2.058652451,0,70.77708865,0.788931592,0.302142308,2
2009-02-17,2,0,-20,-20,-50,-61.9,-60,2.5,2,2.1,2.5,2,2.4,4,2,3,5.25,2,3.96,5.25,2,4.49,0,-0.08974359,-0.06980057,-0.01994302,2.810391341,1.989608659,0,70.77036491,0.788931592,0.341992784,2
2009-02-18,2,0,-20,-20,-50,-61.9,-60,2,2,2,2.5,2,2.38,4,2,2.97,5.25,2,3.93,5.25,2,4.48,0,-0.112179487,-0.069444444,-0.042735043,2.819261658,1.930738342,0,70.76350093,0.788931592,0.374115081,2
2009-02-19,2,0,0,-20,-50,-61.9,-60,2,2,2,2.5,2,2.35,4,2,2.94,5.25,2,3.91,5.25,2,4.46,0,-0.134615385,-0.073717949,-0.060897436,2.820162346,1.879837654,0,70.75649228,0.788931592,0.400138167,2
2009-02-20,2,0,0,-20,-50,-61.9,-60,2,2,2,2.5,2,2.33,4,2,2.91,5.25,2,3.88,5.25,2,4.45,0,-0.157051282,-0.082621083,-0.074430199,2.814360485,1.835639515,0,70.34795764,0.788931592,0.420955256,2
2009-02-23,2,0,0,-20,-50,-61.9,-60,2,2,2,2.5,2,2.3,4,2,2.88,5.25,2,3.86,5.25,2,4.44,0,-0.179487179,-0.096153846,-0.083333333,2.80262469,1.79737531,0,69.93538578,0.788931592,0.437064948,2
2009-02-24,2,0,0,-20,-50,-61.9,-60,2,2,2,2.5,2,2.28,4,2,2.85,5.25,2,3.83,5.25,2,4.43,0,-0.201923077,-0.114316239,-0.087606838,2.785417786,1.764582214,0,69.51871658,0.788931592,0.448718932,2
2009-02-25,2,0,0,-20,-50,-61.9,-60,2,2,2,2.5,2,2.25,4,2,2.82,5.25,2,3.81,5.25,2,4.42,0,-0.224358974,-0.134615385,-0.08974359,2.762989176,1.737010824,0,69.09788868,0.788931592,0.455990379,2
2009-02-26,2,0,0,-20,-50,-61.9,-60,2,2,2,2.5,2,2.23,4,2,2.78,5.25,2,3.78,5.25,2,4.41,0,-0.246794872,-0.157051282,-0.08974359,2.735417786,1.714582214,0,68.67283951,0.788931592,0.458802504,2
2009-02-27,2,0,0,-20,-50,-61.9,-60,2,2,2,2.5,2,2.2,4,2,2.75,5.25,2,3.76,5.25,2,4.39,0,-0.269230769,-0.179487179,-0.08974359,2.70262469,1.69737531,0,68.24350523,0.788931592,0.456931536,2
2009-03-02,2,0,0,-20,-50,-61.9,-60,2,2,2,2.5,2,2.18,4,2,2.72,5.25,2,3.73,5.25,2,4.38,0,-0.25,-0.197293447,-0.052706553,2.664360485,1.685639515,0,67.80982073,0.788931592,0.449986653,2
2009-03-03,2,0,0,-20,-50,-61.9,-60,2,2,2,2.5,2,2.15,4,2,2.69,5.25,2,3.71,5.25,2,4.37,0,-0.230769231,-0.210470085,-0.020299145,2.620162346,1.679837654,0,67.37171955,0.788931592,0.437360322,2
2009-03-04,2,0,0,-20,-50,-61.9,-60,2,2,2,2.5,2,2.13,4,2,2.66,5.25,2,3.68,5.25,2,4.36,0,-0.211538462,-0.219017094,0.007478632,2.569261658,1.680738342,0,66.92913386,0.788931592,0.41812862,2
2009-03-05,2,0,0,-20,-50,-61.9,-60,2,2,2,2.5,2,2.1,4,2,2.63,5.25,2,3.66,5.25,2,4.35,0,-0.192307692,-0.222934473,0.030626781,2.510391341,1.689608659,0,66.3507109,0.788931592,0.390848896,2
2009-03-06,2,0,0,-20,-50,-61.9,-60,2,2,2,2.5,2,2.08,4,2,2.6,5.25,2,3.63,5.25,2,4.34,0,-0.173076923,-0.222222222,0.049145299,2.441347549,1.708652451,0,65.78165247,0.788931592,0.353106071,2
2009-03-09,2,0,0,-20,-50,-61.9,-60,2,2,2,2.5,2,2.05,4,2,2.57,5.25,2,3.61,5.25,2,4.33,0,-0.153846154,-0.216880342,0.063034188,2.357793506,1.742206494,0,65.22171406,0.788931592,0.300286347,2
2009-03-10,2,0,0,-20,-50,-61.9,-60,2,2,2,2.5,2,2.03,4,2,2.54,5.25,2,3.58,5.25,2,4.31,0,-0.134615385,-0.206908832,0.072293447,2.248606798,1.801393202,0,64.67065868,0.788931592,0.22084622,2
2009-03-11,2,0,0,-20,-50,-61.9,-60,2,2,2,2,2,2,3,2,2.51,5.25,2,3.56,5.25,2,4.3,0,-0.115384615,-0.192307692,0.076923077,2,2,0,64.64646465,0.788931592,0,2
2009-03-12,2,0,0,0,-33.33,-61.9,-60,2,2,2,2,2,2,3,2,2.49,5.25,2,3.53,5.25,2,4.29,0,-0.096153846,-0.173076923,0.076923077,2,2,0,65.42629319,0,0,2
2009-03-13,2,0,0,0,-33.33,-61.9,-60,2,2,2,2,2,2,3,2,2.48,5.25,2,3.51,5.25,2,4.28,0,-0.076923077,-0.153846154,0.076923077,2,2,0,66.21146286,0,0,2
2009-03-16,2,0,0,0,-33.33,-61.9,-60,2,2,2,2,2,2,3,2,2.46,5.25,2,3.48,5.25,2,4.27,0,-0.057692308,-0.134615385,0.076923077,2,2,0,67.00167504,0,0,2
2009-03-17,2,0,0,0,-33.33,-61.9,-60,2,2,2,2,2,2,3,2,2.45,5.25,2,3.46,5.25,2,4.26,0,-0.038461538,-0.115384615,0.076923077,2,2,0,67.79661017,0,0,2
2009-03-18,2,0,0,0,-33.33,-61.9,-60,2,2,2,2,2,2,3,2,2.43,5.25,2,3.43,5.25,2,4.24,0,-0.019230769,-0.096153846,0.076923077,2,2,0,68.59592712,0,0,2
2009-03-19,2,0,0,0,-33.33,-61.9,-60,2,2,2,2,2,2,3,2,2.42,5.25,2,3.41,5.25,2,4.23,0,0,-0.076923077,0.076923077,2,2,0,69.39926263,0,0,2
2009-03-20,2,0,0,0,-33.33,-61.9,-60,2,2,2,2,2,2,3,2,2.4,5.25,2,3.38,5.25,2,4.22,0,0,-0.05982906,0.05982906,2,2,0,70.2062308,0,0,2
2009-03-23,2,0,0,0,-33.33,-61.9,-60,2,2,2,2,2,2,3,2,2.38,5.25,2,3.36,5.25,2,4.21,0,0,-0.044871795,0.044871795,2,2,0,71.01642255,0,0,2
2009-03-24,2,0,0,0,-33.33,-61.9,-60,2,2,2,2,2,2,3,2,2.37,5.25,2,3.33,5.25,2,4.2,0,0,-0.032051282,0.032051282,2,2,0,71.82940516,0,0,2
2009-03-25,2,0,0,0,-33.33,-61.9,-60,2,2,2,2,2,2,3,2,2.35,5.25,2,3.31,5.25,2,4.19,0,0,-0.021367521,0.021367521,2,2,0,72.64472191,0,0,2
2009-03-26,2,0,0,0,-33.33,-61.9,-60,2,2,2,2,2,2,3,2,2.34,5.25,2,3.28,5.25,2,4.18,0,0,-0.012820513,0.012820513,2,2,0,73.46189164,0,0,2
2009-03-27,2,0,0,0,-33.33,-61.9,-60,2,2,2,2,2,2,3,2,2.32,5.25,2,3.26,5.25,2,4.16,0,0,-0.006410256,0.006410256,2,2,0,74.28040854,0,0,2
2009-03-30,2,0,0,0,-33.33,-61.9,-60,2,2,2,2,2,2,3,2,2.31,5.25,2,3.23,5.25,2,4.15,0,0,-0.002136752,0.002136752,2,2,0,75.09974184,0,0,2
2009-03-31,2,0,0,0,-33.33,-61.9,-60,2,2,2,2,2,2,3,2,2.29,5.25,2,3.21,5.25,2,4.14,0,0,0,0,2,2,0,75.91933571,0,0,2
2009-04-01,2,0,0,0,-33.33,-61.9,-60,2,2,2,2,2,2,3,2,2.28,5.25,2,3.18,5.25,2,4.13,0,0,0,0,2,2,0,76.73860911,0,0,2
2009-04-02,2,0,0,0,-33.33,-61.9,-60,2,2,2,2,2,2,3,2,2.26,5.25,2,3.16,5.25,2,4.12,0,0,0,0,2,2,0,77.55695589,0,0,2
2009-04-03,2,0,0,0,-33.33,-61.9,-60,2,2,2,2,2,2,3,2,2.25,5.25,2,3.13,5.25,2,4.11,0,0,0,0,2,2,0,78.3737448,0,0,2
2009-04-06,2,0,0,0,-33.33,-61.9,-60,2,2,2,2,2,2,3,2,2.23,5.25,2,3.11,5.25,2,4.09,0,0,0,0,2,2,0,79.18831972,0,0,2
2009-04-07,2,0,0,0,-33.33,-61.9,-60,2,2,2,2,2,2,3,2,2.22,5.25,2,3.08,5.25,2,4.08,0,0,0,0,2,2,0,80,0,0,2
2009-04-08,2,0,0,0,-33.33,-61.9,-60,2,2,2,2,2,2,3,2,2.2,5,2,3.06,5.25,2,4.07,0,0,0,0,2,2,0,80,0,0,2
2009-04-09,2,0,0,0,-33.33,-60,-60,2,2,2,2,2,2,2.5,2,2.18,5,2,3.03,5.25,2,4.06,0,0,0,0,2,2,0,80.40201005,0,0,2
2009-04-10,2,0,0,0,-20,-60,-60,2,2,2,2,2,2,2.5,2,2.18,5,2,3.01,5.25,2,4.05,0,0,0,0,2,2,0,80.80808081,0,0,2
2009-04-13,2,0,0,0,-20,-60,-60,2,2,2,2,2,2,2.5,2,2.17,5,2,2.99,5.25,2,4.04,0,0,0,0,2,2,0,81.21827411,0,0,2
2009-04-14,2,0,0,0,-20,-60,-60,2,2,2,2,2,2,2.5,2,2.16,5,2,2.96,5.25,2,4.03,0,0,0,0,2,2,0,81.63265306,0,0,2
2009-04-15,2,0,0,0,-20,-60,-60,2,2,2,2,2,2,2.5,2,2.15,5,2,2.94,5.25,2,4.01,0,0,0,0,2,2,0,82.05128205,0,0,2
2009-04-16,2,0,0,0,-20,-60,-60,2,2,2,2,2,2,2.5,2,2.15,5,2,2.92,5.25,2,4,0,0,0,0,2,2,0,82.4742268,0,0,2
2009-04-17,2,0,0,0,-20,-60,-60,2,2,2,2,2,2,2.5,2,2.14,5,2,2.89,5.25,2,3.99,0,0,0,0,2,2,0,82.9015544,0,0,2
2009-04-20,2,0,0,0,-20,-60,-60,2,2,2,2,2,2,2.5,2,2.13,5,2,2.87,5.25,2,3.98,0,0,0,0,2,2,0,83.33333333,0,0,2
2009-04-21,2,0,0,0,-20,-60,-60,2,2,2,2,2,2,2.5,2,2.12,5,2,2.85,5.25,2,3.97,0,0,0,0,2,2,0,83.76963351,0,0,2
2009-04-22,2,0,0,0,-20,-60,-60,2,2,2,2,2,2,2.5,2,2.12,5,2,2.83,5.25,2,3.96,0,0,0,0,2,2,0,84.21052632,0,0,2
2009-04-23,2,0,0,0,-20,-60,-60,2,2,2,2,2,2,2.5,2,2.11,5,2,2.8,5.25,2,3.94,0,0,0,0,2,2,0,84.65608466,0,0,2
2009-04-24,2,0,0,0,-20,-60,-60,2,2,2,2,2,2,2.5,2,2.1,4.25,2,2.78,5.25,2,3.93,0,0,0,0,2,2,0,85.10638298,0,0,2
2009-04-27,2,0,0,0,-20,-52.94,-60,2,2,2,2,2,2,2.5,2,2.09,4.25,2,2.76,5.25,2,3.92,0,0,0,0,2,2,0,85.56149733,0,0,2
2009-04-28,2,0,0,0,-20,-52.94,-60,2,2,2,2,2,2,2.5,2,2.08,4.25,2,2.74,5.25,2,3.91,0,0,0,0,2,2,0,86.02150538,0,0,2
2009-04-29,2,0,0,0,-20,-52.94,-60,2,2,2,2,2,2,2.5,2,2.08,4.25,2,2.73,5.25,2,3.9,0,0,0,0,2,2,0,86.48648649,0,0,2
2009-04-30,2,0,0,0,-20,-52.94,-60,2,2,2,2,2,2,2.5,2,2.07,4.25,2,2.71,5.25,2,3.89,0,0,0,0,2,2,0,86.95652174,0,0,2
2009-05-01,2,0,0,0,-20,-52.94,-60,2,2,2,2,2,2,2.5,2,2.06,4.25,2,2.69,5.25,2,3.88,0,0,0,0,2,2,0,87.43169399,0,0,2
2009-05-04,2,0,0,0,-20,-52.94,-60,2,2,2,2,2,2,2.5,2,2.05,4.25,2,2.68,5.25,2,3.86,0,0,0,0,2,2,0,87.91208791,0,0,2
2009-05-05,2,0,0,0,-20,-52.94,-60,2,2,2,2,2,2,2.5,2,2.05,4.25,2,2.66,5.25,2,3.85,0,0,0,0,2,2,0,88.39779006,0,0,2
2009-05-06,2,0,0,0,-20,-52.94,-60,2,2,2,2,2,2,2.5,2,2.04,4.25,2,2.64,5.25,2,3.84,0,0,0,0,2,2,0,88.88888889,0,0,2
2009-05-07,2,0,0,0,-20,-52.94,-60,2,2,2,2,2,2,2.5,2,2.03,4,2,2.62,5.25,2,3.83,0,0,0,0,2,2,0,88.88888889,0,0,2
2009-05-08,2,0,0,0,-20,-50,-60,2,2,2,2,2,2,2.5,2,2.02,4,2,2.61,5.25,2,3.82,0,0,0,0,2,2,0,88.88888889,0,0,2
2009-05-11,2,0,0,0,-20,-50,-60,2,2,2,2,2,2,2.5,2,2.02,4,2,2.59,5.25,2,3.81,0,0,0,0,2,2,0,88.88888889,0,0,2
2009-05-12,2,0,0,0,-20,-50,-60,2,2,2,2,2,2,2.5,2,2.01,4,2,2.58,5.25,2,3.79,0,0,0,0,2,2,0,88.88888889,0,0,2
2009-05-13,2,0,0,0,-20,-50,-60,2,2,2,2,2,2,2,2,2,4,2,2.56,5.25,2,3.78,0,0,0,0,2,2,0,89.38547486,0,0,2
2009-05-14,2,0,0,0,0,-50,-60,2,2,2,2,2,2,2,2,2,4,2,2.55,5.25,2,3.77,0,0,0,0,2,2,0,89.88764045,0,0,2
2009-05-15,2,0,0,0,0,-50,-60,2,2,2,2,2,2,2,2,2,4,2,2.53,5.25,2,3.76,0,0,0,0,2,2,0,90.39548023,0,0,2
2009-05-18,2,0,0,0,0,-50,-60,2,2,2,2,2,2,2,2,2,4,2,2.52,5.25,2,3.75,0,0,0,0,2,2,0,90.90909091,0,0,2
2009-05-19,2,0,0,0,0,-50,-60,2,2,2,2,2,2,2,2,2,4,2,2.5,5.25,2,3.74,0,0,0,0,2,2,0,91.42857143,0,0,2
2009-05-20,2,0,0,0,0,-50,-60,2,2,2,2,2,2,2,2,2,4,2,2.48,5.25,2,3.73,0,0,0,0,2,2,0,91.95402299,0,0,2
2009-05-21,2,0,0,0,0,-50,-60,2,2,2,2,2,2,2,2,2,4,2,2.47,5.25,2,3.71,0,0,0,0,2,2,0,92.48554913,0,0,2
2009-05-22,2,0,0,0,0,-50,-60,2,2,2,2,2,2,2,2,2,4,2,2.45,5.25,2,3.7,0,0,0,0,2,2,0,93.02325581,0,0,2
2009-05-25,2,0,0,0,0,-50,-60,2,2,2,2,2,2,2,2,2,4,2,2.44,5.25,2,3.69,0,0,0,0,2,2,0,93.56725146,0,0,2
2009-05-26,2,0,0,0,0,-50,-60,2,2,2,2,2,2,2,2,2,4,2,2.42,5.25,2,3.68,0,0,0,0,2,2,0,94.11764706,0,0,2
2009-05-27,2,0,0,0,0,-50,-60,2,2,2,2,2,2,2,2,2,4,2,2.41,5.25,2,3.67,0,0,0,0,2,2,0,94.67455621,0,0,2
2009-05-28,2,0,0,0,0,-50,-60,2,2,2,2,2,2,2,2,2,4,2,2.39,5.25,2,3.66,0,0,0,0,2,2,0,95.23809524,0,0,2
2009-05-29,2,0,0,0,0,-50,-60,2,2,2,2,2,2,2,2,2,4,2,2.38,5.25,2,3.64,0,0,0,0,2,2,0,95.80838323,0,0,2
2009-06-01,2,0,0,0,0,-50,-60,2,2,2,2,2,2,2,2,2,4,2,2.36,5.25,2,3.63,0,0,0,0,2,2,0,96.38554217,0,0,2
2009-06-02,2,0,0,0,0,-50,-60,2,2,2,2,2,2,2,2,2,4,2,2.35,5.25,2,3.62,0,0,0,0,2,2,0,96.96969697,0,0,2
2009-06-03,2,0,0,0,0,-50,-60,2,2,2,2,2,2,2,2,2,4,2,2.33,5.25,2,3.61,0,0,0,0,2,2,0,97.56097561,0,0,2
2009-06-04,2,0,0,0,0,-50,-60,2,2,2,2,2,2,2,2,2,4,2,2.32,5.25,2,3.6,0,0,0,0,2,2,0,98.1595092,0,0,2
2009-06-05,2,0,0,0,0,-50,-60,2,2,2,2,2,2,2,2,2,4,2,2.3,5.25,2,3.59,0,0,0,0,2,2,0,98.7654321,0,0,2
2009-06-08,2,0,0,0,0,-50,-60,2,2,2,2,2,2,2,2,2,4,2,2.28,5.25,2,3.58,0,0,0,0,2,2,0,99.37888199,0,0,2
2009-06-09,2,0,0,0,0,-50,-60,2,2,2,2,2,2,2,2,2,4,2,2.27,5.25,2,3.56,0,0,0,0,2,2,0,100,0,0,2
2009-06-10,2,0,0,0,0,-50,-60,2,2,2,2,2,2,2,2,2,3,2,2.25,5.25,2,3.55,0,0,0,0,2,2,0,100,0,0,2
2009-06-11,2,0,0,0,0,-33.33,-60,2,2,2,2,2,2,2,2,2,3,2,2.25,5.25,2,3.54,0,0,0,0,2,2,0,100,0,0,2
2009-06-12,2,0,0,0,0,-33.33,-60,2,2,2,2,2,2,2,2,2,3,2,2.24,5.25,2,3.53,0,0,0,0,2,2,0,100,0,0,2
2009-06-15,2,0,0,0,0,-33.33,-60,2,2,2,2,2,2,2,2,2,3,2,2.23,5.25,2,3.52,0,0,0,0,2,2,0,100,0,0,2
2009-06-16,2,0,0,0,0,-33.33,-60,2,2,2,2,2,2,2,2,2,3,2,2.22,5.25,2,3.51,0,0,0,0,2,2,0,100,0,0,2
2009-06-17,2,0,0,0,0,-33.33,-60,2,2,2,2,2,2,2,2,2,3,2,2.22,5.25,2,3.49,0,0,0,0,2,2,0,100,0,0,2
2009-06-18,2,0,0,0,0,-33.33,-60,2,2,2,2,2,2,2,2,2,3,2,2.21,5.25,2,3.48,0,0,0,0,2,2,0,100,0,0,2
2009-06-19,2,0,0,0,0,-33.33,-60,2,2,2,2,2,2,2,2,2,3,2,2.2,5.25,2,3.47,0,0,0,0,2,2,0,100,0,0,2
2009-06-22,2,0,0,0,0,-33.33,-60,2,2,2,2,2,2,2,2,2,3,2,2.19,5.25,2,3.46,0,0,0,0,2,2,0,100,0,0,2
2009-06-23,2,0,0,0,0,-33.33,-60,2,2,2,2,2,2,2,2,2,3,2,2.18,5.25,2,3.45,0,0,0,0,2,2,0,100,0,0,2
2009-06-24,2,0,0,0,0,-33.33,-60,2,2,2,2,2,2,2,2,2,3,2,2.18,5.25,2,3.44,0,0,0,0,2,2,0,100,0,0,2
2009-06-25,2,0,0,0,0,-33.33,-60,2,2,2,2,2,2,2,2,2,3,2,2.17,5.25,2,3.43,0,0,0,0,2,2,0,100,0,0,2
2009-06-26,2,0,0,0,0,-33.33,-60,2,2,2,2,2,2,2,2,2,3,2,2.16,5.25,2,3.41,0,0,0,0,2,2,0,100,0,0,2
2009-06-29,2,0,0,0,0,-33.33,-60,2,2,2,2,2,2,2,2,2,3,2,2.15,5.25,2,3.4,0,0,0,0,2,2,0,100,0,0,2
2009-06-30,2,0,0,0,0,-33.33,-60,2,2,2,2,2,2,2,2,2,3,2,2.15,5.25,2,3.39,0,0,0,0,2,2,0,100,0,0,2
2009-07-01,2,0,0,0,0,-33.33,-60,2,2,2,2,2,2,2,2,2,3,2,2.14,5.25,2,3.38,0,0,0,0,2,2,0,100,0,0,2
2009-07-02,2,0,0,0,0,-33.33,-60,2,2,2,2,2,2,2,2,2,3,2,2.13,5.25,2,3.37,0,0,0,0,2,2,0,100,0,0,2
2009-07-03,2,0,0,0,0,-33.33,-60,2,2,2,2,2,2,2,2,2,3,2,2.12,5.25,2,3.36,0,0,0,0,2,2,0,100,0,0,2
2009-07-06,2,0,0,0,0,-33.33,-60,2,2,2,2,2,2,2,2,2,3,2,2.12,5.25,2,3.34,0,0,0,0,2,2,0,100,0,0,2
2009-07-07,2,0,0,0,0,-33.33,-60,2,2,2,2,2,2,2,2,2,3,2,2.11,5.25,2,3.33,0,0,0,0,2,2,0,100,0,0,2
2009-07-08,2,0,0,0,0,-33.33,-60,2,2,2,2,2,2,2,2,2,3,2,2.1,5.25,2,3.32,0,0,0,0,2,2,0,100,0,0,2
2009-07-09,2,0,0,0,0,-33.33,-60,2,2,2,2,2,2,2,2,2,2.5,2,2.09,5.25,2,3.31,0,0,0,0,2,2,0,100,0,0,2
2009-07-10,2,0,0,0,0,-20,-60,2,2,2,2,2,2,2,2,2,2.5,2,2.09,5.25,2,3.3,0,0,0,0,2,2,0,100,0,0,2
2009-07-13,2,0,0,0,0,-20,-60,2,2,2,2,2,2,2,2,2,2.5,2,2.08,5.25,2,3.29,0,0,0,0,2,2,0,100,0,0,2
2009-07-14,2,0,0,0,0,-20,-60,2,2,2,2,2,2,2,2,2,2.5,2,2.08,5.25,2,3.28,0,0,0,0,2,2,0,100,0,0,2
2009-07-15,2,0,0,0,0,-20,-60,2,2,2,2,2,2,2,2,2,2.5,2,2.08,5.25,2,3.26,0,0,0,0,2,2,0,100,0,0,2
2009-07-16,2,0,0,0,0,-20,-60,2,2,2,2,2,2,2,2,2,2.5,2,2.07,5.25,2,3.25,0,0,0,0,2,2,0,100,0,0,2
2009-07-17,2,0,0,0,0,-20,-60,2,2,2,2,2,2,2,2,2,2.5,2,2.07,5.25,2,3.24,0,0,0,0,2,2,0,100,0,0,2
2009-07-20,2,0,0,0,0,-20,-60,2,2,2,2,2,2,2,2,2,2.5,2,2.07,5.25,2,3.23,0,0,0,0,2,2,0,100,0,0,2
2009-07-21,2,0,0,0,0,-20,-60,2,2,2,2,2,2,2,2,2,2.5,2,2.06,5.25,2,3.22,0,0,0,0,2,2,0,100,0,0,2
2009-07-22,2,0,0,0,0,-20,-60,2,2,2,2,2,2,2,2,2,2.5,2,2.06,5.25,2,3.21,0,0,0,0,2,2,0,100,0,0,2
2009-07-23,2,0,0,0,0,-20,-60,2,2,2,2,2,2,2,2,2,2.5,2,2.05,5.25,2,3.19,0,0,0,0,2,2,0,100,0,0,2
2009-07-24,2,0,0,0,0,-20,-60,2,2,2,2,2,2,2,2,2,2.5,2,2.05,5.25,2,3.18,0,0,0,0,2,2,0,100,0,0,2
2009-07-27,2,0,0,0,0,-20,-60,2,2,2,2,2,2,2,2,2,2.5,2,2.05,5.25,2,3.17,0,0,0,0,2,2,0,100,0,0,2
2009-07-28,2,0,0,0,0,-20,-60,2,2,2,2,2,2,2,2,2,2.5,2,2.04,5.25,2,3.16,0,0,0,0,2,2,0,100,0,0,2
2009-07-29,2,0,0,0,0,-20,-60,2,2,2,2,2,2,2,2,2,2.5,2,2.04,5.25,2,3.15,0,0,0,0,2,2,0,100,0,0,2
2009-07-30,2,0,0,0,0,-20,-60,2,2,2,2,2,2,2,2,2,2.5,2,2.03,5.25,2,3.14,0,0,0,0,2,2,0,100,0,0,2
2009-07-31,2,0,0,0,0,-20,-60,2,2,2,2,2,2,2,2,2,2.5,2,2.03,5.25,2,3.13,0,0,0,0,2,2,0,100,0,0,2
2009-08-03,2,0,0,0,0,-20,-60,2,2,2,2,2,2,2,2,2,2.5,2,2.03,5.25,2,3.11,0,0,0,0,2,2,0,100,0,0,2
2009-08-04,2,0,0,0,0,-20,-60,2,2,2,2,2,2,2,2,2,2.5,2,2.02,5.25,2,3.1,0,0,0,0,2,2,0,100,0,0,2
2009-08-05,2,0,0,0,0,-20,-60,2,2,2,2,2,2,2,2,2,2.5,2,2.02,5.25,2,3.09,0,0,0,0,2,2,0,100,0,0,2
2009-08-06,2,0,0,0,0,-20,-61.9,2,2,2,2,2,2,2,2,2,2.5,2,2.02,5.25,2,3.08,0,0,0,0,2,2,0,100,0,0,2
2009-08-07,2,0,0,0,0,-20,-61.9,2,2,2,2,2,2,2,2,2,2.5,2,2.01,5.25,2,3.07,0,0,0,0,2,2,0,100,0,0,2
2009-08-10,2,0,0,0,0,-20,-61.9,2,2,2,2,2,2,2,2,2,2.5,2,2.01,5.25,2,3.05,0,0,0,0,2,2,0,100,0,0,2
2009-08-11,2,0,0,0,0,-20,-61.9,2,2,2,2,2,2,2,2,2,2.5,2,2,5.25,2,3.04,0,0,0,0,2,2,0,100,0,0,2
2009-08-12,2,0,0,0,0,-20,-61.9,2,2,2,2,2,2,2,2,2,2,2,2,5.25,2,3.03,0,0,0,0,2,2,0,100,0,0,2
2009-08-13,2,0,0,0,0,0,-61.9,2,2,2,2,2,2,2,2,2,2,2,2,5.25,2,3.02,0,0,0,0,2,2,0,100,0,0,2
2009-08-14,2,0,0,0,0,0,-61.9,2,2,2,2,2,2,2,2,2,2,2,2,5.25,2,3,0,0,0,0,2,2,0,100,0,0,2
2009-08-17,2,0,0,0,0,0,-61.9,2,2,2,2,2,2,2,2,2,2,2,2,5.25,2,2.99,0,0,0,0,2,2,0,100,0,0,2
2009-08-18,2,0,0,0,0,0,-61.9,2,2,2,2,2,2,2,2,2,2,2,2,5.25,2,2.98,0,0,0,0,2,2,0,100,0,0,2
2009-08-19,2,0,0,0,0,0,-61.9,2,2,2,2,2,2,2,2,2,2,2,2,5.25,2,2.97,0,0,0,0,2,2,0,100,0,0,2
2009-08-20,2,0,0,0,0,0,-61.9,2,2,2,2,2,2,2,2,2,2,2,2,5.25,2,2.95,0,0,0,0,2,2,0,100,0,0,2
2009-08-21,2,0,0,0,0,0,-61.9,2,2,2,2,2,2,2,2,2,2,2,2,5.25,2,2.94,0,0,0,0,2,2,0,100,0,0,2
2009-08-24,2,0,0,0,0,0,-61.9,2,2,2,2,2,2,2,2,2,2,2,2,5.25,2,2.93,0,0,0,0,2,2,0,100,0,0,2
2009-08-25,2,0,0,0,0,0,-61.9,2,2,2,2,2,2,2,2,2,2,2,2,5.25,2,2.92,0,0,0,0,2,2,0,100,0,0,2
2009-08-26,2,0,0,0,0,0,-61.9,2,2,2,2,2,2,2,2,2,2,2,2,5.25,2,2.9,0,0,0,0,2,2,0,100,0,0,2
2009-08-27,2,0,0,0,0,0,-61.9,2,2,2,2,2,2,2,2,2,2,2,2,5.25,2,2.89,0,0,0,0,2,2,0,100,0,0,2
2009-08-28,2,0,0,0,0,0,-61.9,2,2,2,2,2,2,2,2,2,2,2,2,5.25,2,2.88,0,0,0,0,2,2,0,100,0,0,2
2009-08-31,2,0,0,0,0,0,-61.9,2,2,2,2,2,2,2,2,2,2,2,2,5.25,2,2.87,0,0,0,0,2,2,0,100,0,0,2
2009-09-01,2,0,0,0,0,0,-61.9,2,2,2,2,2,2,2,2,2,2,2,2,5.25,2,2.85,0,0,0,0,2,2,0,100,0,0,2
2009-09-02,2,0,0,0,0,0,-61.9,2,2,2,2,2,2,2,2,2,2,2,2,5.25,2,2.84,0,0,0,0,2,2,0,100,0,0,2
2009-09-03,2,0,0,0,0,0,-61.9,2,2,2,2,2,2,2,2,2,2,2,2,5.25,2,2.83,0,0,0,0,2,2,0,100,0,0,2
2009-09-04,2,0,0,0,0,0,-61.9,2,2,2,2,2,2,2,2,2,2,2,2,5.25,2,2.82,0,0,0,0,2,2,0,100,0,0,2
2009-09-07,2,0,0,0,0,0,-61.9,2,2,2,2,2,2,2,2,2,2,2,2,5.25,2,2.8,0,0,0,0,2,2,0,100,0,0,2
2009-09-08,2,0,0,0,0,0,-61.9,2,2,2,2,2,2,2,2,2,2,2,2,5.25,2,2.79,0,0,0,0,2,2,0,100,0,0,2
2009-09-09,2,0,0,0,0,0,-61.9,2,2,2,2,2,2,2,2,2,2,2,2,5.25,2,2.78,0,0,0,0,2,2,0,100,0,0,2
2009-09-10,2,0,0,0,0,0,-61.9,2,2,2,2,2,2,2,2,2,2,2,2,5.25,2,2.77,0,0,0,0,2,2,0,100,0,0,2
2009-09-11,2,0,0,0,0,0,-61.9,2,2,2,2,2,2,2,2,2,2,2,2,5.25,2,2.75,0,0,0,0,2,2,0,100,0,0,2
2009-09-14,2,0,0,0,0,0,-61.9,2,2,2,2,2,2,2,2,2,2,2,2,5.25,2,2.74,0,0,0,0,2,2,0,100,0,0,2
2009-09-15,2,0,0,0,0,0,-61.9,2,2,2,2,2,2,2,2,2,2,2,2,5.25,2,2.73,0,0,0,0,2,2,0,100,0,0,2
2009-09-16,2,0,0,0,0,0,-61.9,2,2,2,2,2,2,2,2,2,2,2,2,5.25,2,2.72,0,0,0,0,2,2,0,100,0,0,2
2009-09-17,2,0,0,0,0,0,-61.9,2,2,2,2,2,2,2,2,2,2,2,2,5.25,2,2.7,0,0,0,0,2,2,0,100,0,0,2
2009-09-18,2,0,0,0,0,0,-61.9,2,2,2,2,2,2,2,2,2,2,2,2,5.25,2,2.69,0,0,0,0,2,2,0,100,0,0,2
2009-09-21,2,0,0,0,0,0,-61.9,2,2,2,2,2,2,2,2,2,2,2,2,5.25,2,2.68,0,0,0,0,2,2,0,100,0,0,2
2009-09-22,2,0,0,0,0,0,-61.9,2,2,2,2,2,2,2,2,2,2,2,2,5.25,2,2.67,0,0,0,0,2,2,0,100,0,0,2
2009-09-23,2,0,0,0,0,0,-61.9,2,2,2,2,2,2,2,2,2,2,2,2,5.25,2,2.65,0,0,0,0,2,2,0,100,0,0,2
2009-09-24,2,0,0,0,0,0,-61.9,2,2,2,2,2,2,2,2,2,2,2,2,5.25,2,2.64,0,0,0,0,2,2,0,100,0,0,2
2009-09-25,2,0,0,0,0,0,-61.9,2,2,2,2,2,2,2,2,2,2,2,2,5.25,2,2.63,0,0,0,0,2,2,0,100,0,0,2
2009-09-28,2,0,0,0,0,0,-61.9,2,2,2,2,2,2,2,2,2,2,2,2,5.25,2,2.62,0,0,0,0,2,2,0,100,0,0,2
2009-09-29,2,0,0,0,0,0,-61.9,2,2,2,2,2,2,2,2,2,2,2,2,5.25,2,2.6,0,0,0,0,2,2,0,100,0,0,2
2009-09-30,2,0,0,0,0,0,-61.9,2,2,2,2,2,2,2,2,2,2,2,2,5.25,2,2.59,0,0,0,0,2,2,0,100,0,0,2
2009-10-01,2,0,0,0,0,0,-61.9,2,2,2,2,2,2,2,2,2,2,2,2,5.25,2,2.58,0,0,0,0,2,2,0,100,0,0,2
2009-10-02,2,0,0,0,0,0,-61.9,2,2,2,2,2,2,2,2,2,2,2,2,5.25,2,2.57,0,0,0,0,2,2,0,100,0,0,2
2009-10-05,2,0,0,0,0,0,-61.9,2,2,2,2,2,2,2,2,2,2,2,2,5.25,2,2.55,0,0,0,0,2,2,0,100,0,0,2
2009-10-06,2,0,0,0,0,0,-61.9,2,2,2,2,2,2,2,2,2,2,2,2,5.25,2,2.54,0,0,0,0,2,2,0,100,0,0,2
2009-10-07,2,0,0,0,0,0,-61.9,2,2,2,2,2,2,2,2,2,2,2,2,5,2,2.53,0,0,0,0,2,2,0,100,0,0,2
2009-10-08,2,0,0,0,0,0,-60,2,2,2,2,2,2,2,2,2,2,2,2,5,2,2.52,0,0,0,0,2,2,0,100,0,0,2
2009-10-09,2,0,0,0,0,0,-60,2,2,2,2,2,2,2,2,2,2,2,2,5,2,2.5,0,0,0,0,2,2,0,100,0,0,2
2009-10-12,2,0,0,0,0,0,-60,2,2,2,2,2,2,2,2,2,2,2,2,5,2,2.49,0,0,0,0,2,2,0,100,0,0,2
2009-10-13,2,0,0,0,0,0,-60,2,2,2,2,2,2,2,2,2,2,2,2,5,2,2.48,0,0,0,0,2,2,0,100,0,0,2
2009-10-14,2,0,0,0,0,0,-60,2,2,2,2,2,2,2,2,2,2,2,2,5,2,2.47,0,0,0,0,2,2,0,100,0,0,2
2009-10-15,2,0,0,0,0,0,-60,2,2,2,2,2,2,2,2,2,2,2,2,5,2,2.46,0,0,0,0,2,2,0,100,0,0,2
2009-10-16,2,0,0,0,0,0,-60,2,2,2,2,2,2,2,2,2,2,2,2,5,2,2.45,0,0,0,0,2,2,0,100,0,0,2
2009-10-19,2,0,0,0,0,0,-60,2,2,2,2,2,2,2,2,2,2,2,2,5,2,2.44,0,0,0,0,2,2,0,100,0,0,2
2009-10-20,2,0,0,0,0,0,-60,2,2,2,2,2,2,2,2,2,2,2,2,5,2,2.42,0,0,0,0,2,2,0,100,0,0,2
2009-10-21,2,0,0,0,0,0,-60,2,2,2,2,2,2,2,2,2,2,2,2,5,2,2.41,0,0,0,0,2,2,0,100,0,0,2
2009-10-22,2,0,0,0,0,0,-60,2,2,2,2,2,2,2,2,2,2,2,2,5,2,2.4,0,0,0,0,2,2,0,100,0,0,2
2009-10-23,2,0,0,0,0,0,-60,2,2,2,2,2,2,2,2,2,2,2,2,4.25,2,2.39,0,0,0,0,2,2,0,100,0,0,2
2009-10-26,2,0,0,0,0,0,-52.94,2,2,2,2,2,2,2,2,2,2,2,2,4.25,2,2.38,0,0,0,0,2,2,0,100,0,0,2
2009-10-27,2,0,0,0,0,0,-52.94,2,2,2,2,2,2,2,2,2,2,2,2,4.25,2,2.37,0,0,0,0,2,2,0,100,0,0,2
2009-10-28,2,0,0,0,0,0,-52.94,2,2,2,2,2,2,2,2,2,2,2,2,4.25,2,2.36,0,0,0,0,2,2,0,100,0,0,2
2009-10-29,2,0,0,0,0,0,-52.94,2,2,2,2,2,2,2,2,2,2,2,2,4.25,2,2.35,0,0,0,0,2,2,0,100,0,0,2
2009-10-30,2,0,0,0,0,0,-52.94,2,2,2,2,2,2,2,2,2,2,2,2,4.25,2,2.35,0,0,0,0,2,2,0,100,0,0,2
2009-11-02,2,0,0,0,0,0,-52.94,2,2,2,2,2,2,2,2,2,2,2,2,4.25,2,2.34,0,0,0,0,2,2,0,100,0,0,2
2009-11-03,2,0,0,0,0,0,-52.94,2,2,2,2,2,2,2,2,2,2,2,2,4.25,2,2.33,0,0,0,0,2,2,0,100,0,0,2
2009-11-04,2,0,0,0,0,0,-52.94,2,2,2,2,2,2,2,2,2,2,2,2,4.25,2,2.32,0,0,0,0,2,2,0,100,0,0,2
2009-11-05,2,0,0,0,0,0,-52.94,2,2,2,2,2,2,2,2,2,2,2,2,4,2,2.31,0,0,0,0,2,2,0,100,0,0,2
2009-11-06,2,0,0,0,0,0,-50,2,2,2,2,2,2,2,2,2,2,2,2,4,2,2.3,0,0,0,0,2,2,0,100,0,0,2
2009-11-09,2,0,0,0,0,0,-50,2,2,2,2,2,2,2,2,2,2,2,2,4,2,2.3,0,0,0,0,2,2,0,100,0,0,2
2009-11-10,2,0,0,0,0,0,-50,2,2,2,2,2,2,2,2,2,2,2,2,4,2,2.29,0,0,0,0,2,2,0,100,0,0,2
2009-11-11,2,0,0,0,0,0,-50,2,2,2,2,2,2,2,2,2,2,2,2,4,2,2.28,0,0,0,0,2,2,0,100,0,0,2
2009-11-12,2,0,0,0,0,0,-50,2,2,2,2,2,2,2,2,2,2,2,2,4,2,2.27,0,0,0,0,2,2,0,100,0,0,2
2009-11-13,2,0,0,0,0,0,-50,2,2,2,2,2,2,2,2,2,2,2,2,4,2,2.27,0,0,0,0,2,2,0,100,0,0,2
2009-11-16,2,0,0,0,0,0,-50,2,2,2,2,2,2,2,2,2,2,2,2,4,2,2.26,0,0,0,0,2,2,0,100,0,0,2
2009-11-17,2,0,0,0,0,0,-50,2,2,2,2,2,2,2,2,2,2,2,2,4,2,2.25,0,0,0,0,2,2,0,100,0,0,2
2009-11-18,2,0,0,0,0,0,-50,2,2,2,2,2,2,2,2,2,2,2,2,4,2,2.24,0,0,0,0,2,2,0,100,0,0,2
2009-11-19,2,0,0,0,0,0,-50,2,2,2,2,2,2,2,2,2,2,2,2,4,2,2.23,0,0,0,0,2,2,0,100,0,0,2
2009-11-20,2,0,0,0,0,0,-50,2,2,2,2,2,2,2,2,2,2,2,2,4,2,2.23,0,0,0,0,2,2,0,100,0,0,2
2009-11-23,2,0,0,0,0,0,-50,2,2,2,2,2,2,2,2,2,2,2,2,4,2,2.22,0,0,0,0,2,2,0,100,0,0,2
2009-11-24,2,0,0,0,0,0,-50,2,2,2,2,2,2,2,2,2,2,2,2,4,2,2.21,0,0,0,0,2,2,0,100,0,0,2
2009-11-25,2,0,0,0,0,0,-50,2,2,2,2,2,2,2,2,2,2,2,2,4,2,2.2,0,0,0,0,2,2,0,100,0,0,2
2009-11-26,2,0,0,0,0,0,-50,2,2,2,2,2,2,2,2,2,2,2,2,4,2,2.2,0,0,0,0,2,2,0,100,0,0,2
2009-11-27,2,0,0,0,0,0,-50,2,2,2,2,2,2,2,2,2,2,2,2,4,2,2.19,0,0,0,0,2,2,0,100,0,0,2
2009-11-30,2,0,0,0,0,0,-50,2,2,2,2,2,2,2,2,2,2,2,2,4,2,2.18,0,0,0,0,2,2,0,100,0,0,2
2009-12-01,2,0,0,0,0,0,-50,2,2,2,2,2,2,2,2,2,2,2,2,4,2,2.17,0,0,0,0,2,2,0,100,0,0,2
2009-12-02,2,0,0,0,0,0,-50,2,2,2,2,2,2,2,2,2,2,2,2,4,2,2.17,0,0,0,0,2,2,0,100,0,0,2
2009-12-03,2,0,0,0,0,0,-50,2,2,2,2,2,2,2,2,2,2,2,2,4,2,2.16,0,0,0,0,2,2,0,100,0,0,2
2009-12-04,2,0,0,0,0,0,-50,2,2,2,2,2,2,2,2,2,2,2,2,4,2,2.15,0,0,0,0,2,2,0,100,0,0,2
2009-12-07,2,0,0,0,0,0,-50,2,2,2,2,2,2,2,2,2,2,2,2,4,2,2.14,0,0,0,0,2,2,0,100,0,0,2
2009-12-08,2,0,0,0,0,0,-50,2,2,2,2,2,2,2,2,2,2,2,2,4,2,2.13,0,0,0,0,2,2,0,100,0,0,2
2009-12-09,2,0,0,0,0,0,-50,2,2,2,2,2,2,2,2,2,2,2,2,3,2,2.13,0,0,0,0,2,2,0,100,0,0,2
2009-12-10,2,0,0,0,0,0,-33.33,2,2,2,2,2,2,2,2,2,2,2,2,3,2,2.12,0,0,0,0,2,2,0,100,0,0,2
2009-12-11,2,0,0,0,0,0,-33.33,2,2,2,2,2,2,2,2,2,2,2,2,3,2,2.12,0,0,0,0,2,2,0,100,0,0,2
2009-12-14,2,0,0,0,0,0,-33.33,2,2,2,2,2,2,2,2,2,2,2,2,3,2,2.12,0,0,0,0,2,2,0,100,0,0,2
2009-12-15,2,0,0,0,0,0,-33.33,2,2,2,2,2,2,2,2,2,2,2,2,3,2,2.11,0,0,0,0,2,2,0,100,0,0,2
2009-12-16,2,0,0,0,0,0,-33.33,2,2,2,2,2,2,2,2,2,2,2,2,3,2,2.11,0,0,0,0,2,2,0,100,0,0,2
2009-12-17,2,0,0,0,0,0,-33.33,2,2,2,2,2,2,2,2,2,2,2,2,3,2,2.1,0,0,0,0,2,2,0,100,0,0,2
2009-12-18,2,0,0,0,0,0,-33.33,2,2,2,2,2,2,2,2,2,2,2,2,3,2,2.1,0,0,0,0,2,2,0,100,0,0,2
2009-12-21,2,0,0,0,0,0,-33.33,2,2,2,2,2,2,2,2,2,2,2,2,3,2,2.1,0,0,0,0,2,2,0,100,0,0,2
2009-12-22,2,0,0,0,0,0,-33.33,2,2,2,2,2,2,2,2,2,2,2,2,3,2,2.09,0,0,0,0,2,2,0,100,0,0,2
2009-12-23,2,0,0,0,0,0,-33.33,2,2,2,2,2,2,2,2,2,2,2,2,3,2,2.09,0,0,0,0,2,2,0,100,0,0,2
2009-12-24,2,0,0,0,0,0,-33.33,2,2,2,2,2,2,2,2,2,2,2,2,3,2,2.08,0,0,0,0,2,2,0,100,0,0,2
2009-12-25,2,0,0,0,0,0,-33.33,2,2,2,2,2,2,2,2,2,2,2,2,3,2,2.08,0,0,0,0,2,2,0,100,0,0,2
2009-12-28,2,0,0,0,0,0,-33.33,2,2,2,2,2,2,2,2,2,2,2,2,3,2,2.08,0,0,0,0,2,2,0,100,0,0,2
2009-12-29,2,0,0,0,0,0,-33.33,2,2,2,2,2,2,2,2,2,2,2,2,3,2,2.07,0,0,0,0,2,2,0,100,0,0,2
2009-12-30,2,0,0,0,0,0,-33.33,2,2,2,2,2,2,2,2,2,2,2,2,3,2,2.07,0,0,0,0,2,2,0,100,0,0,2
2009-12-31,2,0,0,0,0,0,-33.33,2,2,2,2,2,2,2,2,2,2,2,2,3,2,2.07,0,0,0,0,2,2,0,100,0,0,2
2010-01-01,2,0,0,0,0,0,-33.33,2,2,2,2,2,2,2,2,2,2,2,2,3,2,2.06,0,0,0,0,2,2,0,100,0,0,2
2010-01-04,2,0,0,0,0,0,-33.33,2,2,2,2,2,2,2,2,2,2,2,2,3,2,2.06,0,0,0,0,2,2,0,100,0,0,2
2010-01-05,2,0,0,0,0,0,-33.33,2,2,2,2,2,2,2,2,2,2,2,2,3,2,2.05,0,0,0,0,2,2,0,100,0,0,2
2010-01-06,2,0,0,0,0,0,-33.33,2,2,2,2,2,2,2,2,2,2,2,2,3,2,2.05,0,0,0,0,2,2,0,100,0,0,2
2010-01-07,2,0,0,0,0,0,-33.33,2,2,2,2,2,2,2,2,2,2,2,2,2.5,2,2.05,0,0,0,0,2,2,0,100,0,0,2
2010-01-08,2,0,0,0,0,0,-20,2,2,2,2,2,2,2,2,2,2,2,2,2.5,2,2.04,0,0,0,0,2,2,0,100,0,0,2
2010-01-11,2,0,0,0,0,0,-20,2,2,2,2,2,2,2,2,2,2,2,2,2.5,2,2.04,0,0,0,0,2,2,0,100,0,0,2
2010-01-12,2,0,0,0,0,0,-20,2,2,2,2,2,2,2,2,2,2,2,2,2.5,2,2.04,0,0,0,0,2,2,0,100,0,0,2
2010-01-13,2,0,0,0,0,0,-20,2,2,2,2,2,2,2,2,2,2,2,2,2.5,2,2.04,0,0,0,0,2,2,0,100,0,0,2
2010-01-14,2,0,0,0,0,0,-20,2,2,2,2,2,2,2,2,2,2,2,2,2.5,2,2.04,0,0,0,0,2,2,0,100,0,0,2
2010-01-15,2,0,0,0,0,0,-20,2,2,2,2,2,2,2,2,2,2,2,2,2.5,2,2.03,0,0,0,0,2,2,0,100,0,0,2
2010-01-18,2,0,0,0,0,0,-20,2,2,2,2,2,2,2,2,2,2,2,2,2.5,2,2.03,0,0,0,0,2,2,0,100,0,0,2
2010-01-19,2,0,0,0,0,0,-20,2,2,2,2,2,2,2,2,2,2,2,2,2.5,2,2.03,0,0,0,0,2,2,0,100,0,0,2
2010-01-20,2,0,0,0,0,0,-20,2,2,2,2,2,2,2,2,2,2,2,2,2.5,2,2.03,0,0,0,0,2,2,0,100,0,0,2
2010-01-21,2,0,0,0,0,0,-20,2,2,2,2,2,2,2,2,2,2,2,2,2.5,2,2.03,0,0,0,0,2,2,0,100,0,0,2
2010-01-22,2,0,0,0,0,0,-20,2,2,2,2,2,2,2,2,2,2,2,2,2.5,2,2.03,0,0,0,0,2,2,0,100,0,0,2
2010-01-25,2,0,0,0,0,0,-20,2,2,2,2,2,2,2,2,2,2,2,2,2.5,2,2.02,0,0,0,0,2,2,0,100,0,0,2
2010-01-26,2,0,0,0,0,0,-20,2,2,2,2,2,2,2,2,2,2,2,2,2.5,2,2.02,0,0,0,0,2,2,0,100,0,0,2
2010-01-27,2,0,0,0,0,0,-20,2,2,2,2,2,2,2,2,2,2,2,2,2.5,2,2.02,0,0,0,0,2,2,0,100,0,0,2
2010-01-28,2,0,0,0,0,0,-20,2,2,2,2,2,2,2,2,2,2,2,2,2.5,2,2.02,0,0,0,0,2,2,0,100,0,0,2
2010-01-29,2,0,0,0,0,0,-20,2,2,2,2,2,2,2,2,2,2,2,2,2.5,2,2.02,0,0,0,0,2,2,0,100,0,0,2
2010-02-01,2,0,0,0,0,0,-20,2,2,2,2,2,2,2,2,2,2,2,2,2.5,2,2.01,0,0,0,0,2,2,0,100,0,0,2
2010-02-02,2,0,0,0,0,0,-20,2,2,2,2,2,2,2,2,2,2,2,2,2.5,2,2.01,0,0,0,0,2,2,0,100,0,0,2
2010-02-03,2,0,0,0,0,0,-20,2,2,2,2,2,2,2,2,2,2,2,2,2.5,2,2.01,0,0,0,0,2,2,0,100,0,0,2
2010-02-04,2,0,0,0,0,0,-20,2,2,2,2,2,2,2,2,2,2,2,2,2.5,2,2.01,0,0,0,0,2,2,0,100,0,0,2
2010-02-05,2,0,0,0,0,0,-20,2,2,2,2,2,2,2,2,2,2,2,2,2.5,2,2.01,0,0,0,0,2,2,0,100,0,0,2
2010-02-08,2,0,0,0,0,0,-20,2,2,2,2,2,2,2,2,2,2,2,2,2.5,2,2,0,0,0,0,2,2,0,100,0,0,2
2010-02-09,2,0,0,0,0,0,-20,2,2,2,2,2,2,2,2,2,2,2,2,2.5,2,2,0,0,0,0,2,2,0,100,0,0,2
2010-02-10,2,0,0,0,0,0,-20,2,2,2,2,2,2,2,2,2,2,2,2,2,2,2,0,0,0,0,2,2,0,100,0,0,2
2010-02-11,2,0,0,0,0,0,0,2,2,2,2,2,2,2,2,2,2,2,2,2,2,2,0,0,0,0,2,2,0,100,0,0,2
2010-02-12,2,0,0,0,0,0,0,2,2,2,2,2,2,2,2,2,2,2,2,2,2,2,0,0,0,0,2,2,0,100,0,0,2
2010-02-15,2,0,0,0,0,0,0,2,2,2,2,2,2,2,2,2,2,2,2,2,2,2,0,0,0,0,2,2,0,100,0,0,2
2010-02-16,2,0,0,0,0,0,0,2,2,2,2,2,2,2,2,2,2,2,2,2,2,2,0,0,0,0,2,2,0,100,0,0,2
2010-02-17,2,0,0,0,0,0,0,2,2,2,2,2,2,2,2,2,2,2,2,2,2,2,0,0,0,0,2,2,0,100,0,0,2
2010-02-18,2,0,0,0,0,0,0,2,2,2,2,2,2,2,2,2,2,2,2,2,2,2,0,0,0,0,2,2,0,100,0,0,2
2010-02-19,2,0,0,0,0,0,0,2,2,2,2,2,2,2,2,2,2,2,2,2,2,2,0,0,0,0,2,2,0,100,0,0,2
2010-02-22,2,0,0,0,0,0,0,2,2,2,2,2,2,2,2,2,2,2,2,2,2,2,0,0,0,0,2,2,0,100,0,0,2
2010-02-23,2,0,0,0,0,0,0,2,2,2,2,2,2,2,2,2,2,2,2,2,2,2,0,0,0,0,2,2,0,100,0,0,2
2010-02-24,2,0,0,0,0,0,0,2,2,2,2,2,2,2,2,2,2,2,2,2,2,2,0,0,0,0,2,2,0,100,0,0,2
2010-02-25,2,0,0,0,0,0,0,2,2,2,2,2,2,2,2,2,2,2,2,2,2,2,0,0,0,0,2,2,0,100,0,0,2
2010-02-26,2,0,0,0,0,0,0,2,2,2,2,2,2,2,2,2,2,2,2,2,2,2,0,0,0,0,2,2,0,100,0,0,2
2010-03-01,2,0,0,0,0,0,0,2,2,2,2,2,2,2,2,2,2,2,2,2,2,2,0,0,0,0,2,2,0,100,0,0,2
2010-03-02,2,0,0,0,0,0,0,2,2,2,2,2,2,2,2,2,2,2,2,2,2,2,0,0,0,0,2,2,0,100,0,0,2
2010-03-03,2,0,0,0,0,0,0,2,2,2,2,2,2,2,2,2,2,2,2,2,2,2,0,0,0,0,2,2,0,100,0,0,2
2010-03-04,2,0,0,0,0,0,0,2,2,2,2,2,2,2,2,2,2,2,2,2,2,2,0,0,0,0,2,2,0,100,0,0,2
2010-03-05,2,0,0,0,0,0,0,2,2,2,2,2,2,2,2,2,2,2,2,2,2,2,0,0,0,0,2,2,0,100,0,0,2
2010-03-08,2,0,0,0,0,0,0,2,2,2,2,2,2,2,2,2,2,2,2,2,2,2,0,0,0,0,2,2,0,100,0,0,2
2010-03-09,2,0,0,0,0,0,0,2,2,2,2,2,2,2,2,2,2,2,2,2,2,2,0,0,0,0,2,2,0,100,0,0,2
2010-03-10,2,0,0,0,0,0,0,2,2,2,2,2,2,2,2,2,2,2,2,2,2,2,0,0,0,0,2,2,0,100,0,0,2
2010-03-11,2,0,0,0,0,0,0,2,2,2,2,2,2,2,2,2,2,2,2,2,2,2,0,0,0,0,2,2,0,100,0,0,2
2010-03-12,2,0,0,0,0,0,0,2,2,2,2,2,2,2,2,2,2,2,2,2,2,2,0,0,0,0,2,2,0,100,0,0,2
2010-03-15,2,0,0,0,0,0,0,2,2,2,2,2,2,2,2,2,2,2,2,2,2,2,0,0,0,0,2,2,0,100,0,0,2
2010-03-16,2,0,0,0,0,0,0,2,2,2,2,2,2,2,2,2,2,2,2,2,2,2,0,0,0,0,2,2,0,100,0,0,2
2010-03-17,2,0,0,0,0,0,0,2,2,2,2,2,2,2,2,2,2,2,2,2,2,2,0,0,0,0,2,2,0,100,0,0,2
2010-03-18,2,0,0,0,0,0,0,2,2,2,2,2,2,2,2,2,2,2,2,2,2,2,0,0,0,0,2,2,0,100,0,0,2
2010-03-19,2,0,0,0,0,0,0,2,2,2,2,2,2,2,2,2,2,2,2,2,2,2,0,0,0,0,2,2,0,100,0,0,2
2010-03-22,2,0,0,0,0,0,0,2,2,2,2,2,2,2,2,2,2,2,2,2,2,2,0,0,0,0,2,2,0,100,0,0,2
2010-03-23,2,0,0,0,0,0,0,2,2,2,2,2,2,2,2,2,2,2,2,2,2,2,0,0,0,0,2,2,0,100,0,0,2
2010-03-24,2,0,0,0,0,0,0,2,2,2,2,2,2,2,2,2,2,2,2,2,2,2,0,0,0,0,2,2,0,100,0,0,2
2010-03-25,2,0,0,0,0,0,0,2,2,2,2,2,2,2,2,2,2,2,2,2,2,2,0,0,0,0,2,2,0,100,0,0,2
2010-03-26,2,0,0,0,0,0,0,2,2,2,2,2,2,2,2,2,2,2,2,2,2,2,0,0,0,0,2,2,0,100,0,0,2
2010-03-29,2,0,0,0,0,0,0,2,2,2,2,2,2,2,2,2,2,2,2,2,2,2,0,0,0,0,2,2,0,100,0,0,2
2010-03-30,2,0,0,0,0,0,0,2,2,2,2,2,2,2,2,2,2,2,2,2,2,2,0,0,0,0,2,2,0,100,0,0,2
2010-03-31,2,0,0,0,0,0,0,2,2,2,2,2,2,2,2,2,2,2,2,2,2,2,0,0,0,0,2,2,0,100,0,0,2
2010-04-01,2,0,0,0,0,0,0,2,2,2,2,2,2,2,2,2,2,2,2,2,2,2,0,0,0,0,2,2,0,100,0,0,2
2010-04-02,2,0,0,0,0,0,0,2,2,2,2,2,2,2,2,2,2,2,2,2,2,2,0,0,0,0,2,2,0,100,0,0,2
2010-04-05,2,0,0,0,0,0,0,2,2,2,2,2,2,2,2,2,2,2,2,2,2,2,0,0,0,0,2,2,0,100,0,0,2
2010-04-06,2,0,0,0,0,0,0,2,2,2,2,2,2,2,2,2,2,2,2,2,2,2,0,0,0,0,2,2,0,100,0,0,2
2010-04-07,2,0,0,0,0,0,0,2,2,2,2,2,2,2,2,2,2,2,2,2,2,2,0,0,0,0,2,2,0,100,0,0,2
2010-04-08,2,0,0,0,0,0,0,2,2,2,2,2,2,2,2,2,2,2,2,2,2,2,0,0,0,0,2,2,0,100,0,0,2
2010-04-09,2,0,0,0,0,0,0,2,2,2,2,2,2,2,2,2,2,2,2,2,2,2,0,0,0,0,2,2,0,100,0,0,2
2010-04-12,2,0,0,0,0,0,0,2,2,2,2,2,2,2,2,2,2,2,2,2,2,2,0,0,0,0,2,2,0,100,0,0,2
2010-04-13,2,0,0,0,0,0,0,2,2,2,2,2,2,2,2,2,2,2,2,2,2,2,0,0,0,0,2,2,0,100,0,0,2
2010-04-14,2,0,0,0,0,0,0,2,2,2,2,2,2,2,2,2,2,2,2,2,2,2,0,0,0,0,2,2,0,100,0,0,2
2010-04-15,2,0,0,0,0,0,0,2,2,2,2,2,2,2,2,2,2,2,2,2,2,2,0,0,0,0,2,2,0,100,0,0,2
2010-04-16,2,0,0,0,0,0,0,2,2,2,2,2,2,2,2,2,2,2,2,2,2,2,0,0,0,0,2,2,0,100,0,0,2
2010-04-19,2,0,0,0,0,0,0,2,2,2,2,2,2,2,2,2,2,2,2,2,2,2,0,0,0,0,2,2,0,100,0,0,2
2010-04-20,2,0,0,0,0,0,0,2,2,2,2,2,2,2,2,2,2,2,2,2,2,2,0,0,0,0,2,2,0,100,0,0,2
2010-04-21,2,0,0,0,0,0,0,2,2,2,2,2,2,2,2,2,2,2,2,2,2,2,0,0,0,0,2,2,0,100,0,0,2
2010-04-22,2,0,0,0,0,0,0,2,2,2,2,2,2,2,2,2,2,2,2,2,2,2,0,0,0,0,2,2,0,100,0,0,2
2010-04-23,2,0,0,0,0,0,0,2,2,2,2,2,2,2,2,2,2,2,2,2,2,2,0,0,0,0,2,2,0,100,0,0,2
2010-04-26,2,0,0,0,0,0,0,2,2,2,2,2,2,2,2,2,2,2,2,2,2,2,0,0,0,0,2,2,0,100,0,0,2
2010-04-27,2,0,0,0,0,0,0,2,2,2,2,2,2,2,2,2,2,2,2,2,2,2,0,0,0,0,2,2,0,100,0,0,2
2010-04-28,2,0,0,0,0,0,0,2,2,2,2,2,2,2,2,2,2,2,2,2,2,2,0,0,0,0,2,2,0,100,0,0,2
2010-04-29,2,0,0,0,0,0,0,2,2,2,2,2,2,2,2,2,2,2,2,2,2,2,0,0,0,0,2,2,0,100,0,0,2
2010-04-30,2,0,0,0,0,0,0,2,2,2,2,2,2,2,2,2,2,2,2,2,2,2,0,0,0,0,2,2,0,100,0,0,2
2010-05-03,2,0,0,0,0,0,0,2,2,2,2,2,2,2,2,2,2,2,2,2,2,2,0,0,0,0,2,2,0,100,0,0,2
2010-05-04,2,0,0,0,0,0,0,2,2,2,2,2,2,2,2,2,2,2,2,2,2,2,0,0,0,0,2,2,0,100,0,0,2
2010-05-05,2,0,0,0,0,0,0,2,2,2,2,2,2,2,2,2,2,2,2,2,2,2,0,0,0,0,2,2,0,100,0,0,2
2010-05-06,2,0,0,0,0,0,0,2,2,2,2,2,2,2,2,2,2,2,2,2,2,2,0,0,0,0,2,2,0,100,0,0,2
2010-05-07,2,0,0,0,0,0,0,2,2,2,2,2,2,2,2,2,2,2,2,2,2,2,0,0,0,0,2,2,0,100,0,0,2
2010-05-10,2,0,0,0,0,0,0,2,2,2,2,2,2,2,2,2,2,2,2,2,2,2,0,0,0,0,2,2,0,100,0,0,2
2010-05-11,2,0,0,0,0,0,0,2,2,2,2,2,2,2,2,2,2,2,2,2,2,2,0,0,0,0,2,2,0,100,0,0,2
2010-05-12,2,0,0,0,0,0,0,2,2,2,2,2,2,2,2,2,2,2,2,2,2,2,0,0,0,0,2,2,0,100,0,0,2
2010-05-13,2,0,0,0,0,0,0,2,2,2,2,2,2,2,2,2,2,2,2,2,2,2,0,0,0,0,2,2,0,100,0,0,2
2010-05-14,2,0,0,0,0,0,0,2,2,2,2,2,2,2,2,2,2,2,2,2,2,2,0,0,0,0,2,2,0,100,0,0,2
2010-05-17,2,0,0,0,0,0,0,2,2,2,2,2,2,2,2,2,2,2,2,2,2,2,0,0,0,0,2,2,0,100,0,0,2
2010-05-18,2,0,0,0,0,0,0,2,2,2,2,2,2,2,2,2,2,2,2,2,2,2,0,0,0,0,2,2,0,100,0,0,2
2010-05-19,2,0,0,0,0,0,0,2,2,2,2,2,2,2,2,2,2,2,2,2,2,2,0,0,0,0,2,2,0,100,0,0,2
2010-05-20,2,0,0,0,0,0,0,2,2,2,2,2,2,2,2,2,2,2,2,2,2,2,0,0,0,0,2,2,0,100,0,0,2
2010-05-21,2,0,0,0,0,0,0,2,2,2,2,2,2,2,2,2,2,2,2,2,2,2,0,0,0,0,2,2,0,100,0,0,2
2010-05-24,2,0,0,0,0,0,0,2,2,2,2,2,2,2,2,2,2,2,2,2,2,2,0,0,0,0,2,2,0,100,0,0,2
2010-05-25,2,0,0,0,0,0,0,2,2,2,2,2,2,2,2,2,2,2,2,2,2,2,0,0,0,0,2,2,0,100,0,0,2
2010-05-26,2,0,0,0,0,0,0,2,2,2,2,2,2,2,2,2,2,2,2,2,2,2,0,0,0,0,2,2,0,100,0,0,2
2010-05-27,2,0,0,0,0,0,0,2,2,2,2,2,2,2,2,2,2,2,2,2,2,2,0,0,0,0,2,2,0,100,0,0,2
2010-05-28,2,0,0,0,0,0,0,2,2,2,2,2,2,2,2,2,2,2,2,2,2,2,0,0,0,0,2,2,0,100,0,0,2
2010-05-31,2,0,0,0,0,0,0,2,2,2,2,2,2,2,2,2,2,2,2,2,2,2,0,0,0,0,2,2,0,100,0,0,2
2010-06-01,2,0,0,0,0,0,0,2,2,2,2,2,2,2,2,2,2,2,2,2,2,2,0,0,0,0,2,2,0,100,0,0,2
2010-06-02,2,0,0,0,0,0,0,2,2,2,2,2,2,2,2,2,2,2,2,2,2,2,0,0,0,0,2,2,0,100,0,0,2
2010-06-03,2,0,0,0,0,0,0,2,2,2,2,2,2,2,2,2,2,2,2,2,2,2,0,0,0,0,2,2,0,100,0,0,2
2010-06-04,2,0,0,0,0,0,0,2,2,2,2,2,2,2,2,2,2,2,2,2,2,2,0,0,0,0,2,2,0,100,0,0,2
2010-06-07,2,0,0,0,0,0,0,2,2,2,2,2,2,2,2,2,2,2,2,2,2,2,0,0,0,0,2,2,0,100,0,0,2
2010-06-08,2,0,0,0,0,0,0,2,2,2,2,2,2,2,2,2,2,2,2,2,2,2,0,0,0,0,2,2,0,100,0,0,2
2010-06-09,2,0,0,0,0,0,0,2,2,2,2,2,2,2,2,2,2,2,2,2,2,2,0,0,0,0,2,2,0,100,0,0,2
2010-06-10,2,0,0,0,0,0,0,2,2,2,2,2,2,2,2,2,2,2,2,2,2,2,0,0,0,0,2,2,0,100,0,0,2
2010-06-11,2,0,0,0,0,0,0,2,2,2,2,2,2,2,2,2,2,2,2,2,2,2,0,0,0,0,2,2,0,100,0,0,2
2010-06-14,2,0,0,0,0,0,0,2,2,2,2,2,2,2,2,2,2,2,2,2,2,2,0,0,0,0,2,2,0,100,0,0,2
2010-06-15,2,0,0,0,0,0,0,2,2,2,2,2,2,2,2,2,2,2,2,2,2,2,0,0,0,0,2,2,0,100,0,0,2
2010-06-16,2,0,0,0,0,0,0,2,2,2,2,2,2,2,2,2,2,2,2,2,2,2,0,0,0,0,2,2,0,100,0,0,2
2010-06-17,2,0,0,0,0,0,0,2,2,2,2,2,2,2,2,2,2,2,2,2,2,2,0,0,0,0,2,2,0,100,0,0,2
2010-06-18,2,0,0,0,0,0,0,2,2,2,2,2,2,2,2,2,2,2,2,2,2,2,0,0,0,0,2,2,0,100,0,0,2
2010-06-21,2,0,0,0,0,0,0,2,2,2,2,2,2,2,2,2,2,2,2,2,2,2,0,0,0,0,2,2,0,100,0,0,2
2010-06-22,2,0,0,0,0,0,0,2,2,2,2,2,2,2,2,2,2,2,2,2,2,2,0,0,0,0,2,2,0,100,0,0,2
2010-06-23,2,0,0,0,0,0,0,2,2,2,2,2,2,2,2,2,2,2,2,2,2,2,0,0,0,0,2,2,0,100,0,0,2
2010-06-24,2,0,0,0,0,0,0,2,2,2,2,2,2,2,2,2,2,2,2,2,2,2,0,0,0,0,2,2,0,100,0,0,2
2010-06-25,2,0,0,0,0,0,0,2,2,2,2,2,2,2,2,2,2,2,2,2,2,2,0,0,0,0,2,2,0,100,0,0,2
2010-06-28,2,0,0,0,0,0,0,2,2,2,2,2,2,2,2,2,2,2,2,2,2,2,0,0,0,0,2,2,0,100,0,0,2
2010-06-29,2,0,0,0,0,0,0,2,2,2,2,2,2,2,2,2,2,2,2,2,2,2,0,0,0,0,2,2,0,100,0,0,2
2010-06-30,2,0,0,0,0,0,0,2,2,2,2,2,2,2,2,2,2,2,2,2,2,2,0,0,0,0,2,2,0,100,0,0,2
2010-07-01,2,0,0,0,0,0,0,2,2,2,2,2,2,2,2,2,2,2,2,2,2,2,0,0,0,0,2,2,0,100,0,0,2
2010-07-02,2,0,0,0,0,0,0,2,2,2,2,2,2,2,2,2,2,2,2,2,2,2,0,0,0,0,2,2,0,100,0,0,2
2010-07-05,2,0,0,0,0,0,0,2,2,2,2,2,2,2,2,2,2,2,2,2,2,2,0,0,0,0,2,2,0,100,0,0,2
2010-07-06,2,0,0,0,0,0,0,2,2,2,2,2,2,2,2,2,2,2,2,2,2,2,0,0,0,0,2,2,0,100,0,0,2
2010-07-07,2,0,0,0,0,0,0,2,2,2,2,2,2,2,2,2,2,2,2,2,2,2,0,0,0,0,2,2,0,100,0,0,2
2010-07-08,2,0,0,0,0,0,0,2,2,2,2,2,2,2,2,2,2,2,2,2,2,2,0,0,0,0,2,2,0,100,0,0,2
2010-07-09,2.25,12.5,12.5,12.5,12.5,12.5,12.5,2.25,2,2.05,2.25,2,2.01,2.25,2,2,2.25,2,2,2.25,2,2,0,0.011217949,0.001246439,0.00997151,2.124303399,1.900696601,1,100.2959041,0.416425916,0.111108968,2.25
2010-07-12,2.25,0,12.5,12.5,12.5,12.5,12.5,2.25,2,2.1,2.25,2,2.03,2.25,2,2.01,2.25,2,2,2.25,2,2,0,0.022435897,0.003739316,0.018696581,2.178896753,1.871103247,1,100.5742666,0.416425916,0.151996793,2.25
2010-07-13,2.25,0,12.5,12.5,12.5,12.5,12.5,2.25,2,2.15,2.25,2,2.04,2.25,2,2.01,2.25,2,2.01,2.25,2,2,0,0.033653846,0.007478632,0.026175214,2.220673774,1.854326226,1,100.8351376,0.416425916,0.179802478,2.25
2010-07-14,2.25,0,12.5,12.5,12.5,12.5,12.5,2.25,2,2.2,2.25,2,2.05,2.25,2,2.02,2.25,2,2.01,2.25,2,2,0,0.044871795,0.012464387,0.032407407,2.25519567,1.84480433,1,101.0785824,0.416425916,0.200190898,2.25
2010-07-15,2.25,0,12.5,12.5,12.5,12.5,12.5,2.25,2.25,2.25,2.25,2,2.06,2.25,2,2.02,2.25,2,2.01,2.25,2,2,0,0.056089744,0.018696581,0.037393162,2.284630829,1.840369171,1,101.3046815,0.416425916,0.215399592,2.25
2010-07-16,2.25,0,0,12.5,12.5,12.5,12.5,2.25,2.25,2.25,2.25,2,2.08,2.25,2,2.02,2.25,2,2.01,2.25,2,2.01,0,0.067307692,0.026175214,0.041132479,2.310081173,1.839918827,1,101.51353,0.416425916,0.226584263,2.25
2010-07-19,2.25,0,0,12.5,12.5,12.5,12.5,2.25,2.25,2.25,2.25,2,2.09,2.25,2,2.03,2.25,2,2.01,2.25,2,2.01,0,0.078525641,0.034900285,0.043625356,2.332180242,1.842819758,1,101.7052375,0.416425916,0.234424184,2.25
2010-07-20,2.25,0,0,12.5,12.5,12.5,12.5,2.25,2.25,2.25,2.25,2,2.1,2.25,2,2.03,2.25,2,2.02,2.25,2,2.01,0,0.08974359,0.044871795,0.044871795,2.351312345,1.848687655,1,101.8799272,0.416425916,0.23934509,2.25
2010-07-21,2.25,0,0,12.5,12.5,12.5,12.5,2.25,2.25,2.25,2.25,2,2.11,2.25,2,2.03,2.25,2,2.02,2.25,2,2.01,0,0.100961538,0.056089744,0.044871795,2.367708893,1.857291107,1,102.0377358,0.416425916,0.241617887,2.25
2010-07-22,2.25,0,0,12.5,12.5,12.5,12.5,2.25,2.25,2.25,2.25,2,2.13,2.25,2,2.04,2.25,2,2.02,2.25,2,2.01,0,0.112179487,0.067307692,0.044871795,2.381494588,1.868505412,1,102.1788129,0.416425916,0.241406671,2.25
2010-07-23,2.25,0,0,12.5,12.5,12.5,12.5,2.25,2.25,2.25,2.25,2,2.14,2.25,2,2.04,2.25,2,2.02,2.25,2,2.01,0,0.123397436,0.078525641,0.044871795,2.392708893,1.882291107,1,102.3033204,0.416425916,0.238791946,2.25
2010-07-26,2.25,0,0,12.5,12.5,12.5,12.5,2.25,2.25,2.25,2.25,2,2.15,2.25,2,2.05,2.25,2,2.02,2.25,2,2.01,0,0.134615385,0.08974359,0.044871795,2.401312345,1.898687655,1,102.411432,0.416425916,0.233778926,2.25
2010-07-27,2.25,0,0,12.5,12.5,12.5,12.5,2.25,2.25,2.25,2.25,2,2.16,2.25,2,2.05,2.25,2,2.03,2.25,2,2.01,0,0.125,0.098646724,0.026353276,2.407180242,1.917819758,1,102.5033328,0.416425916,0.226293866,2.25
2010-07-28,2.25,0,0,12.5,12.5,12.5,12.5,2.25,2.25,2.25,2.25,2,2.18,2.25,2,2.05,2.25,2,2.03,2.25,2,2.01,0,0.115384615,0.105235043,0.010149573,2.410081173,1.939918827,1,102.5792189,0.416425916,0.216166596,2.25
2010-07-29,2.25,0,0,12.5,12.5,12.5,12.5,2.25,2.25,2.25,2.25,2,2.19,2.25,2,2.06,2.25,2,2.03,2.25,2,2.01,0,0.105769231,0.109508547,-0.003739316,2.409630829,1.965369171,1,102.6392962,0.416425916,0.203091044,2.25
2010-07-30,2.25,0,0,12.5,12.5,12.5,12.5,2.25,2.25,2.25,2.25,2,2.2,2.25,2,2.06,2.25,2,2.03,2.25,2,2.02,0,0.096153846,0.111467236,-0.01531339,2.40519567,1.99480433,1,102.6837806,0.416425916,0.186541519,2.25
2010-08-02,2.25,0,0,12.5,12.5,12.5,12.5,2.25,2.25,2.25,2.25,2,2.21,2.25,2,2.07,2.25,2,2.03,2.25,2,2.02,0,0.086538462,0.111111111,-0.02457265,2.395673774,2.029326226,1,102.7128971,0.416425916,0.165580813,2.25
2010-08-03,2.25,0,0,12.5,12.5,12.5,12.5,2.25,2.25,2.25,2.25,2,2.23,2.25,2,2.07,2.25,2,2.03,2.25,2,2.02,0,0.076923077,0.108440171,-0.031517094,2.378896753,2.071103247,1,102.7268792,0.416425916,0.13833416,2.25
2010-08-04,2.25,0,0,12.5,12.5,12.5,12.5,2.25,2.25,2.25,2.25,2,2.24,2.25,2,2.07,2.25,2,2.04,2.25,2,2.02,0,0.067307692,0.103454416,-0.036146724,2.349303399,2.125696601,1,102.7259684,0.416425916,0.099935999,2.25
2010-08-05,2.25,0,0,12.5,12.5,12.5,12.5,2.25,2.25,2.25,2.25,2.25,2.25,2.25,2,2.08,2.25,2,2.04,2.25,2,2.02,0,0.057692308,0.096153846,-0.038461538,2.25,2.25,0,102.7104137,0.416425916,0,2.25
2010-08-06,2.25,0,0,0,12.5,12.5,12.5,2.25,2.25,2.25,2.25,2.25,2.25,2.25,2,2.08,2.25,2,2.04,2.25,2,2.02,0,0.048076923,0.086538462,-0.038461538,2.25,2.25,0,102.4327785,0,0,2.25
2010-08-09,2.25,0,0,0,12.5,12.5,12.5,2.25,2.25,2.25,2.25,2.25,2.25,2.25,2,2.08,2.25,2,2.04,2.25,2,2.02,0,0.038461538,0.076923077,-0.038461538,2.25,2.25,0,102.1711367,0,0,2.25
2010-08-10,2.25,0,0,0,12.5,12.5,12.5,2.25,2.25,2.25,2.25,2.25,2.25,2.25,2,2.09,2.25,2,2.04,2.25,2,2.02,0,0.028846154,0.067307692,-0.038461538,2.25,2.25,0,101.9252548,0,0,2.25
2010-08-11,2.25,0,0,0,12.5,12.5,12.5,2.25,2.25,2.25,2.25,2.25,2.25,2.25,2,2.09,2.25,2,2.05,2.25,2,2.02,0,0.019230769,0.057692308,-0.038461538,2.25,2.25,0,101.6949153,0,0,2.25
2010-08-12,2.25,0,0,0,12.5,12.5,12.5,2.25,2.25,2.25,2.25,2.25,2.25,2.25,2,2.1,2.25,2,2.05,2.25,2,2.02,0,0.009615385,0.048076923,-0.038461538,2.25,2.25,0,101.4799154,0,0,2.25
2010-08-13,2.25,0,0,0,12.5,12.5,12.5,2.25,2.25,2.25,2.25,2.25,2.25,2.25,2,2.1,2.25,2,2.05,2.25,2,2.03,0,0,0.038461538,-0.038461538,2.25,2.25,0,101.2800675,0,0,2.25
2010-08-16,2.25,0,0,0,12.5,12.5,12.5,2.25,2.25,2.25,2.25,2.25,2.25,2.25,2,2.1,2.25,2,2.05,2.25,2,2.03,0,0,0.02991453,-0.02991453,2.25,2.25,0,101.095198,0,0,2.25
2010-08-17,2.25,0,0,0,12.5,12.5,12.5,2.25,2.25,2.25,2.25,2.25,2.25,2.25,2,2.11,2.25,2,2.05,2.25,2,2.03,0,0,0.022435897,-0.022435897,2.25,2.25,0,100.9251472,0,0,2.25
2010-08-18,2.25,0,0,0,12.5,12.5,12.5,2.25,2.25,2.25,2.25,2.25,2.25,2.25,2,2.11,2.25,2,2.06,2.25,2,2.03,0,0,0.016025641,-0.016025641,2.25,2.25,0,100.7697691,0,0,2.25
2010-08-19,2.25,0,0,0,12.5,12.5,12.5,2.25,2.25,2.25,2.25,2.25,2.25,2.25,2,2.12,2.25,2,2.06,2.25,2,2.03,0,0,0.010683761,-0.010683761,2.25,2.25,0,100.6289308,0,0,2.25
2010-08-20,2.25,0,0,0,12.5,12.5,12.5,2.25,2.25,2.25,2.25,2.25,2.25,2.25,2,2.12,2.25,2,2.06,2.25,2,2.03,0,0,0.006410256,-0.006410256,2.25,2.25,0,100.5025126,0,0,2.25
2010-08-23,2.25,0,0,0,12.5,12.5,12.5,2.25,2.25,2.25,2.25,2.25,2.25,2.25,2,2.12,2.25,2,2.06,2.25,2,2.03,0,0,0.003205128,-0.003205128,2.25,2.25,0,100.3904071,0,0,2.25
2010-08-24,2.25,0,0,0,12.5,12.5,12.5,2.25,2.25,2.25,2.25,2.25,2.25,2.25,2,2.13,2.25,2,2.06,2.25,2,2.03,0,0,0.001068376,-0.001068376,2.25,2.25,0,100.2925198,0,0,2.25
2010-08-25,2.25,0,0,0,12.5,12.5,12.5,2.25,2.25,2.25,2.25,2.25,2.25,2.25,2,2.13,2.25,2,2.07,2.25,2,2.03,0,0,0,0,2.25,2.25,0,100.2087683,0,0,2.25
2010-08-26,2.25,0,0,0,12.5,12.5,12.5,2.25,2.25,2.25,2.25,2.25,2.25,2.25,2,2.13,2.25,2,2.07,2.25,2,2.03,0,0,0,0,2.25,2.25,0,100.1390821,0,0,2.25
2010-08-27,2.25,0,0,0,12.5,12.5,12.5,2.25,2.25,2.25,2.25,2.25,2.25,2.25,2,2.14,2.25,2,2.07,2.25,2,2.03,0,0,0,0,2.25,2.25,0,100.0834028,0,0,2.25
2010-08-30,2.25,0,0,0,12.5,12.5,12.5,2.25,2.25,2.25,2.25,2.25,2.25,2.25,2,2.14,2.25,2,2.07,2.25,2,2.04,0,0,0,0,2.25,2.25,0,100.041684,0,0,2.25
2010-08-31,2.25,0,0,0,12.5,12.5,12.5,2.25,2.25,2.25,2.25,2.25,2.25,2.25,2,2.15,2.25,2,2.07,2.25,2,2.04,0,0,0,0,2.25,2.25,0,100.0138908,0,0,2.25
2010-09-01,2.25,0,0,0,12.5,12.5,12.5,2.25,2.25,2.25,2.25,2.25,2.25,2.25,2,2.15,2.25,2,2.08,2.25,2,2.04,0,0,0,0,2.25,2.25,0,100,0,0,2.25
2010-09-02,2.25,0,0,0,12.5,12.5,12.5,2.25,2.25,2.25,2.25,2.25,2.25,2.25,2,2.15,2.25,2,2.08,2.25,2,2.04,0,0,0,0,2.25,2.25,0,100,0,0,2.25
2010-09-03,2.25,0,0,0,12.5,12.5,12.5,2.25,2.25,2.25,2.25,2.25,2.25,2.25,2,2.16,2.25,2,2.08,2.25,2,2.04,0,0,0,0,2.25,2.25,0,100,0,0,2.25
2010-09-06,2.25,0,0,0,12.5,12.5,12.5,2.25,2.25,2.25,2.25,2.25,2.25,2.25,2,2.16,2.25,2,2.08,2.25,2,2.04,0,0,0,0,2.25,2.25,0,100,0,0,2.25
2010-09-07,2.25,0,0,0,12.5,12.5,12.5,2.25,2.25,2.25,2.25,2.25,2.25,2.25,2,2.17,2.25,2,2.08,2.25,2,2.04,0,0,0,0,2.25,2.25,0,100,0,0,2.25
2010-09-08,2.25,0,0,0,12.5,12.5,12.5,2.25,2.25,2.25,2.25,2.25,2.25,2.25,2,2.17,2.25,2,2.08,2.25,2,2.04,0,0,0,0,2.25,2.25,0,100,0,0,2.25
2010-09-09,2.25,0,0,0,12.5,12.5,12.5,2.25,2.25,2.25,2.25,2.25,2.25,2.25,2,2.17,2.25,2,2.09,2.25,2,2.04,0,0,0,0,2.25,2.25,0,100,0,0,2.25
2010-09-10,2.25,0,0,0,12.5,12.5,12.5,2.25,2.25,2.25,2.25,2.25,2.25,2.25,2,2.18,2.25,2,2.09,2.25,2,2.04,0,0,0,0,2.25,2.25,0,100,0,0,2.25
2010-09-13,2.25,0,0,0,12.5,12.5,12.5,2.25,2.25,2.25,2.25,2.25,2.25,2.25,2,2.18,2.25,2,2.09,2.25,2,2.05,0,0,0,0,2.25,2.25,0,100,0,0,2.25
2010-09-14,2.25,0,0,0,12.5,12.5,12.5,2.25,2.25,2.25,2.25,2.25,2.25,2.25,2,2.18,2.25,2,2.09,2.25,2,2.05,0,0,0,0,2.25,2.25,0,100,0,0,2.25
2010-09-15,2.25,0,0,0,12.5,12.5,12.5,2.25,2.25,2.25,2.25,2.25,2.25,2.25,2,2.19,2.25,2,2.09,2.25,2,2.05,0,0,0,0,2.25,2.25,0,100,0,0,2.25
2010-09-16,2.25,0,0,0,12.5,12.5,12.5,2.25,2.25,2.25,2.25,2.25,2.25,2.25,2,2.19,2.25,2,2.1,2.25,2,2.05,0,0,0,0,2.25,2.25,0,100,0,0,2.25
2010-09-17,2.25,0,0,0,12.5,12.5,12.5,2.25,2.25,2.25,2.25,2.25,2.25,2.25,2,2.2,2.25,2,2.1,2.25,2,2.05,0,0,0,0,2.25,2.25,0,100,0,0,2.25
2010-09-20,2.25,0,0,0,12.5,12.5,12.5,2.25,2.25,2.25,2.25,2.25,2.25,2.25,2,2.2,2.25,2,2.1,2.25,2,2.05,0,0,0,0,2.25,2.25,0,100,0,0,2.25
2010-09-21,2.25,0,0,0,12.5,12.5,12.5,2.25,2.25,2.25,2.25,2.25,2.25,2.25,2,2.2,2.25,2,2.1,2.25,2,2.05,0,0,0,0,2.25,2.25,0,100,0,0,2.25
2010-09-22,2.25,0,0,0,12.5,12.5,12.5,2.25,2.25,2.25,2.25,2.25,2.25,2.25,2,2.21,2.25,2,2.1,2.25,2,2.05,0,0,0,0,2.25,2.25,0,100,0,0,2.25
2010-09-23,2.25,0,0,0,12.5,12.5,12.5,2.25,2.25,2.25,2.25,2.25,2.25,2.25,2,2.21,2.25,2,2.11,2.25,2,2.05,0,0,0,0,2.25,2.25,0,100,0,0,2.25
2010-09-24,2.25,0,0,0,12.5,12.5,12.5,2.25,2.25,2.25,2.25,2.25,2.25,2.25,2,2.22,2.25,2,2.11,2.25,2,2.05,0,0,0,0,2.25,2.25,0,100,0,0,2.25
2010-09-27,2.25,0,0,0,12.5,12.5,12.5,2.25,2.25,2.25,2.25,2.25,2.25,2.25,2,2.22,2.25,2,2.11,2.25,2,2.05,0,0,0,0,2.25,2.25,0,100,0,0,2.25
2010-09-28,2.25,0,0,0,12.5,12.5,12.5,2.25,2.25,2.25,2.25,2.25,2.25,2.25,2,2.22,2.25,2,2.11,2.25,2,2.06,0,0,0,0,2.25,2.25,0,100,0,0,2.25
2010-09-29,2.25,0,0,0,12.5,12.5,12.5,2.25,2.25,2.25,2.25,2.25,2.25,2.25,2,2.23,2.25,2,2.11,2.25,2,2.06,0,0,0,0,2.25,2.25,0,100,0,0,2.25
2010-09-30,2.25,0,0,0,12.5,12.5,12.5,2.25,2.25,2.25,2.25,2.25,2.25,2.25,2,2.23,2.25,2,2.12,2.25,2,2.06,0,0,0,0,2.25,2.25,0,100,0,0,2.25
2010-10-01,2.25,0,0,0,12.5,12.5,12.5,2.25,2.25,2.25,2.25,2.25,2.25,2.25,2,2.23,2.25,2,2.12,2.25,2,2.06,0,0,0,0,2.25,2.25,0,100,0,0,2.25
2010-10-04,2.25,0,0,0,12.5,12.5,12.5,2.25,2.25,2.25,2.25,2.25,2.25,2.25,2,2.24,2.25,2,2.12,2.25,2,2.06,0,0,0,0,2.25,2.25,0,100,0,0,2.25
2010-10-05,2.25,0,0,0,12.5,12.5,12.5,2.25,2.25,2.25,2.25,2.25,2.25,2.25,2,2.24,2.25,2,2.12,2.25,2,2.06,0,0,0,0,2.25,2.25,0,100,0,0,2.25
2010-10-06,2.25,0,0,0,12.5,12.5,12.5,2.25,2.25,2.25,2.25,2.25,2.25,2.25,2,2.25,2.25,2,2.12,2.25,2,2.06,0,0,0,0,2.25,2.25,0,100,0,0,2.25
2010-10-07,2.25,0,0,0,12.5,12.5,12.5,2.25,2.25,2.25,2.25,2.25,2.25,2.25,2.25,2.25,2.25,2,2.13,2.25,2,2.06,0,0,0,0,2.25,2.25,0,100,0,0,2.25
2010-10-08,2.25,0,0,0,0,12.5,12.5,2.25,2.25,2.25,2.25,2.25,2.25,2.25,2.25,2.25,2.25,2,2.13,2.25,2,2.06,0,0,0,0,2.25,2.25,0,100,0,0,2.25
2010-10-11,2.25,0,0,0,0,12.5,12.5,2.25,2.25,2.25,2.25,2.25,2.25,2.25,2.25,2.25,2.25,2,2.13,2.25,2,2.06,0,0,0,0,2.25,2.25,0,100,0,0,2.25
2010-10-12,2.25,0,0,0,0,12.5,12.5,2.25,2.25,2.25,2.25,2.25,2.25,2.25,2.25,2.25,2.25,2,2.13,2.25,2,2.07,0,0,0,0,2.25,2.25,0,100,0,0,2.25
2010-10-13,2.25,0,0,0,0,12.5,12.5,2.25,2.25,2.25,2.25,2.25,2.25,2.25,2.25,2.25,2.25,2,2.13,2.25,2,2.07,0,0,0,0,2.25,2.25,0,100,0,0,2.25
2010-10-14,2.25,0,0,0,0,12.5,12.5,2.25,2.25,2.25,2.25,2.25,2.25,2.25,2.25,2.25,2.25,2,2.13,2.25,2,2.07,0,0,0,0,2.25,2.25,0,100,0,0,2.25
2010-10-15,2.25,0,0,0,0,12.5,12.5,2.25,2.25,2.25,2.25,2.25,2.25,2.25,2.25,2.25,2.25,2,2.14,2.25,2,2.07,0,0,0,0,2.25,2.25,0,100,0,0,2.25
2010-10-18,2.25,0,0,0,0,12.5,12.5,2.25,2.25,2.25,2.25,2.25,2.25,2.25,2.25,2.25,2.25,2,2.14,2.25,2,2.07,0,0,0,0,2.25,2.25,0,100,0,0,2.25
2010-10-19,2.25,0,0,0,0,12.5,12.5,2.25,2.25,2.25,2.25,2.25,2.25,2.25,2.25,2.25,2.25,2,2.14,2.25,2,2.07,0,0,0,0,2.25,2.25,0,100,0,0,2.25
2010-10-20,2.25,0,0,0,0,12.5,12.5,2.25,2.25,2.25,2.25,2.25,2.25,2.25,2.25,2.25,2.25,2,2.14,2.25,2,2.07,0,0,0,0,2.25,2.25,0,100,0,0,2.25
2010-10-21,2.25,0,0,0,0,12.5,12.5,2.25,2.25,2.25,2.25,2.25,2.25,2.25,2.25,2.25,2.25,2,2.14,2.25,2,2.07,0,0,0,0,2.25,2.25,0,100,0,0,2.25
2010-10-22,2.25,0,0,0,0,12.5,12.5,2.25,2.25,2.25,2.25,2.25,2.25,2.25,2.25,2.25,2.25,2,2.15,2.25,2,2.07,0,0,0,0,2.25,2.25,0,100,0,0,2.25
2010-10-25,2.25,0,0,0,0,12.5,12.5,2.25,2.25,2.25,2.25,2.25,2.25,2.25,2.25,2.25,2.25,2,2.15,2.25,2,2.07,0,0,0,0,2.25,2.25,0,100,0,0,2.25
2010-10-26,2.25,0,0,0,0,12.5,12.5,2.25,2.25,2.25,2.25,2.25,2.25,2.25,2.25,2.25,2.25,2,2.15,2.25,2,2.08,0,0,0,0,2.25,2.25,0,100,0,0,2.25
2010-10-27,2.25,0,0,0,0,12.5,12.5,2.25,2.25,2.25,2.25,2.25,2.25,2.25,2.25,2.25,2.25,2,2.15,2.25,2,2.08,0,0,0,0,2.25,2.25,0,100,0,0,2.25
2010-10-28,2.25,0,0,0,0,12.5,12.5,2.25,2.25,2.25,2.25,2.25,2.25,2.25,2.25,2.25,2.25,2,2.15,2.25,2,2.08,0,0,0,0,2.25,2.25,0,100,0,0,2.25
2010-10-29,2.25,0,0,0,0,12.5,12.5,2.25,2.25,2.25,2.25,2.25,2.25,2.25,2.25,2.25,2.25,2,2.16,2.25,2,2.08,0,0,0,0,2.25,2.25,0,100,0,0,2.25
2010-11-01,2.25,0,0,0,0,12.5,12.5,2.25,2.25,2.25,2.25,2.25,2.25,2.25,2.25,2.25,2.25,2,2.16,2.25,2,2.08,0,0,0,0,2.25,2.25,0,100,0,0,2.25
2010-11-02,2.25,0,0,0,0,12.5,12.5,2.25,2.25,2.25,2.25,2.25,2.25,2.25,2.25,2.25,2.25,2,2.16,2.25,2,2.08,0,0,0,0,2.25,2.25,0,100,0,0,2.25
2010-11-03,2.25,0,0,0,0,12.5,12.5,2.25,2.25,2.25,2.25,2.25,2.25,2.25,2.25,2.25,2.25,2,2.16,2.25,2,2.08,0,0,0,0,2.25,2.25,0,100,0,0,2.25
2010-11-04,2.25,0,0,0,0,12.5,12.5,2.25,2.25,2.25,2.25,2.25,2.25,2.25,2.25,2.25,2.25,2,2.16,2.25,2,2.08,0,0,0,0,2.25,2.25,0,100,0,0,2.25
2010-11-05,2.25,0,0,0,0,12.5,12.5,2.25,2.25,2.25,2.25,2.25,2.25,2.25,2.25,2.25,2.25,2,2.17,2.25,2,2.08,0,0,0,0,2.25,2.25,0,100,0,0,2.25
2010-11-08,2.25,0,0,0,0,12.5,12.5,2.25,2.25,2.25,2.25,2.25,2.25,2.25,2.25,2.25,2.25,2,2.17,2.25,2,2.08,0,0,0,0,2.25,2.25,0,100,0,0,2.25
2010-11-09,2.25,0,0,0,0,12.5,12.5,2.25,2.25,2.25,2.25,2.25,2.25,2.25,2.25,2.25,2.25,2,2.17,2.25,2,2.08,0,0,0,0,2.25,2.25,0,100,0,0,2.25
2010-11-10,2.25,0,0,0,0,12.5,12.5,2.25,2.25,2.25,2.25,2.25,2.25,2.25,2.25,2.25,2.25,2,2.17,2.25,2,2.09,0,0,0,0,2.25,2.25,0,100,0,0,2.25
2010-11-11,2.25,0,0,0,0,12.5,12.5,2.25,2.25,2.25,2.25,2.25,2.25,2.25,2.25,2.25,2.25,2,2.17,2.25,2,2.09,0,0,0,0,2.25,2.25,0,100,0,0,2.25
2010-11-12,2.25,0,0,0,0,12.5,12.5,2.25,2.25,2.25,2.25,2.25,2.25,2.25,2.25,2.25,2.25,2,2.18,2.25,2,2.09,0,0,0,0,2.25,2.25,0,100,0,0,2.25
2010-11-15,2.25,0,0,0,0,12.5,12.5,2.25,2.25,2.25,2.25,2.25,2.25,2.25,2.25,2.25,2.25,2,2.18,2.25,2,2.09,0,0,0,0,2.25,2.25,0,100,0,0,2.25
2010-11-16,2.5,11.11,11.11,11.11,11.11,25,25,2.5,2.25,2.3,2.5,2.25,2.26,2.5,2.25,2.25,2.5,2,2.18,2.5,2,2.09,0,0.011217949,0.001246439,0.00997151,2.374303399,2.150696601,1,100.2631215,0.372505675,0.098831734,2.5
2010-11-17,2.5,0,11.11,11.11,11.11,25,25,2.5,2.25,2.35,2.5,2.25,2.28,2.5,2.25,2.26,2.5,2,2.18,2.5,2,2.09,0,0.022435897,0.003739316,0.018696581,2.428896753,2.121103247,1,100.5108381,0.372505675,0.135293849,2.5
2010-11-18,2.5,0,11.11,11.11,11.11,25,25,2.5,2.25,2.4,2.5,2.25,2.29,2.5,2.25,2.26,2.5,2,2.19,2.5,2,2.09,0,0.033653846,0.007478632,0.026175214,2.470673774,2.104326226,1,100.7431874,0.372505675,0.160151934,2.5
2010-11-19,2.5,0,11.11,11.11,11.11,25,25,2.5,2.25,2.45,2.5,2.25,2.3,2.5,2.25,2.27,2.5,2,2.19,2.5,2,2.1,0,0.044871795,0.012464387,0.032407407,2.50519567,2.09480433,1,100.9602195,0.372505675,0.178431018,2.5
2010-11-22,2.5,0,11.11,11.11,11.11,25,25,2.5,2.5,2.5,2.5,2.25,2.31,2.5,2.25,2.27,2.5,2,2.2,2.5,2,2.1,0,0.056089744,0.018696581,0.037393162,2.534630829,2.090369171,1,101.1619959,0.372505675,0.19211315,2.5
2010-11-23,2.5,0,0,11.11,11.11,25,25,2.5,2.5,2.5,2.5,2.25,2.33,2.5,2.25,2.27,2.5,2,2.2,2.5,2,2.1,0,0.067307692,0.026175214,0.041132479,2.560081173,2.089918827,1,101.3485901,0.372505675,0.202220364,2.5
2010-11-24,2.5,0,0,11.11,11.11,25,25,2.5,2.5,2.5,2.5,2.25,2.34,2.5,2.25,2.28,2.5,2,2.2,2.5,2,2.1,0,0.078525641,0.034900285,0.043625356,2.582180242,2.092819758,1,101.5200869,0.372505675,0.209352079,2.5
2010-11-25,2.5,0,0,11.11,11.11,25,25,2.5,2.5,2.5,2.5,2.25,2.35,2.5,2.25,2.28,2.5,2,2.21,2.5,2,2.1,0,0.08974359,0.044871795,0.044871795,2.601312345,2.098687655,1,101.6765819,0.372505675,0.213882847,2.5
2010-11-26,2.5,0,0,11.11,11.11,25,25,2.5,2.5,2.5,2.5,2.25,2.36,2.5,2.25,2.28,2.5,2,2.21,2.5,2,2.11,0,0.100961538,0.056089744,0.044871795,2.617708893,2.107291107,1,101.8181818,0.372505675,0.216049856,2.5
2010-11-29,2.5,0,0,11.11,11.11,25,25,2.5,2.5,2.5,2.5,2.25,2.38,2.5,2.25,2.29,2.5,2,2.22,2.5,2,2.11,0,0.112179487,0.067307692,0.044871795,2.631494588,2.118505412,1,101.9450034,0.372505675,0.215995443,2.5
2010-11-30,2.5,0,0,11.11,11.11,25,25,2.5,2.5,2.5,2.5,2.25,2.39,2.5,2.25,2.29,2.5,2,2.22,2.5,2,2.11,0,0.123397436,0.078525641,0.044871795,2.642708893,2.132291107,1,102.0571734,0.372505675,0.213787554,2.5
2010-12-01,2.5,0,0,11.11,11.11,25,25,2.5,2.5,2.5,2.5,2.25,2.4,2.5,2.25,2.3,2.5,2,2.22,2.5,2,2.11,0,0.134615385,0.08974359,0.044871795,2.651312345,2.148687655,1,102.1548284,0.372505675,0.209426954,2.5
2010-12-02,2.5,0,0,11.11,11.11,25,25,2.5,2.5,2.5,2.5,2.25,2.41,2.5,2.25,2.3,2.5,2,2.23,2.5,2,2.11,0,0.125,0.098646724,0.026353276,2.657180242,2.167819758,1,102.2381142,0.372505675,0.202843724,2.5
2010-12-03,2.5,0,0,11.11,11.11,25,25,2.5,2.5,2.5,2.5,2.25,2.43,2.5,2.25,2.3,2.5,2,2.23,2.5,2,2.12,0,0.115384615,0.105235043,0.010149573,2.660081173,2.189918827,1,102.3071852,0.372505675,0.19388138,2.5
2010-12-06,2.5,0,0,11.11,11.11,25,25,2.5,2.5,2.5,2.5,2.25,2.44,2.5,2.25,2.31,2.5,2,2.23,2.5,2,2.12,0,0.105769231,0.109508547,-0.003739316,2.659630829,2.215369171,1,102.3622047,0.372505675,0.182261193,2.5
2010-12-07,2.5,0,0,11.11,11.11,25,25,2.5,2.5,2.5,2.5,2.25,2.45,2.5,2.25,2.31,2.5,2,2.24,2.5,2,2.12,0,0.096153846,0.111467236,-0.01531339,2.65519567,2.24480433,1,102.4033438,0.372505675,0.16750667,2.5
2010-12-08,2.5,0,0,11.11,11.11,25,25,2.5,2.5,2.5,2.5,2.25,2.46,2.5,2.25,2.32,2.5,2,2.24,2.5,2,2.12,0,0.086538462,0.111111111,-0.02457265,2.645673774,2.279326226,1,102.4307812,0.372505675,0.148770578,2.5
2010-12-09,2.5,0,0,11.11,11.11,25,25,2.5,2.5,2.5,2.5,2.25,2.48,2.5,2.25,2.32,2.5,2,2.25,2.5,2,2.12,0,0.076923077,0.108440171,-0.031517094,2.628896753,2.321103247,1,102.4447031,0.372505675,0.124361012,2.5
2010-12-10,2.5,0,0,11.11,11.11,25,25,2.5,2.5,2.5,2.5,2.25,2.49,2.5,2.25,2.32,2.5,2,2.25,2.5,2,2.13,0,0.067307692,0.103454416,-0.036146724,2.599303399,2.375696601,1,102.4453024,0.372505675,0.08989218,2.5
2010-12-13,2.5,0,0,11.11,11.11,25,25,2.5,2.5,2.5,2.5,2.5,2.5,2.5,2.25,2.33,2.5,2,2.25,2.5,2,2.13,0,0.057692308,0.096153846,-0.038461538,2.5,2.5,0,102.4327785,0.372505675,0,2.5
2010-12-14,2.5,0,0,0,11.11,25,25,2.5,2.5,2.5,2.5,2.5,2.5,2.5,2.25,2.33,2.5,2,2.26,2.5,2,2.13,0,0.048076923,0.086538462,-0.038461538,2.5,2.5,0,102.184187,0,0,2.5
2010-12-15,2.5,0,0,0,11.11,25,25,2.5,2.5,2.5,2.5,2.5,2.5,2.5,2.25,2.33,2.5,2,2.26,2.5,2,2.13,0,0.038461538,0.076923077,-0.038461538,2.5,2.5,0,101.9497897,0,0,2.5
2010-12-16,2.5,0,0,0,11.11,25,25,2.5,2.5,2.5,2.5,2.5,2.5,2.5,2.25,2.34,2.5,2,2.27,2.5,2,2.13,0,0.028846154,0.067307692,-0.038461538,2.5,2.5,0,101.7293998,0,0,2.5
2010-12-17,2.5,0,0,0,11.11,25,25,2.5,2.5,2.5,2.5,2.5,2.5,2.5,2.25,2.34,2.5,2,2.27,2.5,2,2.13,0,0.019230769,0.057692308,-0.038461538,2.5,2.5,0,101.5228426,0,0,2.5
2010-12-20,2.5,0,0,0,11.11,25,25,2.5,2.5,2.5,2.5,2.5,2.5,2.5,2.25,2.35,2.5,2,2.27,2.5,2,2.14,0,0.009615385,0.048076923,-0.038461538,2.5,2.5,0,101.3299557,0,0,2.5
2010-12-21,2.5,0,0,0,11.11,25,25,2.5,2.5,2.5,2.5,2.5,2.5,2.5,2.25,2.35,2.5,2,2.28,2.5,2,2.14,0,0,0.038461538,-0.038461538,2.5,2.5,0,101.1505879,0,0,2.5
2010-12-22,2.5,0,0,0,11.11,25,25,2.5,2.5,2.5,2.5,2.5,2.5,2.5,2.25,2.35,2.5,2,2.28,2.5,2,2.14,0,0,0.02991453,-0.02991453,2.5,2.5,0,100.9845998,0,0,2.5
2010-12-23,2.5,0,0,0,11.11,25,25,2.5,2.5,2.5,2.5,2.5,2.5,2.5,2.25,2.36,2.5,2,2.28,2.5,2,2.14,0,0,0.022435897,-0.022435897,2.5,2.5,0,100.8318629,0,0,2.5
2010-12-24,2.5,0,0,0,11.11,25,25,2.5,2.5,2.5,2.5,2.5,2.5,2.5,2.25,2.36,2.5,2,2.29,2.5,2,2.14,0,0,0.016025641,-0.016025641,2.5,2.5,0,100.6922593,0,0,2.5
2010-12-27,2.5,0,0,0,11.11,25,25,2.5,2.5,2.5,2.5,2.5,2.5,2.5,2.25,2.37,2.5,2,2.29,2.5,2,2.15,0,0,0.010683761,-0.010683761,2.5,2.5,0,100.565682,0,0,2.5
2010-12-28,2.5,0,0,0,11.11,25,25,2.5,2.5,2.5,2.5,2.5,2.5,2.5,2.25,2.37,2.5,2,2.3,2.5,2,2.15,0,0,0.006410256,-0.006410256,2.5,2.5,0,100.4520342,0,0,2.5
2010-12-29,2.5,0,0,0,11.11,25,25,2.5,2.5,2.5,2.5,2.5,2.5,2.5,2.25,2.37,2.5,2,2.3,2.5,2,2.15,0,0,0.003205128,-0.003205128,2.5,2.5,0,100.3512293,0,0,2.5
2010-12-30,2.5,0,0,0,11.11,25,25,2.5,2.5,2.5,2.5,2.5,2.5,2.5,2.25,2.38,2.5,2,2.3,2.5,2,2.15,0,0,0.001068376,-0.001068376,2.5,2.5,0,100.2631909,0,0,2.5
2010-12-31,2.5,0,0,0,11.11,25,25,2.5,2.5,2.5,2.5,2.5,2.5,2.5,2.25,2.38,2.5,2,2.31,2.5,2,2.15,0,0,0,0,2.5,2.5,0,100.1878522,0,0,2.5
2011-01-03,2.5,0,0,0,11.11,25,25,2.5,2.5,2.5,2.5,2.5,2.5,2.5,2.25,2.38,2.5,2,2.31,2.5,2,2.16,0,0,0,0,2.5,2.5,0,100.1251564,0,0,2.5
2011-01-04,2.5,0,0,0,11.11,25,25,2.5,2.5,2.5,2.5,2.5,2.5,2.5,2.25,2.39,2.5,2,2.32,2.5,2,2.16,0,0,0,0,2.5,2.5,0,100.0750563,0,0,2.5
2011-01-05,2.5,0,0,0,11.11,25,25,2.5,2.5,2.5,2.5,2.5,2.5,2.5,2.25,2.39,2.5,2,2.32,2.5,2,2.16,0,0,0,0,2.5,2.5,0,100.0375141,0,0,2.5
2011-01-06,2.5,0,0,0,11.11,25,25,2.5,2.5,2.5,2.5,2.5,2.5,2.5,2.25,2.4,2.5,2.25,2.32,2.5,2,2.16,0,0,0,0,2.5,2.5,0,100.0125016,0,0,2.5
2011-01-07,2.5,0,0,0,11.11,11.11,25,2.5,2.5,2.5,2.5,2.5,2.5,2.5,2.25,2.4,2.5,2.25,2.33,2.5,2,2.16,0,0,0,0,2.5,2.5,0,100,0,0,2.5
2011-01-10,2.5,0,0,0,11.11,11.11,25,2.5,2.5,2.5,2.5,2.5,2.5,2.5,2.25,2.4,2.5,2.25,2.33,2.5,2,2.17,0,0,0,0,2.5,2.5,0,100,0,0,2.5
2011-01-11,2.5,0,0,0,11.11,11.11,25,2.5,2.5,2.5,2.5,2.5,2.5,2.5,2.25,2.41,2.5,2.25,2.33,2.5,2,2.17,0,0,0,0,2.5,2.5,0,100,0,0,2.5
2011-01-12,2.5,0,0,0,11.11,11.11,25,2.5,2.5,2.5,2.5,2.5,2.5,2.5,2.25,2.41,2.5,2.25,2.33,2.5,2,2.17,0,0,0,0,2.5,2.5,0,100,0,0,2.5
2011-01-13,2.75,10,10,10,22.22,22.22,37.5,2.75,2.5,2.55,2.75,2.5,2.51,2.75,2.25,2.42,2.75,2.25,2.33,2.75,2,2.17,0,0.011217949,0.001246439,0.00997151,2.624303399,2.400696601,1,100.2368782,0.336972372,0.08899773,2.75
2011-01-14,2.75,0,10,10,22.22,22.22,37.5,2.75,2.5,2.6,2.75,2.5,2.53,2.75,2.25,2.43,2.75,2.25,2.34,2.75,2,2.18,0,0.022435897,0.003739316,0.018696581,2.678896753,2.371103247,1,100.4600274,0.336972372,0.121898418,2.75
2011-01-17,2.75,0,10,10,22.22,22.22,37.5,2.75,2.5,2.65,2.75,2.5,2.54,2.75,2.25,2.43,2.75,2.25,2.34,2.75,2,2.18,0,0.033653846,0.007478632,0.026175214,2.720673774,2.354326226,1,100.6694768,0.336972372,0.144373418,2.75
2011-01-18,2.75,0,10,10,22.22,22.22,37.5,2.75,2.5,2.7,2.75,2.5,2.55,2.75,2.25,2.44,2.75,2.25,2.35,2.75,2,2.18,0,0.044871795,0.012464387,0.032407407,2.75519567,2.34480433,1,100.8652658,0.336972372,0.160937781,2.75
2011-01-19,2.75,0,10,10,22.22,22.22,37.5,2.75,2.75,2.75,2.75,2.5,2.56,2.75,2.25,2.45,2.75,2.25,2.35,2.75,2,2.18,0,0.056089744,0.018696581,0.037393162,2.784630829,2.340369171,1,101.047443,0.336972372,0.173370403,2.75
2011-01-20,2.75,0,0,10,22.22,22.22,37.5,2.75,2.75,2.75,2.75,2.5,2.58,2.75,2.25,2.46,2.75,2.25,2.35,2.75,2,2.19,0,0.067307692,0.026175214,0.041132479,2.810081173,2.339918827,1,101.2160668,0.336972372,0.182587319,2.75
2011-01-21,2.75,0,0,10,22.22,22.22,37.5,2.75,2.75,2.75,2.75,2.5,2.59,2.75,2.25,2.47,2.75,2.25,2.36,2.75,2,2.19,0,0.078525641,0.034900285,0.043625356,2.832180242,2.342819758,1,101.3712047,0.336972372,0.189124825,2.75
2011-01-24,2.75,0,0,10,22.22,22.22,37.5,2.75,2.75,2.75,2.75,2.5,2.6,2.75,2.25,2.47,2.75,2.25,2.36,2.75,2,2.19,0,0.08974359,0.044871795,0.044871795,2.851312345,2.348687655,1,101.5129331,0.336972372,0.193317188,2.75
2011-01-25,2.75,0,0,10,22.22,22.22,37.5,2.75,2.75,2.75,2.75,2.5,2.61,2.75,2.25,2.48,2.75,2.25,2.37,2.75,2,2.2,0,0.100961538,0.056089744,0.044871795,2.867708893,2.357291107,1,101.6413374,0.336972372,0.195375229,2.75
2011-01-26,2.75,0,0,10,22.22,22.22,37.5,2.75,2.75,2.75,2.75,2.5,2.63,2.75,2.25,2.49,2.75,2.25,2.37,2.75,2,2.2,0,0.112179487,0.067307692,0.044871795,2.881494588,2.368505412,1,101.7565112,0.336972372,0.195424448,2.75
2011-01-27,2.75,0,0,10,22.22,22.22,37.5,2.75,2.75,2.75,2.75,2.5,2.64,2.75,2.25,2.5,2.75,2.25,2.37,2.75,2,2.2,0,0.123397436,0.078525641,0.044871795,2.892708893,2.382291107,1,101.8585566,0.336972372,0.193523331,2.75
2011-01-28,2.75,0,0,10,22.22,22.22,37.5,2.75,2.75,2.75,2.75,2.5,2.65,2.75,2.25,2.5,2.75,2.25,2.38,2.75,2,2.2,0,0.134615385,0.08974359,0.044871795,2.901312345,2.398687655,1,101.9475836,0.336972372,0.189669694,2.75
2011-01-31,2.75,0,0,10,22.22,22.22,37.5,2.75,2.75,2.75,2.75,2.5,2.66,2.75,2.25,2.51,2.75,2.25,2.38,2.75,2,2.21,0,0.125,0.098646724,0.026353276,2.907180242,2.417819758,1,102.0237097,0.336972372,0.183797365,2.75
2011-02-01,2.75,0,0,10,22.22,22.22,37.5,2.75,2.75,2.75,2.75,2.5,2.68,2.75,2.25,2.52,2.75,2.25,2.38,2.75,2,2.21,0,0.115384615,0.105235043,0.010149573,2.910081173,2.439918827,1,102.0870602,0.336972372,0.175761625,2.75
2011-02-02,2.75,0,0,10,22.22,22.22,37.5,2.75,2.75,2.75,2.75,2.5,2.69,2.75,2.25,2.53,2.75,2.25,2.39,2.75,2,2.21,0,0.105769231,0.109508547,-0.003739316,2.909630829,2.465369171,1,102.1377672,0.336972372,0.165306664,2.75
2011-02-03,2.75,0,0,10,22.22,22.22,37.5,2.75,2.75,2.75,2.75,2.5,2.7,2.75,2.25,2.53,2.75,2.25,2.39,2.75,2,2.22,0,0.096153846,0.111467236,-0.01531339,2.90519567,2.49480433,1,102.1759697,0.336972372,0.151996793,2.75
2011-02-04,2.75,0,0,10,22.22,22.22,37.5,2.75,2.75,2.75,2.75,2.5,2.71,2.75,2.25,2.54,2.75,2.25,2.4,2.75,2,2.22,0,0.086538462,0.111111111,-0.02457265,2.895673774,2.529326226,1,102.2018133,0.336972372,0.135059004,2.75
2011-02-07,2.75,0,0,10,22.22,22.22,37.5,2.75,2.75,2.75,2.75,2.5,2.73,2.75,2.25,2.55,2.75,2.25,2.4,2.75,2,2.22,0,0.076923077,0.108440171,-0.031517094,2.878896753,2.571103247,1,102.2154495,0.336972372,0.112951745,2.75
2011-02-08,2.75,0,0,10,22.22,22.22,37.5,2.75,2.75,2.75,2.75,2.5,2.74,2.75,2.25,2.56,2.75,2.25,2.4,2.75,2,2.22,0,0.067307692,0.103454416,-0.036146724,2.849303399,2.625696601,1,102.2170362,0.336972372,0.081682848,2.75
2011-02-09,2.75,0,0,10,22.22,22.22,37.5,2.75,2.75,2.75,2.75,2.75,2.75,2.75,2.25,2.57,2.75,2.25,2.41,2.75,2,2.23,0,0.057692308,0.096153846,-0.038461538,2.75,2.75,0,102.2067364,0.336972372,0,2.75
2011-02-10,2.75,0,0,0,22.22,22.22,37.5,2.75,2.75,2.75,2.75,2.75,2.75,2.75,2.25,2.57,2.75,2.25,2.41,2.75,2,2.23,0,0.048076923,0.086538462,-0.038461538,2.75,2.75,0,101.9816897,0,0,2.75
2011-02-11,2.75,0,0,0,22.22,22.22,37.5,2.75,2.75,2.75,2.75,2.75,2.75,2.75,2.25,2.58,2.75,2.25,2.42,2.75,2,2.23,0,0.038461538,0.076923077,-0.038461538,2.75,2.75,0,101.7693998,0,0,2.75
2011-02-14,2.75,0,0,0,22.22,22.22,37.5,2.75,2.75,2.75,2.75,2.75,2.75,2.75,2.5,2.59,2.75,2.25,2.42,2.75,2,2.24,0,0.028846154,0.067307692,-0.038461538,2.75,2.75,0,101.5697138,0,0,2.75
2011-02-15,2.75,0,0,0,10,22.22,37.5,2.75,2.75,2.75,2.75,2.75,2.75,2.75,2.5,2.59,2.75,2.25,2.42,2.75,2,2.24,0,0.019230769,0.057692308,-0.038461538,2.75,2.75,0,101.3824885,0,0,2.75
2011-02-16,2.75,0,0,0,10,22.22,37.5,2.75,2.75,2.75,2.75,2.75,2.75,2.75,2.5,2.6,2.75,2.25,2.43,2.75,2,2.24,0,0.009615385,0.048076923,-0.038461538,2.75,2.75,0,101.2075906,0,0,2.75
2011-02-17,2.75,0,0,0,10,22.22,37.5,2.75,2.75,2.75,2.75,2.75,2.75,2.75,2.5,2.6,2.75,2.25,2.43,2.75,2,2.24,0,0,0.038461538,-0.038461538,2.75,2.75,0,101.0448961,0,0,2.75
2011-02-18,2.75,0,0,0,10,22.22,37.5,2.75,2.75,2.75,2.75,2.75,2.75,2.75,2.5,2.6,2.75,2.25,2.43,2.75,2,2.25,0,0,0.02991453,-0.02991453,2.75,2.75,0,100.8942903,0,0,2.75
2011-02-21,2.75,0,0,0,10,22.22,37.5,2.75,2.75,2.75,2.75,2.75,2.75,2.75,2.5,2.61,2.75,2.25,2.44,2.75,2,2.25,0,0,0.022435897,-0.022435897,2.75,2.75,0,100.7556675,0,0,2.75
2011-02-22,2.75,0,0,0,10,22.22,37.5,2.75,2.75,2.75,2.75,2.75,2.75,2.75,2.5,2.61,2.75,2.25,2.44,2.75,2,2.25,0,0,0.016025641,-0.016025641,2.75,2.75,0,100.6289308,0,0,2.75
2011-02-23,2.75,0,0,0,10,22.22,37.5,2.75,2.75,2.75,2.75,2.75,2.75,2.75,2.5,2.62,2.75,2.25,2.45,2.75,2,2.26,0,0,0.010683761,-0.010683761,2.75,2.75,0,100.513992,0,0,2.75
2011-02-24,2.75,0,0,0,10,22.22,37.5,2.75,2.75,2.75,2.75,2.75,2.75,2.75,2.5,2.62,2.75,2.25,2.45,2.75,2,2.26,0,0,0.006410256,-0.006410256,2.75,2.75,0,100.4107713,0,0,2.75
2011-02-25,2.75,0,0,0,10,22.22,37.5,2.75,2.75,2.75,2.75,2.75,2.75,2.75,2.5,2.62,2.75,2.25,2.45,2.75,2,2.26,0,0,0.003205128,-0.003205128,2.75,2.75,0,100.3191974,0,0,2.75
2011-02-28,2.75,0,0,0,10,22.22,37.5,2.75,2.75,2.75,2.75,2.75,2.75,2.75,2.5,2.63,2.75,2.25,2.46,2.75,2,2.26,0,0,0.001068376,-0.001068376,2.75,2.75,0,100.2392072,0,0,2.75
2011-03-01,2.75,0,0,0,10,22.22,37.5,2.75,2.75,2.75,2.75,2.75,2.75,2.75,2.5,2.63,2.75,2.25,2.46,2.75,2,2.27,0,0,0,0,2.75,2.75,0,100.1707456,0,0,2.75
2011-03-02,2.75,0,0,0,10,22.22,37.5,2.75,2.75,2.75,2.75,2.75,2.75,2.75,2.5,2.63,2.75,2.25,2.47,2.75,2,2.27,0,0,0,0,2.75,2.75,0,100.1137656,0,0,2.75
2011-03-03,2.75,0,0,0,10,22.22,37.5,2.75,2.75,2.75,2.75,2.75,2.75,2.75,2.5,2.64,2.75,2.25,2.47,2.75,2,2.27,0,0,0,0,2.75,2.75,0,100.0682283,0,0,2.75
2011-03-04,2.75,0,0,0,10,22.22,37.5,2.75,2.75,2.75,2.75,2.75,2.75,2.75,2.5,2.64,2.75,2.25,2.47,2.75,2,2.28,0,0,0,0,2.75,2.75,0,100.0341025,0,0,2.75
2011-03-07,2.75,0,0,0,10,22.22,37.5,2.75,2.75,2.75,2.75,2.75,2.75,2.75,2.5,2.65,2.75,2.25,2.48,2.75,2,2.28,0,0,0,0,2.75,2.75,0,100.0113649,0,0,2.75
2011-03-08,2.75,0,0,0,10,22.22,37.5,2.75,2.75,2.75,2.75,2.75,2.75,2.75,2.5,2.65,2.75,2.25,2.48,2.75,2,2.28,0,0,0,0,2.75,2.75,0,100,0,0,2.75
2011-03-09,2.75,0,0,0,10,22.22,37.5,2.75,2.75,2.75,2.75,2.75,2.75,2.75,2.5,2.65,2.75,2.25,2.48,2.75,2,2.28,0,0,0,0,2.75,2.75,0,100,0,0,2.75
2011-03-10,3,9.09,9.09,9.09,20,33.33,50,3,2.75,2.8,3,2.75,2.76,3,2.5,2.66,3,2.25,2.49,3,2,2.29,0,0.011217949,0.001246439,0.00997151,2.874303399,2.650696601,1,100.2153951,0.307631674,0.080943637,3
2011-03-11,3,0,9.09,9.09,20,33.33,50,3,2.75,2.85,3,2.75,2.78,3,2.5,2.67,3,2.25,2.5,3,2,2.29,0,0.022435897,0.003739316,0.018696581,2.928896753,2.621103247,1,100.41841,0.307631674,0.110916579,3
2011-03-14,3,0,9.09,9.09,20,33.33,50,3,2.75,2.9,3,2.75,2.79,3,2.5,2.68,3,2.25,2.5,3,2,2.3,0,0.033653846,0.007478632,0.026175214,2.970673774,2.604326226,1,100.6090684,0.307631674,0.13142513,3
2011-03-15,3,0,9.09,9.09,20,33.33,50,3,2.75,2.95,3,2.75,2.8,3,2.5,2.68,3,2.25,2.51,3,2,2.3,0,0.044871795,0.012464387,0.032407407,3.00519567,2.59480433,1,100.7874016,0.307631674,0.146568336,3
2011-03-16,3,0,9.09,9.09,20,33.33,50,3,3,3,3,2.75,2.81,3,2.5,2.69,3,2.25,2.51,3,2,2.3,0,0.056089744,0.018696581,0.037393162,3.034630829,2.590369171,1,100.9534492,0.307631674,0.157959701,3
2011-03-17,3,0,0,9.09,20,33.33,50,3,3,3,3,2.75,2.83,3,2.5,2.7,3,2.25,2.52,3,2,2.31,0,0.067307692,0.026175214,0.041132479,3.060081173,2.589918827,1,101.1072587,0.307631674,0.166429149,3
2011-03-18,3,0,0,9.09,20,33.33,50,3,3,3,3,2.75,2.84,3,2.5,2.71,3,2.25,2.53,3,2,2.31,0,0.078525641,0.034900285,0.043625356,3.082180242,2.592819758,1,101.2488849,0.307631674,0.172461845,3
2011-03-21,3,0,0,9.09,20,33.33,50,3,3,3,3,2.75,2.85,3,2.5,2.72,3,2.25,2.53,3,2,2.32,0,0.08974359,0.044871795,0.044871795,3.101312345,2.598687655,1,101.3783904,0.307631674,0.17635954,3
2011-03-22,3,0,0,9.09,20,33.33,50,3,3,3,3,2.75,2.86,3,2.5,2.72,3,2.25,2.54,3,2,2.32,0,0.100961538,0.056089744,0.044871795,3.117708893,2.607291107,1,101.4958449,0.307631674,0.17831189,3
2011-03-23,3,0,0,9.09,20,33.33,50,3,3,3,3,2.75,2.88,3,2.5,2.73,3,2.25,2.54,3,2,2.32,0,0.112179487,0.067307692,0.044871795,3.131494588,2.618505412,1,101.6013252,0.307631674,0.178431018,3
2011-03-24,3,0,0,9.09,20,33.33,50,3,3,3,3,2.75,2.89,3,2.5,2.74,3,2.25,2.55,3,2,2.33,0,0.123397436,0.078525641,0.044871795,3.142708893,2.632291107,1,101.6949153,0.307631674,0.176768064,3
2011-03-25,3,0,0,9.09,20,33.33,50,3,3,3,3,2.75,2.9,3,2.5,2.75,3,2.25,2.55,3,2,2.33,0,0.134615385,0.08974359,0.044871795,3.151312345,2.648687655,1,101.7767054,0.307631674,0.173318859,3
2011-03-28,3,0,0,9.09,20,33.33,50,3,3,3,3,2.75,2.91,3,2.5,2.75,3,2.25,2.56,3,2,2.33,0,0.125,0.098646724,0.026353276,3.157180242,2.667819758,1,101.8467927,0.307631674,0.168020767,3
2011-03-29,3,0,0,9.09,20,33.33,50,3,3,3,3,2.75,2.93,3,2.5,2.76,3,2.25,2.57,3,2,2.34,0,0.115384615,0.105235043,0.010149573,3.160081173,2.689918827,1,101.9052803,0.307631674,0.160739264,3
2011-03-30,3,0,0,9.09,20,33.33,50,3,3,3,3,2.75,2.94,3,2.5,2.77,3,2.25,2.57,3,2,2.34,0,0.105769231,0.109508547,-0.003739316,3.159630829,2.715369171,1,101.9522777,0.307631674,0.151238011,3
2011-03-31,3,0,0,9.09,20,33.33,50,3,3,3,3,2.75,2.95,3,2.5,2.78,3,2.25,2.58,3,2,2.35,0,0.096153846,0.111467236,-0.01531339,3.15519567,2.74480433,1,101.9878997,0.307631674,0.139115709,3
2011-04-01,3,0,0,9.09,20,33.33,50,3,3,3,3,2.75,2.96,3,2.5,2.78,3,2.25,2.58,3,2,2.35,0,0.086538462,0.111111111,-0.02457265,3.145673774,2.779326226,1,102.0122673,0.307631674,0.12366162,3
2011-04-04,3,0,0,9.09,20,33.33,50,3,3,3,3,2.75,2.98,3,2.5,2.79,3,2.25,2.59,3,2,2.35,0,0.076923077,0.108440171,-0.031517094,3.128896753,2.821103247,1,102.0255064,0.307631674,0.103460002,3
2011-04-05,3,0,0,9.09,20,33.33,50,3,3,3,3,2.75,2.99,3,2.5,2.8,3,2.25,2.59,3,2,2.36,0,0.067307692,0.103454416,-0.036146724,3.099303399,2.875696601,1,102.0277481,0.307631674,0.074847464,3
2011-04-06,3,0,0,9.09,20,33.33,50,3,3,3,3,3,3,3,2.5,2.81,3,2.25,2.6,3,2,2.36,0,0.057692308,0.096153846,-0.038461538,3,3,0,102.0191286,0.307631674,0,3
2011-04-07,3,0,0,0,20,33.33,50,3,3,3,3,3,3,3,2.5,2.82,3,2.25,2.61,3,2,2.37,0,0.048076923,0.086538462,-0.038461538,3,3,0,101.8135539,0,0,3
2011-04-08,3,0,0,0,20,33.33,50,3,3,3,3,3,3,3,2.5,2.82,3,2.25,2.61,3,2,2.37,0,0.038461538,0.076923077,-0.038461538,3,3,0,101.6195618,0,0,3
2011-04-11,3,0,0,0,20,33.33,50,3,3,3,3,3,3,3,2.5,2.83,3,2.25,2.62,3,2,2.37,0,0.028846154,0.067307692,-0.038461538,3,3,0,101.4370245,0,0,3
2011-04-12,3,0,0,0,20,33.33,50,3,3,3,3,3,3,3,2.5,2.84,3,2.25,2.62,3,2,2.38,0,0.019230769,0.057692308,-0.038461538,3,3,0,101.2658228,0,0,3
2011-04-13,3,0,0,0,20,33.33,50,3,3,3,3,3,3,3,2.75,2.85,3,2.25,2.63,3,2,2.38,0,0.009615385,0.048076923,-0.038461538,3,3,0,101.1058452,0,0,3
2011-04-14,3,0,0,0,9.09,33.33,50,3,3,3,3,3,3,3,2.75,2.85,3,2.25,2.63,3,2,2.38,0,0,0.038461538,-0.038461538,3,3,0,100.9569881,0,0,3
2011-04-15,3,0,0,0,9.09,33.33,50,3,3,3,3,3,3,3,2.75,2.85,3,2.25,2.64,3,2,2.39,0,0,0.02991453,-0.02991453,3,3,0,100.8191556,0,0,3
2011-04-18,3,0,0,0,9.09,33.33,50,3,3,3,3,3,3,3,2.75,2.86,3,2.25,2.65,3,2,2.39,0,0,0.022435897,-0.022435897,3,3,0,100.6922593,0,0,3
2011-04-19,3,0,0,0,9.09,33.33,50,3,3,3,3,3,3,3,2.75,2.86,3,2.25,2.65,3,2,2.4,0,0,0.016025641,-0.016025641,3,3,0,100.5762179,0,0,3
2011-04-20,3,0,0,0,9.09,33.33,50,3,3,3,3,3,3,3,2.75,2.87,3,2.25,2.66,3,2,2.4,0,0,0.010683761,-0.010683761,3,3,0,100.4709576,0,0,3
2011-04-21,3,0,0,0,9.09,33.33,50,3,3,3,3,3,3,3,2.75,2.87,3,2.25,2.66,3,2,2.4,0,0,0.006410256,-0.006410256,3,3,0,100.3764115,0,0,3
2011-04-22,3,0,0,0,9.09,33.33,50,3,3,3,3,3,3,3,2.75,2.87,3,2.25,2.67,3,2,2.41,0,0,0.003205128,-0.003205128,3,3,0,100.2925198,0,0,3
2011-04-25,3,0,0,0,9.09,33.33,50,3,3,3,3,3,3,3,2.75,2.88,3,2.25,2.68,3,2,2.41,0,0,0.001068376,-0.001068376,3,3,0,100.2192296,0,0,3
2011-04-26,3,0,0,0,9.09,33.33,50,3,3,3,3,3,3,3,2.75,2.88,3,2.25,2.68,3,2,2.42,0,0,0,0,3,3,0,100.1564945,0,0,3
2011-04-27,3,0,0,0,9.09,33.33,50,3,3,3,3,3,3,3,2.75,2.88,3,2.25,2.69,3,2,2.42,0,0,0,0,3,3,0,100.1042753,0,0,3
2011-04-28,3,0,0,0,9.09,33.33,50,3,3,3,3,3,3,3,2.75,2.89,3,2.25,2.69,3,2,2.42,0,0,0,0,3,3,0,100.0625391,0,0,3
2011-04-29,3,0,0,0,9.09,33.33,50,3,3,3,3,3,3,3,2.75,2.89,3,2.25,2.7,3,2,2.43,0,0,0,0,3,3,0,100.0312598,0,0,3
2011-05-02,3,0,0,0,9.09,33.33,50,3,3,3,3,3,3,3,2.75,2.9,3,2.25,2.7,3,2,2.43,0,0,0,0,3,3,0,100.0104178,0,0,3
2011-05-03,3,0,0,0,9.09,33.33,50,3,3,3,3,3,3,3,2.75,2.9,3,2.25,2.71,3,2,2.43,0,0,0,0,3,3,0,100,0,0,3
2011-05-04,3,0,0,0,9.09,33.33,50,3,3,3,3,3,3,3,2.75,2.9,3,2.25,2.72,3,2,2.44,0,0,0,0,3,3,0,100,0,0,3
2011-05-05,3,0,0,0,9.09,33.33,50,3,3,3,3,3,3,3,2.75,2.91,3,2.25,2.72,3,2,2.44,0,0,0,0,3,3,0,100,0,0,3
2011-05-06,3,0,0,0,9.09,33.33,50,3,3,3,3,3,3,3,2.75,2.91,3,2.25,2.73,3,2,2.45,0,0,0,0,3,3,0,100,0,0,3
2011-05-09,3,0,0,0,9.09,33.33,50,3,3,3,3,3,3,3,2.75,2.92,3,2.25,2.73,3,2,2.45,0,0,0,0,3,3,0,100,0,0,3
2011-05-10,3,0,0,0,9.09,33.33,50,3,3,3,3,3,3,3,2.75,2.92,3,2.25,2.74,3,2,2.45,0,0,0,0,3,3,0,100,0,0,3
2011-05-11,3,0,0,0,9.09,33.33,50,3,3,3,3,3,3,3,2.75,2.92,3,2.25,2.74,3,2,2.46,0,0,0,0,3,3,0,100,0,0,3
2011-05-12,3,0,0,0,9.09,33.33,50,3,3,3,3,3,3,3,2.75,2.93,3,2.25,2.75,3,2,2.46,0,0,0,0,3,3,0,100,0,0,3
2011-05-13,3,0,0,0,9.09,33.33,50,3,3,3,3,3,3,3,2.75,2.93,3,2.25,2.76,3,2,2.47,0,0,0,0,3,3,0,100,0,0,3
2011-05-16,3,0,0,0,9.09,33.33,50,3,3,3,3,3,3,3,2.75,2.93,3,2.5,2.76,3,2,2.47,0,0,0,0,3,3,0,100,0,0,3
2011-05-17,3,0,0,0,9.09,20,50,3,3,3,3,3,3,3,2.75,2.94,3,2.5,2.77,3,2,2.47,0,0,0,0,3,3,0,100,0,0,3
2011-05-18,3,0,0,0,9.09,20,50,3,3,3,3,3,3,3,2.75,2.94,3,2.5,2.77,3,2,2.48,0,0,0,0,3,3,0,100,0,0,3
2011-05-19,3,0,0,0,9.09,20,50,3,3,3,3,3,3,3,2.75,2.95,3,2.5,2.77,3,2,2.48,0,0,0,0,3,3,0,100,0,0,3
2011-05-20,3,0,0,0,9.09,20,50,3,3,3,3,3,3,3,2.75,2.95,3,2.5,2.78,3,2,2.48,0,0,0,0,3,3,0,100,0,0,3
2011-05-23,3,0,0,0,9.09,20,50,3,3,3,3,3,3,3,2.75,2.95,3,2.5,2.78,3,2,2.49,0,0,0,0,3,3,0,100,0,0,3
2011-05-24,3,0,0,0,9.09,20,50,3,3,3,3,3,3,3,2.75,2.96,3,2.5,2.78,3,2,2.49,0,0,0,0,3,3,0,100,0,0,3
2011-05-25,3,0,0,0,9.09,20,50,3,3,3,3,3,3,3,2.75,2.96,3,2.5,2.79,3,2,2.5,0,0,0,0,3,3,0,100,0,0,3
2011-05-26,3,0,0,0,9.09,20,50,3,3,3,3,3,3,3,2.75,2.97,3,2.5,2.79,3,2,2.5,0,0,0,0,3,3,0,100,0,0,3
2011-05-27,3,0,0,0,9.09,20,50,3,3,3,3,3,3,3,2.75,2.97,3,2.5,2.8,3,2,2.5,0,0,0,0,3,3,0,100,0,0,3
2011-05-30,3,0,0,0,9.09,20,50,3,3,3,3,3,3,3,2.75,2.97,3,2.5,2.8,3,2,2.51,0,0,0,0,3,3,0,100,0,0,3
2011-05-31,3,0,0,0,9.09,20,50,3,3,3,3,3,3,3,2.75,2.98,3,2.5,2.8,3,2,2.51,0,0,0,0,3,3,0,100,0,0,3
2011-06-01,3,0,0,0,9.09,20,50,3,3,3,3,3,3,3,2.75,2.98,3,2.5,2.81,3,2,2.52,0,0,0,0,3,3,0,100,0,0,3
2011-06-02,3,0,0,0,9.09,20,50,3,3,3,3,3,3,3,2.75,2.98,3,2.5,2.81,3,2,2.52,0,0,0,0,3,3,0,100,0,0,3
2011-06-03,3,0,0,0,9.09,20,50,3,3,3,3,3,3,3,2.75,2.99,3,2.5,2.82,3,2,2.52,0,0,0,0,3,3,0,100,0,0,3
2011-06-06,3,0,0,0,9.09,20,50,3,3,3,3,3,3,3,2.75,2.99,3,2.5,2.82,3,2,2.53,0,0,0,0,3,3,0,100,0,0,3
2011-06-07,3,0,0,0,9.09,20,50,3,3,3,3,3,3,3,2.75,3,3,2.5,2.82,3,2,2.53,0,0,0,0,3,3,0,100,0,0,3
2011-06-08,3,0,0,0,9.09,20,50,3,3,3,3,3,3,3,3,3,3,2.5,2.83,3,2,2.53,0,0,0,0,3,3,0,100,0,0,3
2011-06-09,3,0,0,0,0,20,50,3,3,3,3,3,3,3,3,3,3,2.5,2.83,3,2,2.54,0,0,0,0,3,3,0,100,0,0,3
2011-06-10,3.25,8.33,8.33,8.33,8.33,30,62.5,3.25,3,3.05,3.25,3,3.01,3.25,3,3,3.25,2.5,2.84,3.25,2,2.54,0,0.011217949,0.001246439,0.00997151,3.124303399,2.900696601,1,100.1974847,0.282993707,0.074226323,3.25
2011-06-13,3.25,0,8.33,8.33,8.33,30,62.5,3.25,3,3.1,3.25,3,3.03,3.25,3,3.01,3.25,2.5,2.84,3.25,2,2.55,0,0.022435897,0.003739316,0.018696581,3.178896753,2.871103247,1,100.383698,0.282993707,0.101749919,3.25
2011-06-14,3.25,0,8.33,8.33,8.33,30,62.5,3.25,3,3.15,3.25,3,3.04,3.25,3,3.01,3.25,2.5,2.85,3.25,2,2.55,0,0.033653846,0.007478632,0.026175214,3.220673774,2.854326226,1,100.5586592,0.282993707,0.120608246,3.25
2011-06-15,3.25,0,8.33,8.33,8.33,30,62.5,3.25,3,3.2,3.25,3,3.05,3.25,3,3.02,3.25,2.5,2.85,3.25,2,2.56,0,0.044871795,0.012464387,0.032407407,3.25519567,2.84480433,1,100.7223942,0.282993707,0.134554538,3.25
2011-06-16,3.25,0,8.33,8.33,8.33,30,62.5,3.25,3.25,3.25,3.25,3,3.06,3.25,3,3.02,3.25,2.5,2.86,3.25,2,2.56,0,0.056089744,0.018696581,0.037393162,3.284630829,2.840369171,1,100.8749357,0.282993707,0.145065031,3.25
2011-06-17,3.25,0,0,8.33,8.33,30,62.5,3.25,3.25,3.25,3.25,3,3.08,3.25,3,3.02,3.25,2.5,2.87,3.25,2,2.57,0,0.067307692,0.026175214,0.041132479,3.310081173,2.839918827,1,101.0163228,0.282993707,0.152898324,3.25
2011-06-20,3.25,0,0,8.33,8.33,30,62.5,3.25,3.25,3.25,3.25,3,3.09,3.25,3,3.03,3.25,2.5,2.87,3.25,2,2.57,0,0.078525641,0.034900285,0.043625356,3.332180242,2.842819758,1,101.1466011,0.282993707,0.158497323,3.25
2011-06-21,3.25,0,0,8.33,8.33,30,62.5,3.25,3.25,3.25,3.25,3,3.1,3.25,3,3.03,3.25,2.5,2.88,3.25,2,2.58,0,0.08974359,0.044871795,0.044871795,3.351312345,2.848687655,1,101.2658228,0.282993707,0.162136997,3.25
2011-06-22,3.25,0,0,8.33,8.33,30,62.5,3.25,3.25,3.25,3.25,3,3.11,3.25,3,3.03,3.25,2.5,2.88,3.25,2,2.58,0,0.100961538,0.056089744,0.044871795,3.367708893,2.857291107,1,101.3740458,0.282993707,0.16398965,3.25
2011-06-23,3.25,0,0,8.33,8.33,30,62.5,3.25,3.25,3.25,3.25,3,3.13,3.25,3,3.04,3.25,2.5,2.89,3.25,2,2.59,0,0.112179487,0.067307692,0.044871795,3.381494588,2.868505412,1,101.4713343,0.282993707,0.164156536,3.25
2011-06-24,3.25,0,0,8.33,8.33,30,62.5,3.25,3.25,3.25,3.25,3,3.14,3.25,3,3.04,3.25,2.5,2.89,3.25,2,2.59,0,0.123397436,0.078525641,0.044871795,3.392708893,2.882291107,1,101.5577584,0.282993707,0.16268296,3.25
2011-06-27,3.25,0,0,8.33,8.33,30,62.5,3.25,3.25,3.25,3.25,3,3.15,3.25,3,3.05,3.25,2.5,2.9,3.25,2,2.6,0,0.134615385,0.08974359,0.044871795,3.401312345,2.898687655,1,101.6333938,0.282993707,0.159563394,3.25
2011-06-28,3.25,0,0,8.33,8.33,30,62.5,3.25,3.25,3.25,3.25,3,3.16,3.25,3,3.05,3.25,2.5,2.91,3.25,2,2.6,0,0.125,0.098646724,0.026353276,3.407180242,2.917819758,1,101.6983218,0.282993707,0.154738493,3.25
2011-06-29,3.25,0,0,8.33,8.33,30,62.5,3.25,3.25,3.25,3.25,3,3.18,3.25,3,3.05,3.25,2.5,2.91,3.25,2,2.61,0,0.115384615,0.105235043,0.010149573,3.410081173,2.939918827,1,101.7526289,0.282993707,0.148082629,3.25
2011-06-30,3.25,0,0,8.33,8.33,30,62.5,3.25,3.25,3.25,3.25,3,3.19,3.25,3,3.06,3.25,2.5,2.92,3.25,2,2.61,0,0.105769231,0.109508547,-0.003739316,3.409630829,2.965369171,1,101.7964072,0.282993707,0.139376207,3.25
2011-07-01,3.25,0,0,8.33,8.33,30,62.5,3.25,3.25,3.25,3.25,3,3.2,3.25,3,3.06,3.25,2.5,2.92,3.25,2,2.62,0,0.096153846,0.111467236,-0.01531339,3.40519567,2.99480433,1,101.8297534,0.282993707,0.128247294,3.25
2011-07-04,3.25,0,0,8.33,8.33,30,62.5,3.25,3.25,3.25,3.25,3,3.21,3.25,3,3.07,3.25,2.5,2.93,3.25,2,2.62,0,0.086538462,0.111111111,-0.02457265,3.395673774,3.029326226,1,101.8527692,0.282993707,0.114038147,3.25
2011-07-05,3.25,0,0,8.33,8.33,30,62.5,3.25,3.25,3.25,3.25,3,3.23,3.25,3,3.07,3.25,2.5,2.93,3.25,2,2.63,0,0.076923077,0.108440171,-0.031517094,3.378896753,3.071103247,1,101.8655611,0.282993707,0.095439847,3.25
2011-07-06,3.25,0,0,8.33,8.33,30,62.5,3.25,3.25,3.25,3.25,3,3.24,3.25,3,3.07,3.25,2.5,2.94,3.25,2,2.63,0,0.067307692,0.103454416,-0.036146724,3.349303399,3.125696601,1,101.8682399,0.282993707,0.069067737,3.25
2011-07-07,3.25,0,0,8.33,8.33,30,62.5,3.25,3.25,3.25,3.25,3.25,3.25,3.25,3,3.08,3.25,2.5,2.95,3.25,2.25,2.63,0,0.057692308,0.096153846,-0.038461538,3.25,3.25,0,101.8609207,0.282993707,0,3.25
2011-07-08,3.25,0,0,0,8.33,30,44.44,3.25,3.25,3.25,3.25,3.25,3.25,3.25,3,3.08,3.25,2.5,2.95,3.25,2.25,2.64,0,0.048076923,0.086538462,-0.038461538,3.25,3.25,0,101.6717177,0,0,3.25
2011-07-11,3.25,0,0,0,8.33,30,44.44,3.25,3.25,3.25,3.25,3.25,3.25,3.25,3,3.08,3.25,2.5,2.96,3.25,2.25,2.64,0,0.038461538,0.076923077,-0.038461538,3.25,3.25,0,101.4931199,0,0,3.25
2011-07-12,3.25,0,0,0,8.33,30,44.44,3.25,3.25,3.25,3.25,3.25,3.25,3.25,3,3.09,3.25,2.5,2.96,3.25,2.25,2.65,0,0.028846154,0.067307692,-0.038461538,3.25,3.25,0,101.3250195,0,0,3.25
2011-07-13,3.25,0,0,0,8.33,30,44.44,3.25,3.25,3.25,3.25,3.25,3.25,3.25,3,3.09,3.25,2.75,2.97,3.25,2.25,2.65,0,0.019230769,0.057692308,-0.038461538,3.25,3.25,0,101.1673152,0,0,3.25
2011-07-14,3.25,0,0,0,8.33,18.18,44.44,3.25,3.25,3.25,3.25,3.25,3.25,3.25,3,3.1,3.25,2.75,2.97,3.25,2.25,2.65,0,0.009615385,0.048076923,-0.038461538,3.25,3.25,0,101.0199126,0,0,3.25
2011-07-15,3.25,0,0,0,8.33,18.18,44.44,3.25,3.25,3.25,3.25,3.25,3.25,3.25,3,3.1,3.25,2.75,2.98,3.25,2.25,2.66,0,0,0.038461538,-0.038461538,3.25,3.25,0,100.8827238,0,0,3.25
2011-07-18,3.25,0,0,0,8.33,18.18,44.44,3.25,3.25,3.25,3.25,3.25,3.25,3.25,3,3.1,3.25,2.75,2.98,3.25,2.25,2.66,0,0,0.02991453,-0.02991453,3.25,3.25,0,100.7556675,0,0,3.25
2011-07-19,3.25,0,0,0,8.33,18.18,44.44,3.25,3.25,3.25,3.25,3.25,3.25,3.25,3,3.11,3.25,2.75,2.98,3.25,2.25,2.67,0,0,0.022435897,-0.022435897,3.25,3.25,0,100.6386685,0,0,3.25
2011-07-20,3.25,0,0,0,8.33,18.18,44.44,3.25,3.25,3.25,3.25,3.25,3.25,3.25,3,3.11,3.25,2.75,2.99,3.25,2.25,2.67,0,0,0.016025641,-0.016025641,3.25,3.25,0,100.5316578,0,0,3.25
2011-07-21,3.25,0,0,0,8.33,18.18,44.44,3.25,3.25,3.25,3.25,3.25,3.25,3.25,3,3.12,3.25,2.75,2.99,3.25,2.25,2.67,0,0,0.010683761,-0.010683761,3.25,3.25,0,100.4345727,0,0,3.25
2011-07-22,3.25,0,0,0,8.33,18.18,44.44,3.25,3.25,3.25,3.25,3.25,3.25,3.25,3,3.12,3.25,2.75,3,3.25,2.25,2.68,0,0,0.006410256,-0.006410256,3.25,3.25,0,100.3473562,0,0,3.25
2011-07-25,3.25,0,0,0,8.33,18.18,44.44,3.25,3.25,3.25,3.25,3.25,3.25,3.25,3,3.12,3.25,2.75,3,3.25,2.25,2.68,0,0,0.003205128,-0.003205128,3.25,3.25,0,100.2699576,0,0,3.25
2011-07-26,3.25,0,0,0,8.33,18.18,44.44,3.25,3.25,3.25,3.25,3.25,3.25,3.25,3,3.13,3.25,2.75,3,3.25,2.25,2.68,0,0,0.001068376,-0.001068376,3.25,3.25,0,100.2023316,0,0,3.25
2011-07-27,3.25,0,0,0,8.33,18.18,44.44,3.25,3.25,3.25,3.25,3.25,3.25,3.25,3,3.13,3.25,2.75,3.01,3.25,2.25,2.69,0,0,0,0,3.25,3.25,0,100.1444391,0,0,3.25
2011-07-28,3.25,0,0,0,8.33,18.18,44.44,3.25,3.25,3.25,3.25,3.25,3.25,3.25,3,3.13,3.25,2.75,3.01,3.25,2.25,2.69,0,0,0,0,3.25,3.25,0,100.0962464,0,0,3.25
2011-07-29,3.25,0,0,0,8.33,18.18,44.44,3.25,3.25,3.25,3.25,3.25,3.25,3.25,3,3.14,3.25,2.75,3.02,3.25,2.25,2.7,0,0,0,0,3.25,3.25,0,100.0577256,0,0,3.25
2011-08-01,3.25,0,0,0,8.33,18.18,44.44,3.25,3.25,3.25,3.25,3.25,3.25,3.25,3,3.14,3.25,2.75,3.02,3.25,2.25,2.7,0,0,0,0,3.25,3.25,0,100.0288545,0,0,3.25
2011-08-02,3.25,0,0,0,8.33,18.18,44.44,3.25,3.25,3.25,3.25,3.25,3.25,3.25,3,3.15,3.25,2.75,3.02,3.25,2.25,2.7,0,0,0,0,3.25,3.25,0,100.0096163,0,0,3.25
2011-08-03,3.25,0,0,0,8.33,18.18,44.44,3.25,3.25,3.25,3.25,3.25,3.25,3.25,3,3.15,3.25,2.75,3.03,3.25,2.25,2.71,0,0,0,0,3.25,3.25,0,100,0,0,3.25
2011-08-04,3.25,0,0,0,8.33,18.18,44.44,3.25,3.25,3.25,3.25,3.25,3.25,3.25,3,3.15,3.25,2.75,3.03,3.25,2.25,2.71,0,0,0,0,3.25,3.25,0,100,0,0,3.25
2011-08-05,3.25,0,0,0,8.33,18.18,44.44,3.25,3.25,3.25,3.25,3.25,3.25,3.25,3,3.16,3.25,2.75,3.03,3.25,2.25,2.72,0,0,0,0,3.25,3.25,0,100,0,0,3.25
2011-08-08,3.25,0,0,0,8.33,18.18,44.44,3.25,3.25,3.25,3.25,3.25,3.25,3.25,3,3.16,3.25,2.75,3.04,3.25,2.25,2.72,0,0,0,0,3.25,3.25,0,100,0,0,3.25
2011-08-09,3.25,0,0,0,8.33,18.18,44.44,3.25,3.25,3.25,3.25,3.25,3.25,3.25,3,3.17,3.25,2.75,3.04,3.25,2.25,2.72,0,0,0,0,3.25,3.25,0,100,0,0,3.25
2011-08-10,3.25,0,0,0,8.33,18.18,44.44,3.25,3.25,3.25,3.25,3.25,3.25,3.25,3,3.17,3.25,2.75,3.05,3.25,2.25,2.73,0,0,0,0,3.25,3.25,0,100,0,0,3.25
2011-08-11,3.25,0,0,0,8.33,18.18,44.44,3.25,3.25,3.25,3.25,3.25,3.25,3.25,3,3.17,3.25,2.75,3.05,3.25,2.25,2.73,0,0,0,0,3.25,3.25,0,100,0,0,3.25
2011-08-12,3.25,0,0,0,8.33,18.18,44.44,3.25,3.25,3.25,3.25,3.25,3.25,3.25,3,3.18,3.25,2.75,3.05,3.25,2.25,2.73,0,0,0,0,3.25,3.25,0,100,0,0,3.25
2011-08-15,3.25,0,0,0,8.33,18.18,44.44,3.25,3.25,3.25,3.25,3.25,3.25,3.25,3,3.18,3.25,2.75,3.06,3.25,2.25,2.74,0,0,0,0,3.25,3.25,0,100,0,0,3.25
2011-08-16,3.25,0,0,0,8.33,18.18,44.44,3.25,3.25,3.25,3.25,3.25,3.25,3.25,3,3.18,3.25,2.75,3.06,3.25,2.25,2.74,0,0,0,0,3.25,3.25,0,100,0,0,3.25
2011-08-17,3.25,0,0,0,8.33,18.18,44.44,3.25,3.25,3.25,3.25,3.25,3.25,3.25,3,3.19,3.25,2.75,3.07,3.25,2.25,2.75,0,0,0,0,3.25,3.25,0,100,0,0,3.25
2011-08-18,3.25,0,0,0,8.33,18.18,44.44,3.25,3.25,3.25,3.25,3.25,3.25,3.25,3,3.19,3.25,2.75,3.07,3.25,2.25,2.75,0,0,0,0,3.25,3.25,0,100,0,0,3.25
2011-08-19,3.25,0,0,0,8.33,18.18,44.44,3.25,3.25,3.25,3.25,3.25,3.25,3.25,3,3.2,3.25,2.75,3.07,3.25,2.25,2.75,0,0,0,0,3.25,3.25,0,100,0,0,3.25
2011-08-22,3.25,0,0,0,8.33,18.18,44.44,3.25,3.25,3.25,3.25,3.25,3.25,3.25,3,3.2,3.25,2.75,3.08,3.25,2.25,2.76,0,0,0,0,3.25,3.25,0,100,0,0,3.25
2011-08-23,3.25,0,0,0,8.33,18.18,44.44,3.25,3.25,3.25,3.25,3.25,3.25,3.25,3,3.2,3.25,2.75,3.08,3.25,2.25,2.76,0,0,0,0,3.25,3.25,0,100,0,0,3.25
2011-08-24,3.25,0,0,0,8.33,18.18,44.44,3.25,3.25,3.25,3.25,3.25,3.25,3.25,3,3.21,3.25,2.75,3.08,3.25,2.25,2.77,0,0,0,0,3.25,3.25,0,100,0,0,3.25
2011-08-25,3.25,0,0,0,8.33,18.18,44.44,3.25,3.25,3.25,3.25,3.25,3.25,3.25,3,3.21,3.25,2.75,3.09,3.25,2.25,2.77,0,0,0,0,3.25,3.25,0,100,0,0,3.25
2011-08-26,3.25,0,0,0,8.33,18.18,44.44,3.25,3.25,3.25,3.25,3.25,3.25,3.25,3,3.22,3.25,2.75,3.09,3.25,2.25,2.77,0,0,0,0,3.25,3.25,0,100,0,0,3.25
2011-08-29,3.25,0,0,0,8.33,18.18,44.44,3.25,3.25,3.25,3.25,3.25,3.25,3.25,3,3.22,3.25,2.75,3.1,3.25,2.25,2.78,0,0,0,0,3.25,3.25,0,100,0,0,3.25
2011-08-30,3.25,0,0,0,8.33,18.18,44.44,3.25,3.25,3.25,3.25,3.25,3.25,3.25,3,3.22,3.25,2.75,3.1,3.25,2.25,2.78,0,0,0,0,3.25,3.25,0,100,0,0,3.25
2011-08-31,3.25,0,0,0,8.33,18.18,44.44,3.25,3.25,3.25,3.25,3.25,3.25,3.25,3,3.23,3.25,2.75,3.1,3.25,2.25,2.78,0,0,0,0,3.25,3.25,0,100,0,0,3.25
2011-09-01,3.25,0,0,0,8.33,18.18,44.44,3.25,3.25,3.25,3.25,3.25,3.25,3.25,3,3.23,3.25,2.75,3.11,3.25,2.25,2.79,0,0,0,0,3.25,3.25,0,100,0,0,3.25
2011-09-02,3.25,0,0,0,8.33,18.18,44.44,3.25,3.25,3.25,3.25,3.25,3.25,3.25,3,3.23,3.25,2.75,3.11,3.25,2.25,2.79,0,0,0,0,3.25,3.25,0,100,0,0,3.25
2011-09-05,3.25,0,0,0,8.33,18.18,44.44,3.25,3.25,3.25,3.25,3.25,3.25,3.25,3,3.24,3.25,2.75,3.12,3.25,2.25,2.8,0,0,0,0,3.25,3.25,0,100,0,0,3.25
2011-09-06,3.25,0,0,0,8.33,18.18,44.44,3.25,3.25,3.25,3.25,3.25,3.25,3.25,3,3.24,3.25,2.75,3.12,3.25,2.25,2.8,0,0,0,0,3.25,3.25,0,100,0,0,3.25
2011-09-07,3.25,0,0,0,8.33,18.18,44.44,3.25,3.25,3.25,3.25,3.25,3.25,3.25,3,3.25,3.25,3,3.12,3.25,2.25,2.8,0,0,0,0,3.25,3.25,0,100,0,0,3.25
2011-09-08,3.25,0,0,0,8.33,8.33,44.44,3.25,3.25,3.25,3.25,3.25,3.25,3.25,3.25,3.25,3.25,3,3.13,3.25,2.25,2.81,0,0,0,0,3.25,3.25,0,100,0,0,3.25
2011-09-09,3.25,0,0,0,0,8.33,44.44,3.25,3.25,3.25,3.25,3.25,3.25,3.25,3.25,3.25,3.25,3,3.13,3.25,2.25,2.81,0,0,0,0,3.25,3.25,0,100,0,0,3.25
2011-09-12,3.25,0,0,0,0,8.33,44.44,3.25,3.25,3.25,3.25,3.25,3.25,3.25,3.25,3.25,3.25,3,3.13,3.25,2.25,2.82,0,0,0,0,3.25,3.25,0,100,0,0,3.25
2011-09-13,3.25,0,0,0,0,8.33,44.44,3.25,3.25,3.25,3.25,3.25,3.25,3.25,3.25,3.25,3.25,3,3.13,3.25,2.25,2.82,0,0,0,0,3.25,3.25,0,100,0,0,3.25
2011-09-14,3.25,0,0,0,0,8.33,44.44,3.25,3.25,3.25,3.25,3.25,3.25,3.25,3.25,3.25,3.25,3,3.13,3.25,2.25,2.82,0,0,0,0,3.25,3.25,0,100,0,0,3.25
2011-09-15,3.25,0,0,0,0,8.33,44.44,3.25,3.25,3.25,3.25,3.25,3.25,3.25,3.25,3.25,3.25,3,3.13,3.25,2.25,2.83,0,0,0,0,3.25,3.25,0,100,0,0,3.25
2011-09-16,3.25,0,0,0,0,8.33,44.44,3.25,3.25,3.25,3.25,3.25,3.25,3.25,3.25,3.25,3.25,3,3.14,3.25,2.25,2.83,0,0,0,0,3.25,3.25,0,100,0,0,3.25
2011-09-19,3.25,0,0,0,0,8.33,44.44,3.25,3.25,3.25,3.25,3.25,3.25,3.25,3.25,3.25,3.25,3,3.14,3.25,2.25,2.83,0,0,0,0,3.25,3.25,0,100,0,0,3.25
2011-09-20,3.25,0,0,0,0,8.33,44.44,3.25,3.25,3.25,3.25,3.25,3.25,3.25,3.25,3.25,3.25,3,3.14,3.25,2.25,2.84,0,0,0,0,3.25,3.25,0,100,0,0,3.25
2011-09-21,3.25,0,0,0,0,8.33,44.44,3.25,3.25,3.25,3.25,3.25,3.25,3.25,3.25,3.25,3.25,3,3.14,3.25,2.25,2.84,0,0,0,0,3.25,3.25,0,100,0,0,3.25
2011-09-22,3.25,0,0,0,0,8.33,44.44,3.25,3.25,3.25,3.25,3.25,3.25,3.25,3.25,3.25,3.25,3,3.14,3.25,2.25,2.85,0,0,0,0,3.25,3.25,0,100,0,0,3.25
2011-09-23,3.25,0,0,0,0,8.33,44.44,3.25,3.25,3.25,3.25,3.25,3.25,3.25,3.25,3.25,3.25,3,3.15,3.25,2.25,2.85,0,0,0,0,3.25,3.25,0,100,0,0,3.25
2011-09-26,3.25,0,0,0,0,8.33,44.44,3.25,3.25,3.25,3.25,3.25,3.25,3.25,3.25,3.25,3.25,3,3.15,3.25,2.25,2.85,0,0,0,0,3.25,3.25,0,100,0,0,3.25
2011-09-27,3.25,0,0,0,0,8.33,44.44,3.25,3.25,3.25,3.25,3.25,3.25,3.25,3.25,3.25,3.25,3,3.15,3.25,2.25,2.86,0,0,0,0,3.25,3.25,0,100,0,0,3.25
2011-09-28,3.25,0,0,0,0,8.33,44.44,3.25,3.25,3.25,3.25,3.25,3.25,3.25,3.25,3.25,3.25,3,3.15,3.25,2.25,2.86,0,0,0,0,3.25,3.25,0,100,0,0,3.25
2011-09-29,3.25,0,0,0,0,8.33,44.44,3.25,3.25,3.25,3.25,3.25,3.25,3.25,3.25,3.25,3.25,3,3.15,3.25,2.25,2.87,0,0,0,0,3.25,3.25,0,100,0,0,3.25
2011-09-30,3.25,0,0,0,0,8.33,44.44,3.25,3.25,3.25,3.25,3.25,3.25,3.25,3.25,3.25,3.25,3,3.16,3.25,2.25,2.87,0,0,0,0,3.25,3.25,0,100,0,0,3.25
2011-10-03,3.25,0,0,0,0,8.33,44.44,3.25,3.25,3.25,3.25,3.25,3.25,3.25,3.25,3.25,3.25,3,3.16,3.25,2.25,2.87,0,0,0,0,3.25,3.25,0,100,0,0,3.25
2011-10-04,3.25,0,0,0,0,8.33,44.44,3.25,3.25,3.25,3.25,3.25,3.25,3.25,3.25,3.25,3.25,3,3.16,3.25,2.25,2.88,0,0,0,0,3.25,3.25,0,100,0,0,3.25
2011-10-05,3.25,0,0,0,0,8.33,44.44,3.25,3.25,3.25,3.25,3.25,3.25,3.25,3.25,3.25,3.25,3,3.16,3.25,2.25,2.88,0,0,0,0,3.25,3.25,0,100,0,0,3.25
2011-10-06,3.25,0,0,0,0,8.33,44.44,3.25,3.25,3.25,3.25,3.25,3.25,3.25,3.25,3.25,3.25,3,3.16,3.25,2.25,2.88,0,0,0,0,3.25,3.25,0,100,0,0,3.25
2011-10-07,3.25,0,0,0,0,8.33,44.44,3.25,3.25,3.25,3.25,3.25,3.25,3.25,3.25,3.25,3.25,3,3.17,3.25,2.25,2.89,0,0,0,0,3.25,3.25,0,100,0,0,3.25
2011-10-10,3.25,0,0,0,0,8.33,44.44,3.25,3.25,3.25,3.25,3.25,3.25,3.25,3.25,3.25,3.25,3,3.17,3.25,2.25,2.89,0,0,0,0,3.25,3.25,0,100,0,0,3.25
2011-10-11,3.25,0,0,0,0,8.33,44.44,3.25,3.25,3.25,3.25,3.25,3.25,3.25,3.25,3.25,3.25,3,3.17,3.25,2.25,2.9,0,0,0,0,3.25,3.25,0,100,0,0,3.25
2011-10-12,3.25,0,0,0,0,8.33,44.44,3.25,3.25,3.25,3.25,3.25,3.25,3.25,3.25,3.25,3.25,3,3.17,3.25,2.25,2.9,0,0,0,0,3.25,3.25,0,100,0,0,3.25
2011-10-13,3.25,0,0,0,0,8.33,44.44,3.25,3.25,3.25,3.25,3.25,3.25,3.25,3.25,3.25,3.25,3,3.17,3.25,2.25,2.9,0,0,0,0,3.25,3.25,0,100,0,0,3.25
2011-10-14,3.25,0,0,0,0,8.33,44.44,3.25,3.25,3.25,3.25,3.25,3.25,3.25,3.25,3.25,3.25,3,3.18,3.25,2.25,2.91,0,0,0,0,3.25,3.25,0,100,0,0,3.25
2011-10-17,3.25,0,0,0,0,8.33,44.44,3.25,3.25,3.25,3.25,3.25,3.25,3.25,3.25,3.25,3.25,3,3.18,3.25,2.25,2.91,0,0,0,0,3.25,3.25,0,100,0,0,3.25
2011-10-18,3.25,0,0,0,0,8.33,44.44,3.25,3.25,3.25,3.25,3.25,3.25,3.25,3.25,3.25,3.25,3,3.18,3.25,2.25,2.92,0,0,0,0,3.25,3.25,0,100,0,0,3.25
2011-10-19,3.25,0,0,0,0,8.33,44.44,3.25,3.25,3.25,3.25,3.25,3.25,3.25,3.25,3.25,3.25,3,3.18,3.25,2.25,2.92,0,0,0,0,3.25,3.25,0,100,0,0,3.25
2011-10-20,3.25,0,0,0,0,8.33,44.44,3.25,3.25,3.25,3.25,3.25,3.25,3.25,3.25,3.25,3.25,3,3.18,3.25,2.25,2.92,0,0,0,0,3.25,3.25,0,100,0,0,3.25
2011-10-21,3.25,0,0,0,0,8.33,44.44,3.25,3.25,3.25,3.25,3.25,3.25,3.25,3.25,3.25,3.25,3,3.18,3.25,2.25,2.93,0,0,0,0,3.25,3.25,0,100,0,0,3.25
2011-10-24,3.25,0,0,0,0,8.33,44.44,3.25,3.25,3.25,3.25,3.25,3.25,3.25,3.25,3.25,3.25,3,3.19,3.25,2.25,2.93,0,0,0,0,3.25,3.25,0,100,0,0,3.25
2011-10-25,3.25,0,0,0,0,8.33,44.44,3.25,3.25,3.25,3.25,3.25,3.25,3.25,3.25,3.25,3.25,3,3.19,3.25,2.25,2.93,0,0,0,0,3.25,3.25,0,100,0,0,3.25
2011-10-26,3.25,0,0,0,0,8.33,44.44,3.25,3.25,3.25,3.25,3.25,3.25,3.25,3.25,3.25,3.25,3,3.19,3.25,2.25,2.94,0,0,0,0,3.25,3.25,0,100,0,0,3.25
2011-10-27,3.25,0,0,0,0,8.33,44.44,3.25,3.25,3.25,3.25,3.25,3.25,3.25,3.25,3.25,3.25,3,3.19,3.25,2.25,2.94,0,0,0,0,3.25,3.25,0,100,0,0,3.25
2011-10-28,3.25,0,0,0,0,8.33,44.44,3.25,3.25,3.25,3.25,3.25,3.25,3.25,3.25,3.25,3.25,3,3.19,3.25,2.25,2.95,0,0,0,0,3.25,3.25,0,100,0,0,3.25
2011-10-31,3.25,0,0,0,0,8.33,44.44,3.25,3.25,3.25,3.25,3.25,3.25,3.25,3.25,3.25,3.25,3,3.2,3.25,2.25,2.95,0,0,0,0,3.25,3.25,0,100,0,0,3.25
2011-11-01,3.25,0,0,0,0,8.33,44.44,3.25,3.25,3.25,3.25,3.25,3.25,3.25,3.25,3.25,3.25,3,3.2,3.25,2.25,2.95,0,0,0,0,3.25,3.25,0,100,0,0,3.25
2011-11-02,3.25,0,0,0,0,8.33,44.44,3.25,3.25,3.25,3.25,3.25,3.25,3.25,3.25,3.25,3.25,3,3.2,3.25,2.25,2.96,0,0,0,0,3.25,3.25,0,100,0,0,3.25
2011-11-03,3.25,0,0,0,0,8.33,44.44,3.25,3.25,3.25,3.25,3.25,3.25,3.25,3.25,3.25,3.25,3,3.2,3.25,2.25,2.96,0,0,0,0,3.25,3.25,0,100,0,0,3.25
2011-11-04,3.25,0,0,0,0,8.33,44.44,3.25,3.25,3.25,3.25,3.25,3.25,3.25,3.25,3.25,3.25,3,3.2,3.25,2.25,2.97,0,0,0,0,3.25,3.25,0,100,0,0,3.25
2011-11-07,3.25,0,0,0,0,8.33,44.44,3.25,3.25,3.25,3.25,3.25,3.25,3.25,3.25,3.25,3.25,3,3.21,3.25,2.25,2.97,0,0,0,0,3.25,3.25,0,100,0,0,3.25
2011-11-08,3.25,0,0,0,0,8.33,44.44,3.25,3.25,3.25,3.25,3.25,3.25,3.25,3.25,3.25,3.25,3,3.21,3.25,2.25,2.97,0,0,0,0,3.25,3.25,0,100,0,0,3.25
2011-11-09,3.25,0,0,0,0,8.33,44.44,3.25,3.25,3.25,3.25,3.25,3.25,3.25,3.25,3.25,3.25,3,3.21,3.25,2.25,2.98,0,0,0,0,3.25,3.25,0,100,0,0,3.25
2011-11-10,3.25,0,0,0,0,8.33,44.44,3.25,3.25,3.25,3.25,3.25,3.25,3.25,3.25,3.25,3.25,3,3.21,3.25,2.25,2.98,0,0,0,0,3.25,3.25,0,100,0,0,3.25
2011-11-11,3.25,0,0,0,0,8.33,44.44,3.25,3.25,3.25,3.25,3.25,3.25,3.25,3.25,3.25,3.25,3,3.21,3.25,2.25,2.98,0,0,0,0,3.25,3.25,0,100,0,0,3.25
2011-11-14,3.25,0,0,0,0,8.33,44.44,3.25,3.25,3.25,3.25,3.25,3.25,3.25,3.25,3.25,3.25,3,3.22,3.25,2.5,2.99,0,0,0,0,3.25,3.25,0,100,0,0,3.25
2011-11-15,3.25,0,0,0,0,8.33,30,3.25,3.25,3.25,3.25,3.25,3.25,3.25,3.25,3.25,3.25,3,3.22,3.25,2.5,2.99,0,0,0,0,3.25,3.25,0,100,0,0,3.25
2011-11-16,3.25,0,0,0,0,8.33,30,3.25,3.25,3.25,3.25,3.25,3.25,3.25,3.25,3.25,3.25,3,3.22,3.25,2.5,2.99,0,0,0,0,3.25,3.25,0,100,0,0,3.25
2011-11-17,3.25,0,0,0,0,8.33,30,3.25,3.25,3.25,3.25,3.25,3.25,3.25,3.25,3.25,3.25,3,3.22,3.25,2.5,3,0,0,0,0,3.25,3.25,0,100,0,0,3.25
2011-11-18,3.25,0,0,0,0,8.33,30,3.25,3.25,3.25,3.25,3.25,3.25,3.25,3.25,3.25,3.25,3,3.22,3.25,2.5,3,0,0,0,0,3.25,3.25,0,100,0,0,3.25
2011-11-21,3.25,0,0,0,0,8.33,30,3.25,3.25,3.25,3.25,3.25,3.25,3.25,3.25,3.25,3.25,3,3.23,3.25,2.5,3,0,0,0,0,3.25,3.25,0,100,0,0,3.25
2011-11-22,3.25,0,0,0,0,8.33,30,3.25,3.25,3.25,3.25,3.25,3.25,3.25,3.25,3.25,3.25,3,3.23,3.25,2.5,3.01,0,0,0,0,3.25,3.25,0,100,0,0,3.25
2011-11-23,3.25,0,0,0,0,8.33,30,3.25,3.25,3.25,3.25,3.25,3.25,3.25,3.25,3.25,3.25,3,3.23,3.25,2.5,3.01,0,0,0,0,3.25,3.25,0,100,0,0,3.25
2011-11-24,3.25,0,0,0,0,8.33,30,3.25,3.25,3.25,3.25,3.25,3.25,3.25,3.25,3.25,3.25,3,3.23,3.25,2.5,3.01,0,0,0,0,3.25,3.25,0,100,0,0,3.25
2011-11-25,3.25,0,0,0,0,8.33,30,3.25,3.25,3.25,3.25,3.25,3.25,3.25,3.25,3.25,3.25,3,3.23,3.25,2.5,3.01,0,0,0,0,3.25,3.25,0,100,0,0,3.25
2011-11-28,3.25,0,0,0,0,8.33,30,3.25,3.25,3.25,3.25,3.25,3.25,3.25,3.25,3.25,3.25,3,3.23,3.25,2.5,3.02,0,0,0,0,3.25,3.25,0,100,0,0,3.25
2011-11-29,3.25,0,0,0,0,8.33,30,3.25,3.25,3.25,3.25,3.25,3.25,3.25,3.25,3.25,3.25,3,3.24,3.25,2.5,3.02,0,0,0,0,3.25,3.25,0,100,0,0,3.25
2011-11-30,3.25,0,0,0,0,8.33,30,3.25,3.25,3.25,3.25,3.25,3.25,3.25,3.25,3.25,3.25,3,3.24,3.25,2.5,3.02,0,0,0,0,3.25,3.25,0,100,0,0,3.25
2011-12-01,3.25,0,0,0,0,8.33,30,3.25,3.25,3.25,3.25,3.25,3.25,3.25,3.25,3.25,3.25,3,3.24,3.25,2.5,3.03,0,0,0,0,3.25,3.25,0,100,0,0,3.25
2011-12-02,3.25,0,0,0,0,8.33,30,3.25,3.25,3.25,3.25,3.25,3.25,3.25,3.25,3.25,3.25,3,3.24,3.25,2.5,3.03,0,0,0,0,3.25,3.25,0,100,0,0,3.25
2011-12-05,3.25,0,0,0,0,8.33,30,3.25,3.25,3.25,3.25,3.25,3.25,3.25,3.25,3.25,3.25,3,3.24,3.25,2.5,3.03,0,0,0,0,3.25,3.25,0,100,0,0,3.25
2011-12-06,3.25,0,0,0,0,8.33,30,3.25,3.25,3.25,3.25,3.25,3.25,3.25,3.25,3.25,3.25,3,3.25,3.25,2.5,3.03,0,0,0,0,3.25,3.25,0,100,0,0,3.25
2011-12-07,3.25,0,0,0,0,8.33,30,3.25,3.25,3.25,3.25,3.25,3.25,3.25,3.25,3.25,3.25,3,3.25,3.25,2.5,3.04,0,0,0,0,3.25,3.25,0,100,0,0,3.25
2011-12-08,3.25,0,0,0,0,8.33,30,3.25,3.25,3.25,3.25,3.25,3.25,3.25,3.25,3.25,3.25,3.25,3.25,3.25,2.5,3.04,0,0,0,0,3.25,3.25,0,100,0,0,3.25
2011-12-09,3.25,0,0,0,0,0,30,3.25,3.25,3.25,3.25,3.25,3.25,3.25,3.25,3.25,3.25,3.25,3.25,3.25,2.5,3.04,0,0,0,0,3.25,3.25,0,100,0,0,3.25
2011-12-12,3.25,0,0,0,0,0,30,3.25,3.25,3.25,3.25,3.25,3.25,3.25,3.25,3.25,3.25,3.25,3.25,3.25,2.5,3.05,0,0,0,0,3.25,3.25,0,100,0,0,3.25
2011-12-13,3.25,0,0,0,0,0,30,3.25,3.25,3.25,3.25,3.25,3.25,3.25,3.25,3.25,3.25,3.25,3.25,3.25,2.5,3.05,0,0,0,0,3.25,3.25,0,100,0,0,3.25
2011-12-14,3.25,0,0,0,0,0,30,3.25,3.25,3.25,3.25,3.25,3.25,3.25,3.25,3.25,3.25,3.25,3.25,3.25,2.5,3.05,0,0,0,0,3.25,3.25,0,100,0,0,3.25
2011-12-15,3.25,0,0,0,0,0,30,3.25,3.25,3.25,3.25,3.25,3.25,3.25,3.25,3.25,3.25,3.25,3.25,3.25,2.5,3.05,0,0,0,0,3.25,3.25,0,100,0,0,3.25
2011-12-16,3.25,0,0,0,0,0,30,3.25,3.25,3.25,3.25,3.25,3.25,3.25,3.25,3.25,3.25,3.25,3.25,3.25,2.5,3.06,0,0,0,0,3.25,3.25,0,100,0,0,3.25
2011-12-19,3.25,0,0,0,0,0,30,3.25,3.25,3.25,3.25,3.25,3.25,3.25,3.25,3.25,3.25,3.25,3.25,3.25,2.5,3.06,0,0,0,0,3.25,3.25,0,100,0,0,3.25
2011-12-20,3.25,0,0,0,0,0,30,3.25,3.25,3.25,3.25,3.25,3.25,3.25,3.25,3.25,3.25,3.25,3.25,3.25,2.5,3.06,0,0,0,0,3.25,3.25,0,100,0,0,3.25
2011-12-21,3.25,0,0,0,0,0,30,3.25,3.25,3.25,3.25,3.25,3.25,3.25,3.25,3.25,3.25,3.25,3.25,3.25,2.5,3.07,0,0,0,0,3.25,3.25,0,100,0,0,3.25
2011-12-22,3.25,0,0,0,0,0,30,3.25,3.25,3.25,3.25,3.25,3.25,3.25,3.25,3.25,3.25,3.25,3.25,3.25,2.5,3.07,0,0,0,0,3.25,3.25,0,100,0,0,3.25
2011-12-23,3.25,0,0,0,0,0,30,3.25,3.25,3.25,3.25,3.25,3.25,3.25,3.25,3.25,3.25,3.25,3.25,3.25,2.5,3.07,0,0,0,0,3.25,3.25,0,100,0,0,3.25
2011-12-26,3.25,0,0,0,0,0,30,3.25,3.25,3.25,3.25,3.25,3.25,3.25,3.25,3.25,3.25,3.25,3.25,3.25,2.5,3.08,0,0,0,0,3.25,3.25,0,100,0,0,3.25
2011-12-27,3.25,0,0,0,0,0,30,3.25,3.25,3.25,3.25,3.25,3.25,3.25,3.25,3.25,3.25,3.25,3.25,3.25,2.5,3.08,0,0,0,0,3.25,3.25,0,100,0,0,3.25
2011-12-28,3.25,0,0,0,0,0,30,3.25,3.25,3.25,3.25,3.25,3.25,3.25,3.25,3.25,3.25,3.25,3.25,3.25,2.5,3.08,0,0,0,0,3.25,3.25,0,100,0,0,3.25
2011-12-29,3.25,0,0,0,0,0,30,3.25,3.25,3.25,3.25,3.25,3.25,3.25,3.25,3.25,3.25,3.25,3.25,3.25,2.5,3.08,0,0,0,0,3.25,3.25,0,100,0,0,3.25
2011-12-30,3.25,0,0,0,0,0,30,3.25,3.25,3.25,3.25,3.25,3.25,3.25,3.25,3.25,3.25,3.25,3.25,3.25,2.5,3.09,0,0,0,0,3.25,3.25,0,100,0,0,3.25
2012-01-02,3.25,0,0,0,0,0,30,3.25,3.25,3.25,3.25,3.25,3.25,3.25,3.25,3.25,3.25,3.25,3.25,3.25,2.5,3.09,0,0,0,0,3.25,3.25,0,100,0,0,3.25
2012-01-03,3.25,0,0,0,0,0,30,3.25,3.25,3.25,3.25,3.25,3.25,3.25,3.25,3.25,3.25,3.25,3.25,3.25,2.5,3.09,0,0,0,0,3.25,3.25,0,100,0,0,3.25
2012-01-04,3.25,0,0,0,0,0,30,3.25,3.25,3.25,3.25,3.25,3.25,3.25,3.25,3.25,3.25,3.25,3.25,3.25,2.5,3.1,0,0,0,0,3.25,3.25,0,100,0,0,3.25
2012-01-05,3.25,0,0,0,0,0,30,3.25,3.25,3.25,3.25,3.25,3.25,3.25,3.25,3.25,3.25,3.25,3.25,3.25,2.5,3.1,0,0,0,0,3.25,3.25,0,100,0,0,3.25
2012-01-06,3.25,0,0,0,0,0,30,3.25,3.25,3.25,3.25,3.25,3.25,3.25,3.25,3.25,3.25,3.25,3.25,3.25,2.5,3.1,0,0,0,0,3.25,3.25,0,100,0,0,3.25
2012-01-09,3.25,0,0,0,0,0,30,3.25,3.25,3.25,3.25,3.25,3.25,3.25,3.25,3.25,3.25,3.25,3.25,3.25,2.5,3.1,0,0,0,0,3.25,3.25,0,100,0,0,3.25
2012-01-10,3.25,0,0,0,0,0,30,3.25,3.25,3.25,3.25,3.25,3.25,3.25,3.25,3.25,3.25,3.25,3.25,3.25,2.5,3.11,0,0,0,0,3.25,3.25,0,100,0,0,3.25
2012-01-11,3.25,0,0,0,0,0,30,3.25,3.25,3.25,3.25,3.25,3.25,3.25,3.25,3.25,3.25,3.25,3.25,3.25,2.75,3.11,0,0,0,0,3.25,3.25,0,100,0,0,3.25
2012-01-12,3.25,0,0,0,0,0,18.18,3.25,3.25,3.25,3.25,3.25,3.25,3.25,3.25,3.25,3.25,3.25,3.25,3.25,2.75,3.11,0,0,0,0,3.25,3.25,0,100,0,0,3.25
2012-01-13,3.25,0,0,0,0,0,18.18,3.25,3.25,3.25,3.25,3.25,3.25,3.25,3.25,3.25,3.25,3.25,3.25,3.25,2.75,3.11,0,0,0,0,3.25,3.25,0,100,0,0,3.25
2012-01-16,3.25,0,0,0,0,0,18.18,3.25,3.25,3.25,3.25,3.25,3.25,3.25,3.25,3.25,3.25,3.25,3.25,3.25,2.75,3.12,0,0,0,0,3.25,3.25,0,100,0,0,3.25
2012-01-17,3.25,0,0,0,0,0,18.18,3.25,3.25,3.25,3.25,3.25,3.25,3.25,3.25,3.25,3.25,3.25,3.25,3.25,2.75,3.12,0,0,0,0,3.25,3.25,0,100,0,0,3.25
2012-01-18,3.25,0,0,0,0,0,18.18,3.25,3.25,3.25,3.25,3.25,3.25,3.25,3.25,3.25,3.25,3.25,3.25,3.25,2.75,3.12,0,0,0,0,3.25,3.25,0,100,0,0,3.25
2012-01-19,3.25,0,0,0,0,0,18.18,3.25,3.25,3.25,3.25,3.25,3.25,3.25,3.25,3.25,3.25,3.25,3.25,3.25,2.75,3.12,0,0,0,0,3.25,3.25,0,100,0,0,3.25
2012-01-20,3.25,0,0,0,0,0,18.18,3.25,3.25,3.25,3.25,3.25,3.25,3.25,3.25,3.25,3.25,3.25,3.25,3.25,2.75,3.12,0,0,0,0,3.25,3.25,0,100,0,0,3.25
2012-01-23,3.25,0,0,0,0,0,18.18,3.25,3.25,3.25,3.25,3.25,3.25,3.25,3.25,3.25,3.25,3.25,3.25,3.25,2.75,3.13,0,0,0,0,3.25,3.25,0,100,0,0,3.25
2012-01-24,3.25,0,0,0,0,0,18.18,3.25,3.25,3.25,3.25,3.25,3.25,3.25,3.25,3.25,3.25,3.25,3.25,3.25,2.75,3.13,0,0,0,0,3.25,3.25,0,100,0,0,3.25
2012-01-25,3.25,0,0,0,0,0,18.18,3.25,3.25,3.25,3.25,3.25,3.25,3.25,3.25,3.25,3.25,3.25,3.25,3.25,2.75,3.13,0,0,0,0,3.25,3.25,0,100,0,0,3.25
2012-01-26,3.25,0,0,0,0,0,18.18,3.25,3.25,3.25,3.25,3.25,3.25,3.25,3.25,3.25,3.25,3.25,3.25,3.25,2.75,3.13,0,0,0,0,3.25,3.25,0,100,0,0,3.25
2012-01-27,3.25,0,0,0,0,0,18.18,3.25,3.25,3.25,3.25,3.25,3.25,3.25,3.25,3.25,3.25,3.25,3.25,3.25,2.75,3.13,0,0,0,0,3.25,3.25,0,100,0,0,3.25
2012-01-30,3.25,0,0,0,0,0,18.18,3.25,3.25,3.25,3.25,3.25,3.25,3.25,3.25,3.25,3.25,3.25,3.25,3.25,2.75,3.13,0,0,0,0,3.25,3.25,0,100,0,0,3.25
2012-01-31,3.25,0,0,0,0,0,18.18,3.25,3.25,3.25,3.25,3.25,3.25,3.25,3.25,3.25,3.25,3.25,3.25,3.25,2.75,3.14,0,0,0,0,3.25,3.25,0,100,0,0,3.25
2012-02-01,3.25,0,0,0,0,0,18.18,3.25,3.25,3.25,3.25,3.25,3.25,3.25,3.25,3.25,3.25,3.25,3.25,3.25,2.75,3.14,0,0,0,0,3.25,3.25,0,100,0,0,3.25
2012-02-02,3.25,0,0,0,0,0,18.18,3.25,3.25,3.25,3.25,3.25,3.25,3.25,3.25,3.25,3.25,3.25,3.25,3.25,2.75,3.14,0,0,0,0,3.25,3.25,0,100,0,0,3.25
2012-02-03,3.25,0,0,0,0,0,18.18,3.25,3.25,3.25,3.25,3.25,3.25,3.25,3.25,3.25,3.25,3.25,3.25,3.25,2.75,3.14,0,0,0,0,3.25,3.25,0,100,0,0,3.25
2012-02-06,3.25,0,0,0,0,0,18.18,3.25,3.25,3.25,3.25,3.25,3.25,3.25,3.25,3.25,3.25,3.25,3.25,3.25,2.75,3.14,0,0,0,0,3.25,3.25,0,100,0,0,3.25
2012-02-07,3.25,0,0,0,0,0,18.18,3.25,3.25,3.25,3.25,3.25,3.25,3.25,3.25,3.25,3.25,3.25,3.25,3.25,2.75,3.15,0,0,0,0,3.25,3.25,0,100,0,0,3.25
2012-02-08,3.25,0,0,0,0,0,18.18,3.25,3.25,3.25,3.25,3.25,3.25,3.25,3.25,3.25,3.25,3.25,3.25,3.25,2.75,3.15,0,0,0,0,3.25,3.25,0,100,0,0,3.25
2012-02-09,3.25,0,0,0,0,0,18.18,3.25,3.25,3.25,3.25,3.25,3.25,3.25,3.25,3.25,3.25,3.25,3.25,3.25,2.75,3.15,0,0,0,0,3.25,3.25,0,100,0,0,3.25
2012-02-10,3.25,0,0,0,0,0,18.18,3.25,3.25,3.25,3.25,3.25,3.25,3.25,3.25,3.25,3.25,3.25,3.25,3.25,2.75,3.15,0,0,0,0,3.25,3.25,0,100,0,0,3.25
2012-02-13,3.25,0,0,0,0,0,18.18,3.25,3.25,3.25,3.25,3.25,3.25,3.25,3.25,3.25,3.25,3.25,3.25,3.25,2.75,3.15,0,0,0,0,3.25,3.25,0,100,0,0,3.25
2012-02-14,3.25,0,0,0,0,0,18.18,3.25,3.25,3.25,3.25,3.25,3.25,3.25,3.25,3.25,3.25,3.25,3.25,3.25,2.75,3.16,0,0,0,0,3.25,3.25,0,100,0,0,3.25
2012-02-15,3.25,0,0,0,0,0,18.18,3.25,3.25,3.25,3.25,3.25,3.25,3.25,3.25,3.25,3.25,3.25,3.25,3.25,2.75,3.16,0,0,0,0,3.25,3.25,0,100,0,0,3.25
2012-02-16,3.25,0,0,0,0,0,18.18,3.25,3.25,3.25,3.25,3.25,3.25,3.25,3.25,3.25,3.25,3.25,3.25,3.25,2.75,3.16,0,0,0,0,3.25,3.25,0,100,0,0,3.25
2012-02-17,3.25,0,0,0,0,0,18.18,3.25,3.25,3.25,3.25,3.25,3.25,3.25,3.25,3.25,3.25,3.25,3.25,3.25,2.75,3.16,0,0,0,0,3.25,3.25,0,100,0,0,3.25
2012-02-20,3.25,0,0,0,0,0,18.18,3.25,3.25,3.25,3.25,3.25,3.25,3.25,3.25,3.25,3.25,3.25,3.25,3.25,2.75,3.16,0,0,0,0,3.25,3.25,0,100,0,0,3.25
2012-02-21,3.25,0,0,0,0,0,18.18,3.25,3.25,3.25,3.25,3.25,3.25,3.25,3.25,3.25,3.25,3.25,3.25,3.25,2.75,3.17,0,0,0,0,3.25,3.25,0,100,0,0,3.25
2012-02-22,3.25,0,0,0,0,0,18.18,3.25,3.25,3.25,3.25,3.25,3.25,3.25,3.25,3.25,3.25,3.25,3.25,3.25,2.75,3.17,0,0,0,0,3.25,3.25,0,100,0,0,3.25
2012-02-23,3.25,0,0,0,0,0,18.18,3.25,3.25,3.25,3.25,3.25,3.25,3.25,3.25,3.25,3.25,3.25,3.25,3.25,2.75,3.17,0,0,0,0,3.25,3.25,0,100,0,0,3.25
2012-02-24,3.25,0,0,0,0,0,18.18,3.25,3.25,3.25,3.25,3.25,3.25,3.25,3.25,3.25,3.25,3.25,3.25,3.25,2.75,3.17,0,0,0,0,3.25,3.25,0,100,0,0,3.25
2012-02-27,3.25,0,0,0,0,0,18.18,3.25,3.25,3.25,3.25,3.25,3.25,3.25,3.25,3.25,3.25,3.25,3.25,3.25,2.75,3.17,0,0,0,0,3.25,3.25,0,100,0,0,3.25
2012-02-28,3.25,0,0,0,0,0,18.18,3.25,3.25,3.25,3.25,3.25,3.25,3.25,3.25,3.25,3.25,3.25,3.25,3.25,2.75,3.18,0,0,0,0,3.25,3.25,0,100,0,0,3.25
2012-02-29,3.25,0,0,0,0,0,18.18,3.25,3.25,3.25,3.25,3.25,3.25,3.25,3.25,3.25,3.25,3.25,3.25,3.25,2.75,3.18,0,0,0,0,3.25,3.25,0,100,0,0,3.25
2012-03-01,3.25,0,0,0,0,0,18.18,3.25,3.25,3.25,3.25,3.25,3.25,3.25,3.25,3.25,3.25,3.25,3.25,3.25,2.75,3.18,0,0,0,0,3.25,3.25,0,100,0,0,3.25
2012-03-02,3.25,0,0,0,0,0,18.18,3.25,3.25,3.25,3.25,3.25,3.25,3.25,3.25,3.25,3.25,3.25,3.25,3.25,2.75,3.18,0,0,0,0,3.25,3.25,0,100,0,0,3.25
2012-03-05,3.25,0,0,0,0,0,18.18,3.25,3.25,3.25,3.25,3.25,3.25,3.25,3.25,3.25,3.25,3.25,3.25,3.25,2.75,3.18,0,0,0,0,3.25,3.25,0,100,0,0,3.25
2012-03-06,3.25,0,0,0,0,0,18.18,3.25,3.25,3.25,3.25,3.25,3.25,3.25,3.25,3.25,3.25,3.25,3.25,3.25,2.75,3.18,0,0,0,0,3.25,3.25,0,100,0,0,3.25
2012-03-07,3.25,0,0,0,0,0,18.18,3.25,3.25,3.25,3.25,3.25,3.25,3.25,3.25,3.25,3.25,3.25,3.25,3.25,3,3.19,0,0,0,0,3.25,3.25,0,100,0,0,3.25
2012-03-08,3.25,0,0,0,0,0,8.33,3.25,3.25,3.25,3.25,3.25,3.25,3.25,3.25,3.25,3.25,3.25,3.25,3.25,3,3.19,0,0,0,0,3.25,3.25,0,100,0,0,3.25
2012-03-09,3.25,0,0,0,0,0,8.33,3.25,3.25,3.25,3.25,3.25,3.25,3.25,3.25,3.25,3.25,3.25,3.25,3.25,3,3.19,0,0,0,0,3.25,3.25,0,100,0,0,3.25
2012-03-12,3.25,0,0,0,0,0,8.33,3.25,3.25,3.25,3.25,3.25,3.25,3.25,3.25,3.25,3.25,3.25,3.25,3.25,3,3.19,0,0,0,0,3.25,3.25,0,100,0,0,3.25
2012-03-13,3.25,0,0,0,0,0,8.33,3.25,3.25,3.25,3.25,3.25,3.25,3.25,3.25,3.25,3.25,3.25,3.25,3.25,3,3.19,0,0,0,0,3.25,3.25,0,100,0,0,3.25
2012-03-14,3.25,0,0,0,0,0,8.33,3.25,3.25,3.25,3.25,3.25,3.25,3.25,3.25,3.25,3.25,3.25,3.25,3.25,3,3.19,0,0,0,0,3.25,3.25,0,100,0,0,3.25
2012-03-15,3.25,0,0,0,0,0,8.33,3.25,3.25,3.25,3.25,3.25,3.25,3.25,3.25,3.25,3.25,3.25,3.25,3.25,3,3.19,0,0,0,0,3.25,3.25,0,100,0,0,3.25
2012-03-16,3.25,0,0,0,0,0,8.33,3.25,3.25,3.25,3.25,3.25,3.25,3.25,3.25,3.25,3.25,3.25,3.25,3.25,3,3.19,0,0,0,0,3.25,3.25,0,100,0,0,3.25
2012-03-19,3.25,0,0,0,0,0,8.33,3.25,3.25,3.25,3.25,3.25,3.25,3.25,3.25,3.25,3.25,3.25,3.25,3.25,3,3.19,0,0,0,0,3.25,3.25,0,100,0,0,3.25
2012-03-20,3.25,0,0,0,0,0,8.33,3.25,3.25,3.25,3.25,3.25,3.25,3.25,3.25,3.25,3.25,3.25,3.25,3.25,3,3.2,0,0,0,0,3.25,3.25,0,100,0,0,3.25
2012-03-21,3.25,0,0,0,0,0,8.33,3.25,3.25,3.25,3.25,3.25,3.25,3.25,3.25,3.25,3.25,3.25,3.25,3.25,3,3.2,0,0,0,0,3.25,3.25,0,100,0,0,3.25
2012-03-22,3.25,0,0,0,0,0,8.33,3.25,3.25,3.25,3.25,3.25,3.25,3.25,3.25,3.25,3.25,3.25,3.25,3.25,3,3.2,0,0,0,0,3.25,3.25,0,100,0,0,3.25
2012-03-23,3.25,0,0,0,0,0,8.33,3.25,3.25,3.25,3.25,3.25,3.25,3.25,3.25,3.25,3.25,3.25,3.25,3.25,3,3.2,0,0,0,0,3.25,3.25,0,100,0,0,3.25
2012-03-26,3.25,0,0,0,0,0,8.33,3.25,3.25,3.25,3.25,3.25,3.25,3.25,3.25,3.25,3.25,3.25,3.25,3.25,3,3.2,0,0,0,0,3.25,3.25,0,100,0,0,3.25
2012-03-27,3.25,0,0,0,0,0,8.33,3.25,3.25,3.25,3.25,3.25,3.25,3.25,3.25,3.25,3.25,3.25,3.25,3.25,3,3.2,0,0,0,0,3.25,3.25,0,100,0,0,3.25
2012-03-28,3.25,0,0,0,0,0,8.33,3.25,3.25,3.25,3.25,3.25,3.25,3.25,3.25,3.25,3.25,3.25,3.25,3.25,3,3.2,0,0,0,0,3.25,3.25,0,100,0,0,3.25
2012-03-29,3.25,0,0,0,0,0,8.33,3.25,3.25,3.25,3.25,3.25,3.25,3.25,3.25,3.25,3.25,3.25,3.25,3.25,3,3.2,0,0,0,0,3.25,3.25,0,100,0,0,3.25
2012-03-30,3.25,0,0,0,0,0,8.33,3.25,3.25,3.25,3.25,3.25,3.25,3.25,3.25,3.25,3.25,3.25,3.25,3.25,3,3.2,0,0,0,0,3.25,3.25,0,100,0,0,3.25
2012-04-02,3.25,0,0,0,0,0,8.33,3.25,3.25,3.25,3.25,3.25,3.25,3.25,3.25,3.25,3.25,3.25,3.25,3.25,3,3.2,0,0,0,0,3.25,3.25,0,100,0,0,3.25
2012-04-03,3.25,0,0,0,0,0,8.33,3.25,3.25,3.25,3.25,3.25,3.25,3.25,3.25,3.25,3.25,3.25,3.25,3.25,3,3.2,0,0,0,0,3.25,3.25,0,100,0,0,3.25
2012-04-04,3.25,0,0,0,0,0,8.33,3.25,3.25,3.25,3.25,3.25,3.25,3.25,3.25,3.25,3.25,3.25,3.25,3.25,3,3.21,0,0,0,0,3.25,3.25,0,100,0,0,3.25
2012-04-05,3.25,0,0,0,0,0,8.33,3.25,3.25,3.25,3.25,3.25,3.25,3.25,3.25,3.25,3.25,3.25,3.25,3.25,3,3.21,0,0,0,0,3.25,3.25,0,100,0,0,3.25
2012-04-06,3.25,0,0,0,0,0,8.33,3.25,3.25,3.25,3.25,3.25,3.25,3.25,3.25,3.25,3.25,3.25,3.25,3.25,3,3.21,0,0,0,0,3.25,3.25,0,100,0,0,3.25
2012-04-09,3.25,0,0,0,0,0,8.33,3.25,3.25,3.25,3.25,3.25,3.25,3.25,3.25,3.25,3.25,3.25,3.25,3.25,3,3.21,0,0,0,0,3.25,3.25,0,100,0,0,3.25
2012-04-10,3.25,0,0,0,0,0,8.33,3.25,3.25,3.25,3.25,3.25,3.25,3.25,3.25,3.25,3.25,3.25,3.25,3.25,3,3.21,0,0,0,0,3.25,3.25,0,100,0,0,3.25
2012-04-11,3.25,0,0,0,0,0,8.33,3.25,3.25,3.25,3.25,3.25,3.25,3.25,3.25,3.25,3.25,3.25,3.25,3.25,3,3.21,0,0,0,0,3.25,3.25,0,100,0,0,3.25
2012-04-12,3.25,0,0,0,0,0,8.33,3.25,3.25,3.25,3.25,3.25,3.25,3.25,3.25,3.25,3.25,3.25,3.25,3.25,3,3.21,0,0,0,0,3.25,3.25,0,100,0,0,3.25
2012-04-13,3.25,0,0,0,0,0,8.33,3.25,3.25,3.25,3.25,3.25,3.25,3.25,3.25,3.25,3.25,3.25,3.25,3.25,3,3.21,0,0,0,0,3.25,3.25,0,100,0,0,3.25
2012-04-16,3.25,0,0,0,0,0,8.33,3.25,3.25,3.25,3.25,3.25,3.25,3.25,3.25,3.25,3.25,3.25,3.25,3.25,3,3.21,0,0,0,0,3.25,3.25,0,100,0,0,3.25
2012-04-17,3.25,0,0,0,0,0,8.33,3.25,3.25,3.25,3.25,3.25,3.25,3.25,3.25,3.25,3.25,3.25,3.25,3.25,3,3.21,0,0,0,0,3.25,3.25,0,100,0,0,3.25
2012-04-18,3.25,0,0,0,0,0,8.33,3.25,3.25,3.25,3.25,3.25,3.25,3.25,3.25,3.25,3.25,3.25,3.25,3.25,3,3.22,0,0,0,0,3.25,3.25,0,100,0,0,3.25
2012-04-19,3.25,0,0,0,0,0,8.33,3.25,3.25,3.25,3.25,3.25,3.25,3.25,3.25,3.25,3.25,3.25,3.25,3.25,3,3.22,0,0,0,0,3.25,3.25,0,100,0,0,3.25
2012-04-20,3.25,0,0,0,0,0,8.33,3.25,3.25,3.25,3.25,3.25,3.25,3.25,3.25,3.25,3.25,3.25,3.25,3.25,3,3.22,0,0,0,0,3.25,3.25,0,100,0,0,3.25
2012-04-23,3.25,0,0,0,0,0,8.33,3.25,3.25,3.25,3.25,3.25,3.25,3.25,3.25,3.25,3.25,3.25,3.25,3.25,3,3.22,0,0,0,0,3.25,3.25,0,100,0,0,3.25
2012-04-24,3.25,0,0,0,0,0,8.33,3.25,3.25,3.25,3.25,3.25,3.25,3.25,3.25,3.25,3.25,3.25,3.25,3.25,3,3.22,0,0,0,0,3.25,3.25,0,100,0,0,3.25
2012-04-25,3.25,0,0,0,0,0,8.33,3.25,3.25,3.25,3.25,3.25,3.25,3.25,3.25,3.25,3.25,3.25,3.25,3.25,3,3.22,0,0,0,0,3.25,3.25,0,100,0,0,3.25
2012-04-26,3.25,0,0,0,0,0,8.33,3.25,3.25,3.25,3.25,3.25,3.25,3.25,3.25,3.25,3.25,3.25,3.25,3.25,3,3.22,0,0,0,0,3.25,3.25,0,100,0,0,3.25
2012-04-27,3.25,0,0,0,0,0,8.33,3.25,3.25,3.25,3.25,3.25,3.25,3.25,3.25,3.25,3.25,3.25,3.25,3.25,3,3.22,0,0,0,0,3.25,3.25,0,100,0,0,3.25
2012-04-30,3.25,0,0,0,0,0,8.33,3.25,3.25,3.25,3.25,3.25,3.25,3.25,3.25,3.25,3.25,3.25,3.25,3.25,3,3.22,0,0,0,0,3.25,3.25,0,100,0,0,3.25
2012-05-01,3.25,0,0,0,0,0,8.33,3.25,3.25,3.25,3.25,3.25,3.25,3.25,3.25,3.25,3.25,3.25,3.25,3.25,3,3.22,0,0,0,0,3.25,3.25,0,100,0,0,3.25
2012-05-02,3.25,0,0,0,0,0,8.33,3.25,3.25,3.25,3.25,3.25,3.25,3.25,3.25,3.25,3.25,3.25,3.25,3.25,3,3.23,0,0,0,0,3.25,3.25,0,100,0,0,3.25
2012-05-03,3.25,0,0,0,0,0,8.33,3.25,3.25,3.25,3.25,3.25,3.25,3.25,3.25,3.25,3.25,3.25,3.25,3.25,3,3.23,0,0,0,0,3.25,3.25,0,100,0,0,3.25
2012-05-04,3.25,0,0,0,0,0,8.33,3.25,3.25,3.25,3.25,3.25,3.25,3.25,3.25,3.25,3.25,3.25,3.25,3.25,3,3.23,0,0,0,0,3.25,3.25,0,100,0,0,3.25
2012-05-07,3.25,0,0,0,0,0,8.33,3.25,3.25,3.25,3.25,3.25,3.25,3.25,3.25,3.25,3.25,3.25,3.25,3.25,3,3.23,0,0,0,0,3.25,3.25,0,100,0,0,3.25
2012-05-08,3.25,0,0,0,0,0,8.33,3.25,3.25,3.25,3.25,3.25,3.25,3.25,3.25,3.25,3.25,3.25,3.25,3.25,3,3.23,0,0,0,0,3.25,3.25,0,100,0,0,3.25
2012-05-09,3.25,0,0,0,0,0,8.33,3.25,3.25,3.25,3.25,3.25,3.25,3.25,3.25,3.25,3.25,3.25,3.25,3.25,3,3.23,0,0,0,0,3.25,3.25,0,100,0,0,3.25
2012-05-10,3.25,0,0,0,0,0,8.33,3.25,3.25,3.25,3.25,3.25,3.25,3.25,3.25,3.25,3.25,3.25,3.25,3.25,3,3.23,0,0,0,0,3.25,3.25,0,100,0,0,3.25
2012-05-11,3.25,0,0,0,0,0,8.33,3.25,3.25,3.25,3.25,3.25,3.25,3.25,3.25,3.25,3.25,3.25,3.25,3.25,3,3.23,0,0,0,0,3.25,3.25,0,100,0,0,3.25
2012-05-14,3.25,0,0,0,0,0,8.33,3.25,3.25,3.25,3.25,3.25,3.25,3.25,3.25,3.25,3.25,3.25,3.25,3.25,3,3.23,0,0,0,0,3.25,3.25,0,100,0,0,3.25
2012-05-15,3.25,0,0,0,0,0,8.33,3.25,3.25,3.25,3.25,3.25,3.25,3.25,3.25,3.25,3.25,3.25,3.25,3.25,3,3.23,0,0,0,0,3.25,3.25,0,100,0,0,3.25
2012-05-16,3.25,0,0,0,0,0,8.33,3.25,3.25,3.25,3.25,3.25,3.25,3.25,3.25,3.25,3.25,3.25,3.25,3.25,3,3.23,0,0,0,0,3.25,3.25,0,100,0,0,3.25
2012-05-17,3.25,0,0,0,0,0,8.33,3.25,3.25,3.25,3.25,3.25,3.25,3.25,3.25,3.25,3.25,3.25,3.25,3.25,3,3.24,0,0,0,0,3.25,3.25,0,100,0,0,3.25
2012-05-18,3.25,0,0,0,0,0,8.33,3.25,3.25,3.25,3.25,3.25,3.25,3.25,3.25,3.25,3.25,3.25,3.25,3.25,3,3.24,0,0,0,0,3.25,3.25,0,100,0,0,3.25
2012-05-21,3.25,0,0,0,0,0,8.33,3.25,3.25,3.25,3.25,3.25,3.25,3.25,3.25,3.25,3.25,3.25,3.25,3.25,3,3.24,0,0,0,0,3.25,3.25,0,100,0,0,3.25
2012-05-22,3.25,0,0,0,0,0,8.33,3.25,3.25,3.25,3.25,3.25,3.25,3.25,3.25,3.25,3.25,3.25,3.25,3.25,3,3.24,0,0,0,0,3.25,3.25,0,100,0,0,3.25
2012-05-23,3.25,0,0,0,0,0,8.33,3.25,3.25,3.25,3.25,3.25,3.25,3.25,3.25,3.25,3.25,3.25,3.25,3.25,3,3.24,0,0,0,0,3.25,3.25,0,100,0,0,3.25
2012-05-24,3.25,0,0,0,0,0,8.33,3.25,3.25,3.25,3.25,3.25,3.25,3.25,3.25,3.25,3.25,3.25,3.25,3.25,3,3.24,0,0,0,0,3.25,3.25,0,100,0,0,3.25
2012-05-25,3.25,0,0,0,0,0,8.33,3.25,3.25,3.25,3.25,3.25,3.25,3.25,3.25,3.25,3.25,3.25,3.25,3.25,3,3.24,0,0,0,0,3.25,3.25,0,100,0,0,3.25
2012-05-28,3.25,0,0,0,0,0,8.33,3.25,3.25,3.25,3.25,3.25,3.25,3.25,3.25,3.25,3.25,3.25,3.25,3.25,3,3.24,0,0,0,0,3.25,3.25,0,100,0,0,3.25
2012-05-29,3.25,0,0,0,0,0,8.33,3.25,3.25,3.25,3.25,3.25,3.25,3.25,3.25,3.25,3.25,3.25,3.25,3.25,3,3.24,0,0,0,0,3.25,3.25,0,100,0,0,3.25
2012-05-30,3.25,0,0,0,0,0,8.33,3.25,3.25,3.25,3.25,3.25,3.25,3.25,3.25,3.25,3.25,3.25,3.25,3.25,3,3.24,0,0,0,0,3.25,3.25,0,100,0,0,3.25
2012-05-31,3.25,0,0,0,0,0,8.33,3.25,3.25,3.25,3.25,3.25,3.25,3.25,3.25,3.25,3.25,3.25,3.25,3.25,3,3.25,0,0,0,0,3.25,3.25,0,100,0,0,3.25
2012-06-01,3.25,0,0,0,0,0,8.33,3.25,3.25,3.25,3.25,3.25,3.25,3.25,3.25,3.25,3.25,3.25,3.25,3.25,3,3.25,0,0,0,0,3.25,3.25,0,100,0,0,3.25
2012-06-04,3.25,0,0,0,0,0,8.33,3.25,3.25,3.25,3.25,3.25,3.25,3.25,3.25,3.25,3.25,3.25,3.25,3.25,3,3.25,0,0,0,0,3.25,3.25,0,100,0,0,3.25
2012-06-05,3.25,0,0,0,0,0,8.33,3.25,3.25,3.25,3.25,3.25,3.25,3.25,3.25,3.25,3.25,3.25,3.25,3.25,3,3.25,0,0,0,0,3.25,3.25,0,100,0,0,3.25
2012-06-06,3.25,0,0,0,0,0,8.33,3.25,3.25,3.25,3.25,3.25,3.25,3.25,3.25,3.25,3.25,3.25,3.25,3.25,3,3.25,0,0,0,0,3.25,3.25,0,100,0,0,3.25
2012-06-07,3.25,0,0,0,0,0,8.33,3.25,3.25,3.25,3.25,3.25,3.25,3.25,3.25,3.25,3.25,3.25,3.25,3.25,3.25,3.25,0,0,0,0,3.25,3.25,0,100,0,0,3.25
2012-06-08,3.25,0,0,0,0,0,0,3.25,3.25,3.25,3.25,3.25,3.25,3.25,3.25,3.25,3.25,3.25,3.25,3.25,3.25,3.25,0,0,0,0,3.25,3.25,0,100,0,0,3.25
2012-06-11,3.25,0,0,0,0,0,0,3.25,3.25,3.25,3.25,3.25,3.25,3.25,3.25,3.25,3.25,3.25,3.25,3.25,3.25,3.25,0,0,0,0,3.25,3.25,0,100,0,0,3.25
2012-06-12,3.25,0,0,0,0,0,0,3.25,3.25,3.25,3.25,3.25,3.25,3.25,3.25,3.25,3.25,3.25,3.25,3.25,3.25,3.25,0,0,0,0,3.25,3.25,0,100,0,0,3.25
2012-06-13,3.25,0,0,0,0,0,0,3.25,3.25,3.25,3.25,3.25,3.25,3.25,3.25,3.25,3.25,3.25,3.25,3.25,3.25,3.25,0,0,0,0,3.25,3.25,0,100,0,0,3.25
2012-06-14,3.25,0,0,0,0,0,0,3.25,3.25,3.25,3.25,3.25,3.25,3.25,3.25,3.25,3.25,3.25,3.25,3.25,3.25,3.25,0,0,0,0,3.25,3.25,0,100,0,0,3.25
2012-06-15,3.25,0,0,0,0,0,0,3.25,3.25,3.25,3.25,3.25,3.25,3.25,3.25,3.25,3.25,3.25,3.25,3.25,3.25,3.25,0,0,0,0,3.25,3.25,0,100,0,0,3.25
2012-06-18,3.25,0,0,0,0,0,0,3.25,3.25,3.25,3.25,3.25,3.25,3.25,3.25,3.25,3.25,3.25,3.25,3.25,3.25,3.25,0,0,0,0,3.25,3.25,0,100,0,0,3.25
2012-06-19,3.25,0,0,0,0,0,0,3.25,3.25,3.25,3.25,3.25,3.25,3.25,3.25,3.25,3.25,3.25,3.25,3.25,3.25,3.25,0,0,0,0,3.25,3.25,0,100,0,0,3.25
2012-06-20,3.25,0,0,0,0,0,0,3.25,3.25,3.25,3.25,3.25,3.25,3.25,3.25,3.25,3.25,3.25,3.25,3.25,3.25,3.25,0,0,0,0,3.25,3.25,0,100,0,0,3.25
2012-06-21,3.25,0,0,0,0,0,0,3.25,3.25,3.25,3.25,3.25,3.25,3.25,3.25,3.25,3.25,3.25,3.25,3.25,3.25,3.25,0,0,0,0,3.25,3.25,0,100,0,0,3.25
2012-06-22,3.25,0,0,0,0,0,0,3.25,3.25,3.25,3.25,3.25,3.25,3.25,3.25,3.25,3.25,3.25,3.25,3.25,3.25,3.25,0,0,0,0,3.25,3.25,0,100,0,0,3.25
2012-06-25,3.25,0,0,0,0,0,0,3.25,3.25,3.25,3.25,3.25,3.25,3.25,3.25,3.25,3.25,3.25,3.25,3.25,3.25,3.25,0,0,0,0,3.25,3.25,0,100,0,0,3.25
2012-06-26,3.25,0,0,0,0,0,0,3.25,3.25,3.25,3.25,3.25,3.25,3.25,3.25,3.25,3.25,3.25,3.25,3.25,3.25,3.25,0,0,0,0,3.25,3.25,0,100,0,0,3.25
2012-06-27,3.25,0,0,0,0,0,0,3.25,3.25,3.25,3.25,3.25,3.25,3.25,3.25,3.25,3.25,3.25,3.25,3.25,3.25,3.25,0,0,0,0,3.25,3.25,0,100,0,0,3.25
2012-06-28,3.25,0,0,0,0,0,0,3.25,3.25,3.25,3.25,3.25,3.25,3.25,3.25,3.25,3.25,3.25,3.25,3.25,3.25,3.25,0,0,0,0,3.25,3.25,0,100,0,0,3.25
2012-06-29,3.25,0,0,0,0,0,0,3.25,3.25,3.25,3.25,3.25,3.25,3.25,3.25,3.25,3.25,3.25,3.25,3.25,3.25,3.25,0,0,0,0,3.25,3.25,0,100,0,0,3.25
2012-07-02,3.25,0,0,0,0,0,0,3.25,3.25,3.25,3.25,3.25,3.25,3.25,3.25,3.25,3.25,3.25,3.25,3.25,3.25,3.25,0,0,0,0,3.25,3.25,0,100,0,0,3.25
2012-07-03,3.25,0,0,0,0,0,0,3.25,3.25,3.25,3.25,3.25,3.25,3.25,3.25,3.25,3.25,3.25,3.25,3.25,3.25,3.25,0,0,0,0,3.25,3.25,0,100,0,0,3.25
2012-07-04,3.25,0,0,0,0,0,0,3.25,3.25,3.25,3.25,3.25,3.25,3.25,3.25,3.25,3.25,3.25,3.25,3.25,3.25,3.25,0,0,0,0,3.25,3.25,0,100,0,0,3.25
2012-07-05,3.25,0,0,0,0,0,0,3.25,3.25,3.25,3.25,3.25,3.25,3.25,3.25,3.25,3.25,3.25,3.25,3.25,3.25,3.25,0,0,0,0,3.25,3.25,0,100,0,0,3.25
2012-07-06,3.25,0,0,0,0,0,0,3.25,3.25,3.25,3.25,3.25,3.25,3.25,3.25,3.25,3.25,3.25,3.25,3.25,3.25,3.25,0,0,0,0,3.25,3.25,0,100,0,0,3.25
2012-07-09,3.25,0,0,0,0,0,0,3.25,3.25,3.25,3.25,3.25,3.25,3.25,3.25,3.25,3.25,3.25,3.25,3.25,3.25,3.25,0,0,0,0,3.25,3.25,0,100,0,0,3.25
2012-07-10,3.25,0,0,0,0,0,0,3.25,3.25,3.25,3.25,3.25,3.25,3.25,3.25,3.25,3.25,3.25,3.25,3.25,3.25,3.25,0,0,0,0,3.25,3.25,0,100,0,0,3.25
2012-07-11,3.25,0,0,0,0,0,0,3.25,3.25,3.25,3.25,3.25,3.25,3.25,3.25,3.25,3.25,3.25,3.25,3.25,3.25,3.25,0,0,0,0,3.25,3.25,0,100,0,0,3.25
2012-07-12,3,-7.69,-7.69,-7.69,-7.69,-7.69,-7.69,3.25,3,3.2,3.25,3,3.24,3.25,3,3.25,3.25,3,3.25,3.25,3,3.25,0,-0.011217949,-0.001246439,-0.00997151,3.349303399,3.125696601,0,99.62496394,0.282993707,0.069067737,3
2012-07-13,3,0,-7.69,-7.69,-7.69,-7.69,-7.69,3.25,3,3.15,3.25,3,3.23,3.25,3,3.24,3.25,3,3.25,3.25,3,3.25,0,-0.022435897,-0.003739316,-0.018696581,3.378896753,3.071103247,0,99.25940175,0.282993707,0.095439847,3
2012-07-16,3,0,-7.69,-7.69,-7.69,-7.69,-7.69,3.25,3,3.1,3.25,3,3.21,3.25,3,3.24,3.25,3,3.24,3.25,3,3.25,0,-0.033653846,-0.007478632,-0.026175214,3.395673774,3.029326226,0,98.90321339,0.282993707,0.114038147,3
2012-07-17,3,0,-7.69,-7.69,-7.69,-7.69,-7.69,3.25,3,3.05,3.25,3,3.2,3.25,3,3.23,3.25,3,3.24,3.25,3,3.25,0,-0.044871795,-0.012464387,-0.032407407,3.40519567,2.99480433,0,98.55630414,0.282993707,0.128247294,3
2012-07-18,3,0,-7.69,-7.69,-7.69,-7.69,-7.69,3,3,3,3.25,3,3.19,3.25,3,3.23,3.25,3,3.24,3.25,3,3.25,0,-0.056089744,-0.018696581,-0.037393162,3.409630829,2.965369171,0,98.2185845,0.282993707,0.139376207,3
2012-07-19,3,0,0,-7.69,-7.69,-7.69,-7.69,3,3,3,3.25,3,3.18,3.25,3,3.23,3.25,3,3.24,3.25,3,3.24,0,-0.067307692,-0.026175214,-0.041132479,3.410081173,2.939918827,0,97.88997013,0.282993707,0.148082629,3
2012-07-20,3,0,0,-7.69,-7.69,-7.69,-7.69,3,3,3,3.25,3,3.16,3.25,3,3.22,3.25,3,3.24,3.25,3,3.24,0,-0.078525641,-0.034900285,-0.043625356,3.407180242,2.917819758,0,97.5703818,0.282993707,0.154738493,3
2012-07-23,3,0,0,-7.69,-7.69,-7.69,-7.69,3,3,3,3.25,3,3.15,3.25,3,3.22,3.25,3,3.23,3.25,3,3.24,0,-0.08974359,-0.044871795,-0.044871795,3.401312345,2.898687655,0,97.25974527,0.282993707,0.159563394,3
2012-07-24,3,0,0,-7.69,-7.69,-7.69,-7.69,3,3,3,3.25,3,3.14,3.25,3,3.22,3.25,3,3.23,3.25,3,3.24,0,-0.100961538,-0.056089744,-0.044871795,3.392708893,2.882291107,0,96.95799131,0.282993707,0.16268296,3
2012-07-25,3,0,0,-7.69,-7.69,-7.69,-7.69,3,3,3,3.25,3,3.13,3.25,3,3.21,3.25,3,3.23,3.25,3,3.24,0,-0.112179487,-0.067307692,-0.044871795,3.381494588,2.868505412,0,96.66505558,0.282993707,0.164156536,3
2012-07-26,3,0,0,-7.69,-7.69,-7.69,-7.69,3,3,3,3.25,3,3.11,3.25,3,3.21,3.25,3,3.23,3.25,3,3.24,0,-0.123397436,-0.078525641,-0.044871795,3.367708893,2.857291107,0,96.38087865,0.282993707,0.16398965,3
2012-07-27,3,0,0,-7.69,-7.69,-7.69,-7.69,3,3,3,3.25,3,3.1,3.25,3,3.2,3.25,3,3.23,3.25,3,3.24,0,-0.134615385,-0.08974359,-0.044871795,3.351312345,2.848687655,0,96.10540593,0.282993707,0.162136997,3
2012-07-30,3,0,0,-7.69,-7.69,-7.69,-7.69,3,3,3,3.25,3,3.09,3.25,3,3.2,3.25,3,3.23,3.25,3,3.24,0,-0.125,-0.098646724,-0.026353276,3.332180242,2.842819758,0,95.83858764,0.282993707,0.158497323,3
2012-07-31,3,0,0,-7.69,-7.69,-7.69,-7.69,3,3,3,3.25,3,3.08,3.25,3,3.2,3.25,3,3.22,3.25,3,3.24,0,-0.115384615,-0.105235043,-0.010149573,3.310081173,2.839918827,0,95.58037882,0.282993707,0.152898324,3
2012-08-01,3,0,0,-7.69,-7.69,-7.69,-7.69,3,3,3,3.25,3,3.06,3.25,3,3.19,3.25,3,3.22,3.25,3,3.24,0,-0.105769231,-0.109508547,0.003739316,3.284630829,2.840369171,0,95.3307393,0.282993707,0.145065031,3
2012-08-02,3,0,0,-7.69,-7.69,-7.69,-7.69,3,3,3,3.25,3,3.05,3.25,3,3.19,3.25,3,3.22,3.25,3,3.23,0,-0.096153846,-0.111467236,0.01531339,3.25519567,2.84480433,0,95.08963367,0.282993707,0.134554538,3
2012-08-03,3,0,0,-7.69,-7.69,-7.69,-7.69,3,3,3,3.25,3,3.04,3.25,3,3.18,3.25,3,3.22,3.25,3,3.23,0,-0.086538462,-0.111111111,0.02457265,3.220673774,2.854326226,0,94.85703133,0.282993707,0.120608246,3
2012-08-06,3,0,0,-7.69,-7.69,-7.69,-7.69,3,3,3,3.25,3,3.03,3.25,3,3.18,3.25,3,3.22,3.25,3,3.23,0,-0.076923077,-0.108440171,0.031517094,3.178896753,2.871103247,0,94.63290644,0.282993707,0.101749919,3
2012-08-07,3,0,0,-7.69,-7.69,-7.69,-7.69,3,3,3,3.25,3,3.01,3.25,3,3.18,3.25,3,3.21,3.25,3,3.23,0,-0.067307692,-0.103454416,0.036146724,3.124303399,2.900696601,0,94.417238,0.282993707,0.074226323,3
2012-08-08,3,0,0,-7.69,-7.69,-7.69,-7.69,3,3,3,3,3,3,3.25,3,3.17,3.25,3,3.21,3.25,3,3.23,0,-0.057692308,-0.096153846,0.038461538,3,3,0,94.21000981,0.282993707,0,3
2012-08-09,3,0,0,0,-7.69,-7.69,-7.69,3,3,3,3,3,3,3.25,3,3.17,3.25,3,3.21,3.25,3,3.23,0,-0.048076923,-0.086538462,0.038461538,3,3,0,94.38599941,0,0,3
2012-08-10,3,0,0,0,-7.69,-7.69,-7.69,3,3,3,3,3,3,3.25,3,3.17,3.25,3,3.21,3.25,3,3.23,0,-0.038461538,-0.076923077,0.038461538,3,3,0,94.55333399,0,0,3
2012-08-13,3,0,0,0,-7.69,-7.69,-7.69,3,3,3,3,3,3,3.25,3,3.16,3.25,3,3.21,3.25,3,3.23,0,-0.028846154,-0.067307692,0.038461538,3,3,0,94.71191792,0,0,3
2012-08-14,3,0,0,0,-7.69,-7.69,-7.69,3,3,3,3,3,3,3.25,3,3.16,3.25,3,3.2,3.25,3,3.23,0,-0.019230769,-0.057692308,0.038461538,3,3,0,94.86166008,0,0,3
2012-08-15,3,0,0,0,-7.69,-7.69,-7.69,3,3,3,3,3,3,3.25,3,3.15,3.25,3,3.2,3.25,3,3.23,0,-0.009615385,-0.048076923,0.038461538,3,3,0,95.00247402,0,0,3
2012-08-16,3,0,0,0,-7.69,-7.69,-7.69,3,3,3,3,3,3,3.25,3,3.15,3.25,3,3.2,3.25,3,3.23,0,0,-0.038461538,0.038461538,3,3,0,95.13427807,0,0,3
2012-08-17,3,0,0,0,-7.69,-7.69,-7.69,3,3,3,3,3,3,3.25,3,3.15,3.25,3,3.2,3.25,3,3.22,0,0,-0.02991453,0.02991453,3,3,0,95.25699544,0,0,3
2012-08-20,3,0,0,0,-7.69,-7.69,-7.69,3,3,3,3,3,3,3.25,3,3.14,3.25,3,3.2,3.25,3,3.22,0,0,-0.022435897,0.022435897,3,3,0,95.37055434,0,0,3
2012-08-21,3,0,0,0,-7.69,-7.69,-7.69,3,3,3,3,3,3,3.25,3,3.14,3.25,3,3.19,3.25,3,3.22,0,0,-0.016025641,0.016025641,3,3,0,95.47488812,0,0,3
2012-08-22,3,0,0,0,-7.69,-7.69,-7.69,3,3,3,3,3,3,3.25,3,3.13,3.25,3,3.19,3.25,3,3.22,0,0,-0.010683761,0.010683761,3,3,0,95.56993529,0,0,3
2012-08-23,3,0,0,0,-7.69,-7.69,-7.69,3,3,3,3,3,3,3.25,3,3.13,3.25,3,3.19,3.25,3,3.22,0,0,-0.006410256,0.006410256,3,3,0,95.6556397,0,0,3
2012-08-24,3,0,0,0,-7.69,-7.69,-7.69,3,3,3,3,3,3,3.25,3,3.13,3.25,3,3.19,3.25,3,3.22,0,0,-0.003205128,0.003205128,3,3,0,95.73195054,0,0,3
2012-08-27,3,0,0,0,-7.69,-7.69,-7.69,3,3,3,3,3,3,3.25,3,3.12,3.25,3,3.19,3.25,3,3.22,0,0,-0.001068376,0.001068376,3,3,0,95.79882247,0,0,3
2012-08-28,3,0,0,0,-7.69,-7.69,-7.69,3,3,3,3,3,3,3.25,3,3.12,3.25,3,3.18,3.25,3,3.22,0,0,0,0,3,3,0,95.85621568,0,0,3
2012-08-29,3,0,0,0,-7.69,-7.69,-7.69,3,3,3,3,3,3,3.25,3,3.12,3.25,3,3.18,3.25,3,3.22,0,0,0,0,3,3,0,95.9040959,0,0,3
2012-08-30,3,0,0,0,-7.69,-7.69,-7.69,3,3,3,3,3,3,3.25,3,3.11,3.25,3,3.18,3.25,3,3.22,0,0,0,0,3,3,0,95.94243454,0,0,3
2012-08-31,3,0,0,0,-7.69,-7.69,-7.69,3,3,3,3,3,3,3.25,3,3.11,3.25,3,3.18,3.25,3,3.21,0,0,0,0,3,3,0,95.97120864,0,0,3
2012-09-03,3,0,0,0,-7.69,-7.69,-7.69,3,3,3,3,3,3,3.25,3,3.1,3.25,3,3.18,3.25,3,3.21,0,0,0,0,3,3,0,95.99040096,0,0,3
2012-09-04,3,0,0,0,-7.69,-7.69,-7.69,3,3,3,3,3,3,3.25,3,3.1,3.25,3,3.18,3.25,3,3.21,0,0,0,0,3,3,0,96,0,0,3
2012-09-05,3,0,0,0,-7.69,-7.69,-7.69,3,3,3,3,3,3,3.25,3,3.1,3.25,3,3.17,3.25,3,3.21,0,0,0,0,3,3,0,96,0,0,3
2012-09-06,3,0,0,0,-7.69,-7.69,-7.69,3,3,3,3,3,3,3.25,3,3.09,3.25,3,3.17,3.25,3,3.21,0,0,0,0,3,3,0,96,0,0,3
2012-09-07,3,0,0,0,-7.69,-7.69,-7.69,3,3,3,3,3,3,3.25,3,3.09,3.25,3,3.17,3.25,3,3.21,0,0,0,0,3,3,0,96,0,0,3
2012-09-10,3,0,0,0,-7.69,-7.69,-7.69,3,3,3,3,3,3,3.25,3,3.08,3.25,3,3.17,3.25,3,3.21,0,0,0,0,3,3,0,96,0,0,3
2012-09-11,3,0,0,0,-7.69,-7.69,-7.69,3,3,3,3,3,3,3.25,3,3.08,3.25,3,3.17,3.25,3,3.21,0,0,0,0,3,3,0,96,0,0,3
2012-09-12,3,0,0,0,-7.69,-7.69,-7.69,3,3,3,3,3,3,3.25,3,3.08,3.25,3,3.16,3.25,3,3.21,0,0,0,0,3,3,0,96,0,0,3
2012-09-13,3,0,0,0,-7.69,-7.69,-7.69,3,3,3,3,3,3,3.25,3,3.07,3.25,3,3.16,3.25,3,3.21,0,0,0,0,3,3,0,96,0,0,3
2012-09-14,3,0,0,0,-7.69,-7.69,-7.69,3,3,3,3,3,3,3.25,3,3.07,3.25,3,3.16,3.25,3,3.2,0,0,0,0,3,3,0,96,0,0,3
2012-09-17,3,0,0,0,-7.69,-7.69,-7.69,3,3,3,3,3,3,3.25,3,3.07,3.25,3,3.16,3.25,3,3.2,0,0,0,0,3,3,0,96,0,0,3
2012-09-18,3,0,0,0,-7.69,-7.69,-7.69,3,3,3,3,3,3,3.25,3,3.06,3.25,3,3.16,3.25,3,3.2,0,0,0,0,3,3,0,96,0,0,3
2012-09-19,3,0,0,0,-7.69,-7.69,-7.69,3,3,3,3,3,3,3.25,3,3.06,3.25,3,3.15,3.25,3,3.2,0,0,0,0,3,3,0,96,0,0,3
2012-09-20,3,0,0,0,-7.69,-7.69,-7.69,3,3,3,3,3,3,3.25,3,3.05,3.25,3,3.15,3.25,3,3.2,0,0,0,0,3,3,0,96,0,0,3
2012-09-21,3,0,0,0,-7.69,-7.69,-7.69,3,3,3,3,3,3,3.25,3,3.05,3.25,3,3.15,3.25,3,3.2,0,0,0,0,3,3,0,96,0,0,3
2012-09-24,3,0,0,0,-7.69,-7.69,-7.69,3,3,3,3,3,3,3.25,3,3.05,3.25,3,3.15,3.25,3,3.2,0,0,0,0,3,3,0,96,0,0,3
2012-09-25,3,0,0,0,-7.69,-7.69,-7.69,3,3,3,3,3,3,3.25,3,3.04,3.25,3,3.15,3.25,3,3.2,0,0,0,0,3,3,0,96,0,0,3
2012-09-26,3,0,0,0,-7.69,-7.69,-7.69,3,3,3,3,3,3,3.25,3,3.04,3.25,3,3.14,3.25,3,3.2,0,0,0,0,3,3,0,96,0,0,3
2012-09-27,3,0,0,0,-7.69,-7.69,-7.69,3,3,3,3,3,3,3.25,3,3.03,3.25,3,3.14,3.25,3,3.2,0,0,0,0,3,3,0,96,0,0,3
2012-09-28,3,0,0,0,-7.69,-7.69,-7.69,3,3,3,3,3,3,3.25,3,3.03,3.25,3,3.14,3.25,3,3.2,0,0,0,0,3,3,0,96,0,0,3
2012-10-01,3,0,0,0,-7.69,-7.69,-7.69,3,3,3,3,3,3,3.25,3,3.03,3.25,3,3.14,3.25,3,3.19,0,0,0,0,3,3,0,96,0,0,3
2012-10-02,3,0,0,0,-7.69,-7.69,-7.69,3,3,3,3,3,3,3.25,3,3.02,3.25,3,3.14,3.25,3,3.19,0,0,0,0,3,3,0,96,0,0,3
2012-10-03,3,0,0,0,-7.69,-7.69,-7.69,3,3,3,3,3,3,3.25,3,3.02,3.25,3,3.13,3.25,3,3.19,0,0,0,0,3,3,0,96,0,0,3
2012-10-04,3,0,0,0,-7.69,-7.69,-7.69,3,3,3,3,3,3,3.25,3,3.02,3.25,3,3.13,3.25,3,3.19,0,0,0,0,3,3,0,96,0,0,3
2012-10-05,3,0,0,0,-7.69,-7.69,-7.69,3,3,3,3,3,3,3.25,3,3.01,3.25,3,3.13,3.25,3,3.19,0,0,0,0,3,3,0,96,0,0,3
2012-10-08,3,0,0,0,-7.69,-7.69,-7.69,3,3,3,3,3,3,3.25,3,3.01,3.25,3,3.13,3.25,3,3.19,0,0,0,0,3,3,0,96,0,0,3
2012-10-09,3,0,0,0,-7.69,-7.69,-7.69,3,3,3,3,3,3,3.25,3,3,3.25,3,3.13,3.25,3,3.19,0,0,0,0,3,3,0,96,0,0,3
2012-10-10,3,0,0,0,-7.69,-7.69,-7.69,3,3,3,3,3,3,3,3,3,3.25,3,3.13,3.25,3,3.19,0,0,0,0,3,3,0,96.19238477,0,0,3
2012-10-11,2.75,-8.33,-8.33,-8.33,-8.33,-15.38,-15.38,3,2.75,2.95,3,2.75,2.99,3,2.75,3,3.25,2.75,3.12,3.25,2.75,3.19,0,-0.011217949,-0.001246439,-0.00997151,3.099303399,2.875696601,0,95.99357365,0.307631674,0.074847464,2.75
2012-10-12,2.75,0,-8.33,-8.33,-8.33,-15.38,-15.38,3,2.75,2.9,3,2.75,2.98,3,2.75,2.99,3.25,2.75,3.12,3.25,2.75,3.18,0,-0.022435897,-0.003739316,-0.018696581,3.128896753,2.821103247,0,95.80356244,0.307631674,0.103460002,2.75
2012-10-15,2.75,0,-8.33,-8.33,-8.33,-15.38,-15.38,3,2.75,2.85,3,2.75,2.96,3,2.75,2.99,3.25,2.75,3.11,3.25,2.75,3.18,0,-0.033653846,-0.007478632,-0.026175214,3.145673774,2.779326226,0,95.62235223,0.307631674,0.12366162,2.75
2012-10-16,2.75,0,-8.33,-8.33,-8.33,-15.38,-15.38,3,2.75,2.8,3,2.75,2.95,3,2.75,2.98,3.25,2.75,3.11,3.25,2.75,3.18,0,-0.044871795,-0.012464387,-0.032407407,3.15519567,2.74480433,0,95.44994944,0.307631674,0.139115709,2.75
2012-10-17,2.75,0,-8.33,-8.33,-8.33,-15.38,-15.38,2.75,2.75,2.75,3,2.75,2.94,3,2.75,2.98,3.25,2.75,3.11,3.25,2.75,3.18,0,-0.056089744,-0.018696581,-0.037393162,3.159630829,2.715369171,0,95.28636594,0.307631674,0.151238011,2.75
2012-10-18,2.75,0,0,-8.33,-8.33,-15.38,-15.38,2.75,2.75,2.75,3,2.75,2.93,3,2.75,2.98,3.25,2.75,3.1,3.25,2.75,3.18,0,-0.067307692,-0.026175214,-0.041132479,3.160081173,2.689918827,0,95.13161907,0.307631674,0.160739264,2.75
2012-10-19,2.75,0,0,-8.33,-8.33,-15.38,-15.38,2.75,2.75,2.75,3,2.75,2.91,3,2.75,2.97,3.25,2.75,3.1,3.25,2.75,3.17,0,-0.078525641,-0.034900285,-0.043625356,3.157180242,2.667819758,0,94.98573176,0.307631674,0.168020767,2.75
2012-10-22,2.75,0,0,-8.33,-8.33,-15.38,-15.38,2.75,2.75,2.75,3,2.75,2.9,3,2.75,2.97,3.25,2.75,3.09,3.25,2.75,3.17,0,-0.08974359,-0.044871795,-0.044871795,3.151312345,2.648687655,0,94.84873262,0.307631674,0.173318859,2.75
2012-10-23,2.75,0,0,-8.33,-8.33,-15.38,-15.38,2.75,2.75,2.75,3,2.75,2.89,3,2.75,2.97,3.25,2.75,3.09,3.25,2.75,3.17,0,-0.100961538,-0.056089744,-0.044871795,3.142708893,2.632291107,0,94.72065607,0.307631674,0.176768064,2.75
2012-10-24,2.75,0,0,-8.33,-8.33,-15.38,-15.38,2.75,2.75,2.75,3,2.75,2.88,3,2.75,2.96,3.25,2.75,3.09,3.25,2.75,3.17,0,-0.112179487,-0.067307692,-0.044871795,3.131494588,2.618505412,0,94.60154242,0.307631674,0.178431018,2.75
2012-10-25,2.75,0,0,-8.33,-8.33,-15.38,-15.38,2.75,2.75,2.75,3,2.75,2.86,3,2.75,2.96,3.25,2.75,3.08,3.25,2.75,3.17,0,-0.123397436,-0.078525641,-0.044871795,3.117708893,2.607291107,0,94.491438,0.307631674,0.17831189,2.75
2012-10-26,2.75,0,0,-8.33,-8.33,-15.38,-15.38,2.75,2.75,2.75,3,2.75,2.85,3,2.75,2.95,3.25,2.75,3.08,3.25,2.75,3.16,0,-0.134615385,-0.08974359,-0.044871795,3.101312345,2.598687655,0,94.39039536,0.307631674,0.17635954,2.75
2012-10-29,2.75,0,0,-8.33,-8.33,-15.38,-15.38,2.75,2.75,2.75,3,2.75,2.84,3,2.75,2.95,3.25,2.75,3.08,3.25,2.75,3.16,0,-0.125,-0.098646724,-0.026353276,3.082180242,2.592819758,0,94.29847336,0.307631674,0.172461845,2.75
2012-10-30,2.75,0,0,-8.33,-8.33,-15.38,-15.38,2.75,2.75,2.75,3,2.75,2.83,3,2.75,2.95,3.25,2.75,3.07,3.25,2.75,3.16,0,-0.115384615,-0.105235043,-0.010149573,3.060081173,2.589918827,0,94.21573736,0.307631674,0.166429149,2.75
2012-10-31,2.75,0,0,-8.33,-8.33,-15.38,-15.38,2.75,2.75,2.75,3,2.75,2.81,3,2.75,2.94,3.25,2.75,3.07,3.25,2.75,3.16,0,-0.105769231,-0.109508547,0.003739316,3.034630829,2.590369171,0,94.14225941,0.307631674,0.157959701,2.75
2012-11-01,2.75,0,0,-8.33,-8.33,-15.38,-15.38,2.75,2.75,2.75,3,2.75,2.8,3,2.75,2.94,3.25,2.75,3.06,3.25,2.75,3.16,0,-0.096153846,-0.111467236,0.01531339,3.00519567,2.59480433,0,94.07811844,0.307631674,0.146568336,2.75
2012-11-02,2.75,0,0,-8.33,-8.33,-15.38,-15.38,2.75,2.75,2.75,3,2.75,2.79,3,2.75,2.93,3.25,2.75,3.06,3.25,2.75,3.15,0,-0.086538462,-0.111111111,0.02457265,2.970673774,2.604326226,0,94.02340044,0.307631674,0.13142513,2.75
2012-11-05,2.75,0,0,-8.33,-8.33,-15.38,-15.38,2.75,2.75,2.75,3,2.75,2.78,3,2.75,2.93,3.25,2.75,3.06,3.25,2.75,3.15,0,-0.076923077,-0.108440171,0.031517094,2.928896753,2.621103247,0,93.97819875,0.307631674,0.110916579,2.75
2012-11-06,2.75,0,0,-8.33,-8.33,-15.38,-15.38,2.75,2.75,2.75,3,2.75,2.76,3,2.75,2.93,3.25,2.75,3.05,3.25,2.75,3.15,0,-0.067307692,-0.103454416,0.036146724,2.874303399,2.650696601,0,93.94261424,0.307631674,0.080943637,2.75
2012-11-07,2.75,0,0,-8.33,-8.33,-15.38,-15.38,2.75,2.75,2.75,2.75,2.75,2.75,3,2.75,2.92,3.25,2.75,3.05,3.25,2.75,3.15,0,-0.057692308,-0.096153846,0.038461538,2.75,2.75,0,93.71671991,0.307631674,0,2.75
2012-11-08,2.75,0,0,0,-8.33,-15.38,-15.38,2.75,2.75,2.75,2.75,2.75,2.75,3,2.75,2.92,3.25,2.75,3.04,3.25,2.75,3.15,0,-0.048076923,-0.086538462,0.038461538,2.75,2.75,0,93.90673354,0,0,2.75
2012-11-09,2.75,0,0,0,-8.33,-15.38,-15.38,2.75,2.75,2.75,2.75,2.75,2.75,3,2.75,2.92,3.25,2.75,3.04,3.25,2.75,3.15,0,-0.038461538,-0.076923077,0.038461538,2.75,2.75,0,94.08745857,0,0,2.75
2012-11-12,2.75,0,0,0,-8.33,-15.38,-15.38,2.75,2.75,2.75,2.75,2.75,2.75,3,2.75,2.91,3.25,2.75,3.04,3.25,2.75,3.14,0,-0.028846154,-0.067307692,0.038461538,2.75,2.75,0,94.2587832,0,0,2.75
2012-11-13,2.75,0,0,0,-8.33,-15.38,-15.38,2.75,2.75,2.75,2.75,2.75,2.75,3,2.75,2.91,3.25,2.75,3.03,3.25,2.75,3.14,0,-0.019230769,-0.057692308,0.038461538,2.75,2.75,0,94.42060086,0,0,2.75
2012-11-14,2.75,0,0,0,-8.33,-15.38,-15.38,2.75,2.75,2.75,2.75,2.75,2.75,3,2.75,2.9,3.25,2.75,3.03,3.25,2.75,3.14,0,-0.009615385,-0.048076923,0.038461538,2.75,2.75,0,94.57281032,0,0,2.75
2012-11-15,2.75,0,0,0,-8.33,-15.38,-15.38,2.75,2.75,2.75,2.75,2.75,2.75,3,2.75,2.9,3.25,2.75,3.03,3.25,2.75,3.14,0,0,-0.038461538,0.038461538,2.75,2.75,0,94.7153159,0,0,2.75
2012-11-16,2.75,0,0,0,-8.33,-15.38,-15.38,2.75,2.75,2.75,2.75,2.75,2.75,3,2.75,2.9,3.25,2.75,3.02,3.25,2.75,3.14,0,0,-0.02991453,0.02991453,2.75,2.75,0,94.84802759,0,0,2.75
2012-11-19,2.75,0,0,0,-8.33,-15.38,-15.38,2.75,2.75,2.75,2.75,2.75,2.75,3,2.75,2.89,3.25,2.75,3.02,3.25,2.75,3.13,0,0,-0.022435897,0.022435897,2.75,2.75,0,94.97086121,0,0,2.75
2012-11-20,2.75,0,0,0,-8.33,-15.38,-15.38,2.75,2.75,2.75,2.75,2.75,2.75,3,2.75,2.89,3.25,2.75,3.01,3.25,2.75,3.13,0,0,-0.016025641,0.016025641,2.75,2.75,0,95.08373852,0,0,2.75
2012-11-21,2.75,0,0,0,-8.33,-15.38,-15.38,2.75,2.75,2.75,2.75,2.75,2.75,3,2.75,2.88,3.25,2.75,3.01,3.25,2.75,3.13,0,0,-0.010683761,0.010683761,2.75,2.75,0,95.18658734,0,0,2.75
2012-11-22,2.75,0,0,0,-8.33,-15.38,-15.38,2.75,2.75,2.75,2.75,2.75,2.75,3,2.75,2.88,3.25,2.75,3.01,3.25,2.75,3.13,0,0,-0.006410256,0.006410256,2.75,2.75,0,95.27934171,0,0,2.75
2012-11-23,2.75,0,0,0,-8.33,-15.38,-15.38,2.75,2.75,2.75,2.75,2.75,2.75,3,2.75,2.88,3.25,2.75,3,3.25,2.75,3.13,0,0,-0.003205128,0.003205128,2.75,2.75,0,95.36194192,0,0,2.75
2012-11-26,2.75,0,0,0,-8.33,-15.38,-15.38,2.75,2.75,2.75,2.75,2.75,2.75,3,2.75,2.87,3.25,2.75,3,3.25,2.75,3.12,0,0,-0.001068376,0.001068376,2.75,2.75,0,95.43433467,0,0,2.75
2012-11-27,2.75,0,0,0,-8.33,-15.38,-15.38,2.75,2.75,2.75,2.75,2.75,2.75,3,2.75,2.87,3.25,2.75,2.99,3.25,2.75,3.12,0,0,0,0,2.75,2.75,0,95.49647314,0,0,2.75
2012-11-28,2.75,0,0,0,-8.33,-15.38,-15.38,2.75,2.75,2.75,2.75,2.75,2.75,3,2.75,2.87,3.25,2.75,2.99,3.25,2.75,3.12,0,0,0,0,2.75,2.75,0,95.54831705,0,0,2.75
2012-11-29,2.75,0,0,0,-8.33,-15.38,-15.38,2.75,2.75,2.75,2.75,2.75,2.75,3,2.75,2.86,3.25,2.75,2.99,3.25,2.75,3.12,0,0,0,0,2.75,2.75,0,95.58983272,0,0,2.75
2012-11-30,2.75,0,0,0,-8.33,-15.38,-15.38,2.75,2.75,2.75,2.75,2.75,2.75,3,2.75,2.86,3.25,2.75,2.98,3.25,2.75,3.12,0,0,0,0,2.75,2.75,0,95.62099315,0,0,2.75
2012-12-03,2.75,0,0,0,-8.33,-15.38,-15.38,2.75,2.75,2.75,2.75,2.75,2.75,3,2.75,2.85,3.25,2.75,2.98,3.25,2.75,3.11,0,0,0,0,2.75,2.75,0,95.64177807,0,0,2.75
2012-12-04,2.75,0,0,0,-8.33,-15.38,-15.38,2.75,2.75,2.75,2.75,2.75,2.75,3,2.75,2.85,3.25,2.75,2.98,3.25,2.75,3.11,0,0,0,0,2.75,2.75,0,95.65217391,0,0,2.75
2012-12-05,2.75,0,0,0,-8.33,-15.38,-15.38,2.75,2.75,2.75,2.75,2.75,2.75,3,2.75,2.85,3.25,2.75,2.97,3.25,2.75,3.11,0,0,0,0,2.75,2.75,0,95.65217391,0,0,2.75
2012-12-06,2.75,0,0,0,-8.33,-15.38,-15.38,2.75,2.75,2.75,2.75,2.75,2.75,3,2.75,2.84,3.25,2.75,2.97,3.25,2.75,3.11,0,0,0,0,2.75,2.75,0,95.65217391,0,0,2.75
2012-12-07,2.75,0,0,0,-8.33,-15.38,-15.38,2.75,2.75,2.75,2.75,2.75,2.75,3,2.75,2.84,3.25,2.75,2.96,3.25,2.75,3.11,0,0,0,0,2.75,2.75,0,95.65217391,0,0,2.75
2012-12-10,2.75,0,0,0,-8.33,-15.38,-15.38,2.75,2.75,2.75,2.75,2.75,2.75,3,2.75,2.83,3.25,2.75,2.96,3.25,2.75,3.1,0,0,0,0,2.75,2.75,0,95.65217391,0,0,2.75
2012-12-11,2.75,0,0,0,-8.33,-15.38,-15.38,2.75,2.75,2.75,2.75,2.75,2.75,3,2.75,2.83,3.25,2.75,2.96,3.25,2.75,3.1,0,0,0,0,2.75,2.75,0,95.65217391,0,0,2.75
2012-12-12,2.75,0,0,0,-8.33,-15.38,-15.38,2.75,2.75,2.75,2.75,2.75,2.75,3,2.75,2.83,3.25,2.75,2.95,3.25,2.75,3.1,0,0,0,0,2.75,2.75,0,95.65217391,0,0,2.75
2012-12-13,2.75,0,0,0,-8.33,-15.38,-15.38,2.75,2.75,2.75,2.75,2.75,2.75,3,2.75,2.82,3.25,2.75,2.95,3.25,2.75,3.1,0,0,0,0,2.75,2.75,0,95.65217391,0,0,2.75
2012-12-14,2.75,0,0,0,-8.33,-15.38,-15.38,2.75,2.75,2.75,2.75,2.75,2.75,3,2.75,2.82,3.25,2.75,2.94,3.25,2.75,3.1,0,0,0,0,2.75,2.75,0,95.65217391,0,0,2.75
2012-12-17,2.75,0,0,0,-8.33,-15.38,-15.38,2.75,2.75,2.75,2.75,2.75,2.75,3,2.75,2.82,3.25,2.75,2.94,3.25,2.75,3.1,0,0,0,0,2.75,2.75,0,95.65217391,0,0,2.75
2012-12-18,2.75,0,0,0,-8.33,-15.38,-15.38,2.75,2.75,2.75,2.75,2.75,2.75,3,2.75,2.81,3.25,2.75,2.94,3.25,2.75,3.09,0,0,0,0,2.75,2.75,0,95.65217391,0,0,2.75
2012-12-19,2.75,0,0,0,-8.33,-15.38,-15.38,2.75,2.75,2.75,2.75,2.75,2.75,3,2.75,2.81,3.25,2.75,2.93,3.25,2.75,3.09,0,0,0,0,2.75,2.75,0,95.65217391,0,0,2.75
2012-12-20,2.75,0,0,0,-8.33,-15.38,-15.38,2.75,2.75,2.75,2.75,2.75,2.75,3,2.75,2.8,3.25,2.75,2.93,3.25,2.75,3.09,0,0,0,0,2.75,2.75,0,95.65217391,0,0,2.75
2012-12-21,2.75,0,0,0,-8.33,-15.38,-15.38,2.75,2.75,2.75,2.75,2.75,2.75,3,2.75,2.8,3.25,2.75,2.93,3.25,2.75,3.09,0,0,0,0,2.75,2.75,0,95.65217391,0,0,2.75
2012-12-24,2.75,0,0,0,-8.33,-15.38,-15.38,2.75,2.75,2.75,2.75,2.75,2.75,3,2.75,2.8,3.25,2.75,2.92,3.25,2.75,3.09,0,0,0,0,2.75,2.75,0,95.65217391,0,0,2.75
2012-12-25,2.75,0,0,0,-8.33,-15.38,-15.38,2.75,2.75,2.75,2.75,2.75,2.75,3,2.75,2.79,3.25,2.75,2.92,3.25,2.75,3.08,0,0,0,0,2.75,2.75,0,95.65217391,0,0,2.75
2012-12-26,2.75,0,0,0,-8.33,-15.38,-15.38,2.75,2.75,2.75,2.75,2.75,2.75,3,2.75,2.79,3.25,2.75,2.91,3.25,2.75,3.08,0,0,0,0,2.75,2.75,0,95.65217391,0,0,2.75
2012-12-27,2.75,0,0,0,-8.33,-15.38,-15.38,2.75,2.75,2.75,2.75,2.75,2.75,3,2.75,2.78,3.25,2.75,2.91,3.25,2.75,3.08,0,0,0,0,2.75,2.75,0,95.65217391,0,0,2.75
2012-12-28,2.75,0,0,0,-8.33,-15.38,-15.38,2.75,2.75,2.75,2.75,2.75,2.75,3,2.75,2.78,3.25,2.75,2.91,3.25,2.75,3.08,0,0,0,0,2.75,2.75,0,95.65217391,0,0,2.75
2012-12-31,2.75,0,0,0,-8.33,-15.38,-15.38,2.75,2.75,2.75,2.75,2.75,2.75,3,2.75,2.78,3.25,2.75,2.9,3.25,2.75,3.08,0,0,0,0,2.75,2.75,0,95.65217391,0,0,2.75
2013-01-01,2.75,0,0,0,-8.33,-15.38,-15.38,2.75,2.75,2.75,2.75,2.75,2.75,3,2.75,2.77,3.25,2.75,2.9,3.25,2.75,3.07,0,0,0,0,2.75,2.75,0,95.65217391,0,0,2.75
2013-01-02,2.75,0,0,0,-8.33,-15.38,-15.38,2.75,2.75,2.75,2.75,2.75,2.75,3,2.75,2.77,3.25,2.75,2.89,3.25,2.75,3.07,0,0,0,0,2.75,2.75,0,95.65217391,0,0,2.75
2013-01-03,2.75,0,0,0,-8.33,-15.38,-15.38,2.75,2.75,2.75,2.75,2.75,2.75,3,2.75,2.77,3.25,2.75,2.89,3.25,2.75,3.07,0,0,0,0,2.75,2.75,0,95.65217391,0,0,2.75
2013-01-04,2.75,0,0,0,-8.33,-15.38,-15.38,2.75,2.75,2.75,2.75,2.75,2.75,3,2.75,2.76,3.25,2.75,2.89,3.25,2.75,3.07,0,0,0,0,2.75,2.75,0,95.65217391,0,0,2.75
2013-01-07,2.75,0,0,0,-8.33,-15.38,-15.38,2.75,2.75,2.75,2.75,2.75,2.75,3,2.75,2.76,3.25,2.75,2.88,3.25,2.75,3.07,0,0,0,0,2.75,2.75,0,95.65217391,0,0,2.75
2013-01-08,2.75,0,0,0,-8.33,-15.38,-15.38,2.75,2.75,2.75,2.75,2.75,2.75,3,2.75,2.75,3.25,2.75,2.88,3.25,2.75,3.06,0,0,0,0,2.75,2.75,0,95.65217391,0,0,2.75
2013-01-09,2.75,0,0,0,-8.33,-15.38,-15.38,2.75,2.75,2.75,2.75,2.75,2.75,2.75,2.75,2.75,3,2.75,2.88,3.25,2.75,3.06,0,0,0,0,2.75,2.75,0,95.86056645,0,0,2.75
2013-01-10,2.75,0,0,0,0,-8.33,-15.38,2.75,2.75,2.75,2.75,2.75,2.75,2.75,2.75,2.75,3,2.75,2.87,3.25,2.75,3.06,0,0,0,0,2.75,2.75,0,96.069869,0,0,2.75
2013-01-11,2.75,0,0,0,0,-8.33,-15.38,2.75,2.75,2.75,2.75,2.75,2.75,2.75,2.75,2.75,3,2.75,2.87,3.25,2.75,3.06,0,0,0,0,2.75,2.75,0,96.28008753,0,0,2.75
2013-01-14,2.75,0,0,0,0,-8.33,-15.38,2.75,2.75,2.75,2.75,2.75,2.75,2.75,2.75,2.75,3,2.75,2.87,3.25,2.75,3.06,0,0,0,0,2.75,2.75,0,96.49122807,0,0,2.75
2013-01-15,2.75,0,0,0,0,-8.33,-15.38,2.75,2.75,2.75,2.75,2.75,2.75,2.75,2.75,2.75,3,2.75,2.87,3.25,2.75,3.05,0,0,0,0,2.75,2.75,0,96.7032967,0,0,2.75
2013-01-16,2.75,0,0,0,0,-8.33,-15.38,2.75,2.75,2.75,2.75,2.75,2.75,2.75,2.75,2.75,3,2.75,2.87,3.25,2.75,3.05,0,0,0,0,2.75,2.75,0,96.91629956,0,0,2.75
2013-01-17,2.75,0,0,0,0,-8.33,-15.38,2.75,2.75,2.75,2.75,2.75,2.75,2.75,2.75,2.75,3,2.75,2.86,3.25,2.75,3.05,0,0,0,0,2.75,2.75,0,97.13024283,0,0,2.75
2013-01-18,2.75,0,0,0,0,-8.33,-15.38,2.75,2.75,2.75,2.75,2.75,2.75,2.75,2.75,2.75,3,2.75,2.86,3.25,2.75,3.05,0,0,0,0,2.75,2.75,0,97.34513274,0,0,2.75
2013-01-21,2.75,0,0,0,0,-8.33,-15.38,2.75,2.75,2.75,2.75,2.75,2.75,2.75,2.75,2.75,3,2.75,2.86,3.25,2.75,3.05,0,0,0,0,2.75,2.75,0,97.56097561,0,0,2.75
2013-01-22,2.75,0,0,0,0,-8.33,-15.38,2.75,2.75,2.75,2.75,2.75,2.75,2.75,2.75,2.75,3,2.75,2.86,3.25,2.75,3.05,0,0,0,0,2.75,2.75,0,97.77777778,0,0,2.75
2013-01-23,2.75,0,0,0,0,-8.33,-15.38,2.75,2.75,2.75,2.75,2.75,2.75,2.75,2.75,2.75,3,2.75,2.86,3.25,2.75,3.04,0,0,0,0,2.75,2.75,0,97.99554566,0,0,2.75
2013-01-24,2.75,0,0,0,0,-8.33,-15.38,2.75,2.75,2.75,2.75,2.75,2.75,2.75,2.75,2.75,3,2.75,2.85,3.25,2.75,3.04,0,0,0,0,2.75,2.75,0,98.21428571,0,0,2.75
2013-01-25,2.75,0,0,0,0,-8.33,-15.38,2.75,2.75,2.75,2.75,2.75,2.75,2.75,2.75,2.75,3,2.75,2.85,3.25,2.75,3.04,0,0,0,0,2.75,2.75,0,98.43400447,0,0,2.75
2013-01-28,2.75,0,0,0,0,-8.33,-15.38,2.75,2.75,2.75,2.75,2.75,2.75,2.75,2.75,2.75,3,2.75,2.85,3.25,2.75,3.04,0,0,0,0,2.75,2.75,0,98.65470852,0,0,2.75
2013-01-29,2.75,0,0,0,0,-8.33,-15.38,2.75,2.75,2.75,2.75,2.75,2.75,2.75,2.75,2.75,3,2.75,2.85,3.25,2.75,3.04,0,0,0,0,2.75,2.75,0,98.87640449,0,0,2.75
2013-01-30,2.75,0,0,0,0,-8.33,-15.38,2.75,2.75,2.75,2.75,2.75,2.75,2.75,2.75,2.75,3,2.75,2.85,3.25,2.75,3.03,0,0,0,0,2.75,2.75,0,99.0990991,0,0,2.75
2013-01-31,2.75,0,0,0,0,-8.33,-15.38,2.75,2.75,2.75,2.75,2.75,2.75,2.75,2.75,2.75,3,2.75,2.84,3.25,2.75,3.03,0,0,0,0,2.75,2.75,0,99.3227991,0,0,2.75
2013-02-01,2.75,0,0,0,0,-8.33,-15.38,2.75,2.75,2.75,2.75,2.75,2.75,2.75,2.75,2.75,3,2.75,2.84,3.25,2.75,3.03,0,0,0,0,2.75,2.75,0,99.54751131,0,0,2.75
2013-02-04,2.75,0,0,0,0,-8.33,-15.38,2.75,2.75,2.75,2.75,2.75,2.75,2.75,2.75,2.75,3,2.75,2.84,3.25,2.75,3.03,0,0,0,0,2.75,2.75,0,99.77324263,0,0,2.75
2013-02-05,2.75,0,0,0,0,-8.33,-15.38,2.75,2.75,2.75,2.75,2.75,2.75,2.75,2.75,2.75,3,2.75,2.84,3.25,2.75,3.03,0,0,0,0,2.75,2.75,0,100,0,0,2.75
2013-02-06,2.75,0,0,0,0,-8.33,-15.38,2.75,2.75,2.75,2.75,2.75,2.75,2.75,2.75,2.75,3,2.75,2.84,3.25,2.75,3.02,0,0,0,0,2.75,2.75,0,100,0,0,2.75
2013-02-07,2.75,0,0,0,0,-8.33,-15.38,2.75,2.75,2.75,2.75,2.75,2.75,2.75,2.75,2.75,3,2.75,2.83,3.25,2.75,3.02,0,0,0,0,2.75,2.75,0,100,0,0,2.75
2013-02-08,2.75,0,0,0,0,-8.33,-15.38,2.75,2.75,2.75,2.75,2.75,2.75,2.75,2.75,2.75,3,2.75,2.83,3.25,2.75,3.02,0,0,0,0,2.75,2.75,0,100,0,0,2.75
2013-02-11,2.75,0,0,0,0,-8.33,-15.38,2.75,2.75,2.75,2.75,2.75,2.75,2.75,2.75,2.75,3,2.75,2.83,3.25,2.75,3.02,0,0,0,0,2.75,2.75,0,100,0,0,2.75
2013-02-12,2.75,0,0,0,0,-8.33,-15.38,2.75,2.75,2.75,2.75,2.75,2.75,2.75,2.75,2.75,3,2.75,2.83,3.25,2.75,3.02,0,0,0,0,2.75,2.75,0,100,0,0,2.75
2013-02-13,2.75,0,0,0,0,-8.33,-15.38,2.75,2.75,2.75,2.75,2.75,2.75,2.75,2.75,2.75,3,2.75,2.83,3.25,2.75,3.01,0,0,0,0,2.75,2.75,0,100,0,0,2.75
2013-02-14,2.75,0,0,0,0,-8.33,-15.38,2.75,2.75,2.75,2.75,2.75,2.75,2.75,2.75,2.75,3,2.75,2.83,3.25,2.75,3.01,0,0,0,0,2.75,2.75,0,100,0,0,2.75
2013-02-15,2.75,0,0,0,0,-8.33,-15.38,2.75,2.75,2.75,2.75,2.75,2.75,2.75,2.75,2.75,3,2.75,2.82,3.25,2.75,3.01,0,0,0,0,2.75,2.75,0,100,0,0,2.75
2013-02-18,2.75,0,0,0,0,-8.33,-15.38,2.75,2.75,2.75,2.75,2.75,2.75,2.75,2.75,2.75,3,2.75,2.82,3.25,2.75,3.01,0,0,0,0,2.75,2.75,0,100,0,0,2.75
2013-02-19,2.75,0,0,0,0,-8.33,-15.38,2.75,2.75,2.75,2.75,2.75,2.75,2.75,2.75,2.75,3,2.75,2.82,3.25,2.75,3.01,0,0,0,0,2.75,2.75,0,100,0,0,2.75
2013-02-20,2.75,0,0,0,0,-8.33,-15.38,2.75,2.75,2.75,2.75,2.75,2.75,2.75,2.75,2.75,3,2.75,2.82,3.25,2.75,3,0,0,0,0,2.75,2.75,0,100,0,0,2.75
2013-02-21,2.75,0,0,0,0,-8.33,-15.38,2.75,2.75,2.75,2.75,2.75,2.75,2.75,2.75,2.75,3,2.75,2.82,3.25,2.75,3,0,0,0,0,2.75,2.75,0,100,0,0,2.75
2013-02-22,2.75,0,0,0,0,-8.33,-15.38,2.75,2.75,2.75,2.75,2.75,2.75,2.75,2.75,2.75,3,2.75,2.81,3.25,2.75,3,0,0,0,0,2.75,2.75,0,100,0,0,2.75
2013-02-25,2.75,0,0,0,0,-8.33,-15.38,2.75,2.75,2.75,2.75,2.75,2.75,2.75,2.75,2.75,3,2.75,2.81,3.25,2.75,3,0,0,0,0,2.75,2.75,0,100,0,0,2.75
2013-02-26,2.75,0,0,0,0,-8.33,-15.38,2.75,2.75,2.75,2.75,2.75,2.75,2.75,2.75,2.75,3,2.75,2.81,3.25,2.75,3,0,0,0,0,2.75,2.75,0,100,0,0,2.75
2013-02-27,2.75,0,0,0,0,-8.33,-15.38,2.75,2.75,2.75,2.75,2.75,2.75,2.75,2.75,2.75,3,2.75,2.81,3.25,2.75,3,0,0,0,0,2.75,2.75,0,100,0,0,2.75
2013-02-28,2.75,0,0,0,0,-8.33,-15.38,2.75,2.75,2.75,2.75,2.75,2.75,2.75,2.75,2.75,3,2.75,2.81,3.25,2.75,2.99,0,0,0,0,2.75,2.75,0,100,0,0,2.75
2013-03-01,2.75,0,0,0,0,-8.33,-15.38,2.75,2.75,2.75,2.75,2.75,2.75,2.75,2.75,2.75,3,2.75,2.8,3.25,2.75,2.99,0,0,0,0,2.75,2.75,0,100,0,0,2.75
2013-03-04,2.75,0,0,0,0,-8.33,-15.38,2.75,2.75,2.75,2.75,2.75,2.75,2.75,2.75,2.75,3,2.75,2.8,3.25,2.75,2.99,0,0,0,0,2.75,2.75,0,100,0,0,2.75
2013-03-05,2.75,0,0,0,0,-8.33,-15.38,2.75,2.75,2.75,2.75,2.75,2.75,2.75,2.75,2.75,3,2.75,2.8,3.25,2.75,2.99,0,0,0,0,2.75,2.75,0,100,0,0,2.75
2013-03-06,2.75,0,0,0,0,-8.33,-15.38,2.75,2.75,2.75,2.75,2.75,2.75,2.75,2.75,2.75,3,2.75,2.8,3.25,2.75,2.99,0,0,0,0,2.75,2.75,0,100,0,0,2.75
2013-03-07,2.75,0,0,0,0,-8.33,-15.38,2.75,2.75,2.75,2.75,2.75,2.75,2.75,2.75,2.75,3,2.75,2.8,3.25,2.75,2.98,0,0,0,0,2.75,2.75,0,100,0,0,2.75
2013-03-08,2.75,0,0,0,0,-8.33,-15.38,2.75,2.75,2.75,2.75,2.75,2.75,2.75,2.75,2.75,3,2.75,2.79,3.25,2.75,2.98,0,0,0,0,2.75,2.75,0,100,0,0,2.75
2013-03-11,2.75,0,0,0,0,-8.33,-15.38,2.75,2.75,2.75,2.75,2.75,2.75,2.75,2.75,2.75,3,2.75,2.79,3.25,2.75,2.98,0,0,0,0,2.75,2.75,0,100,0,0,2.75
2013-03-12,2.75,0,0,0,0,-8.33,-15.38,2.75,2.75,2.75,2.75,2.75,2.75,2.75,2.75,2.75,3,2.75,2.79,3.25,2.75,2.98,0,0,0,0,2.75,2.75,0,100,0,0,2.75
2013-03-13,2.75,0,0,0,0,-8.33,-15.38,2.75,2.75,2.75,2.75,2.75,2.75,2.75,2.75,2.75,3,2.75,2.79,3.25,2.75,2.98,0,0,0,0,2.75,2.75,0,100,0,0,2.75
2013-03-14,2.75,0,0,0,0,-8.33,-15.38,2.75,2.75,2.75,2.75,2.75,2.75,2.75,2.75,2.75,3,2.75,2.79,3.25,2.75,2.97,0,0,0,0,2.75,2.75,0,100,0,0,2.75
2013-03-15,2.75,0,0,0,0,-8.33,-15.38,2.75,2.75,2.75,2.75,2.75,2.75,2.75,2.75,2.75,3,2.75,2.78,3.25,2.75,2.97,0,0,0,0,2.75,2.75,0,100,0,0,2.75
2013-03-18,2.75,0,0,0,0,-8.33,-15.38,2.75,2.75,2.75,2.75,2.75,2.75,2.75,2.75,2.75,3,2.75,2.78,3.25,2.75,2.97,0,0,0,0,2.75,2.75,0,100,0,0,2.75
2013-03-19,2.75,0,0,0,0,-8.33,-15.38,2.75,2.75,2.75,2.75,2.75,2.75,2.75,2.75,2.75,3,2.75,2.78,3.25,2.75,2.97,0,0,0,0,2.75,2.75,0,100,0,0,2.75
2013-03-20,2.75,0,0,0,0,-8.33,-15.38,2.75,2.75,2.75,2.75,2.75,2.75,2.75,2.75,2.75,3,2.75,2.78,3.25,2.75,2.97,0,0,0,0,2.75,2.75,0,100,0,0,2.75
2013-03-21,2.75,0,0,0,0,-8.33,-15.38,2.75,2.75,2.75,2.75,2.75,2.75,2.75,2.75,2.75,3,2.75,2.78,3.25,2.75,2.96,0,0,0,0,2.75,2.75,0,100,0,0,2.75
2013-03-22,2.75,0,0,0,0,-8.33,-15.38,2.75,2.75,2.75,2.75,2.75,2.75,2.75,2.75,2.75,3,2.75,2.78,3.25,2.75,2.96,0,0,0,0,2.75,2.75,0,100,0,0,2.75
2013-03-25,2.75,0,0,0,0,-8.33,-15.38,2.75,2.75,2.75,2.75,2.75,2.75,2.75,2.75,2.75,3,2.75,2.77,3.25,2.75,2.96,0,0,0,0,2.75,2.75,0,100,0,0,2.75
2013-03-26,2.75,0,0,0,0,-8.33,-15.38,2.75,2.75,2.75,2.75,2.75,2.75,2.75,2.75,2.75,3,2.75,2.77,3.25,2.75,2.96,0,0,0,0,2.75,2.75,0,100,0,0,2.75
2013-03-27,2.75,0,0,0,0,-8.33,-15.38,2.75,2.75,2.75,2.75,2.75,2.75,2.75,2.75,2.75,3,2.75,2.77,3.25,2.75,2.96,0,0,0,0,2.75,2.75,0,100,0,0,2.75
2013-03-28,2.75,0,0,0,0,-8.33,-15.38,2.75,2.75,2.75,2.75,2.75,2.75,2.75,2.75,2.75,3,2.75,2.77,3.25,2.75,2.95,0,0,0,0,2.75,2.75,0,100,0,0,2.75
2013-03-29,2.75,0,0,0,0,-8.33,-15.38,2.75,2.75,2.75,2.75,2.75,2.75,2.75,2.75,2.75,3,2.75,2.77,3.25,2.75,2.95,0,0,0,0,2.75,2.75,0,100,0,0,2.75
2013-04-01,2.75,0,0,0,0,-8.33,-15.38,2.75,2.75,2.75,2.75,2.75,2.75,2.75,2.75,2.75,3,2.75,2.76,3.25,2.75,2.95,0,0,0,0,2.75,2.75,0,100,0,0,2.75
2013-04-02,2.75,0,0,0,0,-8.33,-15.38,2.75,2.75,2.75,2.75,2.75,2.75,2.75,2.75,2.75,3,2.75,2.76,3.25,2.75,2.95,0,0,0,0,2.75,2.75,0,100,0,0,2.75
2013-04-03,2.75,0,0,0,0,-8.33,-15.38,2.75,2.75,2.75,2.75,2.75,2.75,2.75,2.75,2.75,3,2.75,2.76,3.25,2.75,2.95,0,0,0,0,2.75,2.75,0,100,0,0,2.75
2013-04-04,2.75,0,0,0,0,-8.33,-15.38,2.75,2.75,2.75,2.75,2.75,2.75,2.75,2.75,2.75,3,2.75,2.76,3.25,2.75,2.95,0,0,0,0,2.75,2.75,0,100,0,0,2.75
2013-04-05,2.75,0,0,0,0,-8.33,-15.38,2.75,2.75,2.75,2.75,2.75,2.75,2.75,2.75,2.75,3,2.75,2.76,3.25,2.75,2.94,0,0,0,0,2.75,2.75,0,100,0,0,2.75
2013-04-08,2.75,0,0,0,0,-8.33,-15.38,2.75,2.75,2.75,2.75,2.75,2.75,2.75,2.75,2.75,3,2.75,2.75,3.25,2.75,2.94,0,0,0,0,2.75,2.75,0,100,0,0,2.75
2013-04-09,2.75,0,0,0,0,-8.33,-15.38,2.75,2.75,2.75,2.75,2.75,2.75,2.75,2.75,2.75,3,2.75,2.75,3.25,2.75,2.94,0,0,0,0,2.75,2.75,0,100,0,0,2.75
2013-04-10,2.75,0,0,0,0,-8.33,-15.38,2.75,2.75,2.75,2.75,2.75,2.75,2.75,2.75,2.75,2.75,2.75,2.75,3.25,2.75,2.94,0,0,0,0,2.75,2.75,0,100,0,0,2.75
2013-04-11,2.75,0,0,0,0,0,-15.38,2.75,2.75,2.75,2.75,2.75,2.75,2.75,2.75,2.75,2.75,2.75,2.75,3.25,2.75,2.94,0,0,0,0,2.75,2.75,0,100,0,0,2.75
2013-04-12,2.75,0,0,0,0,0,-15.38,2.75,2.75,2.75,2.75,2.75,2.75,2.75,2.75,2.75,2.75,2.75,2.75,3.25,2.75,2.93,0,0,0,0,2.75,2.75,0,100,0,0,2.75
2013-04-15,2.75,0,0,0,0,0,-15.38,2.75,2.75,2.75,2.75,2.75,2.75,2.75,2.75,2.75,2.75,2.75,2.75,3.25,2.75,2.93,0,0,0,0,2.75,2.75,0,100,0,0,2.75
2013-04-16,2.75,0,0,0,0,0,-15.38,2.75,2.75,2.75,2.75,2.75,2.75,2.75,2.75,2.75,2.75,2.75,2.75,3.25,2.75,2.93,0,0,0,0,2.75,2.75,0,100,0,0,2.75
2013-04-17,2.75,0,0,0,0,0,-15.38,2.75,2.75,2.75,2.75,2.75,2.75,2.75,2.75,2.75,2.75,2.75,2.75,3.25,2.75,2.93,0,0,0,0,2.75,2.75,0,100,0,0,2.75
2013-04-18,2.75,0,0,0,0,0,-15.38,2.75,2.75,2.75,2.75,2.75,2.75,2.75,2.75,2.75,2.75,2.75,2.75,3.25,2.75,2.93,0,0,0,0,2.75,2.75,0,100,0,0,2.75
2013-04-19,2.75,0,0,0,0,0,-15.38,2.75,2.75,2.75,2.75,2.75,2.75,2.75,2.75,2.75,2.75,2.75,2.75,3.25,2.75,2.92,0,0,0,0,2.75,2.75,0,100,0,0,2.75
2013-04-22,2.75,0,0,0,0,0,-15.38,2.75,2.75,2.75,2.75,2.75,2.75,2.75,2.75,2.75,2.75,2.75,2.75,3.25,2.75,2.92,0,0,0,0,2.75,2.75,0,100,0,0,2.75
2013-04-23,2.75,0,0,0,0,0,-15.38,2.75,2.75,2.75,2.75,2.75,2.75,2.75,2.75,2.75,2.75,2.75,2.75,3.25,2.75,2.92,0,0,0,0,2.75,2.75,0,100,0,0,2.75
2013-04-24,2.75,0,0,0,0,0,-15.38,2.75,2.75,2.75,2.75,2.75,2.75,2.75,2.75,2.75,2.75,2.75,2.75,3.25,2.75,2.92,0,0,0,0,2.75,2.75,0,100,0,0,2.75
2013-04-25,2.75,0,0,0,0,0,-15.38,2.75,2.75,2.75,2.75,2.75,2.75,2.75,2.75,2.75,2.75,2.75,2.75,3.25,2.75,2.92,0,0,0,0,2.75,2.75,0,100,0,0,2.75
2013-04-26,2.75,0,0,0,0,0,-15.38,2.75,2.75,2.75,2.75,2.75,2.75,2.75,2.75,2.75,2.75,2.75,2.75,3.25,2.75,2.91,0,0,0,0,2.75,2.75,0,100,0,0,2.75
2013-04-29,2.75,0,0,0,0,0,-15.38,2.75,2.75,2.75,2.75,2.75,2.75,2.75,2.75,2.75,2.75,2.75,2.75,3.25,2.75,2.91,0,0,0,0,2.75,2.75,0,100,0,0,2.75
2013-04-30,2.75,0,0,0,0,0,-15.38,2.75,2.75,2.75,2.75,2.75,2.75,2.75,2.75,2.75,2.75,2.75,2.75,3.25,2.75,2.91,0,0,0,0,2.75,2.75,0,100,0,0,2.75
2013-05-01,2.75,0,0,0,0,0,-15.38,2.75,2.75,2.75,2.75,2.75,2.75,2.75,2.75,2.75,2.75,2.75,2.75,3.25,2.75,2.91,0,0,0,0,2.75,2.75,0,100,0,0,2.75
2013-05-02,2.75,0,0,0,0,0,-15.38,2.75,2.75,2.75,2.75,2.75,2.75,2.75,2.75,2.75,2.75,2.75,2.75,3.25,2.75,2.91,0,0,0,0,2.75,2.75,0,100,0,0,2.75
2013-05-03,2.75,0,0,0,0,0,-15.38,2.75,2.75,2.75,2.75,2.75,2.75,2.75,2.75,2.75,2.75,2.75,2.75,3.25,2.75,2.9,0,0,0,0,2.75,2.75,0,100,0,0,2.75
2013-05-06,2.75,0,0,0,0,0,-15.38,2.75,2.75,2.75,2.75,2.75,2.75,2.75,2.75,2.75,2.75,2.75,2.75,3.25,2.75,2.9,0,0,0,0,2.75,2.75,0,100,0,0,2.75
2013-05-07,2.75,0,0,0,0,0,-15.38,2.75,2.75,2.75,2.75,2.75,2.75,2.75,2.75,2.75,2.75,2.75,2.75,3.25,2.75,2.9,0,0,0,0,2.75,2.75,0,100,0,0,2.75
2013-05-08,2.75,0,0,0,0,0,-15.38,2.75,2.75,2.75,2.75,2.75,2.75,2.75,2.75,2.75,2.75,2.75,2.75,3.25,2.75,2.9,0,0,0,0,2.75,2.75,0,100,0,0,2.75
2013-05-09,2.5,-9.09,-9.09,-9.09,-9.09,-9.09,-23.08,2.75,2.5,2.7,2.75,2.5,2.74,2.75,2.5,2.75,2.75,2.5,2.75,3.25,2.5,2.9,0,-0.011217949,-0.001246439,-0.00997151,2.849303399,2.625696601,0,99.55676781,0.336972372,0.081682848,2.5
2013-05-10,2.5,0,-9.09,-9.09,-9.09,-9.09,-23.08,2.75,2.5,2.65,2.75,2.5,2.73,2.75,2.5,2.74,2.75,2.5,2.75,3.25,2.5,2.89,0,-0.022435897,-0.003739316,-0.018696581,2.878896753,2.571103247,0,99.1247016,0.336972372,0.112951745,2.5
2013-05-13,2.5,0,-9.09,-9.09,-9.09,-9.09,-23.08,2.75,2.5,2.6,2.75,2.5,2.71,2.75,2.5,2.74,2.75,2.5,2.74,3.25,2.5,2.89,0,-0.033653846,-0.007478632,-0.026175214,2.895673774,2.529326226,0,98.70366159,0.336972372,0.135059004,2.5
2013-05-14,2.5,0,-9.09,-9.09,-9.09,-9.09,-23.08,2.75,2.5,2.55,2.75,2.5,2.7,2.75,2.5,2.73,2.75,2.5,2.74,3.25,2.5,2.89,0,-0.044871795,-0.012464387,-0.032407407,2.90519567,2.49480433,0,98.29351536,0.336972372,0.151996793,2.5
2013-05-15,2.5,0,-9.09,-9.09,-9.09,-9.09,-23.08,2.5,2.5,2.5,2.75,2.5,2.69,2.75,2.5,2.73,2.75,2.5,2.74,3.25,2.5,2.88,0,-0.056089744,-0.018696581,-0.037393162,2.909630829,2.465369171,0,97.89413773,0.336972372,0.165306664,2.5
2013-05-16,2.5,0,0,-9.09,-9.09,-9.09,-23.08,2.5,2.5,2.5,2.75,2.5,2.68,2.75,2.5,2.73,2.75,2.5,2.74,3.25,2.5,2.88,0,-0.067307692,-0.026175214,-0.041132479,2.910081173,2.439918827,0,97.50541064,0.336972372,0.175761625,2.5
2013-05-17,2.5,0,0,-9.09,-9.09,-9.09,-23.08,2.5,2.5,2.5,2.75,2.5,2.66,2.75,2.5,2.72,2.75,2.5,2.74,3.25,2.5,2.88,0,-0.078525641,-0.034900285,-0.043625356,2.907180242,2.417819758,0,97.12722298,0.336972372,0.183797365,2.5
2013-05-20,2.5,0,0,-9.09,-9.09,-9.09,-23.08,2.5,2.5,2.5,2.75,2.5,2.65,2.75,2.5,2.72,2.75,2.5,2.73,3.25,2.5,2.88,0,-0.08974359,-0.044871795,-0.044871795,2.901312345,2.398687655,0,96.75947056,0.336972372,0.189669694,2.5
2013-05-21,2.5,0,0,-9.09,-9.09,-9.09,-23.08,2.5,2.5,2.5,2.75,2.5,2.64,2.75,2.5,2.72,2.75,2.5,2.73,3.25,2.5,2.87,0,-0.100961538,-0.056089744,-0.044871795,2.892708893,2.382291107,0,96.40205597,0.336972372,0.193523331,2.5
2013-05-22,2.5,0,0,-9.09,-9.09,-9.09,-23.08,2.5,2.5,2.5,2.75,2.5,2.63,2.75,2.5,2.71,2.75,2.5,2.73,3.25,2.5,2.87,0,-0.112179487,-0.067307692,-0.044871795,2.881494588,2.368505412,0,96.05488851,0.336972372,0.195424448,2.5
2013-05-23,2.5,0,0,-9.09,-9.09,-9.09,-23.08,2.5,2.5,2.5,2.75,2.5,2.61,2.75,2.5,2.71,2.75,2.5,2.73,3.25,2.5,2.87,0,-0.123397436,-0.078525641,-0.044871795,2.867708893,2.357291107,0,95.71788413,0.336972372,0.195375229,2.5
2013-05-24,2.5,0,0,-9.09,-9.09,-9.09,-23.08,2.5,2.5,2.5,2.75,2.5,2.6,2.75,2.5,2.7,2.75,2.5,2.73,3.25,2.5,2.86,0,-0.134615385,-0.08974359,-0.044871795,2.851312345,2.348687655,0,95.39096537,0.336972372,0.193317188,2.5
2013-05-27,2.5,0,0,-9.09,-9.09,-9.09,-23.08,2.5,2.5,2.5,2.75,2.5,2.59,2.75,2.5,2.7,2.75,2.5,2.73,3.25,2.5,2.86,0,-0.125,-0.098646724,-0.026353276,2.832180242,2.342819758,0,95.07406132,0.336972372,0.189124825,2.5
2013-05-28,2.5,0,0,-9.09,-9.09,-9.09,-23.08,2.5,2.5,2.5,2.75,2.5,2.58,2.75,2.5,2.7,2.75,2.5,2.72,3.25,2.5,2.86,0,-0.115384615,-0.105235043,-0.010149573,2.810081173,2.339918827,0,94.76710753,0.336972372,0.182587319,2.5
2013-05-29,2.5,0,0,-9.09,-9.09,-9.09,-23.08,2.5,2.5,2.5,2.75,2.5,2.56,2.75,2.5,2.69,2.75,2.5,2.72,3.25,2.5,2.86,0,-0.105769231,-0.109508547,0.003739316,2.784630829,2.340369171,0,94.47004608,0.336972372,0.173370403,2.5
2013-05-30,2.5,0,0,-9.09,-9.09,-9.09,-23.08,2.5,2.5,2.5,2.75,2.5,2.55,2.75,2.5,2.69,2.75,2.5,2.72,3.25,2.5,2.85,0,-0.096153846,-0.111467236,0.01531339,2.75519567,2.34480433,0,94.18282548,0.336972372,0.160937781,2.5
2013-05-31,2.5,0,0,-9.09,-9.09,-9.09,-23.08,2.5,2.5,2.5,2.75,2.5,2.54,2.75,2.5,2.68,2.75,2.5,2.72,3.25,2.5,2.85,0,-0.086538462,-0.111111111,0.02457265,2.720673774,2.354326226,0,93.90540072,0.336972372,0.144373418,2.5
2013-06-03,2.5,0,0,-9.09,-9.09,-9.09,-23.08,2.5,2.5,2.5,2.75,2.5,2.53,2.75,2.5,2.68,2.75,2.5,2.72,3.25,2.5,2.85,0,-0.076923077,-0.108440171,0.031517094,2.678896753,2.371103247,0,93.63773323,0.336972372,0.121898418,2.5
2013-06-04,2.5,0,0,-9.09,-9.09,-9.09,-23.08,2.5,2.5,2.5,2.75,2.5,2.51,2.75,2.5,2.68,2.75,2.5,2.71,3.25,2.5,2.84,0,-0.067307692,-0.103454416,0.036146724,2.624303399,2.400696601,0,93.37979094,0.336972372,0.08899773,2.5
2013-06-05,2.5,0,0,-9.09,-9.09,-9.09,-23.08,2.5,2.5,2.5,2.5,2.5,2.5,2.75,2.5,2.67,2.75,2.5,2.71,3.25,2.5,2.84,0,-0.057692308,-0.096153846,0.038461538,2.5,2.5,0,93.13154831,0.336972372,0,2.5
2013-06-06,2.5,0,0,0,-9.09,-9.09,-23.08,2.5,2.5,2.5,2.5,2.5,2.5,2.75,2.5,2.67,2.75,2.5,2.71,3.25,2.5,2.84,0,-0.048076923,-0.086538462,0.038461538,2.5,2.5,0,93.33800023,0,0,2.5
2013-06-07,2.5,0,0,0,-9.09,-9.09,-23.08,2.5,2.5,2.5,2.5,2.5,2.5,2.75,2.5,2.67,2.75,2.5,2.71,3.25,2.5,2.84,0,-0.038461538,-0.076923077,0.038461538,2.5,2.5,0,93.53443236,0,0,2.5
2013-06-10,2.5,0,0,0,-9.09,-9.09,-23.08,2.5,2.5,2.5,2.5,2.5,2.5,2.75,2.5,2.66,2.75,2.5,2.71,3.25,2.5,2.83,0,-0.028846154,-0.067307692,0.038461538,2.5,2.5,0,93.72071228,0,0,2.5
2013-06-11,2.5,0,0,0,-9.09,-9.09,-23.08,2.5,2.5,2.5,2.5,2.5,2.5,2.75,2.5,2.66,2.75,2.5,2.7,3.25,2.5,2.83,0,-0.019230769,-0.057692308,0.038461538,2.5,2.5,0,93.89671362,0,0,2.5
2013-06-12,2.5,0,0,0,-9.09,-9.09,-23.08,2.5,2.5,2.5,2.5,2.5,2.5,2.75,2.5,2.65,2.75,2.5,2.7,3.25,2.5,2.83,0,-0.009615385,-0.048076923,0.038461538,2.5,2.5,0,94.06231628,0,0,2.5
2013-06-13,2.5,0,0,0,-9.09,-9.09,-23.08,2.5,2.5,2.5,2.5,2.5,2.5,2.75,2.5,2.65,2.75,2.5,2.7,3.25,2.5,2.82,0,0,-0.038461538,0.038461538,2.5,2.5,0,94.21740667,0,0,2.5
2013-06-14,2.5,0,0,0,-9.09,-9.09,-23.08,2.5,2.5,2.5,2.5,2.5,2.5,2.75,2.5,2.65,2.75,2.5,2.7,3.25,2.5,2.82,0,0,-0.02991453,0.02991453,2.5,2.5,0,94.3618778,0,0,2.5
2013-06-17,2.5,0,0,0,-9.09,-9.09,-23.08,2.5,2.5,2.5,2.5,2.5,2.5,2.75,2.5,2.64,2.75,2.5,2.7,3.25,2.5,2.82,0,0,-0.022435897,0.022435897,2.5,2.5,0,94.49562958,0,0,2.5
2013-06-18,2.5,0,0,0,-9.09,-9.09,-23.08,2.5,2.5,2.5,2.5,2.5,2.5,2.75,2.5,2.64,2.75,2.5,2.69,3.25,2.5,2.82,0,0,-0.016025641,0.016025641,2.5,2.5,0,94.61856889,0,0,2.5
2013-06-19,2.5,0,0,0,-9.09,-9.09,-23.08,2.5,2.5,2.5,2.5,2.5,2.5,2.75,2.5,2.63,2.75,2.5,2.69,3.25,2.5,2.81,0,0,-0.010683761,0.010683761,2.5,2.5,0,94.73060983,0,0,2.5
2013-06-20,2.5,0,0,0,-9.09,-9.09,-23.08,2.5,2.5,2.5,2.5,2.5,2.5,2.75,2.5,2.63,2.75,2.5,2.69,3.25,2.5,2.81,0,0,-0.006410256,0.006410256,2.5,2.5,0,94.83167378,0,0,2.5
2013-06-21,2.5,0,0,0,-9.09,-9.09,-23.08,2.5,2.5,2.5,2.5,2.5,2.5,2.75,2.5,2.63,2.75,2.5,2.69,3.25,2.5,2.81,0,0,-0.003205128,0.003205128,2.5,2.5,0,94.92168961,0,0,2.5
2013-06-24,2.5,0,0,0,-9.09,-9.09,-23.08,2.5,2.5,2.5,2.5,2.5,2.5,2.75,2.5,2.62,2.75,2.5,2.69,3.25,2.5,2.8,0,0,-0.001068376,0.001068376,2.5,2.5,0,95.00059375,0,0,2.5
2013-06-25,2.5,0,0,0,-9.09,-9.09,-23.08,2.5,2.5,2.5,2.5,2.5,2.5,2.75,2.5,2.62,2.75,2.5,2.68,3.25,2.5,2.8,0,0,0,0,2.5,2.5,0,95.06833036,0,0,2.5
2013-06-26,2.5,0,0,0,-9.09,-9.09,-23.08,2.5,2.5,2.5,2.5,2.5,2.5,2.75,2.5,2.62,2.75,2.5,2.68,3.25,2.5,2.8,0,0,0,0,2.5,2.5,0,95.12485137,0,0,2.5
2013-06-27,2.5,0,0,0,-9.09,-9.09,-23.08,2.5,2.5,2.5,2.5,2.5,2.5,2.75,2.5,2.61,2.75,2.5,2.68,3.25,2.5,2.8,0,0,0,0,2.5,2.5,0,95.17011658,0,0,2.5
2013-06-28,2.5,0,0,0,-9.09,-9.09,-23.08,2.5,2.5,2.5,2.5,2.5,2.5,2.75,2.5,2.61,2.75,2.5,2.68,3.25,2.5,2.79,0,0,0,0,2.5,2.5,0,95.20409378,0,0,2.5
2013-07-01,2.5,0,0,0,-9.09,-9.09,-23.08,2.5,2.5,2.5,2.5,2.5,2.5,2.75,2.5,2.6,2.75,2.5,2.68,3.25,2.5,2.79,0,0,0,0,2.5,2.5,0,95.22675872,0,0,2.5
2013-07-02,2.5,0,0,0,-9.09,-9.09,-23.08,2.5,2.5,2.5,2.5,2.5,2.5,2.75,2.5,2.6,2.75,2.5,2.68,3.25,2.5,2.79,0,0,0,0,2.5,2.5,0,95.23809524,0,0,2.5
2013-07-03,2.5,0,0,0,-9.09,-9.09,-23.08,2.5,2.5,2.5,2.5,2.5,2.5,2.75,2.5,2.6,2.75,2.5,2.67,3.25,2.5,2.78,0,0,0,0,2.5,2.5,0,95.23809524,0,0,2.5
2013-07-04,2.5,0,0,0,-9.09,-9.09,-23.08,2.5,2.5,2.5,2.5,2.5,2.5,2.75,2.5,2.59,2.75,2.5,2.67,3.25,2.5,2.78,0,0,0,0,2.5,2.5,0,95.23809524,0,0,2.5
2013-07-05,2.5,0,0,0,-9.09,-9.09,-23.08,2.5,2.5,2.5,2.5,2.5,2.5,2.75,2.5,2.59,2.75,2.5,2.67,3.25,2.5,2.78,0,0,0,0,2.5,2.5,0,95.23809524,0,0,2.5
2013-07-08,2.5,0,0,0,-9.09,-9.09,-23.08,2.5,2.5,2.5,2.5,2.5,2.5,2.75,2.5,2.58,2.75,2.5,2.67,3.25,2.5,2.78,0,0,0,0,2.5,2.5,0,95.23809524,0,0,2.5
2013-07-09,2.5,0,0,0,-9.09,-9.09,-23.08,2.5,2.5,2.5,2.5,2.5,2.5,2.75,2.5,2.58,2.75,2.5,2.67,3.25,2.5,2.77,0,0,0,0,2.5,2.5,0,95.23809524,0,0,2.5
2013-07-10,2.5,0,0,0,-9.09,-9.09,-23.08,2.5,2.5,2.5,2.5,2.5,2.5,2.75,2.5,2.58,2.75,2.5,2.66,3,2.5,2.77,0,0,0,0,2.5,2.5,0,95.23809524,0,0,2.5
2013-07-11,2.5,0,0,0,-9.09,-9.09,-16.67,2.5,2.5,2.5,2.5,2.5,2.5,2.75,2.5,2.57,2.75,2.5,2.66,3,2.5,2.77,0,0,0,0,2.5,2.5,0,95.23809524,0,0,2.5
2013-07-12,2.5,0,0,0,-9.09,-9.09,-16.67,2.5,2.5,2.5,2.5,2.5,2.5,2.75,2.5,2.57,2.75,2.5,2.66,3,2.5,2.77,0,0,0,0,2.5,2.5,0,95.23809524,0,0,2.5
2013-07-15,2.5,0,0,0,-9.09,-9.09,-16.67,2.5,2.5,2.5,2.5,2.5,2.5,2.75,2.5,2.57,2.75,2.5,2.66,3,2.5,2.76,0,0,0,0,2.5,2.5,0,95.23809524,0,0,2.5
2013-07-16,2.5,0,0,0,-9.09,-9.09,-16.67,2.5,2.5,2.5,2.5,2.5,2.5,2.75,2.5,2.56,2.75,2.5,2.66,3,2.5,2.76,0,0,0,0,2.5,2.5,0,95.23809524,0,0,2.5
2013-07-17,2.5,0,0,0,-9.09,-9.09,-16.67,2.5,2.5,2.5,2.5,2.5,2.5,2.75,2.5,2.56,2.75,2.5,2.65,3,2.5,2.76,0,0,0,0,2.5,2.5,0,95.23809524,0,0,2.5
2013-07-18,2.5,0,0,0,-9.09,-9.09,-16.67,2.5,2.5,2.5,2.5,2.5,2.5,2.75,2.5,2.55,2.75,2.5,2.65,3,2.5,2.76,0,0,0,0,2.5,2.5,0,95.23809524,0,0,2.5
2013-07-19,2.5,0,0,0,-9.09,-9.09,-16.67,2.5,2.5,2.5,2.5,2.5,2.5,2.75,2.5,2.55,2.75,2.5,2.65,3,2.5,2.76,0,0,0,0,2.5,2.5,0,95.23809524,0,0,2.5
2013-07-22,2.5,0,0,0,-9.09,-9.09,-16.67,2.5,2.5,2.5,2.5,2.5,2.5,2.75,2.5,2.55,2.75,2.5,2.65,3,2.5,2.75,0,0,0,0,2.5,2.5,0,95.23809524,0,0,2.5
2013-07-23,2.5,0,0,0,-9.09,-9.09,-16.67,2.5,2.5,2.5,2.5,2.5,2.5,2.75,2.5,2.54,2.75,2.5,2.65,3,2.5,2.75,0,0,0,0,2.5,2.5,0,95.23809524,0,0,2.5
2013-07-24,2.5,0,0,0,-9.09,-9.09,-16.67,2.5,2.5,2.5,2.5,2.5,2.5,2.75,2.5,2.54,2.75,2.5,2.64,3,2.5,2.75,0,0,0,0,2.5,2.5,0,95.23809524,0,0,2.5
2013-07-25,2.5,0,0,0,-9.09,-9.09,-16.67,2.5,2.5,2.5,2.5,2.5,2.5,2.75,2.5,2.53,2.75,2.5,2.64,3,2.5,2.75,0,0,0,0,2.5,2.5,0,95.23809524,0,0,2.5
2013-07-26,2.5,0,0,0,-9.09,-9.09,-16.67,2.5,2.5,2.5,2.5,2.5,2.5,2.75,2.5,2.53,2.75,2.5,2.64,3,2.5,2.75,0,0,0,0,2.5,2.5,0,95.23809524,0,0,2.5
2013-07-29,2.5,0,0,0,-9.09,-9.09,-16.67,2.5,2.5,2.5,2.5,2.5,2.5,2.75,2.5,2.53,2.75,2.5,2.64,3,2.5,2.74,0,0,0,0,2.5,2.5,0,95.23809524,0,0,2.5
2013-07-30,2.5,0,0,0,-9.09,-9.09,-16.67,2.5,2.5,2.5,2.5,2.5,2.5,2.75,2.5,2.52,2.75,2.5,2.64,3,2.5,2.74,0,0,0,0,2.5,2.5,0,95.23809524,0,0,2.5
2013-07-31,2.5,0,0,0,-9.09,-9.09,-16.67,2.5,2.5,2.5,2.5,2.5,2.5,2.75,2.5,2.52,2.75,2.5,2.63,3,2.5,2.74,0,0,0,0,2.5,2.5,0,95.23809524,0,0,2.5
2013-08-01,2.5,0,0,0,-9.09,-9.09,-16.67,2.5,2.5,2.5,2.5,2.5,2.5,2.75,2.5,2.52,2.75,2.5,2.63,3,2.5,2.74,0,0,0,0,2.5,2.5,0,95.23809524,0,0,2.5
2013-08-02,2.5,0,0,0,-9.09,-9.09,-16.67,2.5,2.5,2.5,2.5,2.5,2.5,2.75,2.5,2.51,2.75,2.5,2.63,3,2.5,2.74,0,0,0,0,2.5,2.5,0,95.23809524,0,0,2.5
2013-08-05,2.5,0,0,0,-9.09,-9.09,-16.67,2.5,2.5,2.5,2.5,2.5,2.5,2.75,2.5,2.51,2.75,2.5,2.63,3,2.5,2.73,0,0,0,0,2.5,2.5,0,95.23809524,0,0,2.5
2013-08-06,2.5,0,0,0,-9.09,-9.09,-16.67,2.5,2.5,2.5,2.5,2.5,2.5,2.75,2.5,2.5,2.75,2.5,2.63,3,2.5,2.73,0,0,0,0,2.5,2.5,0,95.23809524,0,0,2.5
2013-08-07,2.5,0,0,0,-9.09,-9.09,-16.67,2.5,2.5,2.5,2.5,2.5,2.5,2.5,2.5,2.5,2.75,2.5,2.63,3,2.5,2.73,0,0,0,0,2.5,2.5,0,95.46539379,0,0,2.5
2013-08-08,2.5,0,0,0,0,-9.09,-16.67,2.5,2.5,2.5,2.5,2.5,2.5,2.5,2.5,2.5,2.75,2.5,2.62,3,2.5,2.73,0,0,0,0,2.5,2.5,0,95.6937799,0,0,2.5
2013-08-09,2.5,0,0,0,0,-9.09,-16.67,2.5,2.5,2.5,2.5,2.5,2.5,2.5,2.5,2.5,2.75,2.5,2.62,3,2.5,2.73,0,0,0,0,2.5,2.5,0,95.92326139,0,0,2.5
2013-08-12,2.5,0,0,0,0,-9.09,-16.67,2.5,2.5,2.5,2.5,2.5,2.5,2.5,2.5,2.5,2.75,2.5,2.62,3,2.5,2.73,0,0,0,0,2.5,2.5,0,96.15384615,0,0,2.5
2013-08-13,2.5,0,0,0,0,-9.09,-16.67,2.5,2.5,2.5,2.5,2.5,2.5,2.5,2.5,2.5,2.75,2.5,2.62,3,2.5,2.72,0,0,0,0,2.5,2.5,0,96.38554217,0,0,2.5
2013-08-14,2.5,0,0,0,0,-9.09,-16.67,2.5,2.5,2.5,2.5,2.5,2.5,2.5,2.5,2.5,2.75,2.5,2.62,3,2.5,2.72,0,0,0,0,2.5,2.5,0,96.61835749,0,0,2.5
2013-08-15,2.5,0,0,0,0,-9.09,-16.67,2.5,2.5,2.5,2.5,2.5,2.5,2.5,2.5,2.5,2.75,2.5,2.61,3,2.5,2.72,0,0,0,0,2.5,2.5,0,96.85230024,0,0,2.5
2013-08-16,2.5,0,0,0,0,-9.09,-16.67,2.5,2.5,2.5,2.5,2.5,2.5,2.5,2.5,2.5,2.75,2.5,2.61,3,2.5,2.72,0,0,0,0,2.5,2.5,0,97.08737864,0,0,2.5
2013-08-19,2.5,0,0,0,0,-9.09,-16.67,2.5,2.5,2.5,2.5,2.5,2.5,2.5,2.5,2.5,2.75,2.5,2.61,3,2.5,2.72,0,0,0,0,2.5,2.5,0,97.32360097,0,0,2.5
2013-08-20,2.5,0,0,0,0,-9.09,-16.67,2.5,2.5,2.5,2.5,2.5,2.5,2.5,2.5,2.5,2.75,2.5,2.61,3,2.5,2.71,0,0,0,0,2.5,2.5,0,97.56097561,0,0,2.5
2013-08-21,2.5,0,0,0,0,-9.09,-16.67,2.5,2.5,2.5,2.5,2.5,2.5,2.5,2.5,2.5,2.75,2.5,2.61,3,2.5,2.71,0,0,0,0,2.5,2.5,0,97.799511,0,0,2.5
2013-08-22,2.5,0,0,0,0,-9.09,-16.67,2.5,2.5,2.5,2.5,2.5,2.5,2.5,2.5,2.5,2.75,2.5,2.6,3,2.5,2.71,0,0,0,0,2.5,2.5,0,98.03921569,0,0,2.5
2013-08-23,2.5,0,0,0,0,-9.09,-16.67,2.5,2.5,2.5,2.5,2.5,2.5,2.5,2.5,2.5,2.75,2.5,2.6,3,2.5,2.71,0,0,0,0,2.5,2.5,0,98.28009828,0,0,2.5
2013-08-26,2.5,0,0,0,0,-9.09,-16.67,2.5,2.5,2.5,2.5,2.5,2.5,2.5,2.5,2.5,2.75,2.5,2.6,3,2.5,2.71,0,0,0,0,2.5,2.5,0,98.52216749,0,0,2.5
2013-08-27,2.5,0,0,0,0,-9.09,-16.67,2.5,2.5,2.5,2.5,2.5,2.5,2.5,2.5,2.5,2.75,2.5,2.6,3,2.5,2.7,0,0,0,0,2.5,2.5,0,98.7654321,0,0,2.5
2013-08-28,2.5,0,0,0,0,-9.09,-16.67,2.5,2.5,2.5,2.5,2.5,2.5,2.5,2.5,2.5,2.75,2.5,2.6,3,2.5,2.7,0,0,0,0,2.5,2.5,0,99.00990099,0,0,2.5
2013-08-29,2.5,0,0,0,0,-9.09,-16.67,2.5,2.5,2.5,2.5,2.5,2.5,2.5,2.5,2.5,2.75,2.5,2.59,3,2.5,2.7,0,0,0,0,2.5,2.5,0,99.25558313,0,0,2.5
2013-08-30,2.5,0,0,0,0,-9.09,-16.67,2.5,2.5,2.5,2.5,2.5,2.5,2.5,2.5,2.5,2.75,2.5,2.59,3,2.5,2.7,0,0,0,0,2.5,2.5,0,99.50248756,0,0,2.5
2013-09-02,2.5,0,0,0,0,-9.09,-16.67,2.5,2.5,2.5,2.5,2.5,2.5,2.5,2.5,2.5,2.75,2.5,2.59,3,2.5,2.7,0,0,0,0,2.5,2.5,0,99.75062344,0,0,2.5
2013-09-03,2.5,0,0,0,0,-9.09,-16.67,2.5,2.5,2.5,2.5,2.5,2.5,2.5,2.5,2.5,2.75,2.5,2.59,3,2.5,2.69,0,0,0,0,2.5,2.5,0,100,0,0,2.5
2013-09-04,2.5,0,0,0,0,-9.09,-16.67,2.5,2.5,2.5,2.5,2.5,2.5,2.5,2.5,2.5,2.75,2.5,2.59,3,2.5,2.69,0,0,0,0,2.5,2.5,0,100,0,0,2.5
2013-09-05,2.5,0,0,0,0,-9.09,-16.67,2.5,2.5,2.5,2.5,2.5,2.5,2.5,2.5,2.5,2.75,2.5,2.58,3,2.5,2.69,0,0,0,0,2.5,2.5,0,100,0,0,2.5
2013-09-06,2.5,0,0,0,0,-9.09,-16.67,2.5,2.5,2.5,2.5,2.5,2.5,2.5,2.5,2.5,2.75,2.5,2.58,3,2.5,2.69,0,0,0,0,2.5,2.5,0,100,0,0,2.5
2013-09-09,2.5,0,0,0,0,-9.09,-16.67,2.5,2.5,2.5,2.5,2.5,2.5,2.5,2.5,2.5,2.75,2.5,2.58,3,2.5,2.69,0,0,0,0,2.5,2.5,0,100,0,0,2.5
2013-09-10,2.5,0,0,0,0,-9.09,-16.67,2.5,2.5,2.5,2.5,2.5,2.5,2.5,2.5,2.5,2.75,2.5,2.58,3,2.5,2.68,0,0,0,0,2.5,2.5,0,100,0,0,2.5
2013-09-11,2.5,0,0,0,0,-9.09,-16.67,2.5,2.5,2.5,2.5,2.5,2.5,2.5,2.5,2.5,2.75,2.5,2.58,3,2.5,2.68,0,0,0,0,2.5,2.5,0,100,0,0,2.5
2013-09-12,2.5,0,0,0,0,-9.09,-16.67,2.5,2.5,2.5,2.5,2.5,2.5,2.5,2.5,2.5,2.75,2.5,2.58,3,2.5,2.68,0,0,0,0,2.5,2.5,0,100,0,0,2.5
2013-09-13,2.5,0,0,0,0,-9.09,-16.67,2.5,2.5,2.5,2.5,2.5,2.5,2.5,2.5,2.5,2.75,2.5,2.57,3,2.5,2.68,0,0,0,0,2.5,2.5,0,100,0,0,2.5
2013-09-16,2.5,0,0,0,0,-9.09,-16.67,2.5,2.5,2.5,2.5,2.5,2.5,2.5,2.5,2.5,2.75,2.5,2.57,3,2.5,2.68,0,0,0,0,2.5,2.5,0,100,0,0,2.5
2013-09-17,2.5,0,0,0,0,-9.09,-16.67,2.5,2.5,2.5,2.5,2.5,2.5,2.5,2.5,2.5,2.75,2.5,2.57,3,2.5,2.68,0,0,0,0,2.5,2.5,0,100,0,0,2.5
2013-09-18,2.5,0,0,0,0,-9.09,-16.67,2.5,2.5,2.5,2.5,2.5,2.5,2.5,2.5,2.5,2.75,2.5,2.57,3,2.5,2.67,0,0,0,0,2.5,2.5,0,100,0,0,2.5
2013-09-19,2.5,0,0,0,0,-9.09,-16.67,2.5,2.5,2.5,2.5,2.5,2.5,2.5,2.5,2.5,2.75,2.5,2.57,3,2.5,2.67,0,0,0,0,2.5,2.5,0,100,0,0,2.5
2013-09-20,2.5,0,0,0,0,-9.09,-16.67,2.5,2.5,2.5,2.5,2.5,2.5,2.5,2.5,2.5,2.75,2.5,2.56,3,2.5,2.67,0,0,0,0,2.5,2.5,0,100,0,0,2.5
2013-09-23,2.5,0,0,0,0,-9.09,-16.67,2.5,2.5,2.5,2.5,2.5,2.5,2.5,2.5,2.5,2.75,2.5,2.56,3,2.5,2.67,0,0,0,0,2.5,2.5,0,100,0,0,2.5
2013-09-24,2.5,0,0,0,0,-9.09,-16.67,2.5,2.5,2.5,2.5,2.5,2.5,2.5,2.5,2.5,2.75,2.5,2.56,3,2.5,2.67,0,0,0,0,2.5,2.5,0,100,0,0,2.5
2013-09-25,2.5,0,0,0,0,-9.09,-16.67,2.5,2.5,2.5,2.5,2.5,2.5,2.5,2.5,2.5,2.75,2.5,2.56,3,2.5,2.66,0,0,0,0,2.5,2.5,0,100,0,0,2.5
2013-09-26,2.5,0,0,0,0,-9.09,-16.67,2.5,2.5,2.5,2.5,2.5,2.5,2.5,2.5,2.5,2.75,2.5,2.56,3,2.5,2.66,0,0,0,0,2.5,2.5,0,100,0,0,2.5
2013-09-27,2.5,0,0,0,0,-9.09,-16.67,2.5,2.5,2.5,2.5,2.5,2.5,2.5,2.5,2.5,2.75,2.5,2.55,3,2.5,2.66,0,0,0,0,2.5,2.5,0,100,0,0,2.5
2013-09-30,2.5,0,0,0,0,-9.09,-16.67,2.5,2.5,2.5,2.5,2.5,2.5,2.5,2.5,2.5,2.75,2.5,2.55,3,2.5,2.66,0,0,0,0,2.5,2.5,0,100,0,0,2.5
2013-10-01,2.5,0,0,0,0,-9.09,-16.67,2.5,2.5,2.5,2.5,2.5,2.5,2.5,2.5,2.5,2.75,2.5,2.55,3,2.5,2.66,0,0,0,0,2.5,2.5,0,100,0,0,2.5
2013-10-02,2.5,0,0,0,0,-9.09,-16.67,2.5,2.5,2.5,2.5,2.5,2.5,2.5,2.5,2.5,2.75,2.5,2.55,3,2.5,2.65,0,0,0,0,2.5,2.5,0,100,0,0,2.5
2013-10-03,2.5,0,0,0,0,-9.09,-16.67,2.5,2.5,2.5,2.5,2.5,2.5,2.5,2.5,2.5,2.75,2.5,2.55,3,2.5,2.65,0,0,0,0,2.5,2.5,0,100,0,0,2.5
2013-10-04,2.5,0,0,0,0,-9.09,-16.67,2.5,2.5,2.5,2.5,2.5,2.5,2.5,2.5,2.5,2.75,2.5,2.54,3,2.5,2.65,0,0,0,0,2.5,2.5,0,100,0,0,2.5
2013-10-07,2.5,0,0,0,0,-9.09,-16.67,2.5,2.5,2.5,2.5,2.5,2.5,2.5,2.5,2.5,2.75,2.5,2.54,3,2.5,2.65,0,0,0,0,2.5,2.5,0,100,0,0,2.5
2013-10-08,2.5,0,0,0,0,-9.09,-16.67,2.5,2.5,2.5,2.5,2.5,2.5,2.5,2.5,2.5,2.75,2.5,2.54,3,2.5,2.65,0,0,0,0,2.5,2.5,0,100,0,0,2.5
2013-10-09,2.5,0,0,0,0,-9.09,-16.67,2.5,2.5,2.5,2.5,2.5,2.5,2.5,2.5,2.5,2.75,2.5,2.54,2.75,2.5,2.64,0,0,0,0,2.5,2.5,0,100,0,0,2.5
2013-10-10,2.5,0,0,0,0,-9.09,-9.09,2.5,2.5,2.5,2.5,2.5,2.5,2.5,2.5,2.5,2.75,2.5,2.54,2.75,2.5,2.64,0,0,0,0,2.5,2.5,0,100,0,0,2.5
2013-10-11,2.5,0,0,0,0,-9.09,-9.09,2.5,2.5,2.5,2.5,2.5,2.5,2.5,2.5,2.5,2.75,2.5,2.53,2.75,2.5,2.64,0,0,0,0,2.5,2.5,0,100,0,0,2.5
2013-10-14,2.5,0,0,0,0,-9.09,-9.09,2.5,2.5,2.5,2.5,2.5,2.5,2.5,2.5,2.5,2.75,2.5,2.53,2.75,2.5,2.64,0,0,0,0,2.5,2.5,0,100,0,0,2.5
2013-10-15,2.5,0,0,0,0,-9.09,-9.09,2.5,2.5,2.5,2.5,2.5,2.5,2.5,2.5,2.5,2.75,2.5,2.53,2.75,2.5,2.64,0,0,0,0,2.5,2.5,0,100,0,0,2.5
2013-10-16,2.5,0,0,0,0,-9.09,-9.09,2.5,2.5,2.5,2.5,2.5,2.5,2.5,2.5,2.5,2.75,2.5,2.53,2.75,2.5,2.64,0,0,0,0,2.5,2.5,0,100,0,0,2.5
2013-10-17,2.5,0,0,0,0,-9.09,-9.09,2.5,2.5,2.5,2.5,2.5,2.5,2.5,2.5,2.5,2.75,2.5,2.53,2.75,2.5,2.64,0,0,0,0,2.5,2.5,0,100,0,0,2.5
2013-10-18,2.5,0,0,0,0,-9.09,-9.09,2.5,2.5,2.5,2.5,2.5,2.5,2.5,2.5,2.5,2.75,2.5,2.53,2.75,2.5,2.64,0,0,0,0,2.5,2.5,0,100,0,0,2.5
2013-10-21,2.5,0,0,0,0,-9.09,-9.09,2.5,2.5,2.5,2.5,2.5,2.5,2.5,2.5,2.5,2.75,2.5,2.52,2.75,2.5,2.64,0,0,0,0,2.5,2.5,0,100,0,0,2.5
2013-10-22,2.5,0,0,0,0,-9.09,-9.09,2.5,2.5,2.5,2.5,2.5,2.5,2.5,2.5,2.5,2.75,2.5,2.52,2.75,2.5,2.64,0,0,0,0,2.5,2.5,0,100,0,0,2.5
2013-10-23,2.5,0,0,0,0,-9.09,-9.09,2.5,2.5,2.5,2.5,2.5,2.5,2.5,2.5,2.5,2.75,2.5,2.52,2.75,2.5,2.63,0,0,0,0,2.5,2.5,0,100,0,0,2.5
2013-10-24,2.5,0,0,0,0,-9.09,-9.09,2.5,2.5,2.5,2.5,2.5,2.5,2.5,2.5,2.5,2.75,2.5,2.52,2.75,2.5,2.63,0,0,0,0,2.5,2.5,0,100,0,0,2.5
2013-10-25,2.5,0,0,0,0,-9.09,-9.09,2.5,2.5,2.5,2.5,2.5,2.5,2.5,2.5,2.5,2.75,2.5,2.52,2.75,2.5,2.63,0,0,0,0,2.5,2.5,0,100,0,0,2.5
2013-10-28,2.5,0,0,0,0,-9.09,-9.09,2.5,2.5,2.5,2.5,2.5,2.5,2.5,2.5,2.5,2.75,2.5,2.51,2.75,2.5,2.63,0,0,0,0,2.5,2.5,0,100,0,0,2.5
2013-10-29,2.5,0,0,0,0,-9.09,-9.09,2.5,2.5,2.5,2.5,2.5,2.5,2.5,2.5,2.5,2.75,2.5,2.51,2.75,2.5,2.63,0,0,0,0,2.5,2.5,0,100,0,0,2.5
2013-10-30,2.5,0,0,0,0,-9.09,-9.09,2.5,2.5,2.5,2.5,2.5,2.5,2.5,2.5,2.5,2.75,2.5,2.51,2.75,2.5,2.63,0,0,0,0,2.5,2.5,0,100,0,0,2.5
2013-10-31,2.5,0,0,0,0,-9.09,-9.09,2.5,2.5,2.5,2.5,2.5,2.5,2.5,2.5,2.5,2.75,2.5,2.51,2.75,2.5,2.63,0,0,0,0,2.5,2.5,0,100,0,0,2.5
2013-11-01,2.5,0,0,0,0,-9.09,-9.09,2.5,2.5,2.5,2.5,2.5,2.5,2.5,2.5,2.5,2.75,2.5,2.51,2.75,2.5,2.63,0,0,0,0,2.5,2.5,0,100,0,0,2.5
2013-11-04,2.5,0,0,0,0,-9.09,-9.09,2.5,2.5,2.5,2.5,2.5,2.5,2.5,2.5,2.5,2.75,2.5,2.5,2.75,2.5,2.63,0,0,0,0,2.5,2.5,0,100,0,0,2.5
2013-11-05,2.5,0,0,0,0,-9.09,-9.09,2.5,2.5,2.5,2.5,2.5,2.5,2.5,2.5,2.5,2.75,2.5,2.5,2.75,2.5,2.63,0,0,0,0,2.5,2.5,0,100,0,0,2.5
2013-11-06,2.5,0,0,0,0,-9.09,-9.09,2.5,2.5,2.5,2.5,2.5,2.5,2.5,2.5,2.5,2.5,2.5,2.5,2.75,2.5,2.63,0,0,0,0,2.5,2.5,0,100,0,0,2.5
2013-11-07,2.5,0,0,0,0,0,-9.09,2.5,2.5,2.5,2.5,2.5,2.5,2.5,2.5,2.5,2.5,2.5,2.5,2.75,2.5,2.62,0,0,0,0,2.5,2.5,0,100,0,0,2.5
2013-11-08,2.5,0,0,0,0,0,-9.09,2.5,2.5,2.5,2.5,2.5,2.5,2.5,2.5,2.5,2.5,2.5,2.5,2.75,2.5,2.62,0,0,0,0,2.5,2.5,0,100,0,0,2.5
2013-11-11,2.5,0,0,0,0,0,-9.09,2.5,2.5,2.5,2.5,2.5,2.5,2.5,2.5,2.5,2.5,2.5,2.5,2.75,2.5,2.62,0,0,0,0,2.5,2.5,0,100,0,0,2.5
2013-11-12,2.5,0,0,0,0,0,-9.09,2.5,2.5,2.5,2.5,2.5,2.5,2.5,2.5,2.5,2.5,2.5,2.5,2.75,2.5,2.62,0,0,0,0,2.5,2.5,0,100,0,0,2.5
2013-11-13,2.5,0,0,0,0,0,-9.09,2.5,2.5,2.5,2.5,2.5,2.5,2.5,2.5,2.5,2.5,2.5,2.5,2.75,2.5,2.62,0,0,0,0,2.5,2.5,0,100,0,0,2.5
2013-11-14,2.5,0,0,0,0,0,-9.09,2.5,2.5,2.5,2.5,2.5,2.5,2.5,2.5,2.5,2.5,2.5,2.5,2.75,2.5,2.62,0,0,0,0,2.5,2.5,0,100,0,0,2.5
2013-11-15,2.5,0,0,0,0,0,-9.09,2.5,2.5,2.5,2.5,2.5,2.5,2.5,2.5,2.5,2.5,2.5,2.5,2.75,2.5,2.62,0,0,0,0,2.5,2.5,0,100,0,0,2.5
2013-11-18,2.5,0,0,0,0,0,-9.09,2.5,2.5,2.5,2.5,2.5,2.5,2.5,2.5,2.5,2.5,2.5,2.5,2.75,2.5,2.62,0,0,0,0,2.5,2.5,0,100,0,0,2.5
2013-11-19,2.5,0,0,0,0,0,-9.09,2.5,2.5,2.5,2.5,2.5,2.5,2.5,2.5,2.5,2.5,2.5,2.5,2.75,2.5,2.62,0,0,0,0,2.5,2.5,0,100,0,0,2.5
2013-11-20,2.5,0,0,0,0,0,-9.09,2.5,2.5,2.5,2.5,2.5,2.5,2.5,2.5,2.5,2.5,2.5,2.5,2.75,2.5,2.62,0,0,0,0,2.5,2.5,0,100,0,0,2.5
2013-11-21,2.5,0,0,0,0,0,-9.09,2.5,2.5,2.5,2.5,2.5,2.5,2.5,2.5,2.5,2.5,2.5,2.5,2.75,2.5,2.61,0,0,0,0,2.5,2.5,0,100,0,0,2.5
2013-11-22,2.5,0,0,0,0,0,-9.09,2.5,2.5,2.5,2.5,2.5,2.5,2.5,2.5,2.5,2.5,2.5,2.5,2.75,2.5,2.61,0,0,0,0,2.5,2.5,0,100,0,0,2.5
2013-11-25,2.5,0,0,0,0,0,-9.09,2.5,2.5,2.5,2.5,2.5,2.5,2.5,2.5,2.5,2.5,2.5,2.5,2.75,2.5,2.61,0,0,0,0,2.5,2.5,0,100,0,0,2.5
2013-11-26,2.5,0,0,0,0,0,-9.09,2.5,2.5,2.5,2.5,2.5,2.5,2.5,2.5,2.5,2.5,2.5,2.5,2.75,2.5,2.61,0,0,0,0,2.5,2.5,0,100,0,0,2.5
2013-11-27,2.5,0,0,0,0,0,-9.09,2.5,2.5,2.5,2.5,2.5,2.5,2.5,2.5,2.5,2.5,2.5,2.5,2.75,2.5,2.61,0,0,0,0,2.5,2.5,0,100,0,0,2.5
2013-11-28,2.5,0,0,0,0,0,-9.09,2.5,2.5,2.5,2.5,2.5,2.5,2.5,2.5,2.5,2.5,2.5,2.5,2.75,2.5,2.61,0,0,0,0,2.5,2.5,0,100,0,0,2.5
2013-11-29,2.5,0,0,0,0,0,-9.09,2.5,2.5,2.5,2.5,2.5,2.5,2.5,2.5,2.5,2.5,2.5,2.5,2.75,2.5,2.61,0,0,0,0,2.5,2.5,0,100,0,0,2.5
2013-12-02,2.5,0,0,0,0,0,-9.09,2.5,2.5,2.5,2.5,2.5,2.5,2.5,2.5,2.5,2.5,2.5,2.5,2.75,2.5,2.61,0,0,0,0,2.5,2.5,0,100,0,0,2.5
2013-12-03,2.5,0,0,0,0,0,-9.09,2.5,2.5,2.5,2.5,2.5,2.5,2.5,2.5,2.5,2.5,2.5,2.5,2.75,2.5,2.61,0,0,0,0,2.5,2.5,0,100,0,0,2.5
2013-12-04,2.5,0,0,0,0,0,-9.09,2.5,2.5,2.5,2.5,2.5,2.5,2.5,2.5,2.5,2.5,2.5,2.5,2.75,2.5,2.61,0,0,0,0,2.5,2.5,0,100,0,0,2.5
2013-12-05,2.5,0,0,0,0,0,-9.09,2.5,2.5,2.5,2.5,2.5,2.5,2.5,2.5,2.5,2.5,2.5,2.5,2.75,2.5,2.6,0,0,0,0,2.5,2.5,0,100,0,0,2.5
2013-12-06,2.5,0,0,0,0,0,-9.09,2.5,2.5,2.5,2.5,2.5,2.5,2.5,2.5,2.5,2.5,2.5,2.5,2.75,2.5,2.6,0,0,0,0,2.5,2.5,0,100,0,0,2.5
2013-12-09,2.5,0,0,0,0,0,-9.09,2.5,2.5,2.5,2.5,2.5,2.5,2.5,2.5,2.5,2.5,2.5,2.5,2.75,2.5,2.6,0,0,0,0,2.5,2.5,0,100,0,0,2.5
2013-12-10,2.5,0,0,0,0,0,-9.09,2.5,2.5,2.5,2.5,2.5,2.5,2.5,2.5,2.5,2.5,2.5,2.5,2.75,2.5,2.6,0,0,0,0,2.5,2.5,0,100,0,0,2.5
2013-12-11,2.5,0,0,0,0,0,-9.09,2.5,2.5,2.5,2.5,2.5,2.5,2.5,2.5,2.5,2.5,2.5,2.5,2.75,2.5,2.6,0,0,0,0,2.5,2.5,0,100,0,0,2.5
2013-12-12,2.5,0,0,0,0,0,-9.09,2.5,2.5,2.5,2.5,2.5,2.5,2.5,2.5,2.5,2.5,2.5,2.5,2.75,2.5,2.6,0,0,0,0,2.5,2.5,0,100,0,0,2.5
2013-12-13,2.5,0,0,0,0,0,-9.09,2.5,2.5,2.5,2.5,2.5,2.5,2.5,2.5,2.5,2.5,2.5,2.5,2.75,2.5,2.6,0,0,0,0,2.5,2.5,0,100,0,0,2.5
2013-12-16,2.5,0,0,0,0,0,-9.09,2.5,2.5,2.5,2.5,2.5,2.5,2.5,2.5,2.5,2.5,2.5,2.5,2.75,2.5,2.6,0,0,0,0,2.5,2.5,0,100,0,0,2.5
2013-12-17,2.5,0,0,0,0,0,-9.09,2.5,2.5,2.5,2.5,2.5,2.5,2.5,2.5,2.5,2.5,2.5,2.5,2.75,2.5,2.6,0,0,0,0,2.5,2.5,0,100,0,0,2.5
2013-12-18,2.5,0,0,0,0,0,-9.09,2.5,2.5,2.5,2.5,2.5,2.5,2.5,2.5,2.5,2.5,2.5,2.5,2.75,2.5,2.6,0,0,0,0,2.5,2.5,0,100,0,0,2.5
2013-12-19,2.5,0,0,0,0,0,-9.09,2.5,2.5,2.5,2.5,2.5,2.5,2.5,2.5,2.5,2.5,2.5,2.5,2.75,2.5,2.6,0,0,0,0,2.5,2.5,0,100,0,0,2.5
2013-12-20,2.5,0,0,0,0,0,-9.09,2.5,2.5,2.5,2.5,2.5,2.5,2.5,2.5,2.5,2.5,2.5,2.5,2.75,2.5,2.59,0,0,0,0,2.5,2.5,0,100,0,0,2.5
2013-12-23,2.5,0,0,0,0,0,-9.09,2.5,2.5,2.5,2.5,2.5,2.5,2.5,2.5,2.5,2.5,2.5,2.5,2.75,2.5,2.59,0,0,0,0,2.5,2.5,0,100,0,0,2.5
2013-12-24,2.5,0,0,0,0,0,-9.09,2.5,2.5,2.5,2.5,2.5,2.5,2.5,2.5,2.5,2.5,2.5,2.5,2.75,2.5,2.59,0,0,0,0,2.5,2.5,0,100,0,0,2.5
2013-12-25,2.5,0,0,0,0,0,-9.09,2.5,2.5,2.5,2.5,2.5,2.5,2.5,2.5,2.5,2.5,2.5,2.5,2.75,2.5,2.59,0,0,0,0,2.5,2.5,0,100,0,0,2.5
2013-12-26,2.5,0,0,0,0,0,-9.09,2.5,2.5,2.5,2.5,2.5,2.5,2.5,2.5,2.5,2.5,2.5,2.5,2.75,2.5,2.59,0,0,0,0,2.5,2.5,0,100,0,0,2.5
2013-12-27,2.5,0,0,0,0,0,-9.09,2.5,2.5,2.5,2.5,2.5,2.5,2.5,2.5,2.5,2.5,2.5,2.5,2.75,2.5,2.59,0,0,0,0,2.5,2.5,0,100,0,0,2.5
2013-12-30,2.5,0,0,0,0,0,-9.09,2.5,2.5,2.5,2.5,2.5,2.5,2.5,2.5,2.5,2.5,2.5,2.5,2.75,2.5,2.59,0,0,0,0,2.5,2.5,0,100,0,0,2.5
2013-12-31,2.5,0,0,0,0,0,-9.09,2.5,2.5,2.5,2.5,2.5,2.5,2.5,2.5,2.5,2.5,2.5,2.5,2.75,2.5,2.59,0,0,0,0,2.5,2.5,0,100,0,0,2.5
2014-01-01,2.5,0,0,0,0,0,-9.09,2.5,2.5,2.5,2.5,2.5,2.5,2.5,2.5,2.5,2.5,2.5,2.5,2.75,2.5,2.59,0,0,0,0,2.5,2.5,0,100,0,0,2.5
2014-01-02,2.5,0,0,0,0,0,-9.09,2.5,2.5,2.5,2.5,2.5,2.5,2.5,2.5,2.5,2.5,2.5,2.5,2.75,2.5,2.59,0,0,0,0,2.5,2.5,0,100,0,0,2.5
2014-01-03,2.5,0,0,0,0,0,-9.09,2.5,2.5,2.5,2.5,2.5,2.5,2.5,2.5,2.5,2.5,2.5,2.5,2.75,2.5,2.58,0,0,0,0,2.5,2.5,0,100,0,0,2.5
2014-01-06,2.5,0,0,0,0,0,-9.09,2.5,2.5,2.5,2.5,2.5,2.5,2.5,2.5,2.5,2.5,2.5,2.5,2.75,2.5,2.58,0,0,0,0,2.5,2.5,0,100,0,0,2.5
2014-01-07,2.5,0,0,0,0,0,-9.09,2.5,2.5,2.5,2.5,2.5,2.5,2.5,2.5,2.5,2.5,2.5,2.5,2.75,2.5,2.58,0,0,0,0,2.5,2.5,0,100,0,0,2.5
2014-01-08,2.5,0,0,0,0,0,-9.09,2.5,2.5,2.5,2.5,2.5,2.5,2.5,2.5,2.5,2.5,2.5,2.5,2.75,2.5,2.58,0,0,0,0,2.5,2.5,0,100,0,0,2.5
2014-01-09,2.5,0,0,0,0,0,-9.09,2.5,2.5,2.5,2.5,2.5,2.5,2.5,2.5,2.5,2.5,2.5,2.5,2.75,2.5,2.58,0,0,0,0,2.5,2.5,0,100,0,0,2.5
2014-01-10,2.5,0,0,0,0,0,-9.09,2.5,2.5,2.5,2.5,2.5,2.5,2.5,2.5,2.5,2.5,2.5,2.5,2.75,2.5,2.58,0,0,0,0,2.5,2.5,0,100,0,0,2.5
2014-01-13,2.5,0,0,0,0,0,-9.09,2.5,2.5,2.5,2.5,2.5,2.5,2.5,2.5,2.5,2.5,2.5,2.5,2.75,2.5,2.58,0,0,0,0,2.5,2.5,0,100,0,0,2.5
2014-01-14,2.5,0,0,0,0,0,-9.09,2.5,2.5,2.5,2.5,2.5,2.5,2.5,2.5,2.5,2.5,2.5,2.5,2.75,2.5,2.58,0,0,0,0,2.5,2.5,0,100,0,0,2.5
2014-01-15,2.5,0,0,0,0,0,-9.09,2.5,2.5,2.5,2.5,2.5,2.5,2.5,2.5,2.5,2.5,2.5,2.5,2.75,2.5,2.58,0,0,0,0,2.5,2.5,0,100,0,0,2.5
2014-01-16,2.5,0,0,0,0,0,-9.09,2.5,2.5,2.5,2.5,2.5,2.5,2.5,2.5,2.5,2.5,2.5,2.5,2.75,2.5,2.58,0,0,0,0,2.5,2.5,0,100,0,0,2.5
2014-01-17,2.5,0,0,0,0,0,-9.09,2.5,2.5,2.5,2.5,2.5,2.5,2.5,2.5,2.5,2.5,2.5,2.5,2.75,2.5,2.58,0,0,0,0,2.5,2.5,0,100,0,0,2.5
2014-01-20,2.5,0,0,0,0,0,-9.09,2.5,2.5,2.5,2.5,2.5,2.5,2.5,2.5,2.5,2.5,2.5,2.5,2.75,2.5,2.57,0,0,0,0,2.5,2.5,0,100,0,0,2.5
2014-01-21,2.5,0,0,0,0,0,-9.09,2.5,2.5,2.5,2.5,2.5,2.5,2.5,2.5,2.5,2.5,2.5,2.5,2.75,2.5,2.57,0,0,0,0,2.5,2.5,0,100,0,0,2.5
2014-01-22,2.5,0,0,0,0,0,-9.09,2.5,2.5,2.5,2.5,2.5,2.5,2.5,2.5,2.5,2.5,2.5,2.5,2.75,2.5,2.57,0,0,0,0,2.5,2.5,0,100,0,0,2.5
2014-01-23,2.5,0,0,0,0,0,-9.09,2.5,2.5,2.5,2.5,2.5,2.5,2.5,2.5,2.5,2.5,2.5,2.5,2.75,2.5,2.57,0,0,0,0,2.5,2.5,0,100,0,0,2.5
2014-01-24,2.5,0,0,0,0,0,-9.09,2.5,2.5,2.5,2.5,2.5,2.5,2.5,2.5,2.5,2.5,2.5,2.5,2.75,2.5,2.57,0,0,0,0,2.5,2.5,0,100,0,0,2.5
2014-01-27,2.5,0,0,0,0,0,-9.09,2.5,2.5,2.5,2.5,2.5,2.5,2.5,2.5,2.5,2.5,2.5,2.5,2.75,2.5,2.57,0,0,0,0,2.5,2.5,0,100,0,0,2.5
2014-01-28,2.5,0,0,0,0,0,-9.09,2.5,2.5,2.5,2.5,2.5,2.5,2.5,2.5,2.5,2.5,2.5,2.5,2.75,2.5,2.57,0,0,0,0,2.5,2.5,0,100,0,0,2.5
2014-01-29,2.5,0,0,0,0,0,-9.09,2.5,2.5,2.5,2.5,2.5,2.5,2.5,2.5,2.5,2.5,2.5,2.5,2.75,2.5,2.57,0,0,0,0,2.5,2.5,0,100,0,0,2.5
2014-01-30,2.5,0,0,0,0,0,-9.09,2.5,2.5,2.5,2.5,2.5,2.5,2.5,2.5,2.5,2.5,2.5,2.5,2.75,2.5,2.57,0,0,0,0,2.5,2.5,0,100,0,0,2.5
2014-01-31,2.5,0,0,0,0,0,-9.09,2.5,2.5,2.5,2.5,2.5,2.5,2.5,2.5,2.5,2.5,2.5,2.5,2.75,2.5,2.57,0,0,0,0,2.5,2.5,0,100,0,0,2.5
2014-02-03,2.5,0,0,0,0,0,-9.09,2.5,2.5,2.5,2.5,2.5,2.5,2.5,2.5,2.5,2.5,2.5,2.5,2.75,2.5,2.56,0,0,0,0,2.5,2.5,0,100,0,0,2.5
2014-02-04,2.5,0,0,0,0,0,-9.09,2.5,2.5,2.5,2.5,2.5,2.5,2.5,2.5,2.5,2.5,2.5,2.5,2.75,2.5,2.56,0,0,0,0,2.5,2.5,0,100,0,0,2.5
2014-02-05,2.5,0,0,0,0,0,-9.09,2.5,2.5,2.5,2.5,2.5,2.5,2.5,2.5,2.5,2.5,2.5,2.5,2.75,2.5,2.56,0,0,0,0,2.5,2.5,0,100,0,0,2.5
2014-02-06,2.5,0,0,0,0,0,-9.09,2.5,2.5,2.5,2.5,2.5,2.5,2.5,2.5,2.5,2.5,2.5,2.5,2.75,2.5,2.56,0,0,0,0,2.5,2.5,0,100,0,0,2.5
2014-02-07,2.5,0,0,0,0,0,-9.09,2.5,2.5,2.5,2.5,2.5,2.5,2.5,2.5,2.5,2.5,2.5,2.5,2.75,2.5,2.56,0,0,0,0,2.5,2.5,0,100,0,0,2.5
2014-02-10,2.5,0,0,0,0,0,-9.09,2.5,2.5,2.5,2.5,2.5,2.5,2.5,2.5,2.5,2.5,2.5,2.5,2.75,2.5,2.56,0,0,0,0,2.5,2.5,0,100,0,0,2.5
2014-02-11,2.5,0,0,0,0,0,-9.09,2.5,2.5,2.5,2.5,2.5,2.5,2.5,2.5,2.5,2.5,2.5,2.5,2.75,2.5,2.56,0,0,0,0,2.5,2.5,0,100,0,0,2.5
2014-02-12,2.5,0,0,0,0,0,-9.09,2.5,2.5,2.5,2.5,2.5,2.5,2.5,2.5,2.5,2.5,2.5,2.5,2.75,2.5,2.56,0,0,0,0,2.5,2.5,0,100,0,0,2.5
2014-02-13,2.5,0,0,0,0,0,-9.09,2.5,2.5,2.5,2.5,2.5,2.5,2.5,2.5,2.5,2.5,2.5,2.5,2.75,2.5,2.56,0,0,0,0,2.5,2.5,0,100,0,0,2.5
2014-02-14,2.5,0,0,0,0,0,-9.09,2.5,2.5,2.5,2.5,2.5,2.5,2.5,2.5,2.5,2.5,2.5,2.5,2.75,2.5,2.56,0,0,0,0,2.5,2.5,0,100,0,0,2.5
2014-02-17,2.5,0,0,0,0,0,-9.09,2.5,2.5,2.5,2.5,2.5,2.5,2.5,2.5,2.5,2.5,2.5,2.5,2.75,2.5,2.55,0,0,0,0,2.5,2.5,0,100,0,0,2.5
2014-02-18,2.5,0,0,0,0,0,-9.09,2.5,2.5,2.5,2.5,2.5,2.5,2.5,2.5,2.5,2.5,2.5,2.5,2.75,2.5,2.55,0,0,0,0,2.5,2.5,0,100,0,0,2.5
2014-02-19,2.5,0,0,0,0,0,-9.09,2.5,2.5,2.5,2.5,2.5,2.5,2.5,2.5,2.5,2.5,2.5,2.5,2.75,2.5,2.55,0,0,0,0,2.5,2.5,0,100,0,0,2.5
2014-02-20,2.5,0,0,0,0,0,-9.09,2.5,2.5,2.5,2.5,2.5,2.5,2.5,2.5,2.5,2.5,2.5,2.5,2.75,2.5,2.55,0,0,0,0,2.5,2.5,0,100,0,0,2.5
2014-02-21,2.5,0,0,0,0,0,-9.09,2.5,2.5,2.5,2.5,2.5,2.5,2.5,2.5,2.5,2.5,2.5,2.5,2.75,2.5,2.55,0,0,0,0,2.5,2.5,0,100,0,0,2.5
2014-02-24,2.5,0,0,0,0,0,-9.09,2.5,2.5,2.5,2.5,2.5,2.5,2.5,2.5,2.5,2.5,2.5,2.5,2.75,2.5,2.55,0,0,0,0,2.5,2.5,0,100,0,0,2.5
2014-02-25,2.5,0,0,0,0,0,-9.09,2.5,2.5,2.5,2.5,2.5,2.5,2.5,2.5,2.5,2.5,2.5,2.5,2.75,2.5,2.55,0,0,0,0,2.5,2.5,0,100,0,0,2.5
2014-02-26,2.5,0,0,0,0,0,-9.09,2.5,2.5,2.5,2.5,2.5,2.5,2.5,2.5,2.5,2.5,2.5,2.5,2.75,2.5,2.55,0,0,0,0,2.5,2.5,0,100,0,0,2.5
2014-02-27,2.5,0,0,0,0,0,-9.09,2.5,2.5,2.5,2.5,2.5,2.5,2.5,2.5,2.5,2.5,2.5,2.5,2.75,2.5,2.55,0,0,0,0,2.5,2.5,0,100,0,0,2.5
2014-02-28,2.5,0,0,0,0,0,-9.09,2.5,2.5,2.5,2.5,2.5,2.5,2.5,2.5,2.5,2.5,2.5,2.5,2.75,2.5,2.55,0,0,0,0,2.5,2.5,0,100,0,0,2.5
2014-03-03,2.5,0,0,0,0,0,-9.09,2.5,2.5,2.5,2.5,2.5,2.5,2.5,2.5,2.5,2.5,2.5,2.5,2.75,2.5,2.55,0,0,0,0,2.5,2.5,0,100,0,0,2.5
2014-03-04,2.5,0,0,0,0,0,-9.09,2.5,2.5,2.5,2.5,2.5,2.5,2.5,2.5,2.5,2.5,2.5,2.5,2.75,2.5,2.54,0,0,0,0,2.5,2.5,0,100,0,0,2.5
2014-03-05,2.5,0,0,0,0,0,-9.09,2.5,2.5,2.5,2.5,2.5,2.5,2.5,2.5,2.5,2.5,2.5,2.5,2.75,2.5,2.54,0,0,0,0,2.5,2.5,0,100,0,0,2.5
2014-03-06,2.5,0,0,0,0,0,-9.09,2.5,2.5,2.5,2.5,2.5,2.5,2.5,2.5,2.5,2.5,2.5,2.5,2.75,2.5,2.54,0,0,0,0,2.5,2.5,0,100,0,0,2.5
2014-03-07,2.5,0,0,0,0,0,-9.09,2.5,2.5,2.5,2.5,2.5,2.5,2.5,2.5,2.5,2.5,2.5,2.5,2.75,2.5,2.54,0,0,0,0,2.5,2.5,0,100,0,0,2.5
2014-03-10,2.5,0,0,0,0,0,-9.09,2.5,2.5,2.5,2.5,2.5,2.5,2.5,2.5,2.5,2.5,2.5,2.5,2.75,2.5,2.54,0,0,0,0,2.5,2.5,0,100,0,0,2.5
2014-03-11,2.5,0,0,0,0,0,-9.09,2.5,2.5,2.5,2.5,2.5,2.5,2.5,2.5,2.5,2.5,2.5,2.5,2.75,2.5,2.54,0,0,0,0,2.5,2.5,0,100,0,0,2.5
2014-03-12,2.5,0,0,0,0,0,-9.09,2.5,2.5,2.5,2.5,2.5,2.5,2.5,2.5,2.5,2.5,2.5,2.5,2.75,2.5,2.54,0,0,0,0,2.5,2.5,0,100,0,0,2.5
2014-03-13,2.5,0,0,0,0,0,-9.09,2.5,2.5,2.5,2.5,2.5,2.5,2.5,2.5,2.5,2.5,2.5,2.5,2.75,2.5,2.54,0,0,0,0,2.5,2.5,0,100,0,0,2.5
2014-03-14,2.5,0,0,0,0,0,-9.09,2.5,2.5,2.5,2.5,2.5,2.5,2.5,2.5,2.5,2.5,2.5,2.5,2.75,2.5,2.54,0,0,0,0,2.5,2.5,0,100,0,0,2.5
2014-03-17,2.5,0,0,0,0,0,-9.09,2.5,2.5,2.5,2.5,2.5,2.5,2.5,2.5,2.5,2.5,2.5,2.5,2.75,2.5,2.54,0,0,0,0,2.5,2.5,0,100,0,0,2.5
2014-03-18,2.5,0,0,0,0,0,-9.09,2.5,2.5,2.5,2.5,2.5,2.5,2.5,2.5,2.5,2.5,2.5,2.5,2.75,2.5,2.53,0,0,0,0,2.5,2.5,0,100,0,0,2.5
2014-03-19,2.5,0,0,0,0,0,-9.09,2.5,2.5,2.5,2.5,2.5,2.5,2.5,2.5,2.5,2.5,2.5,2.5,2.75,2.5,2.53,0,0,0,0,2.5,2.5,0,100,0,0,2.5
2014-03-20,2.5,0,0,0,0,0,-9.09,2.5,2.5,2.5,2.5,2.5,2.5,2.5,2.5,2.5,2.5,2.5,2.5,2.75,2.5,2.53,0,0,0,0,2.5,2.5,0,100,0,0,2.5
2014-03-21,2.5,0,0,0,0,0,-9.09,2.5,2.5,2.5,2.5,2.5,2.5,2.5,2.5,2.5,2.5,2.5,2.5,2.75,2.5,2.53,0,0,0,0,2.5,2.5,0,100,0,0,2.5
2014-03-24,2.5,0,0,0,0,0,-9.09,2.5,2.5,2.5,2.5,2.5,2.5,2.5,2.5,2.5,2.5,2.5,2.5,2.75,2.5,2.53,0,0,0,0,2.5,2.5,0,100,0,0,2.5
2014-03-25,2.5,0,0,0,0,0,-9.09,2.5,2.5,2.5,2.5,2.5,2.5,2.5,2.5,2.5,2.5,2.5,2.5,2.75,2.5,2.53,0,0,0,0,2.5,2.5,0,100,0,0,2.5
2014-03-26,2.5,0,0,0,0,0,-9.09,2.5,2.5,2.5,2.5,2.5,2.5,2.5,2.5,2.5,2.5,2.5,2.5,2.75,2.5,2.53,0,0,0,0,2.5,2.5,0,100,0,0,2.5
2014-03-27,2.5,0,0,0,0,0,-9.09,2.5,2.5,2.5,2.5,2.5,2.5,2.5,2.5,2.5,2.5,2.5,2.5,2.75,2.5,2.53,0,0,0,0,2.5,2.5,0,100,0,0,2.5
2014-03-28,2.5,0,0,0,0,0,-9.09,2.5,2.5,2.5,2.5,2.5,2.5,2.5,2.5,2.5,2.5,2.5,2.5,2.75,2.5,2.53,0,0,0,0,2.5,2.5,0,100,0,0,2.5
2014-03-31,2.5,0,0,0,0,0,-9.09,2.5,2.5,2.5,2.5,2.5,2.5,2.5,2.5,2.5,2.5,2.5,2.5,2.75,2.5,2.53,0,0,0,0,2.5,2.5,0,100,0,0,2.5
2014-04-01,2.5,0,0,0,0,0,-9.09,2.5,2.5,2.5,2.5,2.5,2.5,2.5,2.5,2.5,2.5,2.5,2.5,2.75,2.5,2.53,0,0,0,0,2.5,2.5,0,100,0,0,2.5
2014-04-02,2.5,0,0,0,0,0,-9.09,2.5,2.5,2.5,2.5,2.5,2.5,2.5,2.5,2.5,2.5,2.5,2.5,2.75,2.5,2.52,0,0,0,0,2.5,2.5,0,100,0,0,2.5
2014-04-03,2.5,0,0,0,0,0,-9.09,2.5,2.5,2.5,2.5,2.5,2.5,2.5,2.5,2.5,2.5,2.5,2.5,2.75,2.5,2.52,0,0,0,0,2.5,2.5,0,100,0,0,2.5
2014-04-04,2.5,0,0,0,0,0,-9.09,2.5,2.5,2.5,2.5,2.5,2.5,2.5,2.5,2.5,2.5,2.5,2.5,2.75,2.5,2.52,0,0,0,0,2.5,2.5,0,100,0,0,2.5
2014-04-07,2.5,0,0,0,0,0,-9.09,2.5,2.5,2.5,2.5,2.5,2.5,2.5,2.5,2.5,2.5,2.5,2.5,2.75,2.5,2.52,0,0,0,0,2.5,2.5,0,100,0,0,2.5
2014-04-08,2.5,0,0,0,0,0,-9.09,2.5,2.5,2.5,2.5,2.5,2.5,2.5,2.5,2.5,2.5,2.5,2.5,2.75,2.5,2.52,0,0,0,0,2.5,2.5,0,100,0,0,2.5
2014-04-09,2.5,0,0,0,0,0,-9.09,2.5,2.5,2.5,2.5,2.5,2.5,2.5,2.5,2.5,2.5,2.5,2.5,2.75,2.5,2.52,0,0,0,0,2.5,2.5,0,100,0,0,2.5
2014-04-10,2.5,0,0,0,0,0,-9.09,2.5,2.5,2.5,2.5,2.5,2.5,2.5,2.5,2.5,2.5,2.5,2.5,2.75,2.5,2.52,0,0,0,0,2.5,2.5,0,100,0,0,2.5
2014-04-11,2.5,0,0,0,0,0,-9.09,2.5,2.5,2.5,2.5,2.5,2.5,2.5,2.5,2.5,2.5,2.5,2.5,2.75,2.5,2.52,0,0,0,0,2.5,2.5,0,100,0,0,2.5
2014-04-14,2.5,0,0,0,0,0,-9.09,2.5,2.5,2.5,2.5,2.5,2.5,2.5,2.5,2.5,2.5,2.5,2.5,2.75,2.5,2.52,0,0,0,0,2.5,2.5,0,100,0,0,2.5
2014-04-15,2.5,0,0,0,0,0,-9.09,2.5,2.5,2.5,2.5,2.5,2.5,2.5,2.5,2.5,2.5,2.5,2.5,2.75,2.5,2.52,0,0,0,0,2.5,2.5,0,100,0,0,2.5
2014-04-16,2.5,0,0,0,0,0,-9.09,2.5,2.5,2.5,2.5,2.5,2.5,2.5,2.5,2.5,2.5,2.5,2.5,2.75,2.5,2.51,0,0,0,0,2.5,2.5,0,100,0,0,2.5
2014-04-17,2.5,0,0,0,0,0,-9.09,2.5,2.5,2.5,2.5,2.5,2.5,2.5,2.5,2.5,2.5,2.5,2.5,2.75,2.5,2.51,0,0,0,0,2.5,2.5,0,100,0,0,2.5
2014-04-18,2.5,0,0,0,0,0,-9.09,2.5,2.5,2.5,2.5,2.5,2.5,2.5,2.5,2.5,2.5,2.5,2.5,2.75,2.5,2.51,0,0,0,0,2.5,2.5,0,100,0,0,2.5
2014-04-21,2.5,0,0,0,0,0,-9.09,2.5,2.5,2.5,2.5,2.5,2.5,2.5,2.5,2.5,2.5,2.5,2.5,2.75,2.5,2.51,0,0,0,0,2.5,2.5,0,100,0,0,2.5
2014-04-22,2.5,0,0,0,0,0,-9.09,2.5,2.5,2.5,2.5,2.5,2.5,2.5,2.5,2.5,2.5,2.5,2.5,2.75,2.5,2.51,0,0,0,0,2.5,2.5,0,100,0,0,2.5
2014-04-23,2.5,0,0,0,0,0,-9.09,2.5,2.5,2.5,2.5,2.5,2.5,2.5,2.5,2.5,2.5,2.5,2.5,2.75,2.5,2.51,0,0,0,0,2.5,2.5,0,100,0,0,2.5
2014-04-24,2.5,0,0,0,0,0,-9.09,2.5,2.5,2.5,2.5,2.5,2.5,2.5,2.5,2.5,2.5,2.5,2.5,2.75,2.5,2.51,0,0,0,0,2.5,2.5,0,100,0,0,2.5
2014-04-25,2.5,0,0,0,0,0,-9.09,2.5,2.5,2.5,2.5,2.5,2.5,2.5,2.5,2.5,2.5,2.5,2.5,2.75,2.5,2.51,0,0,0,0,2.5,2.5,0,100,0,0,2.5
2014-04-28,2.5,0,0,0,0,0,-9.09,2.5,2.5,2.5,2.5,2.5,2.5,2.5,2.5,2.5,2.5,2.5,2.5,2.75,2.5,2.51,0,0,0,0,2.5,2.5,0,100,0,0,2.5
2014-04-29,2.5,0,0,0,0,0,-9.09,2.5,2.5,2.5,2.5,2.5,2.5,2.5,2.5,2.5,2.5,2.5,2.5,2.75,2.5,2.51,0,0,0,0,2.5,2.5,0,100,0,0,2.5
2014-04-30,2.5,0,0,0,0,0,-9.09,2.5,2.5,2.5,2.5,2.5,2.5,2.5,2.5,2.5,2.5,2.5,2.5,2.75,2.5,2.5,0,0,0,0,2.5,2.5,0,100,0,0,2.5
2014-05-01,2.5,0,0,0,0,0,-9.09,2.5,2.5,2.5,2.5,2.5,2.5,2.5,2.5,2.5,2.5,2.5,2.5,2.75,2.5,2.5,0,0,0,0,2.5,2.5,0,100,0,0,2.5
2014-05-02,2.5,0,0,0,0,0,-9.09,2.5,2.5,2.5,2.5,2.5,2.5,2.5,2.5,2.5,2.5,2.5,2.5,2.75,2.5,2.5,0,0,0,0,2.5,2.5,0,100,0,0,2.5
2014-05-05,2.5,0,0,0,0,0,-9.09,2.5,2.5,2.5,2.5,2.5,2.5,2.5,2.5,2.5,2.5,2.5,2.5,2.75,2.5,2.5,0,0,0,0,2.5,2.5,0,100,0,0,2.5
2014-05-06,2.5,0,0,0,0,0,-9.09,2.5,2.5,2.5,2.5,2.5,2.5,2.5,2.5,2.5,2.5,2.5,2.5,2.75,2.5,2.5,0,0,0,0,2.5,2.5,0,100,0,0,2.5
2014-05-07,2.5,0,0,0,0,0,-9.09,2.5,2.5,2.5,2.5,2.5,2.5,2.5,2.5,2.5,2.5,2.5,2.5,2.5,2.5,2.5,0,0,0,0,2.5,2.5,0,100,0,0,2.5
2014-05-08,2.5,0,0,0,0,0,0,2.5,2.5,2.5,2.5,2.5,2.5,2.5,2.5,2.5,2.5,2.5,2.5,2.5,2.5,2.5,0,0,0,0,2.5,2.5,0,100,0,0,2.5
2014-05-09,2.5,0,0,0,0,0,0,2.5,2.5,2.5,2.5,2.5,2.5,2.5,2.5,2.5,2.5,2.5,2.5,2.5,2.5,2.5,0,0,0,0,2.5,2.5,0,100,0,0,2.5
2014-05-12,2.5,0,0,0,0,0,0,2.5,2.5,2.5,2.5,2.5,2.5,2.5,2.5,2.5,2.5,2.5,2.5,2.5,2.5,2.5,0,0,0,0,2.5,2.5,0,100,0,0,2.5
2014-05-13,2.5,0,0,0,0,0,0,2.5,2.5,2.5,2.5,2.5,2.5,2.5,2.5,2.5,2.5,2.5,2.5,2.5,2.5,2.5,0,0,0,0,2.5,2.5,0,100,0,0,2.5
2014-05-14,2.5,0,0,0,0,0,0,2.5,2.5,2.5,2.5,2.5,2.5,2.5,2.5,2.5,2.5,2.5,2.5,2.5,2.5,2.5,0,0,0,0,2.5,2.5,0,100,0,0,2.5
2014-05-15,2.5,0,0,0,0,0,0,2.5,2.5,2.5,2.5,2.5,2.5,2.5,2.5,2.5,2.5,2.5,2.5,2.5,2.5,2.5,0,0,0,0,2.5,2.5,0,100,0,0,2.5
2014-05-16,2.5,0,0,0,0,0,0,2.5,2.5,2.5,2.5,2.5,2.5,2.5,2.5,2.5,2.5,2.5,2.5,2.5,2.5,2.5,0,0,0,0,2.5,2.5,0,100,0,0,2.5
2014-05-19,2.5,0,0,0,0,0,0,2.5,2.5,2.5,2.5,2.5,2.5,2.5,2.5,2.5,2.5,2.5,2.5,2.5,2.5,2.5,0,0,0,0,2.5,2.5,0,100,0,0,2.5
2014-05-20,2.5,0,0,0,0,0,0,2.5,2.5,2.5,2.5,2.5,2.5,2.5,2.5,2.5,2.5,2.5,2.5,2.5,2.5,2.5,0,0,0,0,2.5,2.5,0,100,0,0,2.5
2014-05-21,2.5,0,0,0,0,0,0,2.5,2.5,2.5,2.5,2.5,2.5,2.5,2.5,2.5,2.5,2.5,2.5,2.5,2.5,2.5,0,0,0,0,2.5,2.5,0,100,0,0,2.5
2014-05-22,2.5,0,0,0,0,0,0,2.5,2.5,2.5,2.5,2.5,2.5,2.5,2.5,2.5,2.5,2.5,2.5,2.5,2.5,2.5,0,0,0,0,2.5,2.5,0,100,0,0,2.5
2014-05-23,2.5,0,0,0,0,0,0,2.5,2.5,2.5,2.5,2.5,2.5,2.5,2.5,2.5,2.5,2.5,2.5,2.5,2.5,2.5,0,0,0,0,2.5,2.5,0,100,0,0,2.5
2014-05-26,2.5,0,0,0,0,0,0,2.5,2.5,2.5,2.5,2.5,2.5,2.5,2.5,2.5,2.5,2.5,2.5,2.5,2.5,2.5,0,0,0,0,2.5,2.5,0,100,0,0,2.5
2014-05-27,2.5,0,0,0,0,0,0,2.5,2.5,2.5,2.5,2.5,2.5,2.5,2.5,2.5,2.5,2.5,2.5,2.5,2.5,2.5,0,0,0,0,2.5,2.5,0,100,0,0,2.5
2014-05-28,2.5,0,0,0,0,0,0,2.5,2.5,2.5,2.5,2.5,2.5,2.5,2.5,2.5,2.5,2.5,2.5,2.5,2.5,2.5,0,0,0,0,2.5,2.5,0,100,0,0,2.5
2014-05-29,2.5,0,0,0,0,0,0,2.5,2.5,2.5,2.5,2.5,2.5,2.5,2.5,2.5,2.5,2.5,2.5,2.5,2.5,2.5,0,0,0,0,2.5,2.5,0,100,0,0,2.5
2014-05-30,2.5,0,0,0,0,0,0,2.5,2.5,2.5,2.5,2.5,2.5,2.5,2.5,2.5,2.5,2.5,2.5,2.5,2.5,2.5,0,0,0,0,2.5,2.5,0,100,0,0,2.5
2014-06-02,2.5,0,0,0,0,0,0,2.5,2.5,2.5,2.5,2.5,2.5,2.5,2.5,2.5,2.5,2.5,2.5,2.5,2.5,2.5,0,0,0,0,2.5,2.5,0,100,0,0,2.5
2014-06-03,2.5,0,0,0,0,0,0,2.5,2.5,2.5,2.5,2.5,2.5,2.5,2.5,2.5,2.5,2.5,2.5,2.5,2.5,2.5,0,0,0,0,2.5,2.5,0,100,0,0,2.5
2014-06-04,2.5,0,0,0,0,0,0,2.5,2.5,2.5,2.5,2.5,2.5,2.5,2.5,2.5,2.5,2.5,2.5,2.5,2.5,2.5,0,0,0,0,2.5,2.5,0,100,0,0,2.5
2014-06-05,2.5,0,0,0,0,0,0,2.5,2.5,2.5,2.5,2.5,2.5,2.5,2.5,2.5,2.5,2.5,2.5,2.5,2.5,2.5,0,0,0,0,2.5,2.5,0,100,0,0,2.5
2014-06-06,2.5,0,0,0,0,0,0,2.5,2.5,2.5,2.5,2.5,2.5,2.5,2.5,2.5,2.5,2.5,2.5,2.5,2.5,2.5,0,0,0,0,2.5,2.5,0,100,0,0,2.5
2014-06-09,2.5,0,0,0,0,0,0,2.5,2.5,2.5,2.5,2.5,2.5,2.5,2.5,2.5,2.5,2.5,2.5,2.5,2.5,2.5,0,0,0,0,2.5,2.5,0,100,0,0,2.5
2014-06-10,2.5,0,0,0,0,0,0,2.5,2.5,2.5,2.5,2.5,2.5,2.5,2.5,2.5,2.5,2.5,2.5,2.5,2.5,2.5,0,0,0,0,2.5,2.5,0,100,0,0,2.5
2014-06-11,2.5,0,0,0,0,0,0,2.5,2.5,2.5,2.5,2.5,2.5,2.5,2.5,2.5,2.5,2.5,2.5,2.5,2.5,2.5,0,0,0,0,2.5,2.5,0,100,0,0,2.5
2014-06-12,2.5,0,0,0,0,0,0,2.5,2.5,2.5,2.5,2.5,2.5,2.5,2.5,2.5,2.5,2.5,2.5,2.5,2.5,2.5,0,0,0,0,2.5,2.5,0,100,0,0,2.5
2014-06-13,2.5,0,0,0,0,0,0,2.5,2.5,2.5,2.5,2.5,2.5,2.5,2.5,2.5,2.5,2.5,2.5,2.5,2.5,2.5,0,0,0,0,2.5,2.5,0,100,0,0,2.5
2014-06-16,2.5,0,0,0,0,0,0,2.5,2.5,2.5,2.5,2.5,2.5,2.5,2.5,2.5,2.5,2.5,2.5,2.5,2.5,2.5,0,0,0,0,2.5,2.5,0,100,0,0,2.5
2014-06-17,2.5,0,0,0,0,0,0,2.5,2.5,2.5,2.5,2.5,2.5,2.5,2.5,2.5,2.5,2.5,2.5,2.5,2.5,2.5,0,0,0,0,2.5,2.5,0,100,0,0,2.5
2014-06-18,2.5,0,0,0,0,0,0,2.5,2.5,2.5,2.5,2.5,2.5,2.5,2.5,2.5,2.5,2.5,2.5,2.5,2.5,2.5,0,0,0,0,2.5,2.5,0,100,0,0,2.5
2014-06-19,2.5,0,0,0,0,0,0,2.5,2.5,2.5,2.5,2.5,2.5,2.5,2.5,2.5,2.5,2.5,2.5,2.5,2.5,2.5,0,0,0,0,2.5,2.5,0,100,0,0,2.5
2014-06-20,2.5,0,0,0,0,0,0,2.5,2.5,2.5,2.5,2.5,2.5,2.5,2.5,2.5,2.5,2.5,2.5,2.5,2.5,2.5,0,0,0,0,2.5,2.5,0,100,0,0,2.5
2014-06-23,2.5,0,0,0,0,0,0,2.5,2.5,2.5,2.5,2.5,2.5,2.5,2.5,2.5,2.5,2.5,2.5,2.5,2.5,2.5,0,0,0,0,2.5,2.5,0,100,0,0,2.5
2014-06-24,2.5,0,0,0,0,0,0,2.5,2.5,2.5,2.5,2.5,2.5,2.5,2.5,2.5,2.5,2.5,2.5,2.5,2.5,2.5,0,0,0,0,2.5,2.5,0,100,0,0,2.5
2014-06-25,2.5,0,0,0,0,0,0,2.5,2.5,2.5,2.5,2.5,2.5,2.5,2.5,2.5,2.5,2.5,2.5,2.5,2.5,2.5,0,0,0,0,2.5,2.5,0,100,0,0,2.5
2014-06-26,2.5,0,0,0,0,0,0,2.5,2.5,2.5,2.5,2.5,2.5,2.5,2.5,2.5,2.5,2.5,2.5,2.5,2.5,2.5,0,0,0,0,2.5,2.5,0,100,0,0,2.5
2014-06-27,2.5,0,0,0,0,0,0,2.5,2.5,2.5,2.5,2.5,2.5,2.5,2.5,2.5,2.5,2.5,2.5,2.5,2.5,2.5,0,0,0,0,2.5,2.5,0,100,0,0,2.5
2014-06-30,2.5,0,0,0,0,0,0,2.5,2.5,2.5,2.5,2.5,2.5,2.5,2.5,2.5,2.5,2.5,2.5,2.5,2.5,2.5,0,0,0,0,2.5,2.5,0,100,0,0,2.5
2014-07-01,2.5,0,0,0,0,0,0,2.5,2.5,2.5,2.5,2.5,2.5,2.5,2.5,2.5,2.5,2.5,2.5,2.5,2.5,2.5,0,0,0,0,2.5,2.5,0,100,0,0,2.5
2014-07-02,2.5,0,0,0,0,0,0,2.5,2.5,2.5,2.5,2.5,2.5,2.5,2.5,2.5,2.5,2.5,2.5,2.5,2.5,2.5,0,0,0,0,2.5,2.5,0,100,0,0,2.5
2014-07-03,2.5,0,0,0,0,0,0,2.5,2.5,2.5,2.5,2.5,2.5,2.5,2.5,2.5,2.5,2.5,2.5,2.5,2.5,2.5,0,0,0,0,2.5,2.5,0,100,0,0,2.5
2014-07-04,2.5,0,0,0,0,0,0,2.5,2.5,2.5,2.5,2.5,2.5,2.5,2.5,2.5,2.5,2.5,2.5,2.5,2.5,2.5,0,0,0,0,2.5,2.5,0,100,0,0,2.5
2014-07-07,2.5,0,0,0,0,0,0,2.5,2.5,2.5,2.5,2.5,2.5,2.5,2.5,2.5,2.5,2.5,2.5,2.5,2.5,2.5,0,0,0,0,2.5,2.5,0,100,0,0,2.5
2014-07-08,2.5,0,0,0,0,0,0,2.5,2.5,2.5,2.5,2.5,2.5,2.5,2.5,2.5,2.5,2.5,2.5,2.5,2.5,2.5,0,0,0,0,2.5,2.5,0,100,0,0,2.5
2014-07-09,2.5,0,0,0,0,0,0,2.5,2.5,2.5,2.5,2.5,2.5,2.5,2.5,2.5,2.5,2.5,2.5,2.5,2.5,2.5,0,0,0,0,2.5,2.5,0,100,0,0,2.5
2014-07-10,2.5,0,0,0,0,0,0,2.5,2.5,2.5,2.5,2.5,2.5,2.5,2.5,2.5,2.5,2.5,2.5,2.5,2.5,2.5,0,0,0,0,2.5,2.5,0,100,0,0,2.5
2014-07-11,2.5,0,0,0,0,0,0,2.5,2.5,2.5,2.5,2.5,2.5,2.5,2.5,2.5,2.5,2.5,2.5,2.5,2.5,2.5,0,0,0,0,2.5,2.5,0,100,0,0,2.5
2014-07-14,2.5,0,0,0,0,0,0,2.5,2.5,2.5,2.5,2.5,2.5,2.5,2.5,2.5,2.5,2.5,2.5,2.5,2.5,2.5,0,0,0,0,2.5,2.5,0,100,0,0,2.5
2014-07-15,2.5,0,0,0,0,0,0,2.5,2.5,2.5,2.5,2.5,2.5,2.5,2.5,2.5,2.5,2.5,2.5,2.5,2.5,2.5,0,0,0,0,2.5,2.5,0,100,0,0,2.5
2014-07-16,2.5,0,0,0,0,0,0,2.5,2.5,2.5,2.5,2.5,2.5,2.5,2.5,2.5,2.5,2.5,2.5,2.5,2.5,2.5,0,0,0,0,2.5,2.5,0,100,0,0,2.5
2014-07-17,2.5,0,0,0,0,0,0,2.5,2.5,2.5,2.5,2.5,2.5,2.5,2.5,2.5,2.5,2.5,2.5,2.5,2.5,2.5,0,0,0,0,2.5,2.5,0,100,0,0,2.5
2014-07-18,2.5,0,0,0,0,0,0,2.5,2.5,2.5,2.5,2.5,2.5,2.5,2.5,2.5,2.5,2.5,2.5,2.5,2.5,2.5,0,0,0,0,2.5,2.5,0,100,0,0,2.5
2014-07-21,2.5,0,0,0,0,0,0,2.5,2.5,2.5,2.5,2.5,2.5,2.5,2.5,2.5,2.5,2.5,2.5,2.5,2.5,2.5,0,0,0,0,2.5,2.5,0,100,0,0,2.5
2014-07-22,2.5,0,0,0,0,0,0,2.5,2.5,2.5,2.5,2.5,2.5,2.5,2.5,2.5,2.5,2.5,2.5,2.5,2.5,2.5,0,0,0,0,2.5,2.5,0,100,0,0,2.5
2014-07-23,2.5,0,0,0,0,0,0,2.5,2.5,2.5,2.5,2.5,2.5,2.5,2.5,2.5,2.5,2.5,2.5,2.5,2.5,2.5,0,0,0,0,2.5,2.5,0,100,0,0,2.5
2014-07-24,2.5,0,0,0,0,0,0,2.5,2.5,2.5,2.5,2.5,2.5,2.5,2.5,2.5,2.5,2.5,2.5,2.5,2.5,2.5,0,0,0,0,2.5,2.5,0,100,0,0,2.5
2014-07-25,2.5,0,0,0,0,0,0,2.5,2.5,2.5,2.5,2.5,2.5,2.5,2.5,2.5,2.5,2.5,2.5,2.5,2.5,2.5,0,0,0,0,2.5,2.5,0,100,0,0,2.5
2014-07-28,2.5,0,0,0,0,0,0,2.5,2.5,2.5,2.5,2.5,2.5,2.5,2.5,2.5,2.5,2.5,2.5,2.5,2.5,2.5,0,0,0,0,2.5,2.5,0,100,0,0,2.5
2014-07-29,2.5,0,0,0,0,0,0,2.5,2.5,2.5,2.5,2.5,2.5,2.5,2.5,2.5,2.5,2.5,2.5,2.5,2.5,2.5,0,0,0,0,2.5,2.5,0,100,0,0,2.5
2014-07-30,2.5,0,0,0,0,0,0,2.5,2.5,2.5,2.5,2.5,2.5,2.5,2.5,2.5,2.5,2.5,2.5,2.5,2.5,2.5,0,0,0,0,2.5,2.5,0,100,0,0,2.5
2014-07-31,2.5,0,0,0,0,0,0,2.5,2.5,2.5,2.5,2.5,2.5,2.5,2.5,2.5,2.5,2.5,2.5,2.5,2.5,2.5,0,0,0,0,2.5,2.5,0,100,0,0,2.5
2014-08-01,2.5,0,0,0,0,0,0,2.5,2.5,2.5,2.5,2.5,2.5,2.5,2.5,2.5,2.5,2.5,2.5,2.5,2.5,2.5,0,0,0,0,2.5,2.5,0,100,0,0,2.5
2014-08-04,2.5,0,0,0,0,0,0,2.5,2.5,2.5,2.5,2.5,2.5,2.5,2.5,2.5,2.5,2.5,2.5,2.5,2.5,2.5,0,0,0,0,2.5,2.5,0,100,0,0,2.5
2014-08-05,2.5,0,0,0,0,0,0,2.5,2.5,2.5,2.5,2.5,2.5,2.5,2.5,2.5,2.5,2.5,2.5,2.5,2.5,2.5,0,0,0,0,2.5,2.5,0,100,0,0,2.5
2014-08-06,2.5,0,0,0,0,0,0,2.5,2.5,2.5,2.5,2.5,2.5,2.5,2.5,2.5,2.5,2.5,2.5,2.5,2.5,2.5,0,0,0,0,2.5,2.5,0,100,0,0,2.5
2014-08-07,2.5,0,0,0,0,0,0,2.5,2.5,2.5,2.5,2.5,2.5,2.5,2.5,2.5,2.5,2.5,2.5,2.5,2.5,2.5,0,0,0,0,2.5,2.5,0,100,0,0,2.5
2014-08-08,2.5,0,0,0,0,0,0,2.5,2.5,2.5,2.5,2.5,2.5,2.5,2.5,2.5,2.5,2.5,2.5,2.5,2.5,2.5,0,0,0,0,2.5,2.5,0,100,0,0,2.5
2014-08-11,2.5,0,0,0,0,0,0,2.5,2.5,2.5,2.5,2.5,2.5,2.5,2.5,2.5,2.5,2.5,2.5,2.5,2.5,2.5,0,0,0,0,2.5,2.5,0,100,0,0,2.5
2014-08-12,2.5,0,0,0,0,0,0,2.5,2.5,2.5,2.5,2.5,2.5,2.5,2.5,2.5,2.5,2.5,2.5,2.5,2.5,2.5,0,0,0,0,2.5,2.5,0,100,0,0,2.5
2014-08-13,2.5,0,0,0,0,0,0,2.5,2.5,2.5,2.5,2.5,2.5,2.5,2.5,2.5,2.5,2.5,2.5,2.5,2.5,2.5,0,0,0,0,2.5,2.5,0,100,0,0,2.5
2014-08-14,2.25,-10,-10,-10,-10,-10,-10,2.5,2.25,2.45,2.5,2.25,2.49,2.5,2.25,2.5,2.5,2.25,2.5,2.5,2.25,2.5,0,-0.011217949,-0.001246439,-0.00997151,2.599303399,2.375696601,0,99.51243905,0.372505675,0.08989218,2.25
2014-08-15,2.25,0,-10,-10,-10,-10,-10,2.5,2.25,2.4,2.5,2.25,2.48,2.5,2.25,2.49,2.5,2.25,2.5,2.5,2.25,2.5,0,-0.022435897,-0.003739316,-0.018696581,2.628896753,2.321103247,0,99.03713893,0.372505675,0.124361012,2.25
2014-08-18,2.25,0,-10,-10,-10,-10,-10,2.5,2.25,2.35,2.5,2.25,2.46,2.5,2.25,2.49,2.5,2.25,2.49,2.5,2.25,2.5,0,-0.033653846,-0.007478632,-0.026175214,2.645673774,2.279326226,0,98.57393045,0.372505675,0.148770578,2.25
2014-08-19,2.25,0,-10,-10,-10,-10,-10,2.5,2.25,2.3,2.5,2.25,2.45,2.5,2.25,2.48,2.5,2.25,2.49,2.5,2.25,2.5,0,-0.044871795,-0.012464387,-0.032407407,2.65519567,2.24480433,0,98.12265332,0.372505675,0.16750667,2.25
2014-08-20,2.25,0,-10,-10,-10,-10,-10,2.25,2.25,2.25,2.5,2.25,2.44,2.5,2.25,2.48,2.5,2.25,2.49,2.5,2.25,2.5,0,-0.056089744,-0.018696581,-0.037393162,2.659630829,2.215369171,0,97.68315592,0.372505675,0.182261193,2.25
2014-08-21,2.25,0,0,-10,-10,-10,-10,2.25,2.25,2.25,2.5,2.25,2.43,2.5,2.25,2.48,2.5,2.25,2.49,2.5,2.25,2.49,0,-0.067307692,-0.026175214,-0.041132479,2.660081173,2.189918827,0,97.25529515,0.372505675,0.19388138,2.25
2014-08-22,2.25,0,0,-10,-10,-10,-10,2.25,2.25,2.25,2.5,2.25,2.41,2.5,2.25,2.47,2.5,2.25,2.49,2.5,2.25,2.49,0,-0.078525641,-0.034900285,-0.043625356,2.657180242,2.167819758,0,96.83893628,0.372505675,0.202843724,2.25
2014-08-25,2.25,0,0,-10,-10,-10,-10,2.25,2.25,2.25,2.5,2.25,2.4,2.5,2.25,2.47,2.5,2.25,2.48,2.5,2.25,2.49,0,-0.08974359,-0.044871795,-0.044871795,2.651312345,2.148687655,0,96.43395279,0.372505675,0.209426954,2.25
2014-08-26,2.25,0,0,-10,-10,-10,-10,2.25,2.25,2.25,2.5,2.25,2.39,2.5,2.25,2.47,2.5,2.25,2.48,2.5,2.25,2.49,0,-0.100961538,-0.056089744,-0.044871795,2.642708893,2.132291107,0,96.04022627,0.372505675,0.213787554,2.25
2014-08-27,2.25,0,0,-10,-10,-10,-10,2.25,2.25,2.25,2.5,2.25,2.38,2.5,2.25,2.46,2.5,2.25,2.48,2.5,2.25,2.49,0,-0.112179487,-0.067307692,-0.044871795,2.631494588,2.118505412,0,95.65764632,0.372505675,0.215995443,2.25
2014-08-28,2.25,0,0,-10,-10,-10,-10,2.25,2.25,2.25,2.5,2.25,2.36,2.5,2.25,2.46,2.5,2.25,2.48,2.5,2.25,2.49,0,-0.123397436,-0.078525641,-0.044871795,2.617708893,2.107291107,0,95.28611041,0.372505675,0.216049856,2.25
2014-08-29,2.25,0,0,-10,-10,-10,-10,2.25,2.25,2.25,2.5,2.25,2.35,2.5,2.25,2.45,2.5,2.25,2.48,2.5,2.25,2.49,0,-0.134615385,-0.08974359,-0.044871795,2.601312345,2.098687655,0,94.92552386,0.372505675,0.213882847,2.25
2014-09-01,2.25,0,0,-10,-10,-10,-10,2.25,2.25,2.25,2.5,2.25,2.34,2.5,2.25,2.45,2.5,2.25,2.48,2.5,2.25,2.49,0,-0.125,-0.098646724,-0.026353276,2.582180242,2.092819758,0,94.57579972,0.372505675,0.209352079,2.25
2014-09-02,2.25,0,0,-10,-10,-10,-10,2.25,2.25,2.25,2.5,2.25,2.33,2.5,2.25,2.45,2.5,2.25,2.47,2.5,2.25,2.49,0,-0.115384615,-0.105235043,-0.010149573,2.560081173,2.089918827,0,94.23685877,0.372505675,0.202220364,2.25
2014-09-03,2.25,0,0,-10,-10,-10,-10,2.25,2.25,2.25,2.5,2.25,2.31,2.5,2.25,2.44,2.5,2.25,2.47,2.5,2.25,2.49,0,-0.105769231,-0.109508547,0.003739316,2.534630829,2.090369171,0,93.90862944,0.372505675,0.19211315,2.25
2014-09-04,2.25,0,0,-10,-10,-10,-10,2.25,2.25,2.25,2.5,2.25,2.3,2.5,2.25,2.44,2.5,2.25,2.47,2.5,2.25,2.48,0,-0.096153846,-0.111467236,0.01531339,2.50519567,2.09480433,0,93.59104781,0.372505675,0.178431018,2.25
2014-09-05,2.25,0,0,-10,-10,-10,-10,2.25,2.25,2.25,2.5,2.25,2.29,2.5,2.25,2.43,2.5,2.25,2.47,2.5,2.25,2.48,0,-0.086538462,-0.111111111,0.02457265,2.470673774,2.104326226,0,93.2840576,0.372505675,0.160151934,2.25
2014-09-08,2.25,0,0,-10,-10,-10,-10,2.25,2.25,2.25,2.5,2.25,2.28,2.5,2.25,2.43,2.5,2.25,2.47,2.5,2.25,2.48,0,-0.076923077,-0.108440171,0.031517094,2.428896753,2.121103247,0,92.98761017,0.372505675,0.135293849,2.25
2014-09-09,2.25,0,0,-10,-10,-10,-10,2.25,2.25,2.25,2.5,2.25,2.26,2.5,2.25,2.43,2.5,2.25,2.46,2.5,2.25,2.48,0,-0.067307692,-0.103454416,0.036146724,2.374303399,2.150696601,0,92.70166453,0.372505675,0.098831734,2.25
2014-09-10,2.25,0,0,-10,-10,-10,-10,2.25,2.25,2.25,2.25,2.25,2.25,2.5,2.25,2.42,2.5,2.25,2.46,2.5,2.25,2.48,0,-0.057692308,-0.096153846,0.038461538,2.25,2.25,0,92.42618742,0.372505675,0,2.25
2014-09-11,2.25,0,0,0,-10,-10,-10,2.25,2.25,2.25,2.25,2.25,2.25,2.5,2.25,2.42,2.5,2.25,2.46,2.5,2.25,2.48,0,-0.048076923,-0.086538462,0.038461538,2.25,2.25,0,92.65216832,0,0,2.25
2014-09-12,2.25,0,0,0,-10,-10,-10,2.25,2.25,2.25,2.25,2.25,2.25,2.5,2.25,2.42,2.5,2.25,2.46,2.5,2.25,2.48,0,-0.038461538,-0.076923077,0.038461538,2.25,2.25,0,92.86727718,0,0,2.25
2014-09-15,2.25,0,0,0,-10,-10,-10,2.25,2.25,2.25,2.25,2.25,2.25,2.5,2.25,2.41,2.5,2.25,2.46,2.5,2.25,2.48,0,-0.028846154,-0.067307692,0.038461538,2.25,2.25,0,93.07135471,0,0,2.25
2014-09-16,2.25,0,0,0,-10,-10,-10,2.25,2.25,2.25,2.25,2.25,2.25,2.5,2.25,2.41,2.5,2.25,2.45,2.5,2.25,2.48,0,-0.019230769,-0.057692308,0.038461538,2.25,2.25,0,93.2642487,0,0,2.25
2014-09-17,2.25,0,0,0,-10,-10,-10,2.25,2.25,2.25,2.25,2.25,2.25,2.5,2.25,2.4,2.5,2.25,2.45,2.5,2.25,2.48,0,-0.009615385,-0.048076923,0.038461538,2.25,2.25,0,93.44581441,0,0,2.25
2014-09-18,2.25,0,0,0,-10,-10,-10,2.25,2.25,2.25,2.25,2.25,2.25,2.5,2.25,2.4,2.5,2.25,2.45,2.5,2.25,2.48,0,0,-0.038461538,0.038461538,2.25,2.25,0,93.61591471,0,0,2.25
2014-09-19,2.25,0,0,0,-10,-10,-10,2.25,2.25,2.25,2.25,2.25,2.25,2.5,2.25,2.4,2.5,2.25,2.45,2.5,2.25,2.47,0,0,-0.02991453,0.02991453,2.25,2.25,0,93.77442042,0,0,2.25
2014-09-22,2.25,0,0,0,-10,-10,-10,2.25,2.25,2.25,2.25,2.25,2.25,2.5,2.25,2.39,2.5,2.25,2.45,2.5,2.25,2.47,0,0,-0.022435897,0.022435897,2.25,2.25,0,93.92121054,0,0,2.25
2014-09-23,2.25,0,0,0,-10,-10,-10,2.25,2.25,2.25,2.25,2.25,2.25,2.5,2.25,2.39,2.5,2.25,2.44,2.5,2.25,2.47,0,0,-0.016025641,0.016025641,2.25,2.25,0,94.05617244,0,0,2.25
2014-09-24,2.25,0,0,0,-10,-10,-10,2.25,2.25,2.25,2.25,2.25,2.25,2.5,2.25,2.38,2.5,2.25,2.44,2.5,2.25,2.47,0,0,-0.010683761,0.010683761,2.25,2.25,0,94.17920209,0,0,2.25
2014-09-25,2.25,0,0,0,-10,-10,-10,2.25,2.25,2.25,2.25,2.25,2.25,2.5,2.25,2.38,2.5,2.25,2.44,2.5,2.25,2.47,0,0,-0.006410256,0.006410256,2.25,2.25,0,94.2902043,0,0,2.25
2014-09-26,2.25,0,0,0,-10,-10,-10,2.25,2.25,2.25,2.25,2.25,2.25,2.5,2.25,2.38,2.5,2.25,2.44,2.5,2.25,2.47,0,0,-0.003205128,0.003205128,2.25,2.25,0,94.38909282,0,0,2.25
2014-09-29,2.25,0,0,0,-10,-10,-10,2.25,2.25,2.25,2.25,2.25,2.25,2.5,2.25,2.37,2.5,2.25,2.44,2.5,2.25,2.47,0,0,-0.001068376,0.001068376,2.25,2.25,0,94.47579058,0,0,2.25
2014-09-30,2.25,0,0,0,-10,-10,-10,2.25,2.25,2.25,2.25,2.25,2.25,2.5,2.25,2.37,2.5,2.25,2.43,2.5,2.25,2.47,0,0,0,0,2.25,2.25,0,94.55022981,0,0,2.25
2014-10-01,2.25,0,0,0,-10,-10,-10,2.25,2.25,2.25,2.25,2.25,2.25,2.5,2.25,2.37,2.5,2.25,2.43,2.5,2.25,2.47,0,0,0,0,2.25,2.25,0,94.61235217,0,0,2.25
2014-10-02,2.25,0,0,0,-10,-10,-10,2.25,2.25,2.25,2.25,2.25,2.25,2.5,2.25,2.36,2.5,2.25,2.43,2.5,2.25,2.47,0,0,0,0,2.25,2.25,0,94.66210886,0,0,2.25
2014-10-03,2.25,0,0,0,-10,-10,-10,2.25,2.25,2.25,2.25,2.25,2.25,2.5,2.25,2.36,2.5,2.25,2.43,2.5,2.25,2.46,0,0,0,0,2.25,2.25,0,94.69946074,0,0,2.25
2014-10-06,2.25,0,0,0,-10,-10,-10,2.25,2.25,2.25,2.25,2.25,2.25,2.5,2.25,2.35,2.5,2.25,2.43,2.5,2.25,2.46,0,0,0,0,2.25,2.25,0,94.72437837,0,0,2.25
2014-10-07,2.25,0,0,0,-10,-10,-10,2.25,2.25,2.25,2.25,2.25,2.25,2.5,2.25,2.35,2.5,2.25,2.43,2.5,2.25,2.46,0,0,0,0,2.25,2.25,0,94.73684211,0,0,2.25
2014-10-08,2.25,0,0,0,-10,-10,-10,2.25,2.25,2.25,2.25,2.25,2.25,2.5,2.25,2.35,2.5,2.25,2.42,2.5,2.25,2.46,0,0,0,0,2.25,2.25,0,94.73684211,0,0,2.25
2014-10-09,2.25,0,0,0,-10,-10,-10,2.25,2.25,2.25,2.25,2.25,2.25,2.5,2.25,2.34,2.5,2.25,2.42,2.5,2.25,2.46,0,0,0,0,2.25,2.25,0,94.73684211,0,0,2.25
2014-10-10,2.25,0,0,0,-10,-10,-10,2.25,2.25,2.25,2.25,2.25,2.25,2.5,2.25,2.34,2.5,2.25,2.42,2.5,2.25,2.46,0,0,0,0,2.25,2.25,0,94.73684211,0,0,2.25
2014-10-13,2.25,0,0,0,-10,-10,-10,2.25,2.25,2.25,2.25,2.25,2.25,2.5,2.25,2.33,2.5,2.25,2.42,2.5,2.25,2.46,0,0,0,0,2.25,2.25,0,94.73684211,0,0,2.25
2014-10-14,2.25,0,0,0,-10,-10,-10,2.25,2.25,2.25,2.25,2.25,2.25,2.5,2.25,2.33,2.5,2.25,2.42,2.5,2.25,2.46,0,0,0,0,2.25,2.25,0,94.73684211,0,0,2.25
2014-10-15,2,-11.11,-11.11,-11.11,-20,-20,-20,2.25,2,2.2,2.25,2,2.24,2.5,2,2.32,2.5,2,2.41,2.5,2,2.46,0,-0.011217949,-0.001246439,-0.00997151,2.349303399,2.125696601,0,94.22292407,0.416425916,0.099935999,2
2014-10-16,2,0,-11.11,-11.11,-20,-20,-20,2.25,2,2.15,2.25,2,2.23,2.5,2,2.32,2.5,2,2.41,2.5,2,2.45,0,-0.022435897,-0.003739316,-0.018696581,2.378896753,2.071103247,0,93.72120574,0.416425916,0.13833416,2
2014-10-17,2,0,-11.11,-11.11,-20,-20,-20,2.25,2,2.1,2.25,2,2.21,2.5,2,2.31,2.5,2,2.4,2.5,2,2.45,0,-0.033653846,-0.007478632,-0.026175214,2.395673774,2.029326226,0,93.23149855,0.416425916,0.165580813,2
2014-10-20,2,0,-11.11,-11.11,-20,-20,-20,2.25,2,2.05,2.25,2,2.2,2.5,2,2.3,2.5,2,2.4,2.5,2,2.45,0,-0.044871795,-0.012464387,-0.032407407,2.40519567,1.99480433,0,92.75362319,0.416425916,0.186541519,2
2014-10-21,2,0,-11.11,-11.11,-20,-20,-20,2,2,2,2.25,2,2.19,2.5,2,2.29,2.5,2,2.4,2.5,2,2.45,0,-0.056089744,-0.018696581,-0.037393162,2.409630829,1.965369171,0,92.28740936,0.416425916,0.203091044,2
2014-10-22,2,0,0,-11.11,-20,-20,-20,2,2,2,2.25,2,2.18,2.5,2,2.28,2.5,2,2.39,2.5,2,2.45,0,-0.067307692,-0.026175214,-0.041132479,2.410081173,1.939918827,0,91.83269561,0.416425916,0.216166596,2
2014-10-23,2,0,0,-11.11,-20,-20,-20,2,2,2,2.25,2,2.16,2.5,2,2.28,2.5,2,2.39,2.5,2,2.44,0,-0.078525641,-0.034900285,-0.043625356,2.407180242,1.917819758,0,91.38932911,0.416425916,0.226293866,2
2014-10-24,2,0,0,-11.11,-20,-20,-20,2,2,2,2.25,2,2.15,2.5,2,2.27,2.5,2,2.38,2.5,2,2.44,0,-0.08974359,-0.044871795,-0.044871795,2.401312345,1.898687655,0,90.95716552,0.416425916,0.233778926,2
2014-10-27,2,0,0,-11.11,-20,-20,-20,2,2,2,2.25,2,2.14,2.5,2,2.26,2.5,2,2.38,2.5,2,2.44,0,-0.100961538,-0.056089744,-0.044871795,2.392708893,1.882291107,0,90.53606883,0.416425916,0.238791946,2
2014-10-28,2,0,0,-11.11,-20,-20,-20,2,2,2,2.25,2,2.13,2.5,2,2.25,2.5,2,2.38,2.5,2,2.44,0,-0.112179487,-0.067307692,-0.044871795,2.381494588,1.868505412,0,90.1259112,0.416425916,0.241406671,2
2014-10-29,2,0,0,-11.11,-20,-20,-20,2,2,2,2.25,2,2.11,2.5,2,2.25,2.5,2,2.37,2.5,2,2.44,0,-0.123397436,-0.078525641,-0.044871795,2.367708893,1.857291107,0,89.72657287,0.416425916,0.241617887,2
2014-10-30,2,0,0,-11.11,-20,-20,-20,2,2,2,2.25,2,2.1,2.5,2,2.24,2.5,2,2.37,2.5,2,2.43,0,-0.134615385,-0.08974359,-0.044871795,2.351312345,1.848687655,0,89.33794204,0.416425916,0.23934509,2
2014-10-31,2,0,0,-11.11,-20,-20,-20,2,2,2,2.25,2,2.09,2.5,2,2.23,2.5,2,2.37,2.5,2,2.43,0,-0.125,-0.098646724,-0.026353276,2.332180242,1.842819758,0,88.95991477,0.416425916,0.234424184,2
2014-11-03,2,0,0,-11.11,-20,-20,-20,2,2,2,2.25,2,2.08,2.5,2,2.22,2.5,2,2.36,2.5,2,2.43,0,-0.115384615,-0.105235043,-0.010149573,2.310081173,1.839918827,0,88.59239493,0.416425916,0.226584263,2
2014-11-04,2,0,0,-11.11,-20,-20,-20,2,2,2,2.25,2,2.06,2.5,2,2.22,2.5,2,2.36,2.5,2,2.43,0,-0.105769231,-0.109508547,0.003739316,2.284630829,1.840369171,0,88.23529412,0.416425916,0.215399592,2
2014-11-05,2,0,0,-11.11,-20,-20,-20,2,2,2,2.25,2,2.05,2.5,2,2.21,2.5,2,2.35,2.5,2,2.43,0,-0.096153846,-0.111467236,0.01531339,2.25519567,1.84480433,0,87.88853162,0.416425916,0.200190898,2
2014-11-06,2,0,0,-11.11,-20,-20,-20,2,2,2,2.25,2,2.04,2.5,2,2.2,2.5,2,2.35,2.5,2,2.43,0,-0.086538462,-0.111111111,0.02457265,2.220673774,1.854326226,0,87.55203438,0.416425916,0.179802478,2
2014-11-07,2,0,0,-11.11,-20,-20,-20,2,2,2,2.25,2,2.03,2.5,2,2.19,2.5,2,2.35,2.5,2,2.42,0,-0.076923077,-0.108440171,0.031517094,2.178896753,1.871103247,0,87.22573698,0.416425916,0.151996793,2
2014-11-10,2,0,0,-11.11,-20,-20,-20,2,2,2,2.25,2,2.01,2.5,2,2.18,2.5,2,2.34,2.5,2,2.42,0,-0.067307692,-0.103454416,0.036146724,2.124303399,1.900696601,0,86.90958165,0.416425916,0.111108968,2
2014-11-11,2,0,0,-11.11,-20,-20,-20,2,2,2,2,2,2,2.5,2,2.18,2.5,2,2.34,2.5,2,2.42,0,-0.057692308,-0.096153846,0.038461538,2,2,0,86.60351827,0.416425916,0,2
2014-11-12,2,0,0,0,-20,-20,-20,2,2,2,2,2,2,2.25,2,2.17,2.5,2,2.33,2.5,2,2.42,0,-0.048076923,-0.086538462,0.038461538,2,2,0,87.06298463,0,0,2
2014-11-13,2,0,0,0,-11.11,-20,-20,2,2,2,2,2,2,2.25,2,2.17,2.5,2,2.33,2.5,2,2.42,0,-0.038461538,-0.076923077,0.038461538,2,2,0,87.51538356,0,0,2
2014-11-14,2,0,0,0,-11.11,-20,-20,2,2,2,2,2,2,2.25,2,2.16,2.5,2,2.33,2.5,2,2.41,0,-0.028846154,-0.067307692,0.038461538,2,2,0,87.96041781,0,0,2
2014-11-17,2,0,0,0,-11.11,-20,-20,2,2,2,2,2,2,2.25,2,2.16,2.5,2,2.32,2.5,2,2.41,0,-0.019230769,-0.057692308,0.038461538,2,2,0,88.39779006,0,0,2
2014-11-18,2,0,0,0,-11.11,-20,-20,2,2,2,2,2,2,2.25,2,2.15,2.5,2,2.32,2.5,2,2.41,0,-0.009615385,-0.048076923,0.038461538,2,2,0,88.82720333,0,0,2
2014-11-19,2,0,0,0,-11.11,-20,-20,2,2,2,2,2,2,2.25,2,2.15,2.5,2,2.32,2.5,2,2.41,0,0,-0.038461538,0.038461538,2,2,0,89.24836146,0,0,2
2014-11-20,2,0,0,0,-11.11,-20,-20,2,2,2,2,2,2,2.25,2,2.15,2.5,2,2.31,2.5,2,2.41,0,0,-0.02991453,0.02991453,2,2,0,89.66096946,0,0,2
2014-11-21,2,0,0,0,-11.11,-20,-20,2,2,2,2,2,2,2.25,2,2.14,2.5,2,2.31,2.5,2,2.4,0,0,-0.022435897,0.022435897,2,2,0,90.06473403,0,0,2
2014-11-24,2,0,0,0,-11.11,-20,-20,2,2,2,2,2,2,2.25,2,2.14,2.5,2,2.3,2.5,2,2.4,0,0,-0.016025641,0.016025641,2,2,0,90.45936396,0,0,2
2014-11-25,2,0,0,0,-11.11,-20,-20,2,2,2,2,2,2,2.25,2,2.13,2.5,2,2.3,2.5,2,2.4,0,0,-0.010683761,0.010683761,2,2,0,90.84457062,0,0,2
2014-11-26,2,0,0,0,-11.11,-20,-20,2,2,2,2,2,2,2.25,2,2.13,2.5,2,2.3,2.5,2,2.4,0,0,-0.006410256,0.006410256,2,2,0,91.22006842,0,0,2
2014-11-27,2,0,0,0,-11.11,-20,-20,2,2,2,2,2,2,2.25,2,2.13,2.5,2,2.29,2.5,2,2.4,0,0,-0.003205128,0.003205128,2,2,0,91.58557527,0,0,2
2014-11-28,2,0,0,0,-11.11,-20,-20,2,2,2,2,2,2,2.25,2,2.12,2.5,2,2.29,2.5,2,2.39,0,0,-0.001068376,0.001068376,2,2,0,91.9408131,0,0,2
2014-12-01,2,0,0,0,-11.11,-20,-20,2,2,2,2,2,2,2.25,2,2.12,2.5,2,2.28,2.5,2,2.39,0,0,0,0,2,2,0,92.28550829,0,0,2
2014-12-02,2,0,0,0,-11.11,-20,-20,2,2,2,2,2,2,2.25,2,2.12,2.5,2,2.28,2.5,2,2.39,0,0,0,0,2,2,0,92.61939219,0,0,2
2014-12-03,2,0,0,0,-11.11,-20,-20,2,2,2,2,2,2,2.25,2,2.11,2.5,2,2.28,2.5,2,2.39,0,0,0,0,2,2,0,92.94220157,0,0,2
2014-12-04,2,0,0,0,-11.11,-20,-20,2,2,2,2,2,2,2.25,2,2.11,2.5,2,2.27,2.5,2,2.39,0,0,0,0,2,2,0,93.25367915,0,0,2
2014-12-05,2,0,0,0,-11.11,-20,-20,2,2,2,2,2,2,2.25,2,2.1,2.5,2,2.27,2.5,2,2.38,0,0,0,0,2,2,0,93.55357404,0,0,2
2014-12-08,2,0,0,0,-11.11,-20,-20,2,2,2,2,2,2,2.25,2,2.1,2.5,2,2.27,2.5,2,2.38,0,0,0,0,2,2,0,93.84164223,0,0,2
2014-12-09,2,0,0,0,-11.11,-20,-20,2,2,2,2,2,2,2.25,2,2.1,2.5,2,2.26,2.5,2,2.38,0,0,0,0,2,2,0,94.11764706,0,0,2
2014-12-10,2,0,0,0,-11.11,-20,-20,2,2,2,2,2,2,2.25,2,2.09,2.5,2,2.26,2.5,2,2.38,0,0,0,0,2,2,0,94.11764706,0,0,2
2014-12-11,2,0,0,0,-11.11,-20,-20,2,2,2,2,2,2,2.25,2,2.09,2.5,2,2.25,2.5,2,2.38,0,0,0,0,2,2,0,94.11764706,0,0,2
2014-12-12,2,0,0,0,-11.11,-20,-20,2,2,2,2,2,2,2.25,2,2.08,2.5,2,2.25,2.5,2,2.38,0,0,0,0,2,2,0,94.11764706,0,0,2
2014-12-15,2,0,0,0,-11.11,-20,-20,2,2,2,2,2,2,2.25,2,2.08,2.5,2,2.25,2.5,2,2.37,0,0,0,0,2,2,0,94.11764706,0,0,2
2014-12-16,2,0,0,0,-11.11,-20,-20,2,2,2,2,2,2,2.25,2,2.08,2.5,2,2.24,2.5,2,2.37,0,0,0,0,2,2,0,94.11764706,0,0,2
2014-12-17,2,0,0,0,-11.11,-20,-20,2,2,2,2,2,2,2.25,2,2.07,2.5,2,2.24,2.5,2,2.37,0,0,0,0,2,2,0,94.11764706,0,0,2
2014-12-18,2,0,0,0,-11.11,-20,-20,2,2,2,2,2,2,2.25,2,2.07,2.5,2,2.23,2.5,2,2.37,0,0,0,0,2,2,0,94.11764706,0,0,2
2014-12-19,2,0,0,0,-11.11,-20,-20,2,2,2,2,2,2,2.25,2,2.07,2.5,2,2.23,2.5,2,2.37,0,0,0,0,2,2,0,94.11764706,0,0,2
2014-12-22,2,0,0,0,-11.11,-20,-20,2,2,2,2,2,2,2.25,2,2.06,2.5,2,2.23,2.5,2,2.36,0,0,0,0,2,2,0,94.11764706,0,0,2
2014-12-23,2,0,0,0,-11.11,-20,-20,2,2,2,2,2,2,2.25,2,2.06,2.5,2,2.22,2.5,2,2.36,0,0,0,0,2,2,0,94.11764706,0,0,2
2014-12-24,2,0,0,0,-11.11,-20,-20,2,2,2,2,2,2,2.25,2,2.05,2.5,2,2.22,2.5,2,2.36,0,0,0,0,2,2,0,94.11764706,0,0,2
2014-12-25,2,0,0,0,-11.11,-20,-20,2,2,2,2,2,2,2.25,2,2.05,2.5,2,2.22,2.5,2,2.36,0,0,0,0,2,2,0,94.11764706,0,0,2
2014-12-26,2,0,0,0,-11.11,-20,-20,2,2,2,2,2,2,2.25,2,2.05,2.5,2,2.21,2.5,2,2.36,0,0,0,0,2,2,0,94.11764706,0,0,2
2014-12-29,2,0,0,0,-11.11,-20,-20,2,2,2,2,2,2,2.25,2,2.04,2.5,2,2.21,2.5,2,2.35,0,0,0,0,2,2,0,94.11764706,0,0,2
2014-12-30,2,0,0,0,-11.11,-20,-20,2,2,2,2,2,2,2.25,2,2.04,2.5,2,2.2,2.5,2,2.35,0,0,0,0,2,2,0,94.11764706,0,0,2
2014-12-31,2,0,0,0,-11.11,-20,-20,2,2,2,2,2,2,2.25,2,2.03,2.5,2,2.2,2.5,2,2.35,0,0,0,0,2,2,0,94.11764706,0,0,2
2015-01-01,2,0,0,0,-11.11,-20,-20,2,2,2,2,2,2,2.25,2,2.03,2.5,2,2.2,2.5,2,2.35,0,0,0,0,2,2,0,94.11764706,0,0,2
2015-01-02,2,0,0,0,-11.11,-20,-20,2,2,2,2,2,2,2.25,2,2.03,2.5,2,2.19,2.5,2,2.35,0,0,0,0,2,2,0,94.11764706,0,0,2
2015-01-05,2,0,0,0,-11.11,-20,-20,2,2,2,2,2,2,2.25,2,2.02,2.5,2,2.19,2.5,2,2.34,0,0,0,0,2,2,0,94.11764706,0,0,2
2015-01-06,2,0,0,0,-11.11,-20,-20,2,2,2,2,2,2,2.25,2,2.02,2.5,2,2.18,2.5,2,2.34,0,0,0,0,2,2,0,94.11764706,0,0,2
2015-01-07,2,0,0,0,-11.11,-20,-20,2,2,2,2,2,2,2.25,2,2.02,2.5,2,2.18,2.5,2,2.34,0,0,0,0,2,2,0,94.11764706,0,0,2
2015-01-08,2,0,0,0,-11.11,-20,-20,2,2,2,2,2,2,2.25,2,2.01,2.5,2,2.18,2.5,2,2.34,0,0,0,0,2,2,0,94.11764706,0,0,2
2015-01-09,2,0,0,0,-11.11,-20,-20,2,2,2,2,2,2,2.25,2,2.01,2.5,2,2.17,2.5,2,2.34,0,0,0,0,2,2,0,94.11764706,0,0,2
2015-01-12,2,0,0,0,-11.11,-20,-20,2,2,2,2,2,2,2.25,2,2,2.5,2,2.17,2.5,2,2.33,0,0,0,0,2,2,0,94.11764706,0,0,2
2015-01-13,2,0,0,0,-11.11,-20,-20,2,2,2,2,2,2,2,2,2,2.5,2,2.17,2.5,2,2.33,0,0,0,0,2,2,0,94.39528024,0,0,2
2015-01-14,2,0,0,0,0,-20,-20,2,2,2,2,2,2,2,2,2,2.5,2,2.16,2.5,2,2.33,0,0,0,0,2,2,0,94.67455621,0,0,2
2015-01-15,2,0,0,0,0,-20,-20,2,2,2,2,2,2,2,2,2,2.5,2,2.16,2.5,2,2.33,0,0,0,0,2,2,0,94.95548961,0,0,2
2015-01-16,2,0,0,0,0,-20,-20,2,2,2,2,2,2,2,2,2,2.5,2,2.15,2.5,2,2.33,0,0,0,0,2,2,0,95.23809524,0,0,2
2015-01-19,2,0,0,0,0,-20,-20,2,2,2,2,2,2,2,2,2,2.5,2,2.15,2.5,2,2.33,0,0,0,0,2,2,0,95.52238806,0,0,2
2015-01-20,2,0,0,0,0,-20,-20,2,2,2,2,2,2,2,2,2,2.5,2,2.15,2.5,2,2.32,0,0,0,0,2,2,0,95.80838323,0,0,2
2015-01-21,2,0,0,0,0,-20,-20,2,2,2,2,2,2,2,2,2,2.5,2,2.14,2.5,2,2.32,0,0,0,0,2,2,0,96.0960961,0,0,2
2015-01-22,2,0,0,0,0,-20,-20,2,2,2,2,2,2,2,2,2,2.5,2,2.14,2.5,2,2.32,0,0,0,0,2,2,0,96.38554217,0,0,2
2015-01-23,2,0,0,0,0,-20,-20,2,2,2,2,2,2,2,2,2,2.5,2,2.13,2.5,2,2.32,0,0,0,0,2,2,0,96.67673716,0,0,2
2015-01-26,2,0,0,0,0,-20,-20,2,2,2,2,2,2,2,2,2,2.5,2,2.13,2.5,2,2.32,0,0,0,0,2,2,0,96.96969697,0,0,2
2015-01-27,2,0,0,0,0,-20,-20,2,2,2,2,2,2,2,2,2,2.5,2,2.13,2.5,2,2.31,0,0,0,0,2,2,0,97.26443769,0,0,2
2015-01-28,2,0,0,0,0,-20,-20,2,2,2,2,2,2,2,2,2,2.5,2,2.12,2.5,2,2.31,0,0,0,0,2,2,0,97.56097561,0,0,2
2015-01-29,2,0,0,0,0,-20,-20,2,2,2,2,2,2,2,2,2,2.5,2,2.12,2.5,2,2.31,0,0,0,0,2,2,0,97.85932722,0,0,2
2015-01-30,2,0,0,0,0,-20,-20,2,2,2,2,2,2,2,2,2,2.5,2,2.12,2.5,2,2.31,0,0,0,0,2,2,0,98.1595092,0,0,2
2015-02-02,2,0,0,0,0,-20,-20,2,2,2,2,2,2,2,2,2,2.5,2,2.11,2.5,2,2.31,0,0,0,0,2,2,0,98.46153846,0,0,2
2015-02-03,2,0,0,0,0,-20,-20,2,2,2,2,2,2,2,2,2,2.5,2,2.11,2.5,2,2.3,0,0,0,0,2,2,0,98.7654321,0,0,2
2015-02-04,2,0,0,0,0,-20,-20,2,2,2,2,2,2,2,2,2,2.5,2,2.1,2.5,2,2.3,0,0,0,0,2,2,0,99.07120743,0,0,2
2015-02-05,2,0,0,0,0,-20,-20,2,2,2,2,2,2,2,2,2,2.5,2,2.1,2.5,2,2.3,0,0,0,0,2,2,0,99.37888199,0,0,2
2015-02-06,2,0,0,0,0,-20,-20,2,2,2,2,2,2,2,2,2,2.5,2,2.1,2.5,2,2.3,0,0,0,0,2,2,0,99.68847352,0,0,2
2015-02-09,2,0,0,0,0,-20,-20,2,2,2,2,2,2,2,2,2,2.5,2,2.09,2.5,2,2.3,0,0,0,0,2,2,0,100,0,0,2
2015-02-10,2,0,0,0,0,-20,-20,2,2,2,2,2,2,2,2,2,2.5,2,2.09,2.5,2,2.29,0,0,0,0,2,2,0,100,0,0,2
2015-02-11,2,0,0,0,0,-20,-20,2,2,2,2,2,2,2,2,2,2.25,2,2.08,2.5,2,2.29,0,0,0,0,2,2,0,100,0,0,2
2015-02-12,2,0,0,0,0,-11.11,-20,2,2,2,2,2,2,2,2,2,2.25,2,2.08,2.5,2,2.29,0,0,0,0,2,2,0,100,0,0,2
2015-02-13,2,0,0,0,0,-11.11,-20,2,2,2,2,2,2,2,2,2,2.25,2,2.08,2.5,2,2.29,0,0,0,0,2,2,0,100,0,0,2
2015-02-16,2,0,0,0,0,-11.11,-20,2,2,2,2,2,2,2,2,2,2.25,2,2.08,2.5,2,2.29,0,0,0,0,2,2,0,100,0,0,2
2015-02-17,2,0,0,0,0,-11.11,-20,2,2,2,2,2,2,2,2,2,2.25,2,2.08,2.5,2,2.28,0,0,0,0,2,2,0,100,0,0,2
2015-02-18,2,0,0,0,0,-11.11,-20,2,2,2,2,2,2,2,2,2,2.25,2,2.08,2.5,2,2.28,0,0,0,0,2,2,0,100,0,0,2
2015-02-19,2,0,0,0,0,-11.11,-20,2,2,2,2,2,2,2,2,2,2.25,2,2.07,2.5,2,2.28,0,0,0,0,2,2,0,100,0,0,2
2015-02-20,2,0,0,0,0,-11.11,-20,2,2,2,2,2,2,2,2,2,2.25,2,2.07,2.5,2,2.28,0,0,0,0,2,2,0,100,0,0,2
2015-02-23,2,0,0,0,0,-11.11,-20,2,2,2,2,2,2,2,2,2,2.25,2,2.07,2.5,2,2.28,0,0,0,0,2,2,0,100,0,0,2
2015-02-24,2,0,0,0,0,-11.11,-20,2,2,2,2,2,2,2,2,2,2.25,2,2.07,2.5,2,2.28,0,0,0,0,2,2,0,100,0,0,2
2015-02-25,2,0,0,0,0,-11.11,-20,2,2,2,2,2,2,2,2,2,2.25,2,2.07,2.5,2,2.27,0,0,0,0,2,2,0,100,0,0,2
2015-02-26,2,0,0,0,0,-11.11,-20,2,2,2,2,2,2,2,2,2,2.25,2,2.06,2.5,2,2.27,0,0,0,0,2,2,0,100,0,0,2
2015-02-27,2,0,0,0,0,-11.11,-20,2,2,2,2,2,2,2,2,2,2.25,2,2.06,2.5,2,2.27,0,0,0,0,2,2,0,100,0,0,2
2015-03-02,2,0,0,0,0,-11.11,-20,2,2,2,2,2,2,2,2,2,2.25,2,2.06,2.5,2,2.27,0,0,0,0,2,2,0,100,0,0,2
2015-03-03,2,0,0,0,0,-11.11,-20,2,2,2,2,2,2,2,2,2,2.25,2,2.06,2.5,2,2.27,0,0,0,0,2,2,0,100,0,0,2
2015-03-04,2,0,0,0,0,-11.11,-20,2,2,2,2,2,2,2,2,2,2.25,2,2.06,2.5,2,2.26,0,0,0,0,2,2,0,100,0,0,2
2015-03-05,2,0,0,0,0,-11.11,-20,2,2,2,2,2,2,2,2,2,2.25,2,2.05,2.5,2,2.26,0,0,0,0,2,2,0,100,0,0,2
2015-03-06,2,0,0,0,0,-11.11,-20,2,2,2,2,2,2,2,2,2,2.25,2,2.05,2.5,2,2.26,0,0,0,0,2,2,0,100,0,0,2
2015-03-09,2,0,0,0,0,-11.11,-20,2,2,2,2,2,2,2,2,2,2.25,2,2.05,2.5,2,2.26,0,0,0,0,2,2,0,100,0,0,2
2015-03-10,2,0,0,0,0,-11.11,-20,2,2,2,2,2,2,2,2,2,2.25,2,2.05,2.5,2,2.26,0,0,0,0,2,2,0,100,0,0,2
2015-03-11,2,0,0,0,0,-11.11,-20,2,2,2,2,2,2,2,2,2,2.25,2,2.05,2.5,2,2.25,0,0,0,0,2,2,0,100,0,0,2
2015-03-12,1.75,-12.5,-12.5,-12.5,-12.5,-22.22,-30,2,1.75,1.95,2,1.75,1.99,2,1.75,2,2.25,1.75,2.04,2.5,1.75,2.25,0,-0.011217949,-0.001246439,-0.00997151,2.099303399,1.875696601,0,99.39052977,0.472104766,0.112506565,1.75
2015-03-13,1.75,0,-12.5,-12.5,-12.5,-22.22,-30,2,1.75,1.9,2,1.75,1.98,2,1.75,1.99,2.25,1.75,2.04,2.5,1.75,2.25,0,-0.022435897,-0.003739316,-0.018696581,2.128896753,1.821103247,0,98.79631077,0.472104766,0.155844813,1.75
2015-03-16,1.75,0,-12.5,-12.5,-12.5,-22.22,-30,2,1.75,1.85,2,1.75,1.96,2,1.75,1.99,2.25,1.75,2.03,2.5,1.75,2.25,0,-0.033653846,-0.007478632,-0.026175214,2.145673774,1.779326226,0,98.21707851,0.472104766,0.18667391,1.75
2015-03-17,1.75,0,-12.5,-12.5,-12.5,-22.22,-30,2,1.75,1.8,2,1.75,1.95,2,1.75,1.98,2.25,1.75,2.03,2.5,1.75,2.24,0,-0.044871795,-0.012464387,-0.032407407,2.15519567,1.74480433,0,97.65258216,0.472104766,0.210457098,1.75
2015-03-18,1.75,0,-12.5,-12.5,-12.5,-22.22,-30,1.75,1.75,1.75,2,1.75,1.94,2,1.75,1.98,2.25,1.75,2.03,2.5,1.75,2.24,0,-0.056089744,-0.018696581,-0.037393162,2.159630829,1.715369171,0,97.10258418,0.472104766,0.22929634,1.75
2015-03-19,1.75,0,0,-12.5,-12.5,-22.22,-30,1.75,1.75,1.75,2,1.75,1.93,2,1.75,1.98,2.25,1.75,2.02,2.5,1.75,2.24,0,-0.067307692,-0.026175214,-0.041132479,2.160081173,1.689918827,0,96.56686001,0.472104766,0.24424018,1.75
2015-03-20,1.75,0,0,-12.5,-12.5,-22.22,-30,1.75,1.75,1.75,2,1.75,1.91,2,1.75,1.97,2.25,1.75,2.02,2.5,1.75,2.23,0,-0.078525641,-0.034900285,-0.043625356,2.157180242,1.667819758,0,96.04519774,0.472104766,0.255874763,1.75
2015-03-23,1.75,0,0,-12.5,-12.5,-22.22,-30,1.75,1.75,1.75,2,1.75,1.9,2,1.75,1.97,2.25,1.75,2.02,2.5,1.75,2.23,0,-0.08974359,-0.044871795,-0.044871795,2.151312345,1.648687655,0,95.53739786,0.472104766,0.264539311,1.75
2015-03-24,1.75,0,0,-12.5,-12.5,-22.22,-30,1.75,1.75,1.75,2,1.75,1.89,2,1.75,1.97,2.25,1.75,2.01,2.5,1.75,2.23,0,-0.100961538,-0.056089744,-0.044871795,2.142708893,1.632291107,0,95.04327301,0.472104766,0.270420019,1.75
2015-03-25,1.75,0,0,-12.5,-12.5,-22.22,-30,1.75,1.75,1.75,2,1.75,1.88,2,1.75,1.96,2.25,1.75,2.01,2.5,1.75,2.23,0,-0.112179487,-0.067307692,-0.044871795,2.131494588,1.618505412,0,94.56264775,0.472104766,0.273594227,1.75
2015-03-26,1.75,0,0,-12.5,-12.5,-22.22,-30,1.75,1.75,1.75,2,1.75,1.86,2,1.75,1.96,2.25,1.75,2,2.5,1.75,2.22,0,-0.123397436,-0.078525641,-0.044871795,2.117708893,1.607291107,0,94.09535838,0.472104766,0.274049818,1.75
2015-03-27,1.75,0,0,-12.5,-12.5,-22.22,-30,1.75,1.75,1.75,2,1.75,1.85,2,1.75,1.95,2.25,1.75,2,2.5,1.75,2.22,0,-0.134615385,-0.08974359,-0.044871795,2.101312345,1.598687655,0,93.64125277,0.472104766,0.271689022,1.75
2015-03-30,1.75,0,0,-12.5,-12.5,-22.22,-30,1.75,1.75,1.75,2,1.75,1.84,2,1.75,1.95,2.25,1.75,2,2.5,1.75,2.22,0,-0.125,-0.098646724,-0.026353276,2.082180242,1.592819758,0,93.2001902,0.472104766,0.266318631,1.75
2015-03-31,1.75,0,0,-12.5,-12.5,-22.22,-30,1.75,1.75,1.75,2,1.75,1.83,2,1.75,1.95,2.25,1.75,1.99,2.5,1.75,2.21,0,-0.115384615,-0.105235043,-0.010149573,2.060081173,1.589918827,0,92.7720413,0.472104766,0.257623203,1.75
2015-04-01,1.75,0,0,-12.5,-12.5,-22.22,-30,1.75,1.75,1.75,2,1.75,1.81,2,1.75,1.94,2.25,1.75,1.99,2.5,1.75,2.21,0,-0.105769231,-0.109508547,0.003739316,2.034630829,1.590369171,0,92.3566879,0.472104766,0.24510988,1.75
2015-04-02,1.75,0,0,-12.5,-12.5,-22.22,-30,1.75,1.75,1.75,2,1.75,1.8,2,1.75,1.94,2.25,1.75,1.98,2.5,1.75,2.21,0,-0.096153846,-0.111467236,0.01531339,2.00519567,1.59480433,0,91.95402299,0.472104766,0.227995189,1.75
2015-04-03,1.75,0,0,-12.5,-12.5,-22.22,-30,1.75,1.75,1.75,2,1.75,1.79,2,1.75,1.93,2.25,1.75,1.98,2.5,1.75,2.2,0,-0.086538462,-0.111111111,0.02457265,1.970673774,1.604326226,0,91.5639507,0.472104766,0.204949678,1.75
2015-04-06,1.75,0,0,-12.5,-12.5,-22.22,-30,1.75,1.75,1.75,2,1.75,1.78,2,1.75,1.93,2.25,1.75,1.98,2.5,1.75,2.2,0,-0.076923077,-0.108440171,0.031517094,1.928896753,1.621103247,0,91.18638626,0.472104766,0.173404792,1.75
2015-04-07,1.75,0,0,-12.5,-12.5,-22.22,-30,1.75,1.75,1.75,2,1.75,1.76,2,1.75,1.93,2.25,1.75,1.97,2.5,1.75,2.2,0,-0.067307692,-0.103454416,0.036146724,1.874303399,1.650696601,0,90.82125604,0.472104766,0.126869105,1.75
2015-04-08,1.75,0,0,-12.5,-12.5,-22.22,-30,1.75,1.75,1.75,1.75,1.75,1.75,2,1.75,1.92,2.25,1.75,1.97,2.5,1.75,2.2,0,-0.057692308,-0.096153846,0.038461538,1.75,1.75,0,90.46849758,0.472104766,0,1.75
2015-04-09,1.75,0,0,0,-12.5,-22.22,-30,1.75,1.75,1.75,1.75,1.75,1.75,2,1.75,1.92,2.25,1.75,1.97,2.5,1.75,2.19,0,-0.048076923,-0.086538462,0.038461538,1.75,1.75,0,90.74704262,0,0,1.75
2015-04-10,1.75,0,0,0,-12.5,-22.22,-30,1.75,1.75,1.75,1.75,1.75,1.75,2,1.75,1.92,2.25,1.75,1.96,2.5,1.75,2.19,0,-0.038461538,-0.076923077,0.038461538,1.75,1.75,0,91.01251422,0,0,1.75
2015-04-13,1.75,0,0,0,-12.5,-22.22,-30,1.75,1.75,1.75,1.75,1.75,1.75,2,1.75,1.91,2.25,1.75,1.96,2.5,1.75,2.19,0,-0.028846154,-0.067307692,0.038461538,1.75,1.75,0,91.26466754,0,0,1.75
2015-04-14,1.75,0,0,0,-12.5,-22.22,-30,1.75,1.75,1.75,1.75,1.75,1.75,2,1.75,1.91,2,1.75,1.95,2.5,1.75,2.18,0,-0.019230769,-0.057692308,0.038461538,1.75,1.75,0,91.50326797,0,0,1.75
2015-04-15,1.75,0,0,0,-12.5,-12.5,-30,1.75,1.75,1.75,1.75,1.75,1.75,2,1.75,1.9,2,1.75,1.95,2.5,1.75,2.18,0,-0.009615385,-0.048076923,0.038461538,1.75,1.75,0,91.72809173,0,0,1.75
2015-04-16,1.75,0,0,0,-12.5,-12.5,-30,1.75,1.75,1.75,1.75,1.75,1.75,2,1.75,1.9,2,1.75,1.95,2.5,1.75,2.18,0,0,-0.038461538,0.038461538,1.75,1.75,0,91.93892628,0,0,1.75
2015-04-17,1.75,0,0,0,-12.5,-12.5,-30,1.75,1.75,1.75,1.75,1.75,1.75,2,1.75,1.9,2,1.75,1.95,2.5,1.75,2.18,0,0,-0.02991453,0.02991453,1.75,1.75,0,92.13557091,0,0,1.75
2015-04-20,1.75,0,0,0,-12.5,-12.5,-30,1.75,1.75,1.75,1.75,1.75,1.75,2,1.75,1.89,2,1.75,1.95,2.5,1.75,2.17,0,0,-0.022435897,0.022435897,1.75,1.75,0,92.31783712,0,0,1.75
2015-04-21,1.75,0,0,0,-12.5,-12.5,-30,1.75,1.75,1.75,1.75,1.75,1.75,2,1.75,1.89,2,1.75,1.94,2.5,1.75,2.17,0,0,-0.016025641,0.016025641,1.75,1.75,0,92.48554913,0,0,1.75
2015-04-22,1.75,0,0,0,-12.5,-12.5,-30,1.75,1.75,1.75,1.75,1.75,1.75,2,1.75,1.88,2,1.75,1.94,2.5,1.75,2.17,0,0,-0.010683761,0.010683761,1.75,1.75,0,92.63854425,0,0,1.75
2015-04-23,1.75,0,0,0,-12.5,-12.5,-30,1.75,1.75,1.75,1.75,1.75,1.75,2,1.75,1.88,2,1.75,1.94,2.5,1.75,2.16,0,0,-0.006410256,0.006410256,1.75,1.75,0,92.77667329,0,0,1.75
2015-04-24,1.75,0,0,0,-12.5,-12.5,-30,1.75,1.75,1.75,1.75,1.75,1.75,2,1.75,1.88,2,1.75,1.94,2.5,1.75,2.16,0,0,-0.003205128,0.003205128,1.75,1.75,0,92.89980093,0,0,1.75
2015-04-27,1.75,0,0,0,-12.5,-12.5,-30,1.75,1.75,1.75,1.75,1.75,1.75,2,1.75,1.87,2,1.75,1.94,2.5,1.75,2.16,0,0,-0.001068376,0.001068376,1.75,1.75,0,93.00780601,0,0,1.75
2015-04-28,1.75,0,0,0,-12.5,-12.5,-30,1.75,1.75,1.75,1.75,1.75,1.75,2,1.75,1.87,2,1.75,1.93,2.5,1.75,2.16,0,0,0,0,1.75,1.75,0,93.10058188,0,0,1.75
2015-04-29,1.75,0,0,0,-12.5,-12.5,-30,1.75,1.75,1.75,1.75,1.75,1.75,2,1.75,1.87,2,1.75,1.93,2.5,1.75,2.15,0,0,0,0,1.75,1.75,0,93.17803661,0,0,1.75
2015-04-30,1.75,0,0,0,-12.5,-12.5,-30,1.75,1.75,1.75,1.75,1.75,1.75,2,1.75,1.86,2,1.75,1.93,2.5,1.75,2.15,0,0,0,0,1.75,1.75,0,93.24009324,0,0,1.75
2015-05-01,1.75,0,0,0,-12.5,-12.5,-30,1.75,1.75,1.75,1.75,1.75,1.75,2,1.75,1.86,2,1.75,1.93,2.5,1.75,2.15,0,0,0,0,1.75,1.75,0,93.28668999,0,0,1.75
2015-05-04,1.75,0,0,0,-12.5,-12.5,-30,1.75,1.75,1.75,1.75,1.75,1.75,2,1.75,1.85,2,1.75,1.93,2.5,1.75,2.14,0,0,0,0,1.75,1.75,0,93.31778037,0,0,1.75
2015-05-05,1.75,0,0,0,-12.5,-12.5,-30,1.75,1.75,1.75,1.75,1.75,1.75,2,1.75,1.85,2,1.75,1.93,2.5,1.75,2.14,0,0,0,0,1.75,1.75,0,93.33333333,0,0,1.75
2015-05-06,1.75,0,0,0,-12.5,-12.5,-30,1.75,1.75,1.75,1.75,1.75,1.75,2,1.75,1.85,2,1.75,1.92,2.5,1.75,2.14,0,0,0,0,1.75,1.75,0,93.33333333,0,0,1.75
2015-05-07,1.75,0,0,0,-12.5,-12.5,-30,1.75,1.75,1.75,1.75,1.75,1.75,2,1.75,1.84,2,1.75,1.92,2.5,1.75,2.14,0,0,0,0,1.75,1.75,0,93.33333333,0,0,1.75
2015-05-08,1.75,0,0,0,-12.5,-12.5,-30,1.75,1.75,1.75,1.75,1.75,1.75,2,1.75,1.84,2,1.75,1.92,2.5,1.75,2.13,0,0,0,0,1.75,1.75,0,93.33333333,0,0,1.75
2015-05-11,1.75,0,0,0,-12.5,-12.5,-30,1.75,1.75,1.75,1.75,1.75,1.75,2,1.75,1.83,2,1.75,1.92,2.5,1.75,2.13,0,0,0,0,1.75,1.75,0,93.33333333,0,0,1.75
2015-05-12,1.75,0,0,0,-12.5,-12.5,-30,1.75,1.75,1.75,1.75,1.75,1.75,2,1.75,1.83,2,1.75,1.92,2.5,1.75,2.13,0,0,0,0,1.75,1.75,0,93.33333333,0,0,1.75
2015-05-13,1.75,0,0,0,-12.5,-12.5,-30,1.75,1.75,1.75,1.75,1.75,1.75,2,1.75,1.83,2,1.75,1.91,2.5,1.75,2.12,0,0,0,0,1.75,1.75,0,93.33333333,0,0,1.75
2015-05-14,1.75,0,0,0,-12.5,-12.5,-30,1.75,1.75,1.75,1.75,1.75,1.75,2,1.75,1.82,2,1.75,1.91,2.5,1.75,2.12,0,0,0,0,1.75,1.75,0,93.33333333,0,0,1.75
2015-05-15,1.75,0,0,0,-12.5,-12.5,-30,1.75,1.75,1.75,1.75,1.75,1.75,2,1.75,1.82,2,1.75,1.91,2.5,1.75,2.12,0,0,0,0,1.75,1.75,0,93.33333333,0,0,1.75
2015-05-18,1.75,0,0,0,-12.5,-12.5,-30,1.75,1.75,1.75,1.75,1.75,1.75,2,1.75,1.82,2,1.75,1.91,2.5,1.75,2.12,0,0,0,0,1.75,1.75,0,93.33333333,0,0,1.75
2015-05-19,1.75,0,0,0,-12.5,-12.5,-30,1.75,1.75,1.75,1.75,1.75,1.75,2,1.75,1.81,2,1.75,1.91,2.5,1.75,2.11,0,0,0,0,1.75,1.75,0,93.33333333,0,0,1.75
2015-05-20,1.75,0,0,0,-12.5,-12.5,-30,1.75,1.75,1.75,1.75,1.75,1.75,2,1.75,1.81,2,1.75,1.9,2.5,1.75,2.11,0,0,0,0,1.75,1.75,0,93.33333333,0,0,1.75
2015-05-21,1.75,0,0,0,-12.5,-12.5,-30,1.75,1.75,1.75,1.75,1.75,1.75,2,1.75,1.8,2,1.75,1.9,2.5,1.75,2.11,0,0,0,0,1.75,1.75,0,93.33333333,0,0,1.75
2015-05-22,1.75,0,0,0,-12.5,-12.5,-30,1.75,1.75,1.75,1.75,1.75,1.75,2,1.75,1.8,2,1.75,1.9,2.5,1.75,2.1,0,0,0,0,1.75,1.75,0,93.33333333,0,0,1.75
2015-05-25,1.75,0,0,0,-12.5,-12.5,-30,1.75,1.75,1.75,1.75,1.75,1.75,2,1.75,1.8,2,1.75,1.9,2.5,1.75,2.1,0,0,0,0,1.75,1.75,0,93.33333333,0,0,1.75
2015-05-26,1.75,0,0,0,-12.5,-12.5,-30,1.75,1.75,1.75,1.75,1.75,1.75,2,1.75,1.79,2,1.75,1.9,2.5,1.75,2.1,0,0,0,0,1.75,1.75,0,93.33333333,0,0,1.75
2015-05-27,1.75,0,0,0,-12.5,-12.5,-30,1.75,1.75,1.75,1.75,1.75,1.75,2,1.75,1.79,2,1.75,1.89,2.5,1.75,2.1,0,0,0,0,1.75,1.75,0,93.33333333,0,0,1.75
2015-05-28,1.75,0,0,0,-12.5,-12.5,-30,1.75,1.75,1.75,1.75,1.75,1.75,2,1.75,1.78,2,1.75,1.89,2.5,1.75,2.09,0,0,0,0,1.75,1.75,0,93.33333333,0,0,1.75
2015-05-29,1.75,0,0,0,-12.5,-12.5,-30,1.75,1.75,1.75,1.75,1.75,1.75,2,1.75,1.78,2,1.75,1.89,2.5,1.75,2.09,0,0,0,0,1.75,1.75,0,93.33333333,0,0,1.75
2015-06-01,1.75,0,0,0,-12.5,-12.5,-30,1.75,1.75,1.75,1.75,1.75,1.75,2,1.75,1.78,2,1.75,1.89,2.5,1.75,2.09,0,0,0,0,1.75,1.75,0,93.33333333,0,0,1.75
2015-06-02,1.75,0,0,0,-12.5,-12.5,-30,1.75,1.75,1.75,1.75,1.75,1.75,2,1.75,1.77,2,1.75,1.89,2.5,1.75,2.08,0,0,0,0,1.75,1.75,0,93.33333333,0,0,1.75
2015-06-03,1.75,0,0,0,-12.5,-12.5,-30,1.75,1.75,1.75,1.75,1.75,1.75,2,1.75,1.77,2,1.75,1.88,2.5,1.75,2.08,0,0,0,0,1.75,1.75,0,93.33333333,0,0,1.75
2015-06-04,1.75,0,0,0,-12.5,-12.5,-30,1.75,1.75,1.75,1.75,1.75,1.75,2,1.75,1.77,2,1.75,1.88,2.5,1.75,2.08,0,0,0,0,1.75,1.75,0,93.33333333,0,0,1.75
2015-06-05,1.75,0,0,0,-12.5,-12.5,-30,1.75,1.75,1.75,1.75,1.75,1.75,2,1.75,1.76,2,1.75,1.88,2.5,1.75,2.08,0,0,0,0,1.75,1.75,0,93.33333333,0,0,1.75
2015-06-08,1.75,0,0,0,-12.5,-12.5,-30,1.75,1.75,1.75,1.75,1.75,1.75,2,1.75,1.76,2,1.75,1.88,2.5,1.75,2.07,0,0,0,0,1.75,1.75,0,93.33333333,0,0,1.75
2015-06-09,1.75,0,0,0,-12.5,-12.5,-30,1.75,1.75,1.75,1.75,1.75,1.75,2,1.75,1.75,2,1.75,1.88,2.5,1.75,2.07,0,0,0,0,1.75,1.75,0,93.33333333,0,0,1.75
2015-06-10,1.75,0,0,0,-12.5,-12.5,-30,1.75,1.75,1.75,1.75,1.75,1.75,1.75,1.75,1.75,2,1.75,1.88,2.5,1.75,2.07,0,0,0,0,1.75,1.75,0,93.64548495,0,0,1.75
2015-06-11,1.5,-14.29,-14.29,-14.29,-14.29,-25,-40,1.75,1.5,1.7,1.75,1.5,1.74,1.75,1.5,1.75,2,1.5,1.87,2.5,1.5,2.06,0,-0.011217949,-0.001246439,-0.00997151,1.849303399,1.625696601,0,93.30424568,0.545004955,0.12869456,1.5
2015-06-12,1.5,0,-14.29,-14.29,-14.29,-25,-40,1.75,1.5,1.65,1.75,1.5,1.73,1.75,1.5,1.74,2,1.5,1.87,2.5,1.5,2.06,0,-0.022435897,-0.003739316,-0.018696581,1.878896753,1.571103247,0,92.97625063,0.545004955,0.178431018,1.5
2015-06-15,1.5,0,-14.29,-14.29,-14.29,-25,-40,1.75,1.5,1.6,1.75,1.5,1.71,1.75,1.5,1.74,2,1.5,1.86,2.5,1.5,2.05,0,-0.033653846,-0.007478632,-0.026175214,1.895673774,1.529326226,0,92.66148123,0.545004955,0.213925576,1.5
2015-06-16,1.5,0,-14.29,-14.29,-14.29,-25,-40,1.75,1.5,1.55,1.75,1.5,1.7,1.75,1.5,1.73,2,1.5,1.86,2.5,1.5,2.05,0,-0.044871795,-0.012464387,-0.032407407,1.90519567,1.49480433,0,92.35993209,0.545004955,0.241406671,1.5
2015-06-17,1.5,0,-14.29,-14.29,-14.29,-25,-40,1.5,1.5,1.5,1.75,1.5,1.69,1.75,1.5,1.73,2,1.5,1.86,2.5,1.5,2.05,0,-0.056089744,-0.018696581,-0.037393162,1.909630829,1.465369171,0,92.07161125,0.545004955,0.263266168,1.5
2015-06-18,1.5,0,0,-14.29,-14.29,-25,-40,1.5,1.5,1.5,1.75,1.5,1.68,1.75,1.5,1.73,2,1.5,1.85,2.5,1.5,2.04,0,-0.067307692,-0.026175214,-0.041132479,1.910081173,1.439918827,0,91.7965405,0.545004955,0.280693938,1.5
2015-06-19,1.5,0,0,-14.29,-14.29,-25,-40,1.5,1.5,1.5,1.75,1.5,1.66,1.75,1.5,1.72,2,1.5,1.85,2.5,1.5,2.04,0,-0.078525641,-0.034900285,-0.043625356,1.907180242,1.417819758,0,91.53475568,0.545004955,0.294352171,1.5
2015-06-22,1.5,0,0,-14.29,-14.29,-25,-40,1.5,1.5,1.5,1.75,1.5,1.65,1.75,1.5,1.72,2,1.5,1.84,2.5,1.5,2.04,0,-0.08974359,-0.044871795,-0.044871795,1.901312345,1.398687655,0,91.28630705,0.545004955,0.304621024,1.5
2015-06-23,1.5,0,0,-14.29,-14.29,-25,-40,1.5,1.5,1.5,1.75,1.5,1.64,1.75,1.5,1.72,2,1.5,1.84,2.5,1.5,2.03,0,-0.100961538,-0.056089744,-0.044871795,1.892708893,1.382291107,0,91.05125977,0.545004955,0.311705518,1.5
2015-06-24,1.5,0,0,-14.29,-14.29,-25,-40,1.5,1.5,1.5,1.75,1.5,1.63,1.75,1.5,1.71,2,1.5,1.84,2.5,1.5,2.03,0,-0.112179487,-0.067307692,-0.044871795,1.881494588,1.368505412,0,90.82969432,0.545004955,0.315685647,1.5
2015-06-25,1.5,0,0,-14.29,-14.29,-25,-40,1.5,1.5,1.5,1.75,1.5,1.61,1.75,1.5,1.71,2,1.5,1.83,2.5,1.5,2.02,0,-0.123397436,-0.078525641,-0.044871795,1.867708893,1.357291107,0,90.62170706,0.545004955,0.316538162,1.5
2015-06-26,1.5,0,0,-14.29,-14.29,-25,-40,1.5,1.5,1.5,1.75,1.5,1.6,1.75,1.5,1.7,2,1.5,1.83,2.5,1.5,2.02,0,-0.134615385,-0.08974359,-0.044871795,1.851312345,1.348687655,0,90.42741081,0.545004955,0.314140431,1.5
2015-06-29,1.5,0,0,-14.29,-14.29,-25,-40,1.5,1.5,1.5,1.75,1.5,1.59,1.75,1.5,1.7,2,1.5,1.83,2.5,1.5,2.02,0,-0.125,-0.098646724,-0.026353276,1.832180242,1.342819758,0,90.24693551,0.545004955,0.308258573,1.5
2015-06-30,1.5,0,0,-14.29,-14.29,-25,-40,1.5,1.5,1.5,1.75,1.5,1.58,1.75,1.5,1.7,2,1.5,1.82,2.5,1.5,2.01,0,-0.115384615,-0.105235043,-0.010149573,1.810081173,1.339918827,0,90.08042895,0.545004955,0.298515775,1.5
2015-07-01,1.5,0,0,-14.29,-14.29,-25,-40,1.5,1.5,1.5,1.75,1.5,1.56,1.75,1.5,1.69,2,1.5,1.82,2.5,1.5,2.01,0,-0.105769231,-0.109508547,0.003739316,1.784630829,1.340369171,0,89.92805755,0.545004955,0.284327461,1.5
2015-07-02,1.5,0,0,-14.29,-14.29,-25,-40,1.5,1.5,1.5,1.75,1.5,1.55,1.75,1.5,1.69,2,1.5,1.81,2.5,1.5,2,0,-0.096153846,-0.111467236,0.01531339,1.75519567,1.34480433,0,89.79000724,0.545004955,0.264768607,1.5
2015-07-03,1.5,0,0,-14.29,-14.29,-25,-40,1.5,1.5,1.5,1.75,1.5,1.54,1.75,1.5,1.68,2,1.5,1.81,2.5,1.5,2,0,-0.086538462,-0.111111111,0.02457265,1.720673774,1.354326226,0,89.66648442,0.545004955,0.238274828,1.5
2015-07-06,1.5,0,0,-14.29,-14.29,-25,-40,1.5,1.5,1.5,1.75,1.5,1.53,1.75,1.5,1.68,2,1.5,1.81,2.5,1.5,2,0,-0.076923077,-0.108440171,0.031517094,1.678896753,1.371103247,0,89.55771701,0.545004955,0.201831807,1.5
2015-07-07,1.5,0,0,-14.29,-14.29,-25,-40,1.5,1.5,1.5,1.75,1.5,1.51,1.75,1.5,1.68,2,1.5,1.8,2.5,1.5,1.99,0,-0.067307692,-0.103454416,0.036146724,1.624303399,1.400696601,0,89.46395564,0.545004955,0.147839205,1.5
2015-07-08,1.5,0,0,-14.29,-14.29,-25,-40,1.5,1.5,1.5,1.5,1.5,1.5,1.75,1.5,1.67,2,1.5,1.8,2.5,1.5,1.99,0,-0.057692308,-0.096153846,0.038461538,1.5,1.5,0,89.05380334,0.545004955,0,1.5
2015-07-09,1.5,0,0,0,-14.29,-25,-40,1.5,1.5,1.5,1.5,1.5,1.5,1.75,1.5,1.67,2,1.5,1.79,2.5,1.5,1.99,0,-0.048076923,-0.086538462,0.038461538,1.5,1.5,0,89.36883262,0,0,1.5
2015-07-10,1.5,0,0,0,-14.29,-25,-40,1.5,1.5,1.5,1.5,1.5,1.5,1.75,1.5,1.67,2,1.5,1.79,2.5,1.5,1.98,0,-0.038461538,-0.076923077,0.038461538,1.5,1.5,0,89.66934429,0,0,1.5
2015-07-13,1.5,0,0,0,-14.29,-25,-40,1.5,1.5,1.5,1.5,1.5,1.5,1.75,1.5,1.66,2,1.5,1.79,2.5,1.5,1.98,0,-0.028846154,-0.067307692,0.038461538,1.5,1.5,0,89.95502249,0,0,1.5
2015-07-14,1.5,0,0,0,-14.29,-25,-40,1.5,1.5,1.5,1.5,1.5,1.5,1.75,1.5,1.66,2,1.5,1.78,2.5,1.5,1.97,0,-0.019230769,-0.057692308,0.038461538,1.5,1.5,0,90.22556391,0,0,1.5
2015-07-15,1.5,0,0,0,-14.29,-25,-40,1.5,1.5,1.5,1.5,1.5,1.5,1.75,1.5,1.65,2,1.5,1.78,2.5,1.5,1.97,0,-0.009615385,-0.048076923,0.038461538,1.5,1.5,0,90.48067861,0,0,1.5
2015-07-16,1.5,0,0,0,-14.29,-25,-40,1.5,1.5,1.5,1.5,1.5,1.5,1.75,1.5,1.65,2,1.5,1.78,2.5,1.5,1.97,0,0,-0.038461538,0.038461538,1.5,1.5,0,90.72009072,0,0,1.5
2015-07-17,1.5,0,0,0,-14.29,-25,-40,1.5,1.5,1.5,1.5,1.5,1.5,1.75,1.5,1.65,2,1.5,1.77,2.5,1.5,1.96,0,0,-0.02991453,0.02991453,1.5,1.5,0,90.94353922,0,0,1.5
2015-07-20,1.5,0,0,0,-14.29,-25,-40,1.5,1.5,1.5,1.5,1.5,1.5,1.75,1.5,1.64,2,1.5,1.77,2.5,1.5,1.96,0,0,-0.022435897,0.022435897,1.5,1.5,0,91.15077858,0,0,1.5
2015-07-21,1.5,0,0,0,-14.29,-25,-40,1.5,1.5,1.5,1.5,1.5,1.5,1.75,1.5,1.64,2,1.5,1.76,2.5,1.5,1.95,0,0,-0.016025641,0.016025641,1.5,1.5,0,91.34157945,0,0,1.5
2015-07-22,1.5,0,0,0,-14.29,-25,-40,1.5,1.5,1.5,1.5,1.5,1.5,1.75,1.5,1.63,2,1.5,1.76,2.5,1.5,1.95,0,0,-0.010683761,0.010683761,1.5,1.5,0,91.51572927,0,0,1.5
2015-07-23,1.5,0,0,0,-14.29,-25,-40,1.5,1.5,1.5,1.5,1.5,1.5,1.75,1.5,1.63,2,1.5,1.76,2.5,1.5,1.95,0,0,-0.006410256,0.006410256,1.5,1.5,0,91.67303285,0,0,1.5
2015-07-24,1.5,0,0,0,-14.29,-25,-40,1.5,1.5,1.5,1.5,1.5,1.5,1.75,1.5,1.63,2,1.5,1.75,2.5,1.5,1.94,0,0,-0.003205128,0.003205128,1.5,1.5,0,91.81331293,0,0,1.5
2015-07-27,1.5,0,0,0,-14.29,-25,-40,1.5,1.5,1.5,1.5,1.5,1.5,1.75,1.5,1.62,2,1.5,1.75,2.5,1.5,1.94,0,0,-0.001068376,0.001068376,1.5,1.5,0,91.93641065,0,0,1.5
2015-07-28,1.5,0,0,0,-14.29,-25,-40,1.5,1.5,1.5,1.5,1.5,1.5,1.75,1.5,1.62,2,1.5,1.74,2.5,1.5,1.94,0,0,0,0,1.5,1.5,0,92.042186,0,0,1.5
2015-07-29,1.5,0,0,0,-14.29,-25,-40,1.5,1.5,1.5,1.5,1.5,1.5,1.75,1.5,1.62,2,1.5,1.74,2.5,1.5,1.93,0,0,0,0,1.5,1.5,0,92.13051823,0,0,1.5
2015-07-30,1.5,0,0,0,-14.29,-25,-40,1.5,1.5,1.5,1.5,1.5,1.5,1.75,1.5,1.61,2,1.5,1.74,2.5,1.5,1.93,0,0,0,0,1.5,1.5,0,92.20130619,0,0,1.5
2015-07-31,1.5,0,0,0,-14.29,-25,-40,1.5,1.5,1.5,1.5,1.5,1.5,1.75,1.5,1.61,2,1.5,1.73,2.5,1.5,1.92,0,0,0,0,1.5,1.5,0,92.25446858,0,0,1.5
2015-08-03,1.5,0,0,0,-14.29,-25,-40,1.5,1.5,1.5,1.5,1.5,1.5,1.75,1.5,1.6,2,1.5,1.73,2.5,1.5,1.92,0,0,0,0,1.5,1.5,0,92.28994424,0,0,1.5
2015-08-04,1.5,0,0,0,-14.29,-25,-40,1.5,1.5,1.5,1.5,1.5,1.5,1.75,1.5,1.6,2,1.5,1.73,2.5,1.5,1.92,0,0,0,0,1.5,1.5,0,92.30769231,0,0,1.5
2015-08-05,1.5,0,0,0,-14.29,-25,-40,1.5,1.5,1.5,1.5,1.5,1.5,1.75,1.5,1.6,2,1.5,1.72,2.5,1.5,1.91,0,0,0,0,1.5,1.5,0,92.30769231,0,0,1.5
2015-08-06,1.5,0,0,0,-14.29,-25,-40,1.5,1.5,1.5,1.5,1.5,1.5,1.75,1.5,1.59,2,1.5,1.72,2.5,1.5,1.91,0,0,0,0,1.5,1.5,0,92.30769231,0,0,1.5
2015-08-07,1.5,0,0,0,-14.29,-25,-40,1.5,1.5,1.5,1.5,1.5,1.5,1.75,1.5,1.59,2,1.5,1.71,2.5,1.5,1.9,0,0,0,0,1.5,1.5,0,92.30769231,0,0,1.5
2015-08-10,1.5,0,0,0,-14.29,-25,-40,1.5,1.5,1.5,1.5,1.5,1.5,1.75,1.5,1.58,2,1.5,1.71,2.5,1.5,1.9,0,0,0,0,1.5,1.5,0,92.30769231,0,0,1.5
2015-08-11,1.5,0,0,0,-14.29,-25,-40,1.5,1.5,1.5,1.5,1.5,1.5,1.75,1.5,1.58,2,1.5,1.71,2.5,1.5,1.9,0,0,0,0,1.5,1.5,0,92.30769231,0,0,1.5
2015-08-12,1.5,0,0,0,-14.29,-25,-40,1.5,1.5,1.5,1.5,1.5,1.5,1.75,1.5,1.58,2,1.5,1.7,2.25,1.5,1.89,0,0,0,0,1.5,1.5,0,92.30769231,0,0,1.5
2015-08-13,1.5,0,0,0,-14.29,-25,-33.33,1.5,1.5,1.5,1.5,1.5,1.5,1.75,1.5,1.57,2,1.5,1.7,2.25,1.5,1.89,0,0,0,0,1.5,1.5,0,92.30769231,0,0,1.5
2015-08-14,1.5,0,0,0,-14.29,-25,-33.33,1.5,1.5,1.5,1.5,1.5,1.5,1.75,1.5,1.57,2,1.5,1.69,2.25,1.5,1.89,0,0,0,0,1.5,1.5,0,92.30769231,0,0,1.5
2015-08-17,1.5,0,0,0,-14.29,-25,-33.33,1.5,1.5,1.5,1.5,1.5,1.5,1.75,1.5,1.57,2,1.5,1.69,2.25,1.5,1.88,0,0,0,0,1.5,1.5,0,92.30769231,0,0,1.5
2015-08-18,1.5,0,0,0,-14.29,-25,-33.33,1.5,1.5,1.5,1.5,1.5,1.5,1.75,1.5,1.56,2,1.5,1.69,2.25,1.5,1.88,0,0,0,0,1.5,1.5,0,92.30769231,0,0,1.5
2015-08-19,1.5,0,0,0,-14.29,-25,-33.33,1.5,1.5,1.5,1.5,1.5,1.5,1.75,1.5,1.56,2,1.5,1.68,2.25,1.5,1.88,0,0,0,0,1.5,1.5,0,92.30769231,0,0,1.5
2015-08-20,1.5,0,0,0,-14.29,-25,-33.33,1.5,1.5,1.5,1.5,1.5,1.5,1.75,1.5,1.55,2,1.5,1.68,2.25,1.5,1.88,0,0,0,0,1.5,1.5,0,92.30769231,0,0,1.5
2015-08-21,1.5,0,0,0,-14.29,-25,-33.33,1.5,1.5,1.5,1.5,1.5,1.5,1.75,1.5,1.55,2,1.5,1.68,2.25,1.5,1.87,0,0,0,0,1.5,1.5,0,92.30769231,0,0,1.5
2015-08-24,1.5,0,0,0,-14.29,-25,-33.33,1.5,1.5,1.5,1.5,1.5,1.5,1.75,1.5,1.55,2,1.5,1.67,2.25,1.5,1.87,0,0,0,0,1.5,1.5,0,92.30769231,0,0,1.5
2015-08-25,1.5,0,0,0,-14.29,-25,-33.33,1.5,1.5,1.5,1.5,1.5,1.5,1.75,1.5,1.54,2,1.5,1.67,2.25,1.5,1.87,0,0,0,0,1.5,1.5,0,92.30769231,0,0,1.5
2015-08-26,1.5,0,0,0,-14.29,-25,-33.33,1.5,1.5,1.5,1.5,1.5,1.5,1.75,1.5,1.54,2,1.5,1.66,2.25,1.5,1.86,0,0,0,0,1.5,1.5,0,92.30769231,0,0,1.5
2015-08-27,1.5,0,0,0,-14.29,-25,-33.33,1.5,1.5,1.5,1.5,1.5,1.5,1.75,1.5,1.53,2,1.5,1.66,2.25,1.5,1.86,0,0,0,0,1.5,1.5,0,92.30769231,0,0,1.5
2015-08-28,1.5,0,0,0,-14.29,-25,-33.33,1.5,1.5,1.5,1.5,1.5,1.5,1.75,1.5,1.53,2,1.5,1.66,2.25,1.5,1.86,0,0,0,0,1.5,1.5,0,92.30769231,0,0,1.5
2015-08-31,1.5,0,0,0,-14.29,-25,-33.33,1.5,1.5,1.5,1.5,1.5,1.5,1.75,1.5,1.53,2,1.5,1.65,2.25,1.5,1.86,0,0,0,0,1.5,1.5,0,92.30769231,0,0,1.5
2015-09-01,1.5,0,0,0,-14.29,-25,-33.33,1.5,1.5,1.5,1.5,1.5,1.5,1.75,1.5,1.52,2,1.5,1.65,2.25,1.5,1.85,0,0,0,0,1.5,1.5,0,92.30769231,0,0,1.5
2015-09-02,1.5,0,0,0,-14.29,-25,-33.33,1.5,1.5,1.5,1.5,1.5,1.5,1.75,1.5,1.52,2,1.5,1.64,2.25,1.5,1.85,0,0,0,0,1.5,1.5,0,92.30769231,0,0,1.5
2015-09-03,1.5,0,0,0,-14.29,-25,-33.33,1.5,1.5,1.5,1.5,1.5,1.5,1.75,1.5,1.52,2,1.5,1.64,2.25,1.5,1.85,0,0,0,0,1.5,1.5,0,92.30769231,0,0,1.5
2015-09-04,1.5,0,0,0,-14.29,-25,-33.33,1.5,1.5,1.5,1.5,1.5,1.5,1.75,1.5,1.51,2,1.5,1.64,2.25,1.5,1.84,0,0,0,0,1.5,1.5,0,92.30769231,0,0,1.5
2015-09-07,1.5,0,0,0,-14.29,-25,-33.33,1.5,1.5,1.5,1.5,1.5,1.5,1.75,1.5,1.51,2,1.5,1.63,2.25,1.5,1.84,0,0,0,0,1.5,1.5,0,92.30769231,0,0,1.5
2015-09-08,1.5,0,0,0,-14.29,-25,-33.33,1.5,1.5,1.5,1.5,1.5,1.5,1.75,1.5,1.5,2,1.5,1.63,2.25,1.5,1.84,0,0,0,0,1.5,1.5,0,92.30769231,0,0,1.5
2015-09-09,1.5,0,0,0,-14.29,-25,-33.33,1.5,1.5,1.5,1.5,1.5,1.5,1.5,1.5,1.5,1.75,1.5,1.63,2.25,1.5,1.84,0,0,0,0,1.5,1.5,0,92.66409266,0,0,1.5
2015-09-10,1.5,0,0,0,0,-14.29,-33.33,1.5,1.5,1.5,1.5,1.5,1.5,1.5,1.5,1.5,1.75,1.5,1.62,2.25,1.5,1.83,0,0,0,0,1.5,1.5,0,93.02325581,0,0,1.5
2015-09-11,1.5,0,0,0,0,-14.29,-33.33,1.5,1.5,1.5,1.5,1.5,1.5,1.5,1.5,1.5,1.75,1.5,1.62,2.25,1.5,1.83,0,0,0,0,1.5,1.5,0,93.38521401,0,0,1.5
2015-09-14,1.5,0,0,0,0,-14.29,-33.33,1.5,1.5,1.5,1.5,1.5,1.5,1.5,1.5,1.5,1.75,1.5,1.62,2.25,1.5,1.83,0,0,0,0,1.5,1.5,0,93.75,0,0,1.5
2015-09-15,1.5,0,0,0,0,-14.29,-33.33,1.5,1.5,1.5,1.5,1.5,1.5,1.5,1.5,1.5,1.75,1.5,1.62,2.25,1.5,1.82,0,0,0,0,1.5,1.5,0,94.11764706,0,0,1.5
2015-09-16,1.5,0,0,0,0,-14.29,-33.33,1.5,1.5,1.5,1.5,1.5,1.5,1.5,1.5,1.5,1.75,1.5,1.62,2.25,1.5,1.82,0,0,0,0,1.5,1.5,0,94.48818898,0,0,1.5
2015-09-17,1.5,0,0,0,0,-14.29,-33.33,1.5,1.5,1.5,1.5,1.5,1.5,1.5,1.5,1.5,1.75,1.5,1.61,2.25,1.5,1.82,0,0,0,0,1.5,1.5,0,94.86166008,0,0,1.5
2015-09-18,1.5,0,0,0,0,-14.29,-33.33,1.5,1.5,1.5,1.5,1.5,1.5,1.5,1.5,1.5,1.75,1.5,1.61,2.25,1.5,1.82,0,0,0,0,1.5,1.5,0,95.23809524,0,0,1.5
2015-09-21,1.5,0,0,0,0,-14.29,-33.33,1.5,1.5,1.5,1.5,1.5,1.5,1.5,1.5,1.5,1.75,1.5,1.61,2.25,1.5,1.81,0,0,0,0,1.5,1.5,0,95.61752988,0,0,1.5
2015-09-22,1.5,0,0,0,0,-14.29,-33.33,1.5,1.5,1.5,1.5,1.5,1.5,1.5,1.5,1.5,1.75,1.5,1.61,2.25,1.5,1.81,0,0,0,0,1.5,1.5,0,96,0,0,1.5
2015-09-23,1.5,0,0,0,0,-14.29,-33.33,1.5,1.5,1.5,1.5,1.5,1.5,1.5,1.5,1.5,1.75,1.5,1.61,2.25,1.5,1.81,0,0,0,0,1.5,1.5,0,96.38554217,0,0,1.5
2015-09-24,1.5,0,0,0,0,-14.29,-33.33,1.5,1.5,1.5,1.5,1.5,1.5,1.5,1.5,1.5,1.75,1.5,1.6,2.25,1.5,1.8,0,0,0,0,1.5,1.5,0,96.77419355,0,0,1.5
2015-09-25,1.5,0,0,0,0,-14.29,-33.33,1.5,1.5,1.5,1.5,1.5,1.5,1.5,1.5,1.5,1.75,1.5,1.6,2.25,1.5,1.8,0,0,0,0,1.5,1.5,0,97.1659919,0,0,1.5
2015-09-28,1.5,0,0,0,0,-14.29,-33.33,1.5,1.5,1.5,1.5,1.5,1.5,1.5,1.5,1.5,1.75,1.5,1.6,2.25,1.5,1.8,0,0,0,0,1.5,1.5,0,97.56097561,0,0,1.5
2015-09-29,1.5,0,0,0,0,-14.29,-33.33,1.5,1.5,1.5,1.5,1.5,1.5,1.5,1.5,1.5,1.75,1.5,1.6,2.25,1.5,1.8,0,0,0,0,1.5,1.5,0,97.95918367,0,0,1.5
2015-09-30,1.5,0,0,0,0,-14.29,-33.33,1.5,1.5,1.5,1.5,1.5,1.5,1.5,1.5,1.5,1.75,1.5,1.6,2.25,1.5,1.79,0,0,0,0,1.5,1.5,0,98.36065574,0,0,1.5
2015-10-01,1.5,0,0,0,0,-14.29,-33.33,1.5,1.5,1.5,1.5,1.5,1.5,1.5,1.5,1.5,1.75,1.5,1.59,2.25,1.5,1.79,0,0,0,0,1.5,1.5,0,98.7654321,0,0,1.5
2015-10-02,1.5,0,0,0,0,-14.29,-33.33,1.5,1.5,1.5,1.5,1.5,1.5,1.5,1.5,1.5,1.75,1.5,1.59,2.25,1.5,1.79,0,0,0,0,1.5,1.5,0,99.17355372,0,0,1.5
2015-10-05,1.5,0,0,0,0,-14.29,-33.33,1.5,1.5,1.5,1.5,1.5,1.5,1.5,1.5,1.5,1.75,1.5,1.59,2.25,1.5,1.78,0,0,0,0,1.5,1.5,0,99.58506224,0,0,1.5
2015-10-06,1.5,0,0,0,0,-14.29,-33.33,1.5,1.5,1.5,1.5,1.5,1.5,1.5,1.5,1.5,1.75,1.5,1.59,2.25,1.5,1.78,0,0,0,0,1.5,1.5,0,100,0,0,1.5
2015-10-07,1.5,0,0,0,0,-14.29,-33.33,1.5,1.5,1.5,1.5,1.5,1.5,1.5,1.5,1.5,1.75,1.5,1.59,2.25,1.5,1.78,0,0,0,0,1.5,1.5,0,100,0,0,1.5
2015-10-08,1.5,0,0,0,0,-14.29,-33.33,1.5,1.5,1.5,1.5,1.5,1.5,1.5,1.5,1.5,1.75,1.5,1.58,2.25,1.5,1.78,0,0,0,0,1.5,1.5,0,100,0,0,1.5
2015-10-09,1.5,0,0,0,0,-14.29,-33.33,1.5,1.5,1.5,1.5,1.5,1.5,1.5,1.5,1.5,1.75,1.5,1.58,2.25,1.5,1.77,0,0,0,0,1.5,1.5,0,100,0,0,1.5
2015-10-12,1.5,0,0,0,0,-14.29,-33.33,1.5,1.5,1.5,1.5,1.5,1.5,1.5,1.5,1.5,1.75,1.5,1.58,2.25,1.5,1.77,0,0,0,0,1.5,1.5,0,100,0,0,1.5
2015-10-13,1.5,0,0,0,0,-14.29,-33.33,1.5,1.5,1.5,1.5,1.5,1.5,1.5,1.5,1.5,1.75,1.5,1.58,2,1.5,1.77,0,0,0,0,1.5,1.5,0,100,0,0,1.5
2015-10-14,1.5,0,0,0,0,-14.29,-25,1.5,1.5,1.5,1.5,1.5,1.5,1.5,1.5,1.5,1.75,1.5,1.58,2,1.5,1.76,0,0,0,0,1.5,1.5,0,100,0,0,1.5
2015-10-15,1.5,0,0,0,0,-14.29,-25,1.5,1.5,1.5,1.5,1.5,1.5,1.5,1.5,1.5,1.75,1.5,1.58,2,1.5,1.76,0,0,0,0,1.5,1.5,0,100,0,0,1.5
2015-10-16,1.5,0,0,0,0,-14.29,-25,1.5,1.5,1.5,1.5,1.5,1.5,1.5,1.5,1.5,1.75,1.5,1.57,2,1.5,1.76,0,0,0,0,1.5,1.5,0,100,0,0,1.5
2015-10-19,1.5,0,0,0,0,-14.29,-25,1.5,1.5,1.5,1.5,1.5,1.5,1.5,1.5,1.5,1.75,1.5,1.57,2,1.5,1.76,0,0,0,0,1.5,1.5,0,100,0,0,1.5
2015-10-20,1.5,0,0,0,0,-14.29,-25,1.5,1.5,1.5,1.5,1.5,1.5,1.5,1.5,1.5,1.75,1.5,1.57,2,1.5,1.76,0,0,0,0,1.5,1.5,0,100,0,0,1.5
2015-10-21,1.5,0,0,0,0,-14.29,-25,1.5,1.5,1.5,1.5,1.5,1.5,1.5,1.5,1.5,1.75,1.5,1.57,2,1.5,1.75,0,0,0,0,1.5,1.5,0,100,0,0,1.5
2015-10-22,1.5,0,0,0,0,-14.29,-25,1.5,1.5,1.5,1.5,1.5,1.5,1.5,1.5,1.5,1.75,1.5,1.57,2,1.5,1.75,0,0,0,0,1.5,1.5,0,100,0,0,1.5
2015-10-23,1.5,0,0,0,0,-14.29,-25,1.5,1.5,1.5,1.5,1.5,1.5,1.5,1.5,1.5,1.75,1.5,1.56,2,1.5,1.75,0,0,0,0,1.5,1.5,0,100,0,0,1.5
2015-10-26,1.5,0,0,0,0,-14.29,-25,1.5,1.5,1.5,1.5,1.5,1.5,1.5,1.5,1.5,1.75,1.5,1.56,2,1.5,1.75,0,0,0,0,1.5,1.5,0,100,0,0,1.5
2015-10-27,1.5,0,0,0,0,-14.29,-25,1.5,1.5,1.5,1.5,1.5,1.5,1.5,1.5,1.5,1.75,1.5,1.56,2,1.5,1.75,0,0,0,0,1.5,1.5,0,100,0,0,1.5
2015-10-28,1.5,0,0,0,0,-14.29,-25,1.5,1.5,1.5,1.5,1.5,1.5,1.5,1.5,1.5,1.75,1.5,1.56,2,1.5,1.75,0,0,0,0,1.5,1.5,0,100,0,0,1.5
2015-10-29,1.5,0,0,0,0,-14.29,-25,1.5,1.5,1.5,1.5,1.5,1.5,1.5,1.5,1.5,1.75,1.5,1.56,2,1.5,1.74,0,0,0,0,1.5,1.5,0,100,0,0,1.5
2015-10-30,1.5,0,0,0,0,-14.29,-25,1.5,1.5,1.5,1.5,1.5,1.5,1.5,1.5,1.5,1.75,1.5,1.55,2,1.5,1.74,0,0,0,0,1.5,1.5,0,100,0,0,1.5
2015-11-02,1.5,0,0,0,0,-14.29,-25,1.5,1.5,1.5,1.5,1.5,1.5,1.5,1.5,1.5,1.75,1.5,1.55,2,1.5,1.74,0,0,0,0,1.5,1.5,0,100,0,0,1.5
2015-11-03,1.5,0,0,0,0,-14.29,-25,1.5,1.5,1.5,1.5,1.5,1.5,1.5,1.5,1.5,1.75,1.5,1.55,2,1.5,1.74,0,0,0,0,1.5,1.5,0,100,0,0,1.5
2015-11-04,1.5,0,0,0,0,-14.29,-25,1.5,1.5,1.5,1.5,1.5,1.5,1.5,1.5,1.5,1.75,1.5,1.55,2,1.5,1.74,0,0,0,0,1.5,1.5,0,100,0,0,1.5
2015-11-05,1.5,0,0,0,0,-14.29,-25,1.5,1.5,1.5,1.5,1.5,1.5,1.5,1.5,1.5,1.75,1.5,1.55,2,1.5,1.73,0,0,0,0,1.5,1.5,0,100,0,0,1.5
2015-11-06,1.5,0,0,0,0,-14.29,-25,1.5,1.5,1.5,1.5,1.5,1.5,1.5,1.5,1.5,1.75,1.5,1.54,2,1.5,1.73,0,0,0,0,1.5,1.5,0,100,0,0,1.5
2015-11-09,1.5,0,0,0,0,-14.29,-25,1.5,1.5,1.5,1.5,1.5,1.5,1.5,1.5,1.5,1.75,1.5,1.54,2,1.5,1.73,0,0,0,0,1.5,1.5,0,100,0,0,1.5
2015-11-10,1.5,0,0,0,0,-14.29,-25,1.5,1.5,1.5,1.5,1.5,1.5,1.5,1.5,1.5,1.75,1.5,1.54,2,1.5,1.73,0,0,0,0,1.5,1.5,0,100,0,0,1.5
2015-11-11,1.5,0,0,0,0,-14.29,-25,1.5,1.5,1.5,1.5,1.5,1.5,1.5,1.5,1.5,1.75,1.5,1.54,2,1.5,1.73,0,0,0,0,1.5,1.5,0,100,0,0,1.5
2015-11-12,1.5,0,0,0,0,-14.29,-25,1.5,1.5,1.5,1.5,1.5,1.5,1.5,1.5,1.5,1.75,1.5,1.54,2,1.5,1.72,0,0,0,0,1.5,1.5,0,100,0,0,1.5
2015-11-13,1.5,0,0,0,0,-14.29,-25,1.5,1.5,1.5,1.5,1.5,1.5,1.5,1.5,1.5,1.75,1.5,1.53,2,1.5,1.72,0,0,0,0,1.5,1.5,0,100,0,0,1.5
2015-11-16,1.5,0,0,0,0,-14.29,-25,1.5,1.5,1.5,1.5,1.5,1.5,1.5,1.5,1.5,1.75,1.5,1.53,2,1.5,1.72,0,0,0,0,1.5,1.5,0,100,0,0,1.5
2015-11-17,1.5,0,0,0,0,-14.29,-25,1.5,1.5,1.5,1.5,1.5,1.5,1.5,1.5,1.5,1.75,1.5,1.53,2,1.5,1.72,0,0,0,0,1.5,1.5,0,100,0,0,1.5
2015-11-18,1.5,0,0,0,0,-14.29,-25,1.5,1.5,1.5,1.5,1.5,1.5,1.5,1.5,1.5,1.75,1.5,1.53,2,1.5,1.72,0,0,0,0,1.5,1.5,0,100,0,0,1.5
2015-11-19,1.5,0,0,0,0,-14.29,-25,1.5,1.5,1.5,1.5,1.5,1.5,1.5,1.5,1.5,1.75,1.5,1.53,2,1.5,1.71,0,0,0,0,1.5,1.5,0,100,0,0,1.5
2015-11-20,1.5,0,0,0,0,-14.29,-25,1.5,1.5,1.5,1.5,1.5,1.5,1.5,1.5,1.5,1.75,1.5,1.53,2,1.5,1.71,0,0,0,0,1.5,1.5,0,100,0,0,1.5
2015-11-23,1.5,0,0,0,0,-14.29,-25,1.5,1.5,1.5,1.5,1.5,1.5,1.5,1.5,1.5,1.75,1.5,1.52,2,1.5,1.71,0,0,0,0,1.5,1.5,0,100,0,0,1.5
2015-11-24,1.5,0,0,0,0,-14.29,-25,1.5,1.5,1.5,1.5,1.5,1.5,1.5,1.5,1.5,1.75,1.5,1.52,2,1.5,1.71,0,0,0,0,1.5,1.5,0,100,0,0,1.5
2015-11-25,1.5,0,0,0,0,-14.29,-25,1.5,1.5,1.5,1.5,1.5,1.5,1.5,1.5,1.5,1.75,1.5,1.52,2,1.5,1.71,0,0,0,0,1.5,1.5,0,100,0,0,1.5
2015-11-26,1.5,0,0,0,0,-14.29,-25,1.5,1.5,1.5,1.5,1.5,1.5,1.5,1.5,1.5,1.75,1.5,1.52,2,1.5,1.7,0,0,0,0,1.5,1.5,0,100,0,0,1.5
2015-11-27,1.5,0,0,0,0,-14.29,-25,1.5,1.5,1.5,1.5,1.5,1.5,1.5,1.5,1.5,1.75,1.5,1.52,2,1.5,1.7,0,0,0,0,1.5,1.5,0,100,0,0,1.5
2015-11-30,1.5,0,0,0,0,-14.29,-25,1.5,1.5,1.5,1.5,1.5,1.5,1.5,1.5,1.5,1.75,1.5,1.51,2,1.5,1.7,0,0,0,0,1.5,1.5,0,100,0,0,1.5
2015-12-01,1.5,0,0,0,0,-14.29,-25,1.5,1.5,1.5,1.5,1.5,1.5,1.5,1.5,1.5,1.75,1.5,1.51,2,1.5,1.7,0,0,0,0,1.5,1.5,0,100,0,0,1.5
2015-12-02,1.5,0,0,0,0,-14.29,-25,1.5,1.5,1.5,1.5,1.5,1.5,1.5,1.5,1.5,1.75,1.5,1.51,2,1.5,1.7,0,0,0,0,1.5,1.5,0,100,0,0,1.5
2015-12-03,1.5,0,0,0,0,-14.29,-25,1.5,1.5,1.5,1.5,1.5,1.5,1.5,1.5,1.5,1.75,1.5,1.51,2,1.5,1.7,0,0,0,0,1.5,1.5,0,100,0,0,1.5
2015-12-04,1.5,0,0,0,0,-14.29,-25,1.5,1.5,1.5,1.5,1.5,1.5,1.5,1.5,1.5,1.75,1.5,1.51,2,1.5,1.69,0,0,0,0,1.5,1.5,0,100,0,0,1.5
2015-12-07,1.5,0,0,0,0,-14.29,-25,1.5,1.5,1.5,1.5,1.5,1.5,1.5,1.5,1.5,1.75,1.5,1.5,2,1.5,1.69,0,0,0,0,1.5,1.5,0,100,0,0,1.5
2015-12-08,1.5,0,0,0,0,-14.29,-25,1.5,1.5,1.5,1.5,1.5,1.5,1.5,1.5,1.5,1.75,1.5,1.5,2,1.5,1.69,0,0,0,0,1.5,1.5,0,100,0,0,1.5
2015-12-09,1.5,0,0,0,0,-14.29,-25,1.5,1.5,1.5,1.5,1.5,1.5,1.5,1.5,1.5,1.5,1.5,1.5,2,1.5,1.69,0,0,0,0,1.5,1.5,0,100,0,0,1.5
2015-12-10,1.5,0,0,0,0,0,-25,1.5,1.5,1.5,1.5,1.5,1.5,1.5,1.5,1.5,1.5,1.5,1.5,2,1.5,1.69,0,0,0,0,1.5,1.5,0,100,0,0,1.5
2015-12-11,1.5,0,0,0,0,0,-25,1.5,1.5,1.5,1.5,1.5,1.5,1.5,1.5,1.5,1.5,1.5,1.5,2,1.5,1.68,0,0,0,0,1.5,1.5,0,100,0,0,1.5
2015-12-14,1.5,0,0,0,0,0,-25,1.5,1.5,1.5,1.5,1.5,1.5,1.5,1.5,1.5,1.5,1.5,1.5,2,1.5,1.68,0,0,0,0,1.5,1.5,0,100,0,0,1.5
2015-12-15,1.5,0,0,0,0,0,-25,1.5,1.5,1.5,1.5,1.5,1.5,1.5,1.5,1.5,1.5,1.5,1.5,2,1.5,1.68,0,0,0,0,1.5,1.5,0,100,0,0,1.5
2015-12-16,1.5,0,0,0,0,0,-25,1.5,1.5,1.5,1.5,1.5,1.5,1.5,1.5,1.5,1.5,1.5,1.5,2,1.5,1.68,0,0,0,0,1.5,1.5,0,100,0,0,1.5
2015-12-17,1.5,0,0,0,0,0,-25,1.5,1.5,1.5,1.5,1.5,1.5,1.5,1.5,1.5,1.5,1.5,1.5,2,1.5,1.68,0,0,0,0,1.5,1.5,0,100,0,0,1.5
2015-12-18,1.5,0,0,0,0,0,-25,1.5,1.5,1.5,1.5,1.5,1.5,1.5,1.5,1.5,1.5,1.5,1.5,2,1.5,1.67,0,0,0,0,1.5,1.5,0,100,0,0,1.5
2015-12-21,1.5,0,0,0,0,0,-25,1.5,1.5,1.5,1.5,1.5,1.5,1.5,1.5,1.5,1.5,1.5,1.5,2,1.5,1.67,0,0,0,0,1.5,1.5,0,100,0,0,1.5
2015-12-22,1.5,0,0,0,0,0,-25,1.5,1.5,1.5,1.5,1.5,1.5,1.5,1.5,1.5,1.5,1.5,1.5,2,1.5,1.67,0,0,0,0,1.5,1.5,0,100,0,0,1.5
2015-12-23,1.5,0,0,0,0,0,-25,1.5,1.5,1.5,1.5,1.5,1.5,1.5,1.5,1.5,1.5,1.5,1.5,2,1.5,1.67,0,0,0,0,1.5,1.5,0,100,0,0,1.5
2015-12-24,1.5,0,0,0,0,0,-25,1.5,1.5,1.5,1.5,1.5,1.5,1.5,1.5,1.5,1.5,1.5,1.5,2,1.5,1.67,0,0,0,0,1.5,1.5,0,100,0,0,1.5
2015-12-25,1.5,0,0,0,0,0,-25,1.5,1.5,1.5,1.5,1.5,1.5,1.5,1.5,1.5,1.5,1.5,1.5,2,1.5,1.66,0,0,0,0,1.5,1.5,0,100,0,0,1.5
2015-12-28,1.5,0,0,0,0,0,-25,1.5,1.5,1.5,1.5,1.5,1.5,1.5,1.5,1.5,1.5,1.5,1.5,2,1.5,1.66,0,0,0,0,1.5,1.5,0,100,0,0,1.5
2015-12-29,1.5,0,0,0,0,0,-25,1.5,1.5,1.5,1.5,1.5,1.5,1.5,1.5,1.5,1.5,1.5,1.5,2,1.5,1.66,0,0,0,0,1.5,1.5,0,100,0,0,1.5
2015-12-30,1.5,0,0,0,0,0,-25,1.5,1.5,1.5,1.5,1.5,1.5,1.5,1.5,1.5,1.5,1.5,1.5,2,1.5,1.66,0,0,0,0,1.5,1.5,0,100,0,0,1.5
2015-12-31,1.5,0,0,0,0,0,-25,1.5,1.5,1.5,1.5,1.5,1.5,1.5,1.5,1.5,1.5,1.5,1.5,2,1.5,1.66,0,0,0,0,1.5,1.5,0,100,0,0,1.5
2016-01-01,1.5,0,0,0,0,0,-25,1.5,1.5,1.5,1.5,1.5,1.5,1.5,1.5,1.5,1.5,1.5,1.5,2,1.5,1.65,0,0,0,0,1.5,1.5,0,100,0,0,1.5
2016-01-04,1.5,0,0,0,0,0,-25,1.5,1.5,1.5,1.5,1.5,1.5,1.5,1.5,1.5,1.5,1.5,1.5,2,1.5,1.65,0,0,0,0,1.5,1.5,0,100,0,0,1.5
2016-01-05,1.5,0,0,0,0,0,-25,1.5,1.5,1.5,1.5,1.5,1.5,1.5,1.5,1.5,1.5,1.5,1.5,2,1.5,1.65,0,0,0,0,1.5,1.5,0,100,0,0,1.5
2016-01-06,1.5,0,0,0,0,0,-25,1.5,1.5,1.5,1.5,1.5,1.5,1.5,1.5,1.5,1.5,1.5,1.5,2,1.5,1.65,0,0,0,0,1.5,1.5,0,100,0,0,1.5
2016-01-07,1.5,0,0,0,0,0,-25,1.5,1.5,1.5,1.5,1.5,1.5,1.5,1.5,1.5,1.5,1.5,1.5,2,1.5,1.65,0,0,0,0,1.5,1.5,0,100,0,0,1.5
2016-01-08,1.5,0,0,0,0,0,-25,1.5,1.5,1.5,1.5,1.5,1.5,1.5,1.5,1.5,1.5,1.5,1.5,2,1.5,1.65,0,0,0,0,1.5,1.5,0,100,0,0,1.5
2016-01-11,1.5,0,0,0,0,0,-25,1.5,1.5,1.5,1.5,1.5,1.5,1.5,1.5,1.5,1.5,1.5,1.5,2,1.5,1.64,0,0,0,0,1.5,1.5,0,100,0,0,1.5
2016-01-12,1.5,0,0,0,0,0,-25,1.5,1.5,1.5,1.5,1.5,1.5,1.5,1.5,1.5,1.5,1.5,1.5,2,1.5,1.64,0,0,0,0,1.5,1.5,0,100,0,0,1.5
2016-01-13,1.5,0,0,0,0,0,-25,1.5,1.5,1.5,1.5,1.5,1.5,1.5,1.5,1.5,1.5,1.5,1.5,2,1.5,1.64,0,0,0,0,1.5,1.5,0,100,0,0,1.5
2016-01-14,1.5,0,0,0,0,0,-25,1.5,1.5,1.5,1.5,1.5,1.5,1.5,1.5,1.5,1.5,1.5,1.5,2,1.5,1.64,0,0,0,0,1.5,1.5,0,100,0,0,1.5
2016-01-15,1.5,0,0,0,0,0,-25,1.5,1.5,1.5,1.5,1.5,1.5,1.5,1.5,1.5,1.5,1.5,1.5,2,1.5,1.64,0,0,0,0,1.5,1.5,0,100,0,0,1.5
2016-01-18,1.5,0,0,0,0,0,-25,1.5,1.5,1.5,1.5,1.5,1.5,1.5,1.5,1.5,1.5,1.5,1.5,2,1.5,1.63,0,0,0,0,1.5,1.5,0,100,0,0,1.5
2016-01-19,1.5,0,0,0,0,0,-25,1.5,1.5,1.5,1.5,1.5,1.5,1.5,1.5,1.5,1.5,1.5,1.5,2,1.5,1.63,0,0,0,0,1.5,1.5,0,100,0,0,1.5
2016-01-20,1.5,0,0,0,0,0,-25,1.5,1.5,1.5,1.5,1.5,1.5,1.5,1.5,1.5,1.5,1.5,1.5,2,1.5,1.63,0,0,0,0,1.5,1.5,0,100,0,0,1.5
2016-01-21,1.5,0,0,0,0,0,-25,1.5,1.5,1.5,1.5,1.5,1.5,1.5,1.5,1.5,1.5,1.5,1.5,2,1.5,1.63,0,0,0,0,1.5,1.5,0,100,0,0,1.5
2016-01-22,1.5,0,0,0,0,0,-25,1.5,1.5,1.5,1.5,1.5,1.5,1.5,1.5,1.5,1.5,1.5,1.5,2,1.5,1.63,0,0,0,0,1.5,1.5,0,100,0,0,1.5
2016-01-25,1.5,0,0,0,0,0,-25,1.5,1.5,1.5,1.5,1.5,1.5,1.5,1.5,1.5,1.5,1.5,1.5,2,1.5,1.62,0,0,0,0,1.5,1.5,0,100,0,0,1.5
2016-01-26,1.5,0,0,0,0,0,-25,1.5,1.5,1.5,1.5,1.5,1.5,1.5,1.5,1.5,1.5,1.5,1.5,2,1.5,1.62,0,0,0,0,1.5,1.5,0,100,0,0,1.5
2016-01-27,1.5,0,0,0,0,0,-25,1.5,1.5,1.5,1.5,1.5,1.5,1.5,1.5,1.5,1.5,1.5,1.5,2,1.5,1.62,0,0,0,0,1.5,1.5,0,100,0,0,1.5
2016-01-28,1.5,0,0,0,0,0,-25,1.5,1.5,1.5,1.5,1.5,1.5,1.5,1.5,1.5,1.5,1.5,1.5,2,1.5,1.62,0,0,0,0,1.5,1.5,0,100,0,0,1.5
2016-01-29,1.5,0,0,0,0,0,-25,1.5,1.5,1.5,1.5,1.5,1.5,1.5,1.5,1.5,1.5,1.5,1.5,2,1.5,1.62,0,0,0,0,1.5,1.5,0,100,0,0,1.5
2016-02-01,1.5,0,0,0,0,0,-25,1.5,1.5,1.5,1.5,1.5,1.5,1.5,1.5,1.5,1.5,1.5,1.5,2,1.5,1.61,0,0,0,0,1.5,1.5,0,100,0,0,1.5
2016-02-02,1.5,0,0,0,0,0,-25,1.5,1.5,1.5,1.5,1.5,1.5,1.5,1.5,1.5,1.5,1.5,1.5,2,1.5,1.61,0,0,0,0,1.5,1.5,0,100,0,0,1.5
2016-02-03,1.5,0,0,0,0,0,-25,1.5,1.5,1.5,1.5,1.5,1.5,1.5,1.5,1.5,1.5,1.5,1.5,2,1.5,1.61,0,0,0,0,1.5,1.5,0,100,0,0,1.5
2016-02-04,1.5,0,0,0,0,0,-25,1.5,1.5,1.5,1.5,1.5,1.5,1.5,1.5,1.5,1.5,1.5,1.5,2,1.5,1.61,0,0,0,0,1.5,1.5,0,100,0,0,1.5
2016-02-05,1.5,0,0,0,0,0,-25,1.5,1.5,1.5,1.5,1.5,1.5,1.5,1.5,1.5,1.5,1.5,1.5,2,1.5,1.61,0,0,0,0,1.5,1.5,0,100,0,0,1.5
2016-02-08,1.5,0,0,0,0,0,-25,1.5,1.5,1.5,1.5,1.5,1.5,1.5,1.5,1.5,1.5,1.5,1.5,2,1.5,1.6,0,0,0,0,1.5,1.5,0,100,0,0,1.5
2016-02-09,1.5,0,0,0,0,0,-25,1.5,1.5,1.5,1.5,1.5,1.5,1.5,1.5,1.5,1.5,1.5,1.5,2,1.5,1.6,0,0,0,0,1.5,1.5,0,100,0,0,1.5
2016-02-10,1.5,0,0,0,0,0,-25,1.5,1.5,1.5,1.5,1.5,1.5,1.5,1.5,1.5,1.5,1.5,1.5,2,1.5,1.6,0,0,0,0,1.5,1.5,0,100,0,0,1.5
2016-02-11,1.5,0,0,0,0,0,-25,1.5,1.5,1.5,1.5,1.5,1.5,1.5,1.5,1.5,1.5,1.5,1.5,2,1.5,1.6,0,0,0,0,1.5,1.5,0,100,0,0,1.5
2016-02-12,1.5,0,0,0,0,0,-25,1.5,1.5,1.5,1.5,1.5,1.5,1.5,1.5,1.5,1.5,1.5,1.5,2,1.5,1.6,0,0,0,0,1.5,1.5,0,100,0,0,1.5
2016-02-15,1.5,0,0,0,0,0,-25,1.5,1.5,1.5,1.5,1.5,1.5,1.5,1.5,1.5,1.5,1.5,1.5,2,1.5,1.6,0,0,0,0,1.5,1.5,0,100,0,0,1.5
2016-02-16,1.5,0,0,0,0,0,-25,1.5,1.5,1.5,1.5,1.5,1.5,1.5,1.5,1.5,1.5,1.5,1.5,2,1.5,1.59,0,0,0,0,1.5,1.5,0,100,0,0,1.5
2016-02-17,1.5,0,0,0,0,0,-25,1.5,1.5,1.5,1.5,1.5,1.5,1.5,1.5,1.5,1.5,1.5,1.5,2,1.5,1.59,0,0,0,0,1.5,1.5,0,100,0,0,1.5
2016-02-18,1.5,0,0,0,0,0,-25,1.5,1.5,1.5,1.5,1.5,1.5,1.5,1.5,1.5,1.5,1.5,1.5,2,1.5,1.59,0,0,0,0,1.5,1.5,0,100,0,0,1.5
2016-02-19,1.5,0,0,0,0,0,-25,1.5,1.5,1.5,1.5,1.5,1.5,1.5,1.5,1.5,1.5,1.5,1.5,2,1.5,1.59,0,0,0,0,1.5,1.5,0,100,0,0,1.5
2016-02-22,1.5,0,0,0,0,0,-25,1.5,1.5,1.5,1.5,1.5,1.5,1.5,1.5,1.5,1.5,1.5,1.5,2,1.5,1.59,0,0,0,0,1.5,1.5,0,100,0,0,1.5
2016-02-23,1.5,0,0,0,0,0,-25,1.5,1.5,1.5,1.5,1.5,1.5,1.5,1.5,1.5,1.5,1.5,1.5,2,1.5,1.58,0,0,0,0,1.5,1.5,0,100,0,0,1.5
2016-02-24,1.5,0,0,0,0,0,-25,1.5,1.5,1.5,1.5,1.5,1.5,1.5,1.5,1.5,1.5,1.5,1.5,2,1.5,1.58,0,0,0,0,1.5,1.5,0,100,0,0,1.5
2016-02-25,1.5,0,0,0,0,0,-25,1.5,1.5,1.5,1.5,1.5,1.5,1.5,1.5,1.5,1.5,1.5,1.5,2,1.5,1.58,0,0,0,0,1.5,1.5,0,100,0,0,1.5
2016-02-26,1.5,0,0,0,0,0,-25,1.5,1.5,1.5,1.5,1.5,1.5,1.5,1.5,1.5,1.5,1.5,1.5,2,1.5,1.58,0,0,0,0,1.5,1.5,0,100,0,0,1.5
2016-02-29,1.5,0,0,0,0,0,-25,1.5,1.5,1.5,1.5,1.5,1.5,1.5,1.5,1.5,1.5,1.5,1.5,2,1.5,1.58,0,0,0,0,1.5,1.5,0,100,0,0,1.5
2016-03-01,1.5,0,0,0,0,0,-25,1.5,1.5,1.5,1.5,1.5,1.5,1.5,1.5,1.5,1.5,1.5,1.5,2,1.5,1.57,0,0,0,0,1.5,1.5,0,100,0,0,1.5
2016-03-02,1.5,0,0,0,0,0,-25,1.5,1.5,1.5,1.5,1.5,1.5,1.5,1.5,1.5,1.5,1.5,1.5,2,1.5,1.57,0,0,0,0,1.5,1.5,0,100,0,0,1.5
2016-03-03,1.5,0,0,0,0,0,-25,1.5,1.5,1.5,1.5,1.5,1.5,1.5,1.5,1.5,1.5,1.5,1.5,2,1.5,1.57,0,0,0,0,1.5,1.5,0,100,0,0,1.5
2016-03-04,1.5,0,0,0,0,0,-25,1.5,1.5,1.5,1.5,1.5,1.5,1.5,1.5,1.5,1.5,1.5,1.5,2,1.5,1.57,0,0,0,0,1.5,1.5,0,100,0,0,1.5
2016-03-07,1.5,0,0,0,0,0,-25,1.5,1.5,1.5,1.5,1.5,1.5,1.5,1.5,1.5,1.5,1.5,1.5,2,1.5,1.57,0,0,0,0,1.5,1.5,0,100,0,0,1.5
2016-03-08,1.5,0,0,0,0,0,-25,1.5,1.5,1.5,1.5,1.5,1.5,1.5,1.5,1.5,1.5,1.5,1.5,2,1.5,1.56,0,0,0,0,1.5,1.5,0,100,0,0,1.5
2016-03-09,1.5,0,0,0,0,0,-25,1.5,1.5,1.5,1.5,1.5,1.5,1.5,1.5,1.5,1.5,1.5,1.5,1.75,1.5,1.56,0,0,0,0,1.5,1.5,0,100,0,0,1.5
2016-03-10,1.5,0,0,0,0,0,-14.29,1.5,1.5,1.5,1.5,1.5,1.5,1.5,1.5,1.5,1.5,1.5,1.5,1.75,1.5,1.56,0,0,0,0,1.5,1.5,0,100,0,0,1.5
2016-03-11,1.5,0,0,0,0,0,-14.29,1.5,1.5,1.5,1.5,1.5,1.5,1.5,1.5,1.5,1.5,1.5,1.5,1.75,1.5,1.56,0,0,0,0,1.5,1.5,0,100,0,0,1.5
2016-03-14,1.5,0,0,0,0,0,-14.29,1.5,1.5,1.5,1.5,1.5,1.5,1.5,1.5,1.5,1.5,1.5,1.5,1.75,1.5,1.56,0,0,0,0,1.5,1.5,0,100,0,0,1.5
2016-03-15,1.5,0,0,0,0,0,-14.29,1.5,1.5,1.5,1.5,1.5,1.5,1.5,1.5,1.5,1.5,1.5,1.5,1.75,1.5,1.56,0,0,0,0,1.5,1.5,0,100,0,0,1.5
2016-03-16,1.5,0,0,0,0,0,-14.29,1.5,1.5,1.5,1.5,1.5,1.5,1.5,1.5,1.5,1.5,1.5,1.5,1.75,1.5,1.56,0,0,0,0,1.5,1.5,0,100,0,0,1.5
2016-03-17,1.5,0,0,0,0,0,-14.29,1.5,1.5,1.5,1.5,1.5,1.5,1.5,1.5,1.5,1.5,1.5,1.5,1.75,1.5,1.56,0,0,0,0,1.5,1.5,0,100,0,0,1.5
2016-03-18,1.5,0,0,0,0,0,-14.29,1.5,1.5,1.5,1.5,1.5,1.5,1.5,1.5,1.5,1.5,1.5,1.5,1.75,1.5,1.56,0,0,0,0,1.5,1.5,0,100,0,0,1.5
2016-03-21,1.5,0,0,0,0,0,-14.29,1.5,1.5,1.5,1.5,1.5,1.5,1.5,1.5,1.5,1.5,1.5,1.5,1.75,1.5,1.55,0,0,0,0,1.5,1.5,0,100,0,0,1.5
2016-03-22,1.5,0,0,0,0,0,-14.29,1.5,1.5,1.5,1.5,1.5,1.5,1.5,1.5,1.5,1.5,1.5,1.5,1.75,1.5,1.55,0,0,0,0,1.5,1.5,0,100,0,0,1.5
2016-03-23,1.5,0,0,0,0,0,-14.29,1.5,1.5,1.5,1.5,1.5,1.5,1.5,1.5,1.5,1.5,1.5,1.5,1.75,1.5,1.55,0,0,0,0,1.5,1.5,0,100,0,0,1.5
2016-03-24,1.5,0,0,0,0,0,-14.29,1.5,1.5,1.5,1.5,1.5,1.5,1.5,1.5,1.5,1.5,1.5,1.5,1.75,1.5,1.55,0,0,0,0,1.5,1.5,0,100,0,0,1.5
2016-03-25,1.5,0,0,0,0,0,-14.29,1.5,1.5,1.5,1.5,1.5,1.5,1.5,1.5,1.5,1.5,1.5,1.5,1.75,1.5,1.55,0,0,0,0,1.5,1.5,0,100,0,0,1.5
2016-03-28,1.5,0,0,0,0,0,-14.29,1.5,1.5,1.5,1.5,1.5,1.5,1.5,1.5,1.5,1.5,1.5,1.5,1.75,1.5,1.55,0,0,0,0,1.5,1.5,0,100,0,0,1.5
2016-03-29,1.5,0,0,0,0,0,-14.29,1.5,1.5,1.5,1.5,1.5,1.5,1.5,1.5,1.5,1.5,1.5,1.5,1.75,1.5,1.55,0,0,0,0,1.5,1.5,0,100,0,0,1.5
2016-03-30,1.5,0,0,0,0,0,-14.29,1.5,1.5,1.5,1.5,1.5,1.5,1.5,1.5,1.5,1.5,1.5,1.5,1.75,1.5,1.55,0,0,0,0,1.5,1.5,0,100,0,0,1.5
2016-03-31,1.5,0,0,0,0,0,-14.29,1.5,1.5,1.5,1.5,1.5,1.5,1.5,1.5,1.5,1.5,1.5,1.5,1.75,1.5,1.55,0,0,0,0,1.5,1.5,0,100,0,0,1.5
2016-04-01,1.5,0,0,0,0,0,-14.29,1.5,1.5,1.5,1.5,1.5,1.5,1.5,1.5,1.5,1.5,1.5,1.5,1.75,1.5,1.55,0,0,0,0,1.5,1.5,0,100,0,0,1.5
2016-04-04,1.5,0,0,0,0,0,-14.29,1.5,1.5,1.5,1.5,1.5,1.5,1.5,1.5,1.5,1.5,1.5,1.5,1.75,1.5,1.55,0,0,0,0,1.5,1.5,0,100,0,0,1.5
2016-04-05,1.5,0,0,0,0,0,-14.29,1.5,1.5,1.5,1.5,1.5,1.5,1.5,1.5,1.5,1.5,1.5,1.5,1.75,1.5,1.54,0,0,0,0,1.5,1.5,0,100,0,0,1.5
2016-04-06,1.5,0,0,0,0,0,-14.29,1.5,1.5,1.5,1.5,1.5,1.5,1.5,1.5,1.5,1.5,1.5,1.5,1.75,1.5,1.54,0,0,0,0,1.5,1.5,0,100,0,0,1.5
2016-04-07,1.5,0,0,0,0,0,-14.29,1.5,1.5,1.5,1.5,1.5,1.5,1.5,1.5,1.5,1.5,1.5,1.5,1.75,1.5,1.54,0,0,0,0,1.5,1.5,0,100,0,0,1.5
2016-04-08,1.5,0,0,0,0,0,-14.29,1.5,1.5,1.5,1.5,1.5,1.5,1.5,1.5,1.5,1.5,1.5,1.5,1.75,1.5,1.54,0,0,0,0,1.5,1.5,0,100,0,0,1.5
2016-04-11,1.5,0,0,0,0,0,-14.29,1.5,1.5,1.5,1.5,1.5,1.5,1.5,1.5,1.5,1.5,1.5,1.5,1.75,1.5,1.54,0,0,0,0,1.5,1.5,0,100,0,0,1.5
2016-04-12,1.5,0,0,0,0,0,-14.29,1.5,1.5,1.5,1.5,1.5,1.5,1.5,1.5,1.5,1.5,1.5,1.5,1.75,1.5,1.54,0,0,0,0,1.5,1.5,0,100,0,0,1.5
2016-04-13,1.5,0,0,0,0,0,-14.29,1.5,1.5,1.5,1.5,1.5,1.5,1.5,1.5,1.5,1.5,1.5,1.5,1.75,1.5,1.54,0,0,0,0,1.5,1.5,0,100,0,0,1.5
2016-04-14,1.5,0,0,0,0,0,-14.29,1.5,1.5,1.5,1.5,1.5,1.5,1.5,1.5,1.5,1.5,1.5,1.5,1.75,1.5,1.54,0,0,0,0,1.5,1.5,0,100,0,0,1.5
2016-04-15,1.5,0,0,0,0,0,-14.29,1.5,1.5,1.5,1.5,1.5,1.5,1.5,1.5,1.5,1.5,1.5,1.5,1.75,1.5,1.54,0,0,0,0,1.5,1.5,0,100,0,0,1.5
2016-04-18,1.5,0,0,0,0,0,-14.29,1.5,1.5,1.5,1.5,1.5,1.5,1.5,1.5,1.5,1.5,1.5,1.5,1.75,1.5,1.54,0,0,0,0,1.5,1.5,0,100,0,0,1.5
2016-04-19,1.5,0,0,0,0,0,-14.29,1.5,1.5,1.5,1.5,1.5,1.5,1.5,1.5,1.5,1.5,1.5,1.5,1.75,1.5,1.53,0,0,0,0,1.5,1.5,0,100,0,0,1.5
2016-04-20,1.5,0,0,0,0,0,-14.29,1.5,1.5,1.5,1.5,1.5,1.5,1.5,1.5,1.5,1.5,1.5,1.5,1.75,1.5,1.53,0,0,0,0,1.5,1.5,0,100,0,0,1.5
2016-04-21,1.5,0,0,0,0,0,-14.29,1.5,1.5,1.5,1.5,1.5,1.5,1.5,1.5,1.5,1.5,1.5,1.5,1.75,1.5,1.53,0,0,0,0,1.5,1.5,0,100,0,0,1.5
2016-04-22,1.5,0,0,0,0,0,-14.29,1.5,1.5,1.5,1.5,1.5,1.5,1.5,1.5,1.5,1.5,1.5,1.5,1.75,1.5,1.53,0,0,0,0,1.5,1.5,0,100,0,0,1.5
2016-04-25,1.5,0,0,0,0,0,-14.29,1.5,1.5,1.5,1.5,1.5,1.5,1.5,1.5,1.5,1.5,1.5,1.5,1.75,1.5,1.53,0,0,0,0,1.5,1.5,0,100,0,0,1.5
2016-04-26,1.5,0,0,0,0,0,-14.29,1.5,1.5,1.5,1.5,1.5,1.5,1.5,1.5,1.5,1.5,1.5,1.5,1.75,1.5,1.53,0,0,0,0,1.5,1.5,0,100,0,0,1.5
2016-04-27,1.5,0,0,0,0,0,-14.29,1.5,1.5,1.5,1.5,1.5,1.5,1.5,1.5,1.5,1.5,1.5,1.5,1.75,1.5,1.53,0,0,0,0,1.5,1.5,0,100,0,0,1.5
2016-04-28,1.5,0,0,0,0,0,-14.29,1.5,1.5,1.5,1.5,1.5,1.5,1.5,1.5,1.5,1.5,1.5,1.5,1.75,1.5,1.53,0,0,0,0,1.5,1.5,0,100,0,0,1.5
2016-04-29,1.5,0,0,0,0,0,-14.29,1.5,1.5,1.5,1.5,1.5,1.5,1.5,1.5,1.5,1.5,1.5,1.5,1.75,1.5,1.53,0,0,0,0,1.5,1.5,0,100,0,0,1.5
2016-05-02,1.5,0,0,0,0,0,-14.29,1.5,1.5,1.5,1.5,1.5,1.5,1.5,1.5,1.5,1.5,1.5,1.5,1.75,1.5,1.53,0,0,0,0,1.5,1.5,0,100,0,0,1.5
2016-05-03,1.5,0,0,0,0,0,-14.29,1.5,1.5,1.5,1.5,1.5,1.5,1.5,1.5,1.5,1.5,1.5,1.5,1.75,1.5,1.53,0,0,0,0,1.5,1.5,0,100,0,0,1.5
2016-05-04,1.5,0,0,0,0,0,-14.29,1.5,1.5,1.5,1.5,1.5,1.5,1.5,1.5,1.5,1.5,1.5,1.5,1.75,1.5,1.52,0,0,0,0,1.5,1.5,0,100,0,0,1.5
2016-05-05,1.5,0,0,0,0,0,-14.29,1.5,1.5,1.5,1.5,1.5,1.5,1.5,1.5,1.5,1.5,1.5,1.5,1.75,1.5,1.52,0,0,0,0,1.5,1.5,0,100,0,0,1.5
2016-05-06,1.5,0,0,0,0,0,-14.29,1.5,1.5,1.5,1.5,1.5,1.5,1.5,1.5,1.5,1.5,1.5,1.5,1.75,1.5,1.52,0,0,0,0,1.5,1.5,0,100,0,0,1.5
2016-05-09,1.5,0,0,0,0,0,-14.29,1.5,1.5,1.5,1.5,1.5,1.5,1.5,1.5,1.5,1.5,1.5,1.5,1.75,1.5,1.52,0,0,0,0,1.5,1.5,0,100,0,0,1.5
2016-05-10,1.5,0,0,0,0,0,-14.29,1.5,1.5,1.5,1.5,1.5,1.5,1.5,1.5,1.5,1.5,1.5,1.5,1.75,1.5,1.52,0,0,0,0,1.5,1.5,0,100,0,0,1.5
2016-05-11,1.5,0,0,0,0,0,-14.29,1.5,1.5,1.5,1.5,1.5,1.5,1.5,1.5,1.5,1.5,1.5,1.5,1.75,1.5,1.52,0,0,0,0,1.5,1.5,0,100,0,0,1.5
2016-05-12,1.5,0,0,0,0,0,-14.29,1.5,1.5,1.5,1.5,1.5,1.5,1.5,1.5,1.5,1.5,1.5,1.5,1.75,1.5,1.52,0,0,0,0,1.5,1.5,0,100,0,0,1.5
2016-05-13,1.5,0,0,0,0,0,-14.29,1.5,1.5,1.5,1.5,1.5,1.5,1.5,1.5,1.5,1.5,1.5,1.5,1.75,1.5,1.52,0,0,0,0,1.5,1.5,0,100,0,0,1.5
2016-05-16,1.5,0,0,0,0,0,-14.29,1.5,1.5,1.5,1.5,1.5,1.5,1.5,1.5,1.5,1.5,1.5,1.5,1.75,1.5,1.52,0,0,0,0,1.5,1.5,0,100,0,0,1.5
2016-05-17,1.5,0,0,0,0,0,-14.29,1.5,1.5,1.5,1.5,1.5,1.5,1.5,1.5,1.5,1.5,1.5,1.5,1.75,1.5,1.52,0,0,0,0,1.5,1.5,0,100,0,0,1.5
2016-05-18,1.5,0,0,0,0,0,-14.29,1.5,1.5,1.5,1.5,1.5,1.5,1.5,1.5,1.5,1.5,1.5,1.5,1.75,1.5,1.51,0,0,0,0,1.5,1.5,0,100,0,0,1.5
2016-05-19,1.5,0,0,0,0,0,-14.29,1.5,1.5,1.5,1.5,1.5,1.5,1.5,1.5,1.5,1.5,1.5,1.5,1.75,1.5,1.51,0,0,0,0,1.5,1.5,0,100,0,0,1.5
2016-05-20,1.5,0,0,0,0,0,-14.29,1.5,1.5,1.5,1.5,1.5,1.5,1.5,1.5,1.5,1.5,1.5,1.5,1.75,1.5,1.51,0,0,0,0,1.5,1.5,0,100,0,0,1.5
2016-05-23,1.5,0,0,0,0,0,-14.29,1.5,1.5,1.5,1.5,1.5,1.5,1.5,1.5,1.5,1.5,1.5,1.5,1.75,1.5,1.51,0,0,0,0,1.5,1.5,0,100,0,0,1.5
2016-05-24,1.5,0,0,0,0,0,-14.29,1.5,1.5,1.5,1.5,1.5,1.5,1.5,1.5,1.5,1.5,1.5,1.5,1.75,1.5,1.51,0,0,0,0,1.5,1.5,0,100,0,0,1.5
2016-05-25,1.5,0,0,0,0,0,-14.29,1.5,1.5,1.5,1.5,1.5,1.5,1.5,1.5,1.5,1.5,1.5,1.5,1.75,1.5,1.51,0,0,0,0,1.5,1.5,0,100,0,0,1.5
2016-05-26,1.5,0,0,0,0,0,-14.29,1.5,1.5,1.5,1.5,1.5,1.5,1.5,1.5,1.5,1.5,1.5,1.5,1.75,1.5,1.51,0,0,0,0,1.5,1.5,0,100,0,0,1.5
2016-05-27,1.5,0,0,0,0,0,-14.29,1.5,1.5,1.5,1.5,1.5,1.5,1.5,1.5,1.5,1.5,1.5,1.5,1.75,1.5,1.51,0,0,0,0,1.5,1.5,0,100,0,0,1.5
2016-05-30,1.5,0,0,0,0,0,-14.29,1.5,1.5,1.5,1.5,1.5,1.5,1.5,1.5,1.5,1.5,1.5,1.5,1.75,1.5,1.51,0,0,0,0,1.5,1.5,0,100,0,0,1.5
2016-05-31,1.5,0,0,0,0,0,-14.29,1.5,1.5,1.5,1.5,1.5,1.5,1.5,1.5,1.5,1.5,1.5,1.5,1.75,1.5,1.51,0,0,0,0,1.5,1.5,0,100,0,0,1.5
2016-06-01,1.5,0,0,0,0,0,-14.29,1.5,1.5,1.5,1.5,1.5,1.5,1.5,1.5,1.5,1.5,1.5,1.5,1.75,1.5,1.5,0,0,0,0,1.5,1.5,0,100,0,0,1.5
2016-06-02,1.5,0,0,0,0,0,-14.29,1.5,1.5,1.5,1.5,1.5,1.5,1.5,1.5,1.5,1.5,1.5,1.5,1.75,1.5,1.5,0,0,0,0,1.5,1.5,0,100,0,0,1.5
2016-06-03,1.5,0,0,0,0,0,-14.29,1.5,1.5,1.5,1.5,1.5,1.5,1.5,1.5,1.5,1.5,1.5,1.5,1.75,1.5,1.5,0,0,0,0,1.5,1.5,0,100,0,0,1.5
2016-06-06,1.5,0,0,0,0,0,-14.29,1.5,1.5,1.5,1.5,1.5,1.5,1.5,1.5,1.5,1.5,1.5,1.5,1.75,1.5,1.5,0,0,0,0,1.5,1.5,0,100,0,0,1.5
2016-06-07,1.5,0,0,0,0,0,-14.29,1.5,1.5,1.5,1.5,1.5,1.5,1.5,1.5,1.5,1.5,1.5,1.5,1.75,1.5,1.5,0,0,0,0,1.5,1.5,0,100,0,0,1.5
2016-06-08,1.5,0,0,0,0,0,-14.29,1.5,1.5,1.5,1.5,1.5,1.5,1.5,1.5,1.5,1.5,1.5,1.5,1.5,1.5,1.5,0,0,0,0,1.5,1.5,0,100,0,0,1.5
2016-06-09,1.25,-16.67,-16.67,-16.67,-16.67,-16.67,-16.67,1.5,1.25,1.45,1.5,1.25,1.49,1.5,1.25,1.5,1.5,1.25,1.5,1.5,1.25,1.5,0,-0.011217949,-0.001246439,-0.00997151,1.599303399,1.375696601,0,99.18733069,0.644604046,0.150323898,1.25
2016-06-10,1.25,0,-16.67,-16.67,-16.67,-16.67,-16.67,1.5,1.25,1.4,1.5,1.25,1.48,1.5,1.25,1.49,1.5,1.25,1.5,1.5,1.25,1.5,0,-0.022435897,-0.003739316,-0.018696581,1.628896753,1.321103247,0,98.3948301,0.644604046,0.208673563,1.25
2016-06-13,1.25,0,-16.67,-16.67,-16.67,-16.67,-16.67,1.5,1.25,1.35,1.5,1.25,1.46,1.5,1.25,1.49,1.5,1.25,1.49,1.5,1.25,1.5,0,-0.033653846,-0.007478632,-0.026175214,1.645673774,1.279326226,0,97.62202753,0.644604046,0.25049405,1.25
2016-06-14,1.25,0,-16.67,-16.67,-16.67,-16.67,-16.67,1.5,1.25,1.3,1.5,1.25,1.45,1.5,1.25,1.48,1.5,1.25,1.49,1.5,1.25,1.5,0,-0.044871795,-0.012464387,-0.032407407,1.65519567,1.24480433,0,96.86847599,0.644604046,0.283028511,1.25
2016-06-15,1.25,0,-16.67,-16.67,-16.67,-16.67,-16.67,1.25,1.25,1.25,1.5,1.25,1.44,1.5,1.25,1.48,1.5,1.25,1.49,1.5,1.25,1.5,0,-0.056089744,-0.018696581,-0.037393162,1.659630829,1.215369171,0,96.13375131,0.644604046,0.309051588,1.25
2016-06-16,1.25,0,0,-16.67,-16.67,-16.67,-16.67,1.25,1.25,1.25,1.5,1.25,1.43,1.5,1.25,1.48,1.5,1.25,1.49,1.5,1.25,1.49,0,-0.067307692,-0.026175214,-0.041132479,1.660081173,1.189918827,0,95.41745135,0.644604046,0.329938488,1.25
2016-06-17,1.25,0,0,-16.67,-16.67,-16.67,-16.67,1.25,1.25,1.25,1.5,1.25,1.41,1.5,1.25,1.47,1.5,1.25,1.49,1.5,1.25,1.49,0,-0.078525641,-0.034900285,-0.043625356,1.657180242,1.167819758,0,94.71919531,0.644604046,0.346449901,1.25
2016-06-20,1.25,0,0,-16.67,-16.67,-16.67,-16.67,1.25,1.25,1.25,1.5,1.25,1.4,1.5,1.25,1.47,1.5,1.25,1.48,1.5,1.25,1.49,0,-0.08974359,-0.044871795,-0.044871795,1.651312345,1.148687655,0,94.03862301,0.644604046,0.359017636,1.25
2016-06-21,1.25,0,0,-16.67,-16.67,-16.67,-16.67,1.25,1.25,1.25,1.5,1.25,1.39,1.5,1.25,1.47,1.5,1.25,1.48,1.5,1.25,1.49,0,-0.100961538,-0.056089744,-0.044871795,1.642708893,1.132291107,0,93.37539432,0.644604046,0.367868674,1.25
2016-06-22,1.25,0,0,-16.67,-16.67,-16.67,-16.67,1.25,1.25,1.25,1.5,1.25,1.38,1.5,1.25,1.46,1.5,1.25,1.48,1.5,1.25,1.49,0,-0.112179487,-0.067307692,-0.044871795,1.631494588,1.118505412,0,92.72918862,0.644604046,0.373083037,1.25
2016-06-23,1.25,0,0,-16.67,-16.67,-16.67,-16.67,1.25,1.25,1.25,1.5,1.25,1.36,1.5,1.25,1.46,1.5,1.25,1.48,1.5,1.25,1.49,0,-0.123397436,-0.078525641,-0.044871795,1.617708893,1.107291107,0,92.09970427,0.644604046,0.374618558,1.25
2016-06-24,1.25,0,0,-16.67,-16.67,-16.67,-16.67,1.25,1.25,1.25,1.5,1.25,1.35,1.5,1.25,1.45,1.5,1.25,1.48,1.5,1.25,1.49,0,-0.134615385,-0.08974359,-0.044871795,1.601312345,1.098687655,0,91.4866582,0.644604046,0.372314585,1.25
2016-06-27,1.25,0,0,-16.67,-16.67,-16.67,-16.67,1.25,1.25,1.25,1.5,1.25,1.34,1.5,1.25,1.45,1.5,1.25,1.48,1.5,1.25,1.49,0,-0.125,-0.098646724,-0.026353276,1.582180242,1.092819758,0,90.88978552,0.644604046,0.365876998,1.25
2016-06-28,1.25,0,0,-16.67,-16.67,-16.67,-16.67,1.25,1.25,1.25,1.5,1.25,1.33,1.5,1.25,1.45,1.5,1.25,1.47,1.5,1.25,1.49,0,-0.115384615,-0.105235043,-0.010149573,1.560081173,1.089918827,0,90.30883919,0.644604046,0.354839506,1.25
2016-06-29,1.25,0,0,-16.67,-16.67,-16.67,-16.67,1.25,1.25,1.25,1.5,1.25,1.31,1.5,1.25,1.44,1.5,1.25,1.47,1.5,1.25,1.49,0,-0.105769231,-0.109508547,0.003739316,1.534630829,1.090369171,0,89.74358974,0.644604046,0.338485073,1.25
2016-06-30,1.25,0,0,-16.67,-16.67,-16.67,-16.67,1.25,1.25,1.25,1.5,1.25,1.3,1.5,1.25,1.44,1.5,1.25,1.47,1.5,1.25,1.48,0,-0.096153846,-0.111467236,0.01531339,1.50519567,1.09480433,0,89.19382504,0.644604046,0.315685647,1.25
2016-07-01,1.25,0,0,-16.67,-16.67,-16.67,-16.67,1.25,1.25,1.25,1.5,1.25,1.29,1.5,1.25,1.43,1.5,1.25,1.47,1.5,1.25,1.48,0,-0.086538462,-0.111111111,0.02457265,1.470673774,1.104326226,0,88.65935012,0.644604046,0.284541785,1.25
2016-07-04,1.25,0,0,-16.67,-16.67,-16.67,-16.67,1.25,1.25,1.25,1.5,1.25,1.28,1.5,1.25,1.43,1.5,1.25,1.47,1.5,1.25,1.48,0,-0.076923077,-0.108440171,0.031517094,1.428896753,1.121103247,0,88.13998704,0.644604046,0.241406671,1.25
2016-07-05,1.25,0,0,-16.67,-16.67,-16.67,-16.67,1.25,1.25,1.25,1.5,1.25,1.26,1.5,1.25,1.43,1.5,1.25,1.46,1.5,1.25,1.48,0,-0.067307692,-0.103454416,0.036146724,1.374303399,1.150696601,0,87.63557484,0.644604046,0.177114295,1.25
2016-07-06,1.25,0,0,-16.67,-16.67,-16.67,-16.67,1.25,1.25,1.25,1.25,1.25,1.25,1.5,1.25,1.42,1.5,1.25,1.46,1.5,1.25,1.48,0,-0.057692308,-0.096153846,0.038461538,1.25,1.25,0,87.1459695,0.644604046,0,1.25
2016-07-07,1.25,0,0,0,-16.67,-16.67,-16.67,1.25,1.25,1.25,1.25,1.25,1.25,1.5,1.25,1.42,1.5,1.25,1.46,1.5,1.25,1.48,0,-0.048076923,-0.086538462,0.038461538,1.25,1.25,0,87.50820389,0,0,1.25
2016-07-08,1.25,0,0,0,-16.67,-16.67,-16.67,1.25,1.25,1.25,1.25,1.25,1.25,1.5,1.25,1.42,1.5,1.25,1.46,1.5,1.25,1.48,0,-0.038461538,-0.076923077,0.038461538,1.25,1.25,0,87.85416209,0,0,1.25
2016-07-11,1.25,0,0,0,-16.67,-16.67,-16.67,1.25,1.25,1.25,1.25,1.25,1.25,1.5,1.25,1.41,1.5,1.25,1.46,1.5,1.25,1.48,0,-0.028846154,-0.067307692,0.038461538,1.25,1.25,0,88.18342152,0,0,1.25
2016-07-12,1.25,0,0,0,-16.67,-16.67,-16.67,1.25,1.25,1.25,1.25,1.25,1.25,1.5,1.25,1.41,1.5,1.25,1.45,1.5,1.25,1.48,0,-0.019230769,-0.057692308,0.038461538,1.25,1.25,0,88.49557522,0,0,1.25
2016-07-13,1.25,0,0,0,-16.67,-16.67,-16.67,1.25,1.25,1.25,1.25,1.25,1.25,1.5,1.25,1.4,1.5,1.25,1.45,1.5,1.25,1.48,0,-0.009615385,-0.048076923,0.038461538,1.25,1.25,0,88.79023307,0,0,1.25
2016-07-14,1.25,0,0,0,-16.67,-16.67,-16.67,1.25,1.25,1.25,1.25,1.25,1.25,1.5,1.25,1.4,1.5,1.25,1.45,1.5,1.25,1.48,0,0,-0.038461538,0.038461538,1.25,1.25,0,89.06702293,0,0,1.25
2016-07-15,1.25,0,0,0,-16.67,-16.67,-16.67,1.25,1.25,1.25,1.25,1.25,1.25,1.5,1.25,1.4,1.5,1.25,1.45,1.5,1.25,1.47,0,0,-0.02991453,0.02991453,1.25,1.25,0,89.32559178,0,0,1.25
2016-07-18,1.25,0,0,0,-16.67,-16.67,-16.67,1.25,1.25,1.25,1.25,1.25,1.25,1.5,1.25,1.39,1.5,1.25,1.45,1.5,1.25,1.47,0,0,-0.022435897,0.022435897,1.25,1.25,0,89.56560681,0,0,1.25
2016-07-19,1.25,0,0,0,-16.67,-16.67,-16.67,1.25,1.25,1.25,1.25,1.25,1.25,1.5,1.25,1.39,1.5,1.25,1.44,1.5,1.25,1.47,0,0,-0.016025641,0.016025641,1.25,1.25,0,89.78675645,0,0,1.25
2016-07-20,1.25,0,0,0,-16.67,-16.67,-16.67,1.25,1.25,1.25,1.25,1.25,1.25,1.5,1.25,1.38,1.5,1.25,1.44,1.5,1.25,1.47,0,0,-0.010683761,0.010683761,1.25,1.25,0,89.98875141,0,0,1.25
2016-07-21,1.25,0,0,0,-16.67,-16.67,-16.67,1.25,1.25,1.25,1.25,1.25,1.25,1.5,1.25,1.38,1.5,1.25,1.44,1.5,1.25,1.47,0,0,-0.006410256,0.006410256,1.25,1.25,0,90.17132552,0,0,1.25
2016-07-22,1.25,0,0,0,-16.67,-16.67,-16.67,1.25,1.25,1.25,1.25,1.25,1.25,1.5,1.25,1.38,1.5,1.25,1.44,1.5,1.25,1.47,0,0,-0.003205128,0.003205128,1.25,1.25,0,90.33423668,0,0,1.25
2016-07-25,1.25,0,0,0,-16.67,-16.67,-16.67,1.25,1.25,1.25,1.25,1.25,1.25,1.5,1.25,1.37,1.5,1.25,1.44,1.5,1.25,1.47,0,0,-0.001068376,0.001068376,1.25,1.25,0,90.47726759,0,0,1.25
2016-07-26,1.25,0,0,0,-16.67,-16.67,-16.67,1.25,1.25,1.25,1.25,1.25,1.25,1.5,1.25,1.37,1.5,1.25,1.43,1.5,1.25,1.47,0,0,0,0,1.25,1.25,0,90.6002265,0,0,1.25
2016-07-27,1.25,0,0,0,-16.67,-16.67,-16.67,1.25,1.25,1.25,1.25,1.25,1.25,1.5,1.25,1.37,1.5,1.25,1.43,1.5,1.25,1.47,0,0,0,0,1.25,1.25,0,90.70294785,0,0,1.25
2016-07-28,1.25,0,0,0,-16.67,-16.67,-16.67,1.25,1.25,1.25,1.25,1.25,1.25,1.5,1.25,1.36,1.5,1.25,1.43,1.5,1.25,1.47,0,0,0,0,1.25,1.25,0,90.78529278,0,0,1.25
2016-07-29,1.25,0,0,0,-16.67,-16.67,-16.67,1.25,1.25,1.25,1.25,1.25,1.25,1.5,1.25,1.36,1.5,1.25,1.43,1.5,1.25,1.46,0,0,0,0,1.25,1.25,0,90.84714967,0,0,1.25
2016-08-01,1.25,0,0,0,-16.67,-16.67,-16.67,1.25,1.25,1.25,1.25,1.25,1.25,1.5,1.25,1.35,1.5,1.25,1.43,1.5,1.25,1.46,0,0,0,0,1.25,1.25,0,90.88843445,0,0,1.25
2016-08-02,1.25,0,0,0,-16.67,-16.67,-16.67,1.25,1.25,1.25,1.25,1.25,1.25,1.5,1.25,1.35,1.5,1.25,1.43,1.5,1.25,1.46,0,0,0,0,1.25,1.25,0,90.90909091,0,0,1.25
2016-08-03,1.25,0,0,0,-16.67,-16.67,-16.67,1.25,1.25,1.25,1.25,1.25,1.25,1.5,1.25,1.35,1.5,1.25,1.42,1.5,1.25,1.46,0,0,0,0,1.25,1.25,0,90.90909091,0,0,1.25
2016-08-04,1.25,0,0,0,-16.67,-16.67,-16.67,1.25,1.25,1.25,1.25,1.25,1.25,1.5,1.25,1.34,1.5,1.25,1.42,1.5,1.25,1.46,0,0,0,0,1.25,1.25,0,90.90909091,0,0,1.25
2016-08-05,1.25,0,0,0,-16.67,-16.67,-16.67,1.25,1.25,1.25,1.25,1.25,1.25,1.5,1.25,1.34,1.5,1.25,1.42,1.5,1.25,1.46,0,0,0,0,1.25,1.25,0,90.90909091,0,0,1.25
2016-08-08,1.25,0,0,0,-16.67,-16.67,-16.67,1.25,1.25,1.25,1.25,1.25,1.25,1.5,1.25,1.33,1.5,1.25,1.42,1.5,1.25,1.46,0,0,0,0,1.25,1.25,0,90.90909091,0,0,1.25
2016-08-09,1.25,0,0,0,-16.67,-16.67,-16.67,1.25,1.25,1.25,1.25,1.25,1.25,1.5,1.25,1.33,1.5,1.25,1.42,1.5,1.25,1.46,0,0,0,0,1.25,1.25,0,90.90909091,0,0,1.25
2016-08-10,1.25,0,0,0,-16.67,-16.67,-16.67,1.25,1.25,1.25,1.25,1.25,1.25,1.5,1.25,1.33,1.5,1.25,1.41,1.5,1.25,1.46,0,0,0,0,1.25,1.25,0,90.90909091,0,0,1.25
2016-08-11,1.25,0,0,0,-16.67,-16.67,-16.67,1.25,1.25,1.25,1.25,1.25,1.25,1.5,1.25,1.32,1.5,1.25,1.41,1.5,1.25,1.46,0,0,0,0,1.25,1.25,0,90.90909091,0,0,1.25
2016-08-12,1.25,0,0,0,-16.67,-16.67,-16.67,1.25,1.25,1.25,1.25,1.25,1.25,1.5,1.25,1.32,1.5,1.25,1.41,1.5,1.25,1.45,0,0,0,0,1.25,1.25,0,90.90909091,0,0,1.25
2016-08-15,1.25,0,0,0,-16.67,-16.67,-16.67,1.25,1.25,1.25,1.25,1.25,1.25,1.5,1.25,1.32,1.5,1.25,1.41,1.5,1.25,1.45,0,0,0,0,1.25,1.25,0,90.90909091,0,0,1.25
2016-08-16,1.25,0,0,0,-16.67,-16.67,-16.67,1.25,1.25,1.25,1.25,1.25,1.25,1.5,1.25,1.31,1.5,1.25,1.41,1.5,1.25,1.45,0,0,0,0,1.25,1.25,0,90.90909091,0,0,1.25
2016-08-17,1.25,0,0,0,-16.67,-16.67,-16.67,1.25,1.25,1.25,1.25,1.25,1.25,1.5,1.25,1.31,1.5,1.25,1.4,1.5,1.25,1.45,0,0,0,0,1.25,1.25,0,90.90909091,0,0,1.25
2016-08-18,1.25,0,0,0,-16.67,-16.67,-16.67,1.25,1.25,1.25,1.25,1.25,1.25,1.5,1.25,1.3,1.5,1.25,1.4,1.5,1.25,1.45,0,0,0,0,1.25,1.25,0,90.90909091,0,0,1.25
2016-08-19,1.25,0,0,0,-16.67,-16.67,-16.67,1.25,1.25,1.25,1.25,1.25,1.25,1.5,1.25,1.3,1.5,1.25,1.4,1.5,1.25,1.45,0,0,0,0,1.25,1.25,0,90.90909091,0,0,1.25
2016-08-22,1.25,0,0,0,-16.67,-16.67,-16.67,1.25,1.25,1.25,1.25,1.25,1.25,1.5,1.25,1.3,1.5,1.25,1.4,1.5,1.25,1.45,0,0,0,0,1.25,1.25,0,90.90909091,0,0,1.25
2016-08-23,1.25,0,0,0,-16.67,-16.67,-16.67,1.25,1.25,1.25,1.25,1.25,1.25,1.5,1.25,1.29,1.5,1.25,1.4,1.5,1.25,1.45,0,0,0,0,1.25,1.25,0,90.90909091,0,0,1.25
2016-08-24,1.25,0,0,0,-16.67,-16.67,-16.67,1.25,1.25,1.25,1.25,1.25,1.25,1.5,1.25,1.29,1.5,1.25,1.39,1.5,1.25,1.45,0,0,0,0,1.25,1.25,0,90.90909091,0,0,1.25
2016-08-25,1.25,0,0,0,-16.67,-16.67,-16.67,1.25,1.25,1.25,1.25,1.25,1.25,1.5,1.25,1.28,1.5,1.25,1.39,1.5,1.25,1.45,0,0,0,0,1.25,1.25,0,90.90909091,0,0,1.25
2016-08-26,1.25,0,0,0,-16.67,-16.67,-16.67,1.25,1.25,1.25,1.25,1.25,1.25,1.5,1.25,1.28,1.5,1.25,1.39,1.5,1.25,1.45,0,0,0,0,1.25,1.25,0,90.90909091,0,0,1.25
2016-08-29,1.25,0,0,0,-16.67,-16.67,-16.67,1.25,1.25,1.25,1.25,1.25,1.25,1.5,1.25,1.28,1.5,1.25,1.39,1.5,1.25,1.44,0,0,0,0,1.25,1.25,0,90.90909091,0,0,1.25
2016-08-30,1.25,0,0,0,-16.67,-16.67,-16.67,1.25,1.25,1.25,1.25,1.25,1.25,1.5,1.25,1.27,1.5,1.25,1.39,1.5,1.25,1.44,0,0,0,0,1.25,1.25,0,90.90909091,0,0,1.25
2016-08-31,1.25,0,0,0,-16.67,-16.67,-16.67,1.25,1.25,1.25,1.25,1.25,1.25,1.5,1.25,1.27,1.5,1.25,1.38,1.5,1.25,1.44,0,0,0,0,1.25,1.25,0,90.90909091,0,0,1.25
2016-09-01,1.25,0,0,0,-16.67,-16.67,-16.67,1.25,1.25,1.25,1.25,1.25,1.25,1.5,1.25,1.27,1.5,1.25,1.38,1.5,1.25,1.44,0,0,0,0,1.25,1.25,0,90.90909091,0,0,1.25
2016-09-02,1.25,0,0,0,-16.67,-16.67,-16.67,1.25,1.25,1.25,1.25,1.25,1.25,1.5,1.25,1.26,1.5,1.25,1.38,1.5,1.25,1.44,0,0,0,0,1.25,1.25,0,90.90909091,0,0,1.25
2016-09-05,1.25,0,0,0,-16.67,-16.67,-16.67,1.25,1.25,1.25,1.25,1.25,1.25,1.5,1.25,1.26,1.5,1.25,1.38,1.5,1.25,1.44,0,0,0,0,1.25,1.25,0,90.90909091,0,0,1.25
2016-09-06,1.25,0,0,0,-16.67,-16.67,-16.67,1.25,1.25,1.25,1.25,1.25,1.25,1.5,1.25,1.25,1.5,1.25,1.38,1.5,1.25,1.44,0,0,0,0,1.25,1.25,0,90.90909091,0,0,1.25
2016-09-07,1.25,0,0,0,-16.67,-16.67,-16.67,1.25,1.25,1.25,1.25,1.25,1.25,1.25,1.25,1.25,1.5,1.25,1.38,1.5,1.25,1.44,0,0,0,0,1.25,1.25,0,91.32420091,0,0,1.25
2016-09-08,1.25,0,0,0,0,-16.67,-16.67,1.25,1.25,1.25,1.25,1.25,1.25,1.25,1.25,1.25,1.5,1.25,1.37,1.5,1.25,1.44,0,0,0,0,1.25,1.25,0,91.74311927,0,0,1.25
2016-09-09,1.25,0,0,0,0,-16.67,-16.67,1.25,1.25,1.25,1.25,1.25,1.25,1.25,1.25,1.25,1.5,1.25,1.37,1.5,1.25,1.44,0,0,0,0,1.25,1.25,0,92.16589862,0,0,1.25
2016-09-12,1.25,0,0,0,0,-16.67,-16.67,1.25,1.25,1.25,1.25,1.25,1.25,1.25,1.25,1.25,1.5,1.25,1.37,1.5,1.25,1.43,0,0,0,0,1.25,1.25,0,92.59259259,0,0,1.25
2016-09-13,1.25,0,0,0,0,-16.67,-16.67,1.25,1.25,1.25,1.25,1.25,1.25,1.25,1.25,1.25,1.5,1.25,1.37,1.5,1.25,1.43,0,0,0,0,1.25,1.25,0,93.02325581,0,0,1.25
2016-09-14,1.25,0,0,0,0,-16.67,-16.67,1.25,1.25,1.25,1.25,1.25,1.25,1.25,1.25,1.25,1.5,1.25,1.37,1.5,1.25,1.43,0,0,0,0,1.25,1.25,0,93.45794393,0,0,1.25
2016-09-15,1.25,0,0,0,0,-16.67,-16.67,1.25,1.25,1.25,1.25,1.25,1.25,1.25,1.25,1.25,1.5,1.25,1.36,1.5,1.25,1.43,0,0,0,0,1.25,1.25,0,93.89671362,0,0,1.25
2016-09-16,1.25,0,0,0,0,-16.67,-16.67,1.25,1.25,1.25,1.25,1.25,1.25,1.25,1.25,1.25,1.5,1.25,1.36,1.5,1.25,1.43,0,0,0,0,1.25,1.25,0,94.33962264,0,0,1.25
2016-09-19,1.25,0,0,0,0,-16.67,-16.67,1.25,1.25,1.25,1.25,1.25,1.25,1.25,1.25,1.25,1.5,1.25,1.36,1.5,1.25,1.43,0,0,0,0,1.25,1.25,0,94.78672986,0,0,1.25
2016-09-20,1.25,0,0,0,0,-16.67,-16.67,1.25,1.25,1.25,1.25,1.25,1.25,1.25,1.25,1.25,1.5,1.25,1.36,1.5,1.25,1.43,0,0,0,0,1.25,1.25,0,95.23809524,0,0,1.25
2016-09-21,1.25,0,0,0,0,-16.67,-16.67,1.25,1.25,1.25,1.25,1.25,1.25,1.25,1.25,1.25,1.5,1.25,1.36,1.5,1.25,1.43,0,0,0,0,1.25,1.25,0,95.6937799,0,0,1.25
2016-09-22,1.25,0,0,0,0,-16.67,-16.67,1.25,1.25,1.25,1.25,1.25,1.25,1.25,1.25,1.25,1.5,1.25,1.35,1.5,1.25,1.43,0,0,0,0,1.25,1.25,0,96.15384615,0,0,1.25
2016-09-23,1.25,0,0,0,0,-16.67,-16.67,1.25,1.25,1.25,1.25,1.25,1.25,1.25,1.25,1.25,1.5,1.25,1.35,1.5,1.25,1.43,0,0,0,0,1.25,1.25,0,96.61835749,0,0,1.25
2016-09-26,1.25,0,0,0,0,-16.67,-16.67,1.25,1.25,1.25,1.25,1.25,1.25,1.25,1.25,1.25,1.5,1.25,1.35,1.5,1.25,1.43,0,0,0,0,1.25,1.25,0,97.08737864,0,0,1.25
2016-09-27,1.25,0,0,0,0,-16.67,-16.67,1.25,1.25,1.25,1.25,1.25,1.25,1.25,1.25,1.25,1.5,1.25,1.35,1.5,1.25,1.42,0,0,0,0,1.25,1.25,0,97.56097561,0,0,1.25
2016-09-28,1.25,0,0,0,0,-16.67,-16.67,1.25,1.25,1.25,1.25,1.25,1.25,1.25,1.25,1.25,1.5,1.25,1.35,1.5,1.25,1.42,0,0,0,0,1.25,1.25,0,98.03921569,0,0,1.25
2016-09-29,1.25,0,0,0,0,-16.67,-16.67,1.25,1.25,1.25,1.25,1.25,1.25,1.25,1.25,1.25,1.5,1.25,1.34,1.5,1.25,1.42,0,0,0,0,1.25,1.25,0,98.52216749,0,0,1.25
2016-09-30,1.25,0,0,0,0,-16.67,-16.67,1.25,1.25,1.25,1.25,1.25,1.25,1.25,1.25,1.25,1.5,1.25,1.34,1.5,1.25,1.42,0,0,0,0,1.25,1.25,0,99.00990099,0,0,1.25
2016-10-03,1.25,0,0,0,0,-16.67,-16.67,1.25,1.25,1.25,1.25,1.25,1.25,1.25,1.25,1.25,1.5,1.25,1.34,1.5,1.25,1.42,0,0,0,0,1.25,1.25,0,99.50248756,0,0,1.25
2016-10-04,1.25,0,0,0,0,-16.67,-16.67,1.25,1.25,1.25,1.25,1.25,1.25,1.25,1.25,1.25,1.5,1.25,1.34,1.5,1.25,1.42,0,0,0,0,1.25,1.25,0,100,0,0,1.25
2016-10-05,1.25,0,0,0,0,-16.67,-16.67,1.25,1.25,1.25,1.25,1.25,1.25,1.25,1.25,1.25,1.5,1.25,1.34,1.5,1.25,1.42,0,0,0,0,1.25,1.25,0,100,0,0,1.25
2016-10-06,1.25,0,0,0,0,-16.67,-16.67,1.25,1.25,1.25,1.25,1.25,1.25,1.25,1.25,1.25,1.5,1.25,1.33,1.5,1.25,1.42,0,0,0,0,1.25,1.25,0,100,0,0,1.25
2016-10-07,1.25,0,0,0,0,-16.67,-16.67,1.25,1.25,1.25,1.25,1.25,1.25,1.25,1.25,1.25,1.5,1.25,1.33,1.5,1.25,1.42,0,0,0,0,1.25,1.25,0,100,0,0,1.25
2016-10-10,1.25,0,0,0,0,-16.67,-16.67,1.25,1.25,1.25,1.25,1.25,1.25,1.25,1.25,1.25,1.5,1.25,1.33,1.5,1.25,1.42,0,0,0,0,1.25,1.25,0,100,0,0,1.25
2016-10-11,1.25,0,0,0,0,-16.67,-16.67,1.25,1.25,1.25,1.25,1.25,1.25,1.25,1.25,1.25,1.5,1.25,1.33,1.5,1.25,1.41,0,0,0,0,1.25,1.25,0,100,0,0,1.25
2016-10-12,1.25,0,0,0,0,-16.67,-16.67,1.25,1.25,1.25,1.25,1.25,1.25,1.25,1.25,1.25,1.5,1.25,1.33,1.5,1.25,1.41,0,0,0,0,1.25,1.25,0,100,0,0,1.25
2016-10-13,1.25,0,0,0,0,-16.67,-16.67,1.25,1.25,1.25,1.25,1.25,1.25,1.25,1.25,1.25,1.5,1.25,1.33,1.5,1.25,1.41,0,0,0,0,1.25,1.25,0,100,0,0,1.25
2016-10-14,1.25,0,0,0,0,-16.67,-16.67,1.25,1.25,1.25,1.25,1.25,1.25,1.25,1.25,1.25,1.5,1.25,1.32,1.5,1.25,1.41,0,0,0,0,1.25,1.25,0,100,0,0,1.25
2016-10-17,1.25,0,0,0,0,-16.67,-16.67,1.25,1.25,1.25,1.25,1.25,1.25,1.25,1.25,1.25,1.5,1.25,1.32,1.5,1.25,1.41,0,0,0,0,1.25,1.25,0,100,0,0,1.25
2016-10-18,1.25,0,0,0,0,-16.67,-16.67,1.25,1.25,1.25,1.25,1.25,1.25,1.25,1.25,1.25,1.5,1.25,1.32,1.5,1.25,1.41,0,0,0,0,1.25,1.25,0,100,0,0,1.25
2016-10-19,1.25,0,0,0,0,-16.67,-16.67,1.25,1.25,1.25,1.25,1.25,1.25,1.25,1.25,1.25,1.5,1.25,1.32,1.5,1.25,1.41,0,0,0,0,1.25,1.25,0,100,0,0,1.25
2016-10-20,1.25,0,0,0,0,-16.67,-16.67,1.25,1.25,1.25,1.25,1.25,1.25,1.25,1.25,1.25,1.5,1.25,1.32,1.5,1.25,1.41,0,0,0,0,1.25,1.25,0,100,0,0,1.25
2016-10-21,1.25,0,0,0,0,-16.67,-16.67,1.25,1.25,1.25,1.25,1.25,1.25,1.25,1.25,1.25,1.5,1.25,1.31,1.5,1.25,1.41,0,0,0,0,1.25,1.25,0,100,0,0,1.25
2016-10-24,1.25,0,0,0,0,-16.67,-16.67,1.25,1.25,1.25,1.25,1.25,1.25,1.25,1.25,1.25,1.5,1.25,1.31,1.5,1.25,1.41,0,0,0,0,1.25,1.25,0,100,0,0,1.25
2016-10-25,1.25,0,0,0,0,-16.67,-16.67,1.25,1.25,1.25,1.25,1.25,1.25,1.25,1.25,1.25,1.5,1.25,1.31,1.5,1.25,1.4,0,0,0,0,1.25,1.25,0,100,0,0,1.25
2016-10-26,1.25,0,0,0,0,-16.67,-16.67,1.25,1.25,1.25,1.25,1.25,1.25,1.25,1.25,1.25,1.5,1.25,1.31,1.5,1.25,1.4,0,0,0,0,1.25,1.25,0,100,0,0,1.25
2016-10-27,1.25,0,0,0,0,-16.67,-16.67,1.25,1.25,1.25,1.25,1.25,1.25,1.25,1.25,1.25,1.5,1.25,1.31,1.5,1.25,1.4,0,0,0,0,1.25,1.25,0,100,0,0,1.25
2016-10-28,1.25,0,0,0,0,-16.67,-16.67,1.25,1.25,1.25,1.25,1.25,1.25,1.25,1.25,1.25,1.5,1.25,1.3,1.5,1.25,1.4,0,0,0,0,1.25,1.25,0,100,0,0,1.25
2016-10-31,1.25,0,0,0,0,-16.67,-16.67,1.25,1.25,1.25,1.25,1.25,1.25,1.25,1.25,1.25,1.5,1.25,1.3,1.5,1.25,1.4,0,0,0,0,1.25,1.25,0,100,0,0,1.25
2016-11-01,1.25,0,0,0,0,-16.67,-16.67,1.25,1.25,1.25,1.25,1.25,1.25,1.25,1.25,1.25,1.5,1.25,1.3,1.5,1.25,1.4,0,0,0,0,1.25,1.25,0,100,0,0,1.25
2016-11-02,1.25,0,0,0,0,-16.67,-16.67,1.25,1.25,1.25,1.25,1.25,1.25,1.25,1.25,1.25,1.5,1.25,1.3,1.5,1.25,1.4,0,0,0,0,1.25,1.25,0,100,0,0,1.25
2016-11-03,1.25,0,0,0,0,-16.67,-16.67,1.25,1.25,1.25,1.25,1.25,1.25,1.25,1.25,1.25,1.5,1.25,1.3,1.5,1.25,1.4,0,0,0,0,1.25,1.25,0,100,0,0,1.25
2016-11-04,1.25,0,0,0,0,-16.67,-16.67,1.25,1.25,1.25,1.25,1.25,1.25,1.25,1.25,1.25,1.5,1.25,1.29,1.5,1.25,1.4,0,0,0,0,1.25,1.25,0,100,0,0,1.25
2016-11-07,1.25,0,0,0,0,-16.67,-16.67,1.25,1.25,1.25,1.25,1.25,1.25,1.25,1.25,1.25,1.5,1.25,1.29,1.5,1.25,1.4,0,0,0,0,1.25,1.25,0,100,0,0,1.25
2016-11-08,1.25,0,0,0,0,-16.67,-16.67,1.25,1.25,1.25,1.25,1.25,1.25,1.25,1.25,1.25,1.5,1.25,1.29,1.5,1.25,1.4,0,0,0,0,1.25,1.25,0,100,0,0,1.25
2016-11-09,1.25,0,0,0,0,-16.67,-16.67,1.25,1.25,1.25,1.25,1.25,1.25,1.25,1.25,1.25,1.5,1.25,1.29,1.5,1.25,1.39,0,0,0,0,1.25,1.25,0,100,0,0,1.25
2016-11-10,1.25,0,0,0,0,-16.67,-16.67,1.25,1.25,1.25,1.25,1.25,1.25,1.25,1.25,1.25,1.5,1.25,1.29,1.5,1.25,1.39,0,0,0,0,1.25,1.25,0,100,0,0,1.25
2016-11-11,1.25,0,0,0,0,-16.67,-16.67,1.25,1.25,1.25,1.25,1.25,1.25,1.25,1.25,1.25,1.5,1.25,1.28,1.5,1.25,1.39,0,0,0,0,1.25,1.25,0,100,0,0,1.25
2016-11-14,1.25,0,0,0,0,-16.67,-16.67,1.25,1.25,1.25,1.25,1.25,1.25,1.25,1.25,1.25,1.5,1.25,1.28,1.5,1.25,1.39,0,0,0,0,1.25,1.25,0,100,0,0,1.25
2016-11-15,1.25,0,0,0,0,-16.67,-16.67,1.25,1.25,1.25,1.25,1.25,1.25,1.25,1.25,1.25,1.5,1.25,1.28,1.5,1.25,1.39,0,0,0,0,1.25,1.25,0,100,0,0,1.25
2016-11-16,1.25,0,0,0,0,-16.67,-16.67,1.25,1.25,1.25,1.25,1.25,1.25,1.25,1.25,1.25,1.5,1.25,1.28,1.5,1.25,1.39,0,0,0,0,1.25,1.25,0,100,0,0,1.25
2016-11-17,1.25,0,0,0,0,-16.67,-16.67,1.25,1.25,1.25,1.25,1.25,1.25,1.25,1.25,1.25,1.5,1.25,1.28,1.5,1.25,1.39,0,0,0,0,1.25,1.25,0,100,0,0,1.25
2016-11-18,1.25,0,0,0,0,-16.67,-16.67,1.25,1.25,1.25,1.25,1.25,1.25,1.25,1.25,1.25,1.5,1.25,1.28,1.5,1.25,1.39,0,0,0,0,1.25,1.25,0,100,0,0,1.25
2016-11-21,1.25,0,0,0,0,-16.67,-16.67,1.25,1.25,1.25,1.25,1.25,1.25,1.25,1.25,1.25,1.5,1.25,1.27,1.5,1.25,1.39,0,0,0,0,1.25,1.25,0,100,0,0,1.25
2016-11-22,1.25,0,0,0,0,-16.67,-16.67,1.25,1.25,1.25,1.25,1.25,1.25,1.25,1.25,1.25,1.5,1.25,1.27,1.5,1.25,1.39,0,0,0,0,1.25,1.25,0,100,0,0,1.25
2016-11-23,1.25,0,0,0,0,-16.67,-16.67,1.25,1.25,1.25,1.25,1.25,1.25,1.25,1.25,1.25,1.5,1.25,1.27,1.5,1.25,1.38,0,0,0,0,1.25,1.25,0,100,0,0,1.25
2016-11-24,1.25,0,0,0,0,-16.67,-16.67,1.25,1.25,1.25,1.25,1.25,1.25,1.25,1.25,1.25,1.5,1.25,1.27,1.5,1.25,1.38,0,0,0,0,1.25,1.25,0,100,0,0,1.25
2016-11-25,1.25,0,0,0,0,-16.67,-16.67,1.25,1.25,1.25,1.25,1.25,1.25,1.25,1.25,1.25,1.5,1.25,1.27,1.5,1.25,1.38,0,0,0,0,1.25,1.25,0,100,0,0,1.25
2016-11-28,1.25,0,0,0,0,-16.67,-16.67,1.25,1.25,1.25,1.25,1.25,1.25,1.25,1.25,1.25,1.5,1.25,1.26,1.5,1.25,1.38,0,0,0,0,1.25,1.25,0,100,0,0,1.25
2016-11-29,1.25,0,0,0,0,-16.67,-16.67,1.25,1.25,1.25,1.25,1.25,1.25,1.25,1.25,1.25,1.5,1.25,1.26,1.5,1.25,1.38,0,0,0,0,1.25,1.25,0,100,0,0,1.25
2016-11-30,1.25,0,0,0,0,-16.67,-16.67,1.25,1.25,1.25,1.25,1.25,1.25,1.25,1.25,1.25,1.5,1.25,1.26,1.5,1.25,1.38,0,0,0,0,1.25,1.25,0,100,0,0,1.25
2016-12-01,1.25,0,0,0,0,-16.67,-16.67,1.25,1.25,1.25,1.25,1.25,1.25,1.25,1.25,1.25,1.5,1.25,1.26,1.5,1.25,1.38,0,0,0,0,1.25,1.25,0,100,0,0,1.25
2016-12-02,1.25,0,0,0,0,-16.67,-16.67,1.25,1.25,1.25,1.25,1.25,1.25,1.25,1.25,1.25,1.5,1.25,1.26,1.5,1.25,1.38,0,0,0,0,1.25,1.25,0,100,0,0,1.25
2016-12-05,1.25,0,0,0,0,-16.67,-16.67,1.25,1.25,1.25,1.25,1.25,1.25,1.25,1.25,1.25,1.5,1.25,1.25,1.5,1.25,1.38,0,0,0,0,1.25,1.25,0,100,0,0,1.25
2016-12-06,1.25,0,0,0,0,-16.67,-16.67,1.25,1.25,1.25,1.25,1.25,1.25,1.25,1.25,1.25,1.5,1.25,1.25,1.5,1.25,1.38,0,0,0,0,1.25,1.25,0,100,0,0,1.25
2016-12-07,1.25,0,0,0,0,-16.67,-16.67,1.25,1.25,1.25,1.25,1.25,1.25,1.25,1.25,1.25,1.25,1.25,1.25,1.5,1.25,1.38,0,0,0,0,1.25,1.25,0,100,0,0,1.25
2016-12-08,1.25,0,0,0,0,0,-16.67,1.25,1.25,1.25,1.25,1.25,1.25,1.25,1.25,1.25,1.25,1.25,1.25,1.5,1.25,1.37,0,0,0,0,1.25,1.25,0,100,0,0,1.25
2016-12-09,1.25,0,0,0,0,0,-16.67,1.25,1.25,1.25,1.25,1.25,1.25,1.25,1.25,1.25,1.25,1.25,1.25,1.5,1.25,1.37,0,0,0,0,1.25,1.25,0,100,0,0,1.25
2016-12-12,1.25,0,0,0,0,0,-16.67,1.25,1.25,1.25,1.25,1.25,1.25,1.25,1.25,1.25,1.25,1.25,1.25,1.5,1.25,1.37,0,0,0,0,1.25,1.25,0,100,0,0,1.25
2016-12-13,1.25,0,0,0,0,0,-16.67,1.25,1.25,1.25,1.25,1.25,1.25,1.25,1.25,1.25,1.25,1.25,1.25,1.5,1.25,1.37,0,0,0,0,1.25,1.25,0,100,0,0,1.25
2016-12-14,1.25,0,0,0,0,0,-16.67,1.25,1.25,1.25,1.25,1.25,1.25,1.25,1.25,1.25,1.25,1.25,1.25,1.5,1.25,1.37,0,0,0,0,1.25,1.25,0,100,0,0,1.25
2016-12-15,1.25,0,0,0,0,0,-16.67,1.25,1.25,1.25,1.25,1.25,1.25,1.25,1.25,1.25,1.25,1.25,1.25,1.5,1.25,1.37,0,0,0,0,1.25,1.25,0,100,0,0,1.25
2016-12-16,1.25,0,0,0,0,0,-16.67,1.25,1.25,1.25,1.25,1.25,1.25,1.25,1.25,1.25,1.25,1.25,1.25,1.5,1.25,1.37,0,0,0,0,1.25,1.25,0,100,0,0,1.25
2016-12-19,1.25,0,0,0,0,0,-16.67,1.25,1.25,1.25,1.25,1.25,1.25,1.25,1.25,1.25,1.25,1.25,1.25,1.5,1.25,1.37,0,0,0,0,1.25,1.25,0,100,0,0,1.25
2016-12-20,1.25,0,0,0,0,0,-16.67,1.25,1.25,1.25,1.25,1.25,1.25,1.25,1.25,1.25,1.25,1.25,1.25,1.5,1.25,1.37,0,0,0,0,1.25,1.25,0,100,0,0,1.25
2016-12-21,1.25,0,0,0,0,0,-16.67,1.25,1.25,1.25,1.25,1.25,1.25,1.25,1.25,1.25,1.25,1.25,1.25,1.5,1.25,1.37,0,0,0,0,1.25,1.25,0,100,0,0,1.25
2016-12-22,1.25,0,0,0,0,0,-16.67,1.25,1.25,1.25,1.25,1.25,1.25,1.25,1.25,1.25,1.25,1.25,1.25,1.5,1.25,1.36,0,0,0,0,1.25,1.25,0,100,0,0,1.25
2016-12-23,1.25,0,0,0,0,0,-16.67,1.25,1.25,1.25,1.25,1.25,1.25,1.25,1.25,1.25,1.25,1.25,1.25,1.5,1.25,1.36,0,0,0,0,1.25,1.25,0,100,0,0,1.25
2016-12-26,1.25,0,0,0,0,0,-16.67,1.25,1.25,1.25,1.25,1.25,1.25,1.25,1.25,1.25,1.25,1.25,1.25,1.5,1.25,1.36,0,0,0,0,1.25,1.25,0,100,0,0,1.25
2016-12-27,1.25,0,0,0,0,0,-16.67,1.25,1.25,1.25,1.25,1.25,1.25,1.25,1.25,1.25,1.25,1.25,1.25,1.5,1.25,1.36,0,0,0,0,1.25,1.25,0,100,0,0,1.25
2016-12-28,1.25,0,0,0,0,0,-16.67,1.25,1.25,1.25,1.25,1.25,1.25,1.25,1.25,1.25,1.25,1.25,1.25,1.5,1.25,1.36,0,0,0,0,1.25,1.25,0,100,0,0,1.25
2016-12-29,1.25,0,0,0,0,0,-16.67,1.25,1.25,1.25,1.25,1.25,1.25,1.25,1.25,1.25,1.25,1.25,1.25,1.5,1.25,1.36,0,0,0,0,1.25,1.25,0,100,0,0,1.25
2016-12-30,1.25,0,0,0,0,0,-16.67,1.25,1.25,1.25,1.25,1.25,1.25,1.25,1.25,1.25,1.25,1.25,1.25,1.5,1.25,1.36,0,0,0,0,1.25,1.25,0,100,0,0,1.25
2017-01-02,1.25,0,0,0,0,0,-16.67,1.25,1.25,1.25,1.25,1.25,1.25,1.25,1.25,1.25,1.25,1.25,1.25,1.5,1.25,1.36,0,0,0,0,1.25,1.25,0,100,0,0,1.25
2017-01-03,1.25,0,0,0,0,0,-16.67,1.25,1.25,1.25,1.25,1.25,1.25,1.25,1.25,1.25,1.25,1.25,1.25,1.5,1.25,1.36,0,0,0,0,1.25,1.25,0,100,0,0,1.25
2017-01-04,1.25,0,0,0,0,0,-16.67,1.25,1.25,1.25,1.25,1.25,1.25,1.25,1.25,1.25,1.25,1.25,1.25,1.5,1.25,1.36,0,0,0,0,1.25,1.25,0,100,0,0,1.25
2017-01-05,1.25,0,0,0,0,0,-16.67,1.25,1.25,1.25,1.25,1.25,1.25,1.25,1.25,1.25,1.25,1.25,1.25,1.5,1.25,1.35,0,0,0,0,1.25,1.25,0,100,0,0,1.25
2017-01-06,1.25,0,0,0,0,0,-16.67,1.25,1.25,1.25,1.25,1.25,1.25,1.25,1.25,1.25,1.25,1.25,1.25,1.5,1.25,1.35,0,0,0,0,1.25,1.25,0,100,0,0,1.25
2017-01-09,1.25,0,0,0,0,0,-16.67,1.25,1.25,1.25,1.25,1.25,1.25,1.25,1.25,1.25,1.25,1.25,1.25,1.5,1.25,1.35,0,0,0,0,1.25,1.25,0,100,0,0,1.25
2017-01-10,1.25,0,0,0,0,0,-16.67,1.25,1.25,1.25,1.25,1.25,1.25,1.25,1.25,1.25,1.25,1.25,1.25,1.5,1.25,1.35,0,0,0,0,1.25,1.25,0,100,0,0,1.25
2017-01-11,1.25,0,0,0,0,0,-16.67,1.25,1.25,1.25,1.25,1.25,1.25,1.25,1.25,1.25,1.25,1.25,1.25,1.5,1.25,1.35,0,0,0,0,1.25,1.25,0,100,0,0,1.25
2017-01-12,1.25,0,0,0,0,0,-16.67,1.25,1.25,1.25,1.25,1.25,1.25,1.25,1.25,1.25,1.25,1.25,1.25,1.5,1.25,1.35,0,0,0,0,1.25,1.25,0,100,0,0,1.25
2017-01-13,1.25,0,0,0,0,0,-16.67,1.25,1.25,1.25,1.25,1.25,1.25,1.25,1.25,1.25,1.25,1.25,1.25,1.5,1.25,1.35,0,0,0,0,1.25,1.25,0,100,0,0,1.25
2017-01-16,1.25,0,0,0,0,0,-16.67,1.25,1.25,1.25,1.25,1.25,1.25,1.25,1.25,1.25,1.25,1.25,1.25,1.5,1.25,1.35,0,0,0,0,1.25,1.25,0,100,0,0,1.25
2017-01-17,1.25,0,0,0,0,0,-16.67,1.25,1.25,1.25,1.25,1.25,1.25,1.25,1.25,1.25,1.25,1.25,1.25,1.5,1.25,1.35,0,0,0,0,1.25,1.25,0,100,0,0,1.25
2017-01-18,1.25,0,0,0,0,0,-16.67,1.25,1.25,1.25,1.25,1.25,1.25,1.25,1.25,1.25,1.25,1.25,1.25,1.5,1.25,1.35,0,0,0,0,1.25,1.25,0,100,0,0,1.25
2017-01-19,1.25,0,0,0,0,0,-16.67,1.25,1.25,1.25,1.25,1.25,1.25,1.25,1.25,1.25,1.25,1.25,1.25,1.5,1.25,1.35,0,0,0,0,1.25,1.25,0,100,0,0,1.25
2017-01-20,1.25,0,0,0,0,0,-16.67,1.25,1.25,1.25,1.25,1.25,1.25,1.25,1.25,1.25,1.25,1.25,1.25,1.5,1.25,1.34,0,0,0,0,1.25,1.25,0,100,0,0,1.25
2017-01-23,1.25,0,0,0,0,0,-16.67,1.25,1.25,1.25,1.25,1.25,1.25,1.25,1.25,1.25,1.25,1.25,1.25,1.5,1.25,1.34,0,0,0,0,1.25,1.25,0,100,0,0,1.25
2017-01-24,1.25,0,0,0,0,0,-16.67,1.25,1.25,1.25,1.25,1.25,1.25,1.25,1.25,1.25,1.25,1.25,1.25,1.5,1.25,1.34,0,0,0,0,1.25,1.25,0,100,0,0,1.25
2017-01-25,1.25,0,0,0,0,0,-16.67,1.25,1.25,1.25,1.25,1.25,1.25,1.25,1.25,1.25,1.25,1.25,1.25,1.5,1.25,1.34,0,0,0,0,1.25,1.25,0,100,0,0,1.25
2017-01-26,1.25,0,0,0,0,0,-16.67,1.25,1.25,1.25,1.25,1.25,1.25,1.25,1.25,1.25,1.25,1.25,1.25,1.5,1.25,1.34,0,0,0,0,1.25,1.25,0,100,0,0,1.25
2017-01-27,1.25,0,0,0,0,0,-16.67,1.25,1.25,1.25,1.25,1.25,1.25,1.25,1.25,1.25,1.25,1.25,1.25,1.5,1.25,1.34,0,0,0,0,1.25,1.25,0,100,0,0,1.25
2017-01-30,1.25,0,0,0,0,0,-16.67,1.25,1.25,1.25,1.25,1.25,1.25,1.25,1.25,1.25,1.25,1.25,1.25,1.5,1.25,1.34,0,0,0,0,1.25,1.25,0,100,0,0,1.25
2017-01-31,1.25,0,0,0,0,0,-16.67,1.25,1.25,1.25,1.25,1.25,1.25,1.25,1.25,1.25,1.25,1.25,1.25,1.5,1.25,1.34,0,0,0,0,1.25,1.25,0,100,0,0,1.25
2017-02-01,1.25,0,0,0,0,0,-16.67,1.25,1.25,1.25,1.25,1.25,1.25,1.25,1.25,1.25,1.25,1.25,1.25,1.5,1.25,1.34,0,0,0,0,1.25,1.25,0,100,0,0,1.25
2017-02-02,1.25,0,0,0,0,0,-16.67,1.25,1.25,1.25,1.25,1.25,1.25,1.25,1.25,1.25,1.25,1.25,1.25,1.5,1.25,1.34,0,0,0,0,1.25,1.25,0,100,0,0,1.25
2017-02-03,1.25,0,0,0,0,0,-16.67,1.25,1.25,1.25,1.25,1.25,1.25,1.25,1.25,1.25,1.25,1.25,1.25,1.5,1.25,1.33,0,0,0,0,1.25,1.25,0,100,0,0,1.25
2017-02-06,1.25,0,0,0,0,0,-16.67,1.25,1.25,1.25,1.25,1.25,1.25,1.25,1.25,1.25,1.25,1.25,1.25,1.5,1.25,1.33,0,0,0,0,1.25,1.25,0,100,0,0,1.25
2017-02-07,1.25,0,0,0,0,0,-16.67,1.25,1.25,1.25,1.25,1.25,1.25,1.25,1.25,1.25,1.25,1.25,1.25,1.5,1.25,1.33,0,0,0,0,1.25,1.25,0,100,0,0,1.25
2017-02-08,1.25,0,0,0,0,0,-16.67,1.25,1.25,1.25,1.25,1.25,1.25,1.25,1.25,1.25,1.25,1.25,1.25,1.5,1.25,1.33,0,0,0,0,1.25,1.25,0,100,0,0,1.25
2017-02-09,1.25,0,0,0,0,0,-16.67,1.25,1.25,1.25,1.25,1.25,1.25,1.25,1.25,1.25,1.25,1.25,1.25,1.5,1.25,1.33,0,0,0,0,1.25,1.25,0,100,0,0,1.25
2017-02-10,1.25,0,0,0,0,0,-16.67,1.25,1.25,1.25,1.25,1.25,1.25,1.25,1.25,1.25,1.25,1.25,1.25,1.5,1.25,1.33,0,0,0,0,1.25,1.25,0,100,0,0,1.25
2017-02-13,1.25,0,0,0,0,0,-16.67,1.25,1.25,1.25,1.25,1.25,1.25,1.25,1.25,1.25,1.25,1.25,1.25,1.5,1.25,1.33,0,0,0,0,1.25,1.25,0,100,0,0,1.25
2017-02-14,1.25,0,0,0,0,0,-16.67,1.25,1.25,1.25,1.25,1.25,1.25,1.25,1.25,1.25,1.25,1.25,1.25,1.5,1.25,1.33,0,0,0,0,1.25,1.25,0,100,0,0,1.25
2017-02-15,1.25,0,0,0,0,0,-16.67,1.25,1.25,1.25,1.25,1.25,1.25,1.25,1.25,1.25,1.25,1.25,1.25,1.5,1.25,1.33,0,0,0,0,1.25,1.25,0,100,0,0,1.25
2017-02-16,1.25,0,0,0,0,0,-16.67,1.25,1.25,1.25,1.25,1.25,1.25,1.25,1.25,1.25,1.25,1.25,1.25,1.5,1.25,1.33,0,0,0,0,1.25,1.25,0,100,0,0,1.25
2017-02-17,1.25,0,0,0,0,0,-16.67,1.25,1.25,1.25,1.25,1.25,1.25,1.25,1.25,1.25,1.25,1.25,1.25,1.5,1.25,1.33,0,0,0,0,1.25,1.25,0,100,0,0,1.25
2017-02-20,1.25,0,0,0,0,0,-16.67,1.25,1.25,1.25,1.25,1.25,1.25,1.25,1.25,1.25,1.25,1.25,1.25,1.5,1.25,1.32,0,0,0,0,1.25,1.25,0,100,0,0,1.25
2017-02-21,1.25,0,0,0,0,0,-16.67,1.25,1.25,1.25,1.25,1.25,1.25,1.25,1.25,1.25,1.25,1.25,1.25,1.5,1.25,1.32,0,0,0,0,1.25,1.25,0,100,0,0,1.25
2017-02-22,1.25,0,0,0,0,0,-16.67,1.25,1.25,1.25,1.25,1.25,1.25,1.25,1.25,1.25,1.25,1.25,1.25,1.5,1.25,1.32,0,0,0,0,1.25,1.25,0,100,0,0,1.25
2017-02-23,1.25,0,0,0,0,0,-16.67,1.25,1.25,1.25,1.25,1.25,1.25,1.25,1.25,1.25,1.25,1.25,1.25,1.5,1.25,1.32,0,0,0,0,1.25,1.25,0,100,0,0,1.25
2017-02-24,1.25,0,0,0,0,0,-16.67,1.25,1.25,1.25,1.25,1.25,1.25,1.25,1.25,1.25,1.25,1.25,1.25,1.5,1.25,1.32,0,0,0,0,1.25,1.25,0,100,0,0,1.25
2017-02-27,1.25,0,0,0,0,0,-16.67,1.25,1.25,1.25,1.25,1.25,1.25,1.25,1.25,1.25,1.25,1.25,1.25,1.5,1.25,1.32,0,0,0,0,1.25,1.25,0,100,0,0,1.25
2017-02-28,1.25,0,0,0,0,0,-16.67,1.25,1.25,1.25,1.25,1.25,1.25,1.25,1.25,1.25,1.25,1.25,1.25,1.5,1.25,1.32,0,0,0,0,1.25,1.25,0,100,0,0,1.25
2017-03-01,1.25,0,0,0,0,0,-16.67,1.25,1.25,1.25,1.25,1.25,1.25,1.25,1.25,1.25,1.25,1.25,1.25,1.5,1.25,1.32,0,0,0,0,1.25,1.25,0,100,0,0,1.25
2017-03-02,1.25,0,0,0,0,0,-16.67,1.25,1.25,1.25,1.25,1.25,1.25,1.25,1.25,1.25,1.25,1.25,1.25,1.5,1.25,1.32,0,0,0,0,1.25,1.25,0,100,0,0,1.25
2017-03-03,1.25,0,0,0,0,0,-16.67,1.25,1.25,1.25,1.25,1.25,1.25,1.25,1.25,1.25,1.25,1.25,1.25,1.5,1.25,1.32,0,0,0,0,1.25,1.25,0,100,0,0,1.25
2017-03-06,1.25,0,0,0,0,0,-16.67,1.25,1.25,1.25,1.25,1.25,1.25,1.25,1.25,1.25,1.25,1.25,1.25,1.5,1.25,1.31,0,0,0,0,1.25,1.25,0,100,0,0,1.25
2017-03-07,1.25,0,0,0,0,0,-16.67,1.25,1.25,1.25,1.25,1.25,1.25,1.25,1.25,1.25,1.25,1.25,1.25,1.5,1.25,1.31,0,0,0,0,1.25,1.25,0,100,0,0,1.25
2017-03-08,1.25,0,0,0,0,0,-16.67,1.25,1.25,1.25,1.25,1.25,1.25,1.25,1.25,1.25,1.25,1.25,1.25,1.5,1.25,1.31,0,0,0,0,1.25,1.25,0,100,0,0,1.25
2017-03-09,1.25,0,0,0,0,0,-16.67,1.25,1.25,1.25,1.25,1.25,1.25,1.25,1.25,1.25,1.25,1.25,1.25,1.5,1.25,1.31,0,0,0,0,1.25,1.25,0,100,0,0,1.25
2017-03-10,1.25,0,0,0,0,0,-16.67,1.25,1.25,1.25,1.25,1.25,1.25,1.25,1.25,1.25,1.25,1.25,1.25,1.5,1.25,1.31,0,0,0,0,1.25,1.25,0,100,0,0,1.25
2017-03-13,1.25,0,0,0,0,0,-16.67,1.25,1.25,1.25,1.25,1.25,1.25,1.25,1.25,1.25,1.25,1.25,1.25,1.5,1.25,1.31,0,0,0,0,1.25,1.25,0,100,0,0,1.25
2017-03-14,1.25,0,0,0,0,0,-16.67,1.25,1.25,1.25,1.25,1.25,1.25,1.25,1.25,1.25,1.25,1.25,1.25,1.5,1.25,1.31,0,0,0,0,1.25,1.25,0,100,0,0,1.25
2017-03-15,1.25,0,0,0,0,0,-16.67,1.25,1.25,1.25,1.25,1.25,1.25,1.25,1.25,1.25,1.25,1.25,1.25,1.5,1.25,1.31,0,0,0,0,1.25,1.25,0,100,0,0,1.25
2017-03-16,1.25,0,0,0,0,0,-16.67,1.25,1.25,1.25,1.25,1.25,1.25,1.25,1.25,1.25,1.25,1.25,1.25,1.5,1.25,1.31,0,0,0,0,1.25,1.25,0,100,0,0,1.25
2017-03-17,1.25,0,0,0,0,0,-16.67,1.25,1.25,1.25,1.25,1.25,1.25,1.25,1.25,1.25,1.25,1.25,1.25,1.5,1.25,1.31,0,0,0,0,1.25,1.25,0,100,0,0,1.25
2017-03-20,1.25,0,0,0,0,0,-16.67,1.25,1.25,1.25,1.25,1.25,1.25,1.25,1.25,1.25,1.25,1.25,1.25,1.5,1.25,1.3,0,0,0,0,1.25,1.25,0,100,0,0,1.25
2017-03-21,1.25,0,0,0,0,0,-16.67,1.25,1.25,1.25,1.25,1.25,1.25,1.25,1.25,1.25,1.25,1.25,1.25,1.5,1.25,1.3,0,0,0,0,1.25,1.25,0,100,0,0,1.25
2017-03-22,1.25,0,0,0,0,0,-16.67,1.25,1.25,1.25,1.25,1.25,1.25,1.25,1.25,1.25,1.25,1.25,1.25,1.5,1.25,1.3,0,0,0,0,1.25,1.25,0,100,0,0,1.25
2017-03-23,1.25,0,0,0,0,0,-16.67,1.25,1.25,1.25,1.25,1.25,1.25,1.25,1.25,1.25,1.25,1.25,1.25,1.5,1.25,1.3,0,0,0,0,1.25,1.25,0,100,0,0,1.25
2017-03-24,1.25,0,0,0,0,0,-16.67,1.25,1.25,1.25,1.25,1.25,1.25,1.25,1.25,1.25,1.25,1.25,1.25,1.5,1.25,1.3,0,0,0,0,1.25,1.25,0,100,0,0,1.25
2017-03-27,1.25,0,0,0,0,0,-16.67,1.25,1.25,1.25,1.25,1.25,1.25,1.25,1.25,1.25,1.25,1.25,1.25,1.5,1.25,1.3,0,0,0,0,1.25,1.25,0,100,0,0,1.25
2017-03-28,1.25,0,0,0,0,0,-16.67,1.25,1.25,1.25,1.25,1.25,1.25,1.25,1.25,1.25,1.25,1.25,1.25,1.5,1.25,1.3,0,0,0,0,1.25,1.25,0,100,0,0,1.25
2017-03-29,1.25,0,0,0,0,0,-16.67,1.25,1.25,1.25,1.25,1.25,1.25,1.25,1.25,1.25,1.25,1.25,1.25,1.5,1.25,1.3,0,0,0,0,1.25,1.25,0,100,0,0,1.25
2017-03-30,1.25,0,0,0,0,0,-16.67,1.25,1.25,1.25,1.25,1.25,1.25,1.25,1.25,1.25,1.25,1.25,1.25,1.5,1.25,1.3,0,0,0,0,1.25,1.25,0,100,0,0,1.25
2017-03-31,1.25,0,0,0,0,0,-16.67,1.25,1.25,1.25,1.25,1.25,1.25,1.25,1.25,1.25,1.25,1.25,1.25,1.5,1.25,1.3,0,0,0,0,1.25,1.25,0,100,0,0,1.25
2017-04-03,1.25,0,0,0,0,0,-16.67,1.25,1.25,1.25,1.25,1.25,1.25,1.25,1.25,1.25,1.25,1.25,1.25,1.5,1.25,1.3,0,0,0,0,1.25,1.25,0,100,0,0,1.25
2017-04-04,1.25,0,0,0,0,0,-16.67,1.25,1.25,1.25,1.25,1.25,1.25,1.25,1.25,1.25,1.25,1.25,1.25,1.5,1.25,1.29,0,0,0,0,1.25,1.25,0,100,0,0,1.25
2017-04-05,1.25,0,0,0,0,0,-16.67,1.25,1.25,1.25,1.25,1.25,1.25,1.25,1.25,1.25,1.25,1.25,1.25,1.5,1.25,1.29,0,0,0,0,1.25,1.25,0,100,0,0,1.25
2017-04-06,1.25,0,0,0,0,0,-16.67,1.25,1.25,1.25,1.25,1.25,1.25,1.25,1.25,1.25,1.25,1.25,1.25,1.5,1.25,1.29,0,0,0,0,1.25,1.25,0,100,0,0,1.25
2017-04-07,1.25,0,0,0,0,0,-16.67,1.25,1.25,1.25,1.25,1.25,1.25,1.25,1.25,1.25,1.25,1.25,1.25,1.5,1.25,1.29,0,0,0,0,1.25,1.25,0,100,0,0,1.25
2017-04-10,1.25,0,0,0,0,0,-16.67,1.25,1.25,1.25,1.25,1.25,1.25,1.25,1.25,1.25,1.25,1.25,1.25,1.5,1.25,1.29,0,0,0,0,1.25,1.25,0,100,0,0,1.25
2017-04-11,1.25,0,0,0,0,0,-16.67,1.25,1.25,1.25,1.25,1.25,1.25,1.25,1.25,1.25,1.25,1.25,1.25,1.5,1.25,1.29,0,0,0,0,1.25,1.25,0,100,0,0,1.25
2017-04-12,1.25,0,0,0,0,0,-16.67,1.25,1.25,1.25,1.25,1.25,1.25,1.25,1.25,1.25,1.25,1.25,1.25,1.5,1.25,1.29,0,0,0,0,1.25,1.25,0,100,0,0,1.25
2017-04-13,1.25,0,0,0,0,0,-16.67,1.25,1.25,1.25,1.25,1.25,1.25,1.25,1.25,1.25,1.25,1.25,1.25,1.5,1.25,1.29,0,0,0,0,1.25,1.25,0,100,0,0,1.25
2017-04-14,1.25,0,0,0,0,0,-16.67,1.25,1.25,1.25,1.25,1.25,1.25,1.25,1.25,1.25,1.25,1.25,1.25,1.5,1.25,1.29,0,0,0,0,1.25,1.25,0,100,0,0,1.25
2017-04-17,1.25,0,0,0,0,0,-16.67,1.25,1.25,1.25,1.25,1.25,1.25,1.25,1.25,1.25,1.25,1.25,1.25,1.5,1.25,1.29,0,0,0,0,1.25,1.25,0,100,0,0,1.25
2017-04-18,1.25,0,0,0,0,0,-16.67,1.25,1.25,1.25,1.25,1.25,1.25,1.25,1.25,1.25,1.25,1.25,1.25,1.5,1.25,1.28,0,0,0,0,1.25,1.25,0,100,0,0,1.25
2017-04-19,1.25,0,0,0,0,0,-16.67,1.25,1.25,1.25,1.25,1.25,1.25,1.25,1.25,1.25,1.25,1.25,1.25,1.5,1.25,1.28,0,0,0,0,1.25,1.25,0,100,0,0,1.25
2017-04-20,1.25,0,0,0,0,0,-16.67,1.25,1.25,1.25,1.25,1.25,1.25,1.25,1.25,1.25,1.25,1.25,1.25,1.5,1.25,1.28,0,0,0,0,1.25,1.25,0,100,0,0,1.25
2017-04-21,1.25,0,0,0,0,0,-16.67,1.25,1.25,1.25,1.25,1.25,1.25,1.25,1.25,1.25,1.25,1.25,1.25,1.5,1.25,1.28,0,0,0,0,1.25,1.25,0,100,0,0,1.25
2017-04-24,1.25,0,0,0,0,0,-16.67,1.25,1.25,1.25,1.25,1.25,1.25,1.25,1.25,1.25,1.25,1.25,1.25,1.5,1.25,1.28,0,0,0,0,1.25,1.25,0,100,0,0,1.25
2017-04-25,1.25,0,0,0,0,0,-16.67,1.25,1.25,1.25,1.25,1.25,1.25,1.25,1.25,1.25,1.25,1.25,1.25,1.5,1.25,1.28,0,0,0,0,1.25,1.25,0,100,0,0,1.25
2017-04-26,1.25,0,0,0,0,0,-16.67,1.25,1.25,1.25,1.25,1.25,1.25,1.25,1.25,1.25,1.25,1.25,1.25,1.5,1.25,1.28,0,0,0,0,1.25,1.25,0,100,0,0,1.25
2017-04-27,1.25,0,0,0,0,0,-16.67,1.25,1.25,1.25,1.25,1.25,1.25,1.25,1.25,1.25,1.25,1.25,1.25,1.5,1.25,1.28,0,0,0,0,1.25,1.25,0,100,0,0,1.25
2017-04-28,1.25,0,0,0,0,0,-16.67,1.25,1.25,1.25,1.25,1.25,1.25,1.25,1.25,1.25,1.25,1.25,1.25,1.5,1.25,1.28,0,0,0,0,1.25,1.25,0,100,0,0,1.25
2017-05-01,1.25,0,0,0,0,0,-16.67,1.25,1.25,1.25,1.25,1.25,1.25,1.25,1.25,1.25,1.25,1.25,1.25,1.5,1.25,1.28,0,0,0,0,1.25,1.25,0,100,0,0,1.25
2017-05-02,1.25,0,0,0,0,0,-16.67,1.25,1.25,1.25,1.25,1.25,1.25,1.25,1.25,1.25,1.25,1.25,1.25,1.5,1.25,1.28,0,0,0,0,1.25,1.25,0,100,0,0,1.25
2017-05-03,1.25,0,0,0,0,0,-16.67,1.25,1.25,1.25,1.25,1.25,1.25,1.25,1.25,1.25,1.25,1.25,1.25,1.5,1.25,1.27,0,0,0,0,1.25,1.25,0,100,0,0,1.25
2017-05-04,1.25,0,0,0,0,0,-16.67,1.25,1.25,1.25,1.25,1.25,1.25,1.25,1.25,1.25,1.25,1.25,1.25,1.5,1.25,1.27,0,0,0,0,1.25,1.25,0,100,0,0,1.25
2017-05-05,1.25,0,0,0,0,0,-16.67,1.25,1.25,1.25,1.25,1.25,1.25,1.25,1.25,1.25,1.25,1.25,1.25,1.5,1.25,1.27,0,0,0,0,1.25,1.25,0,100,0,0,1.25
2017-05-08,1.25,0,0,0,0,0,-16.67,1.25,1.25,1.25,1.25,1.25,1.25,1.25,1.25,1.25,1.25,1.25,1.25,1.5,1.25,1.27,0,0,0,0,1.25,1.25,0,100,0,0,1.25
2017-05-09,1.25,0,0,0,0,0,-16.67,1.25,1.25,1.25,1.25,1.25,1.25,1.25,1.25,1.25,1.25,1.25,1.25,1.5,1.25,1.27,0,0,0,0,1.25,1.25,0,100,0,0,1.25
2017-05-10,1.25,0,0,0,0,0,-16.67,1.25,1.25,1.25,1.25,1.25,1.25,1.25,1.25,1.25,1.25,1.25,1.25,1.5,1.25,1.27,0,0,0,0,1.25,1.25,0,100,0,0,1.25
2017-05-11,1.25,0,0,0,0,0,-16.67,1.25,1.25,1.25,1.25,1.25,1.25,1.25,1.25,1.25,1.25,1.25,1.25,1.5,1.25,1.27,0,0,0,0,1.25,1.25,0,100,0,0,1.25
2017-05-12,1.25,0,0,0,0,0,-16.67,1.25,1.25,1.25,1.25,1.25,1.25,1.25,1.25,1.25,1.25,1.25,1.25,1.5,1.25,1.27,0,0,0,0,1.25,1.25,0,100,0,0,1.25
2017-05-15,1.25,0,0,0,0,0,-16.67,1.25,1.25,1.25,1.25,1.25,1.25,1.25,1.25,1.25,1.25,1.25,1.25,1.5,1.25,1.27,0,0,0,0,1.25,1.25,0,100,0,0,1.25
2017-05-16,1.25,0,0,0,0,0,-16.67,1.25,1.25,1.25,1.25,1.25,1.25,1.25,1.25,1.25,1.25,1.25,1.25,1.5,1.25,1.27,0,0,0,0,1.25,1.25,0,100,0,0,1.25
2017-05-17,1.25,0,0,0,0,0,-16.67,1.25,1.25,1.25,1.25,1.25,1.25,1.25,1.25,1.25,1.25,1.25,1.25,1.5,1.25,1.26,0,0,0,0,1.25,1.25,0,100,0,0,1.25
2017-05-18,1.25,0,0,0,0,0,-16.67,1.25,1.25,1.25,1.25,1.25,1.25,1.25,1.25,1.25,1.25,1.25,1.25,1.5,1.25,1.26,0,0,0,0,1.25,1.25,0,100,0,0,1.25
2017-05-19,1.25,0,0,0,0,0,-16.67,1.25,1.25,1.25,1.25,1.25,1.25,1.25,1.25,1.25,1.25,1.25,1.25,1.5,1.25,1.26,0,0,0,0,1.25,1.25,0,100,0,0,1.25
2017-05-22,1.25,0,0,0,0,0,-16.67,1.25,1.25,1.25,1.25,1.25,1.25,1.25,1.25,1.25,1.25,1.25,1.25,1.5,1.25,1.26,0,0,0,0,1.25,1.25,0,100,0,0,1.25
2017-05-23,1.25,0,0,0,0,0,-16.67,1.25,1.25,1.25,1.25,1.25,1.25,1.25,1.25,1.25,1.25,1.25,1.25,1.5,1.25,1.26,0,0,0,0,1.25,1.25,0,100,0,0,1.25
2017-05-24,1.25,0,0,0,0,0,-16.67,1.25,1.25,1.25,1.25,1.25,1.25,1.25,1.25,1.25,1.25,1.25,1.25,1.5,1.25,1.26,0,0,0,0,1.25,1.25,0,100,0,0,1.25
2017-05-25,1.25,0,0,0,0,0,-16.67,1.25,1.25,1.25,1.25,1.25,1.25,1.25,1.25,1.25,1.25,1.25,1.25,1.5,1.25,1.26,0,0,0,0,1.25,1.25,0,100,0,0,1.25
2017-05-26,1.25,0,0,0,0,0,-16.67,1.25,1.25,1.25,1.25,1.25,1.25,1.25,1.25,1.25,1.25,1.25,1.25,1.5,1.25,1.26,0,0,0,0,1.25,1.25,0,100,0,0,1.25
2017-05-29,1.25,0,0,0,0,0,-16.67,1.25,1.25,1.25,1.25,1.25,1.25,1.25,1.25,1.25,1.25,1.25,1.25,1.5,1.25,1.26,0,0,0,0,1.25,1.25,0,100,0,0,1.25
2017-05-30,1.25,0,0,0,0,0,-16.67,1.25,1.25,1.25,1.25,1.25,1.25,1.25,1.25,1.25,1.25,1.25,1.25,1.5,1.25,1.26,0,0,0,0,1.25,1.25,0,100,0,0,1.25
2017-05-31,1.25,0,0,0,0,0,-16.67,1.25,1.25,1.25,1.25,1.25,1.25,1.25,1.25,1.25,1.25,1.25,1.25,1.5,1.25,1.25,0,0,0,0,1.25,1.25,0,100,0,0,1.25
2017-06-01,1.25,0,0,0,0,0,-16.67,1.25,1.25,1.25,1.25,1.25,1.25,1.25,1.25,1.25,1.25,1.25,1.25,1.5,1.25,1.25,0,0,0,0,1.25,1.25,0,100,0,0,1.25
2017-06-02,1.25,0,0,0,0,0,-16.67,1.25,1.25,1.25,1.25,1.25,1.25,1.25,1.25,1.25,1.25,1.25,1.25,1.5,1.25,1.25,0,0,0,0,1.25,1.25,0,100,0,0,1.25
2017-06-05,1.25,0,0,0,0,0,-16.67,1.25,1.25,1.25,1.25,1.25,1.25,1.25,1.25,1.25,1.25,1.25,1.25,1.5,1.25,1.25,0,0,0,0,1.25,1.25,0,100,0,0,1.25
2017-06-06,1.25,0,0,0,0,0,-16.67,1.25,1.25,1.25,1.25,1.25,1.25,1.25,1.25,1.25,1.25,1.25,1.25,1.5,1.25,1.25,0,0,0,0,1.25,1.25,0,100,0,0,1.25
2017-06-07,1.25,0,0,0,0,0,-16.67,1.25,1.25,1.25,1.25,1.25,1.25,1.25,1.25,1.25,1.25,1.25,1.25,1.25,1.25,1.25,0,0,0,0,1.25,1.25,0,100,0,0,1.25
2017-06-08,1.25,0,0,0,0,0,0,1.25,1.25,1.25,1.25,1.25,1.25,1.25,1.25,1.25,1.25,1.25,1.25,1.25,1.25,1.25,0,0,0,0,1.25,1.25,0,100,0,0,1.25
2017-06-09,1.25,0,0,0,0,0,0,1.25,1.25,1.25,1.25,1.25,1.25,1.25,1.25,1.25,1.25,1.25,1.25,1.25,1.25,1.25,0,0,0,0,1.25,1.25,0,100,0,0,1.25
2017-06-12,1.25,0,0,0,0,0,0,1.25,1.25,1.25,1.25,1.25,1.25,1.25,1.25,1.25,1.25,1.25,1.25,1.25,1.25,1.25,0,0,0,0,1.25,1.25,0,100,0,0,1.25
2017-06-13,1.25,0,0,0,0,0,0,1.25,1.25,1.25,1.25,1.25,1.25,1.25,1.25,1.25,1.25,1.25,1.25,1.25,1.25,1.25,0,0,0,0,1.25,1.25,0,100,0,0,1.25
2017-06-14,1.25,0,0,0,0,0,0,1.25,1.25,1.25,1.25,1.25,1.25,1.25,1.25,1.25,1.25,1.25,1.25,1.25,1.25,1.25,0,0,0,0,1.25,1.25,0,100,0,0,1.25
2017-06-15,1.25,0,0,0,0,0,0,1.25,1.25,1.25,1.25,1.25,1.25,1.25,1.25,1.25,1.25,1.25,1.25,1.25,1.25,1.25,0,0,0,0,1.25,1.25,0,100,0,0,1.25
2017-06-16,1.25,0,0,0,0,0,0,1.25,1.25,1.25,1.25,1.25,1.25,1.25,1.25,1.25,1.25,1.25,1.25,1.25,1.25,1.25,0,0,0,0,1.25,1.25,0,100,0,0,1.25
2017-06-19,1.25,0,0,0,0,0,0,1.25,1.25,1.25,1.25,1.25,1.25,1.25,1.25,1.25,1.25,1.25,1.25,1.25,1.25,1.25,0,0,0,0,1.25,1.25,0,100,0,0,1.25
2017-06-20,1.25,0,0,0,0,0,0,1.25,1.25,1.25,1.25,1.25,1.25,1.25,1.25,1.25,1.25,1.25,1.25,1.25,1.25,1.25,0,0,0,0,1.25,1.25,0,100,0,0,1.25
2017-06-21,1.25,0,0,0,0,0,0,1.25,1.25,1.25,1.25,1.25,1.25,1.25,1.25,1.25,1.25,1.25,1.25,1.25,1.25,1.25,0,0,0,0,1.25,1.25,0,100,0,0,1.25
2017-06-22,1.25,0,0,0,0,0,0,1.25,1.25,1.25,1.25,1.25,1.25,1.25,1.25,1.25,1.25,1.25,1.25,1.25,1.25,1.25,0,0,0,0,1.25,1.25,0,100,0,0,1.25
2017-06-23,1.25,0,0,0,0,0,0,1.25,1.25,1.25,1.25,1.25,1.25,1.25,1.25,1.25,1.25,1.25,1.25,1.25,1.25,1.25,0,0,0,0,1.25,1.25,0,100,0,0,1.25
2017-06-26,1.25,0,0,0,0,0,0,1.25,1.25,1.25,1.25,1.25,1.25,1.25,1.25,1.25,1.25,1.25,1.25,1.25,1.25,1.25,0,0,0,0,1.25,1.25,0,100,0,0,1.25
2017-06-27,1.25,0,0,0,0,0,0,1.25,1.25,1.25,1.25,1.25,1.25,1.25,1.25,1.25,1.25,1.25,1.25,1.25,1.25,1.25,0,0,0,0,1.25,1.25,0,100,0,0,1.25
2017-06-28,1.25,0,0,0,0,0,0,1.25,1.25,1.25,1.25,1.25,1.25,1.25,1.25,1.25,1.25,1.25,1.25,1.25,1.25,1.25,0,0,0,0,1.25,1.25,0,100,0,0,1.25
2017-06-29,1.25,0,0,0,0,0,0,1.25,1.25,1.25,1.25,1.25,1.25,1.25,1.25,1.25,1.25,1.25,1.25,1.25,1.25,1.25,0,0,0,0,1.25,1.25,0,100,0,0,1.25
2017-06-30,1.25,0,0,0,0,0,0,1.25,1.25,1.25,1.25,1.25,1.25,1.25,1.25,1.25,1.25,1.25,1.25,1.25,1.25,1.25,0,0,0,0,1.25,1.25,0,100,0,0,1.25
2017-07-03,1.25,0,0,0,0,0,0,1.25,1.25,1.25,1.25,1.25,1.25,1.25,1.25,1.25,1.25,1.25,1.25,1.25,1.25,1.25,0,0,0,0,1.25,1.25,0,100,0,0,1.25
2017-07-04,1.25,0,0,0,0,0,0,1.25,1.25,1.25,1.25,1.25,1.25,1.25,1.25,1.25,1.25,1.25,1.25,1.25,1.25,1.25,0,0,0,0,1.25,1.25,0,100,0,0,1.25
2017-07-05,1.25,0,0,0,0,0,0,1.25,1.25,1.25,1.25,1.25,1.25,1.25,1.25,1.25,1.25,1.25,1.25,1.25,1.25,1.25,0,0,0,0,1.25,1.25,0,100,0,0,1.25
2017-07-06,1.25,0,0,0,0,0,0,1.25,1.25,1.25,1.25,1.25,1.25,1.25,1.25,1.25,1.25,1.25,1.25,1.25,1.25,1.25,0,0,0,0,1.25,1.25,0,100,0,0,1.25
2017-07-07,1.25,0,0,0,0,0,0,1.25,1.25,1.25,1.25,1.25,1.25,1.25,1.25,1.25,1.25,1.25,1.25,1.25,1.25,1.25,0,0,0,0,1.25,1.25,0,100,0,0,1.25
2017-07-10,1.25,0,0,0,0,0,0,1.25,1.25,1.25,1.25,1.25,1.25,1.25,1.25,1.25,1.25,1.25,1.25,1.25,1.25,1.25,0,0,0,0,1.25,1.25,0,100,0,0,1.25
2017-07-11,1.25,0,0,0,0,0,0,1.25,1.25,1.25,1.25,1.25,1.25,1.25,1.25,1.25,1.25,1.25,1.25,1.25,1.25,1.25,0,0,0,0,1.25,1.25,0,100,0,0,1.25
2017-07-12,1.25,0,0,0,0,0,0,1.25,1.25,1.25,1.25,1.25,1.25,1.25,1.25,1.25,1.25,1.25,1.25,1.25,1.25,1.25,0,0,0,0,1.25,1.25,0,100,0,0,1.25
2017-07-13,1.25,0,0,0,0,0,0,1.25,1.25,1.25,1.25,1.25,1.25,1.25,1.25,1.25,1.25,1.25,1.25,1.25,1.25,1.25,0,0,0,0,1.25,1.25,0,100,0,0,1.25
2017-07-14,1.25,0,0,0,0,0,0,1.25,1.25,1.25,1.25,1.25,1.25,1.25,1.25,1.25,1.25,1.25,1.25,1.25,1.25,1.25,0,0,0,0,1.25,1.25,0,100,0,0,1.25
2017-07-17,1.25,0,0,0,0,0,0,1.25,1.25,1.25,1.25,1.25,1.25,1.25,1.25,1.25,1.25,1.25,1.25,1.25,1.25,1.25,0,0,0,0,1.25,1.25,0,100,0,0,1.25
2017-07-18,1.25,0,0,0,0,0,0,1.25,1.25,1.25,1.25,1.25,1.25,1.25,1.25,1.25,1.25,1.25,1.25,1.25,1.25,1.25,0,0,0,0,1.25,1.25,0,100,0,0,1.25
2017-07-19,1.25,0,0,0,0,0,0,1.25,1.25,1.25,1.25,1.25,1.25,1.25,1.25,1.25,1.25,1.25,1.25,1.25,1.25,1.25,0,0,0,0,1.25,1.25,0,100,0,0,1.25
2017-07-20,1.25,0,0,0,0,0,0,1.25,1.25,1.25,1.25,1.25,1.25,1.25,1.25,1.25,1.25,1.25,1.25,1.25,1.25,1.25,0,0,0,0,1.25,1.25,0,100,0,0,1.25
2017-07-21,1.25,0,0,0,0,0,0,1.25,1.25,1.25,1.25,1.25,1.25,1.25,1.25,1.25,1.25,1.25,1.25,1.25,1.25,1.25,0,0,0,0,1.25,1.25,0,100,0,0,1.25
2017-07-24,1.25,0,0,0,0,0,0,1.25,1.25,1.25,1.25,1.25,1.25,1.25,1.25,1.25,1.25,1.25,1.25,1.25,1.25,1.25,0,0,0,0,1.25,1.25,0,100,0,0,1.25
2017-07-25,1.25,0,0,0,0,0,0,1.25,1.25,1.25,1.25,1.25,1.25,1.25,1.25,1.25,1.25,1.25,1.25,1.25,1.25,1.25,0,0,0,0,1.25,1.25,0,100,0,0,1.25
2017-07-26,1.25,0,0,0,0,0,0,1.25,1.25,1.25,1.25,1.25,1.25,1.25,1.25,1.25,1.25,1.25,1.25,1.25,1.25,1.25,0,0,0,0,1.25,1.25,0,100,0,0,1.25
2017-07-27,1.25,0,0,0,0,0,0,1.25,1.25,1.25,1.25,1.25,1.25,1.25,1.25,1.25,1.25,1.25,1.25,1.25,1.25,1.25,0,0,0,0,1.25,1.25,0,100,0,0,1.25
2017-07-28,1.25,0,0,0,0,0,0,1.25,1.25,1.25,1.25,1.25,1.25,1.25,1.25,1.25,1.25,1.25,1.25,1.25,1.25,1.25,0,0,0,0,1.25,1.25,0,100,0,0,1.25
2017-07-31,1.25,0,0,0,0,0,0,1.25,1.25,1.25,1.25,1.25,1.25,1.25,1.25,1.25,1.25,1.25,1.25,1.25,1.25,1.25,0,0,0,0,1.25,1.25,0,100,0,0,1.25
2017-08-01,1.25,0,0,0,0,0,0,1.25,1.25,1.25,1.25,1.25,1.25,1.25,1.25,1.25,1.25,1.25,1.25,1.25,1.25,1.25,0,0,0,0,1.25,1.25,0,100,0,0,1.25
2017-08-02,1.25,0,0,0,0,0,0,1.25,1.25,1.25,1.25,1.25,1.25,1.25,1.25,1.25,1.25,1.25,1.25,1.25,1.25,1.25,0,0,0,0,1.25,1.25,0,100,0,0,1.25
2017-08-03,1.25,0,0,0,0,0,0,1.25,1.25,1.25,1.25,1.25,1.25,1.25,1.25,1.25,1.25,1.25,1.25,1.25,1.25,1.25,0,0,0,0,1.25,1.25,0,100,0,0,1.25
2017-08-04,1.25,0,0,0,0,0,0,1.25,1.25,1.25,1.25,1.25,1.25,1.25,1.25,1.25,1.25,1.25,1.25,1.25,1.25,1.25,0,0,0,0,1.25,1.25,0,100,0,0,1.25
2017-08-07,1.25,0,0,0,0,0,0,1.25,1.25,1.25,1.25,1.25,1.25,1.25,1.25,1.25,1.25,1.25,1.25,1.25,1.25,1.25,0,0,0,0,1.25,1.25,0,100,0,0,1.25
2017-08-08,1.25,0,0,0,0,0,0,1.25,1.25,1.25,1.25,1.25,1.25,1.25,1.25,1.25,1.25,1.25,1.25,1.25,1.25,1.25,0,0,0,0,1.25,1.25,0,100,0,0,1.25
2017-08-09,1.25,0,0,0,0,0,0,1.25,1.25,1.25,1.25,1.25,1.25,1.25,1.25,1.25,1.25,1.25,1.25,1.25,1.25,1.25,0,0,0,0,1.25,1.25,0,100,0,0,1.25
2017-08-10,1.25,0,0,0,0,0,0,1.25,1.25,1.25,1.25,1.25,1.25,1.25,1.25,1.25,1.25,1.25,1.25,1.25,1.25,1.25,0,0,0,0,1.25,1.25,0,100,0,0,1.25
2017-08-11,1.25,0,0,0,0,0,0,1.25,1.25,1.25,1.25,1.25,1.25,1.25,1.25,1.25,1.25,1.25,1.25,1.25,1.25,1.25,0,0,0,0,1.25,1.25,0,100,0,0,1.25
2017-08-14,1.25,0,0,0,0,0,0,1.25,1.25,1.25,1.25,1.25,1.25,1.25,1.25,1.25,1.25,1.25,1.25,1.25,1.25,1.25,0,0,0,0,1.25,1.25,0,100,0,0,1.25
2017-08-15,1.25,0,0,0,0,0,0,1.25,1.25,1.25,1.25,1.25,1.25,1.25,1.25,1.25,1.25,1.25,1.25,1.25,1.25,1.25,0,0,0,0,1.25,1.25,0,100,0,0,1.25
2017-08-16,1.25,0,0,0,0,0,0,1.25,1.25,1.25,1.25,1.25,1.25,1.25,1.25,1.25,1.25,1.25,1.25,1.25,1.25,1.25,0,0,0,0,1.25,1.25,0,100,0,0,1.25
2017-08-17,1.25,0,0,0,0,0,0,1.25,1.25,1.25,1.25,1.25,1.25,1.25,1.25,1.25,1.25,1.25,1.25,1.25,1.25,1.25,0,0,0,0,1.25,1.25,0,100,0,0,1.25
2017-08-18,1.25,0,0,0,0,0,0,1.25,1.25,1.25,1.25,1.25,1.25,1.25,1.25,1.25,1.25,1.25,1.25,1.25,1.25,1.25,0,0,0,0,1.25,1.25,0,100,0,0,1.25
2017-08-21,1.25,0,0,0,0,0,0,1.25,1.25,1.25,1.25,1.25,1.25,1.25,1.25,1.25,1.25,1.25,1.25,1.25,1.25,1.25,0,0,0,0,1.25,1.25,0,100,0,0,1.25
2017-08-22,1.25,0,0,0,0,0,0,1.25,1.25,1.25,1.25,1.25,1.25,1.25,1.25,1.25,1.25,1.25,1.25,1.25,1.25,1.25,0,0,0,0,1.25,1.25,0,100,0,0,1.25
2017-08-23,1.25,0,0,0,0,0,0,1.25,1.25,1.25,1.25,1.25,1.25,1.25,1.25,1.25,1.25,1.25,1.25,1.25,1.25,1.25,0,0,0,0,1.25,1.25,0,100,0,0,1.25
2017-08-24,1.25,0,0,0,0,0,0,1.25,1.25,1.25,1.25,1.25,1.25,1.25,1.25,1.25,1.25,1.25,1.25,1.25,1.25,1.25,0,0,0,0,1.25,1.25,0,100,0,0,1.25
2017-08-25,1.25,0,0,0,0,0,0,1.25,1.25,1.25,1.25,1.25,1.25,1.25,1.25,1.25,1.25,1.25,1.25,1.25,1.25,1.25,0,0,0,0,1.25,1.25,0,100,0,0,1.25
2017-08-28,1.25,0,0,0,0,0,0,1.25,1.25,1.25,1.25,1.25,1.25,1.25,1.25,1.25,1.25,1.25,1.25,1.25,1.25,1.25,0,0,0,0,1.25,1.25,0,100,0,0,1.25
2017-08-29,1.25,0,0,0,0,0,0,1.25,1.25,1.25,1.25,1.25,1.25,1.25,1.25,1.25,1.25,1.25,1.25,1.25,1.25,1.25,0,0,0,0,1.25,1.25,0,100,0,0,1.25
2017-08-30,1.25,0,0,0,0,0,0,1.25,1.25,1.25,1.25,1.25,1.25,1.25,1.25,1.25,1.25,1.25,1.25,1.25,1.25,1.25,0,0,0,0,1.25,1.25,0,100,0,0,1.25
2017-08-31,1.25,0,0,0,0,0,0,1.25,1.25,1.25,1.25,1.25,1.25,1.25,1.25,1.25,1.25,1.25,1.25,1.25,1.25,1.25,0,0,0,0,1.25,1.25,0,100,0,0,1.25
2017-09-01,1.25,0,0,0,0,0,0,1.25,1.25,1.25,1.25,1.25,1.25,1.25,1.25,1.25,1.25,1.25,1.25,1.25,1.25,1.25,0,0,0,0,1.25,1.25,0,100,0,0,1.25
2017-09-04,1.25,0,0,0,0,0,0,1.25,1.25,1.25,1.25,1.25,1.25,1.25,1.25,1.25,1.25,1.25,1.25,1.25,1.25,1.25,0,0,0,0,1.25,1.25,0,100,0,0,1.25
2017-09-05,1.25,0,0,0,0,0,0,1.25,1.25,1.25,1.25,1.25,1.25,1.25,1.25,1.25,1.25,1.25,1.25,1.25,1.25,1.25,0,0,0,0,1.25,1.25,0,100,0,0,1.25
2017-09-06,1.25,0,0,0,0,0,0,1.25,1.25,1.25,1.25,1.25,1.25,1.25,1.25,1.25,1.25,1.25,1.25,1.25,1.25,1.25,0,0,0,0,1.25,1.25,0,100,0,0,1.25
2017-09-07,1.25,0,0,0,0,0,0,1.25,1.25,1.25,1.25,1.25,1.25,1.25,1.25,1.25,1.25,1.25,1.25,1.25,1.25,1.25,0,0,0,0,1.25,1.25,0,100,0,0,1.25
2017-09-08,1.25,0,0,0,0,0,0,1.25,1.25,1.25,1.25,1.25,1.25,1.25,1.25,1.25,1.25,1.25,1.25,1.25,1.25,1.25,0,0,0,0,1.25,1.25,0,100,0,0,1.25
2017-09-11,1.25,0,0,0,0,0,0,1.25,1.25,1.25,1.25,1.25,1.25,1.25,1.25,1.25,1.25,1.25,1.25,1.25,1.25,1.25,0,0,0,0,1.25,1.25,0,100,0,0,1.25
2017-09-12,1.25,0,0,0,0,0,0,1.25,1.25,1.25,1.25,1.25,1.25,1.25,1.25,1.25,1.25,1.25,1.25,1.25,1.25,1.25,0,0,0,0,1.25,1.25,0,100,0,0,1.25
2017-09-13,1.25,0,0,0,0,0,0,1.25,1.25,1.25,1.25,1.25,1.25,1.25,1.25,1.25,1.25,1.25,1.25,1.25,1.25,1.25,0,0,0,0,1.25,1.25,0,100,0,0,1.25
2017-09-14,1.25,0,0,0,0,0,0,1.25,1.25,1.25,1.25,1.25,1.25,1.25,1.25,1.25,1.25,1.25,1.25,1.25,1.25,1.25,0,0,0,0,1.25,1.25,0,100,0,0,1.25
2017-09-15,1.25,0,0,0,0,0,0,1.25,1.25,1.25,1.25,1.25,1.25,1.25,1.25,1.25,1.25,1.25,1.25,1.25,1.25,1.25,0,0,0,0,1.25,1.25,0,100,0,0,1.25
2017-09-18,1.25,0,0,0,0,0,0,1.25,1.25,1.25,1.25,1.25,1.25,1.25,1.25,1.25,1.25,1.25,1.25,1.25,1.25,1.25,0,0,0,0,1.25,1.25,0,100,0,0,1.25
2017-09-19,1.25,0,0,0,0,0,0,1.25,1.25,1.25,1.25,1.25,1.25,1.25,1.25,1.25,1.25,1.25,1.25,1.25,1.25,1.25,0,0,0,0,1.25,1.25,0,100,0,0,1.25
2017-09-20,1.25,0,0,0,0,0,0,1.25,1.25,1.25,1.25,1.25,1.25,1.25,1.25,1.25,1.25,1.25,1.25,1.25,1.25,1.25,0,0,0,0,1.25,1.25,0,100,0,0,1.25
2017-09-21,1.25,0,0,0,0,0,0,1.25,1.25,1.25,1.25,1.25,1.25,1.25,1.25,1.25,1.25,1.25,1.25,1.25,1.25,1.25,0,0,0,0,1.25,1.25,0,100,0,0,1.25
2017-09-22,1.25,0,0,0,0,0,0,1.25,1.25,1.25,1.25,1.25,1.25,1.25,1.25,1.25,1.25,1.25,1.25,1.25,1.25,1.25,0,0,0,0,1.25,1.25,0,100,0,0,1.25
2017-09-25,1.25,0,0,0,0,0,0,1.25,1.25,1.25,1.25,1.25,1.25,1.25,1.25,1.25,1.25,1.25,1.25,1.25,1.25,1.25,0,0,0,0,1.25,1.25,0,100,0,0,1.25
2017-09-26,1.25,0,0,0,0,0,0,1.25,1.25,1.25,1.25,1.25,1.25,1.25,1.25,1.25,1.25,1.25,1.25,1.25,1.25,1.25,0,0,0,0,1.25,1.25,0,100,0,0,1.25
2017-09-27,1.25,0,0,0,0,0,0,1.25,1.25,1.25,1.25,1.25,1.25,1.25,1.25,1.25,1.25,1.25,1.25,1.25,1.25,1.25,0,0,0,0,1.25,1.25,0,100,0,0,1.25
2017-09-28,1.25,0,0,0,0,0,0,1.25,1.25,1.25,1.25,1.25,1.25,1.25,1.25,1.25,1.25,1.25,1.25,1.25,1.25,1.25,0,0,0,0,1.25,1.25,0,100,0,0,1.25
2017-09-29,1.25,0,0,0,0,0,0,1.25,1.25,1.25,1.25,1.25,1.25,1.25,1.25,1.25,1.25,1.25,1.25,1.25,1.25,1.25,0,0,0,0,1.25,1.25,0,100,0,0,1.25
2017-10-02,1.25,0,0,0,0,0,0,1.25,1.25,1.25,1.25,1.25,1.25,1.25,1.25,1.25,1.25,1.25,1.25,1.25,1.25,1.25,0,0,0,0,1.25,1.25,0,100,0,0,1.25
2017-10-03,1.25,0,0,0,0,0,0,1.25,1.25,1.25,1.25,1.25,1.25,1.25,1.25,1.25,1.25,1.25,1.25,1.25,1.25,1.25,0,0,0,0,1.25,1.25,0,100,0,0,1.25
2017-10-04,1.25,0,0,0,0,0,0,1.25,1.25,1.25,1.25,1.25,1.25,1.25,1.25,1.25,1.25,1.25,1.25,1.25,1.25,1.25,0,0,0,0,1.25,1.25,0,100,0,0,1.25
2017-10-05,1.25,0,0,0,0,0,0,1.25,1.25,1.25,1.25,1.25,1.25,1.25,1.25,1.25,1.25,1.25,1.25,1.25,1.25,1.25,0,0,0,0,1.25,1.25,0,100,0,0,1.25
2017-10-06,1.25,0,0,0,0,0,0,1.25,1.25,1.25,1.25,1.25,1.25,1.25,1.25,1.25,1.25,1.25,1.25,1.25,1.25,1.25,0,0,0,0,1.25,1.25,0,100,0,0,1.25
2017-10-09,1.25,0,0,0,0,0,0,1.25,1.25,1.25,1.25,1.25,1.25,1.25,1.25,1.25,1.25,1.25,1.25,1.25,1.25,1.25,0,0,0,0,1.25,1.25,0,100,0,0,1.25
2017-10-10,1.25,0,0,0,0,0,0,1.25,1.25,1.25,1.25,1.25,1.25,1.25,1.25,1.25,1.25,1.25,1.25,1.25,1.25,1.25,0,0,0,0,1.25,1.25,0,100,0,0,1.25
2017-10-11,1.25,0,0,0,0,0,0,1.25,1.25,1.25,1.25,1.25,1.25,1.25,1.25,1.25,1.25,1.25,1.25,1.25,1.25,1.25,0,0,0,0,1.25,1.25,0,100,0,0,1.25
2017-10-12,1.25,0,0,0,0,0,0,1.25,1.25,1.25,1.25,1.25,1.25,1.25,1.25,1.25,1.25,1.25,1.25,1.25,1.25,1.25,0,0,0,0,1.25,1.25,0,100,0,0,1.25
2017-10-13,1.25,0,0,0,0,0,0,1.25,1.25,1.25,1.25,1.25,1.25,1.25,1.25,1.25,1.25,1.25,1.25,1.25,1.25,1.25,0,0,0,0,1.25,1.25,0,100,0,0,1.25
2017-10-16,1.25,0,0,0,0,0,0,1.25,1.25,1.25,1.25,1.25,1.25,1.25,1.25,1.25,1.25,1.25,1.25,1.25,1.25,1.25,0,0,0,0,1.25,1.25,0,100,0,0,1.25
2017-10-17,1.25,0,0,0,0,0,0,1.25,1.25,1.25,1.25,1.25,1.25,1.25,1.25,1.25,1.25,1.25,1.25,1.25,1.25,1.25,0,0,0,0,1.25,1.25,0,100,0,0,1.25
2017-10-18,1.25,0,0,0,0,0,0,1.25,1.25,1.25,1.25,1.25,1.25,1.25,1.25,1.25,1.25,1.25,1.25,1.25,1.25,1.25,0,0,0,0,1.25,1.25,0,100,0,0,1.25
2017-10-19,1.25,0,0,0,0,0,0,1.25,1.25,1.25,1.25,1.25,1.25,1.25,1.25,1.25,1.25,1.25,1.25,1.25,1.25,1.25,0,0,0,0,1.25,1.25,0,100,0,0,1.25
2017-10-20,1.25,0,0,0,0,0,0,1.25,1.25,1.25,1.25,1.25,1.25,1.25,1.25,1.25,1.25,1.25,1.25,1.25,1.25,1.25,0,0,0,0,1.25,1.25,0,100,0,0,1.25
2017-10-23,1.25,0,0,0,0,0,0,1.25,1.25,1.25,1.25,1.25,1.25,1.25,1.25,1.25,1.25,1.25,1.25,1.25,1.25,1.25,0,0,0,0,1.25,1.25,0,100,0,0,1.25
2017-10-24,1.25,0,0,0,0,0,0,1.25,1.25,1.25,1.25,1.25,1.25,1.25,1.25,1.25,1.25,1.25,1.25,1.25,1.25,1.25,0,0,0,0,1.25,1.25,0,100,0,0,1.25
2017-10-25,1.25,0,0,0,0,0,0,1.25,1.25,1.25,1.25,1.25,1.25,1.25,1.25,1.25,1.25,1.25,1.25,1.25,1.25,1.25,0,0,0,0,1.25,1.25,0,100,0,0,1.25
2017-10-26,1.25,0,0,0,0,0,0,1.25,1.25,1.25,1.25,1.25,1.25,1.25,1.25,1.25,1.25,1.25,1.25,1.25,1.25,1.25,0,0,0,0,1.25,1.25,0,100,0,0,1.25
2017-10-27,1.25,0,0,0,0,0,0,1.25,1.25,1.25,1.25,1.25,1.25,1.25,1.25,1.25,1.25,1.25,1.25,1.25,1.25,1.25,0,0,0,0,1.25,1.25,0,100,0,0,1.25
2017-10-30,1.25,0,0,0,0,0,0,1.25,1.25,1.25,1.25,1.25,1.25,1.25,1.25,1.25,1.25,1.25,1.25,1.25,1.25,1.25,0,0,0,0,1.25,1.25,0,100,0,0,1.25
2017-10-31,1.25,0,0,0,0,0,0,1.25,1.25,1.25,1.25,1.25,1.25,1.25,1.25,1.25,1.25,1.25,1.25,1.25,1.25,1.25,0,0,0,0,1.25,1.25,0,100,0,0,1.25
2017-11-01,1.25,0,0,0,0,0,0,1.25,1.25,1.25,1.25,1.25,1.25,1.25,1.25,1.25,1.25,1.25,1.25,1.25,1.25,1.25,0,0,0,0,1.25,1.25,0,100,0,0,1.25
2017-11-02,1.25,0,0,0,0,0,0,1.25,1.25,1.25,1.25,1.25,1.25,1.25,1.25,1.25,1.25,1.25,1.25,1.25,1.25,1.25,0,0,0,0,1.25,1.25,0,100,0,0,1.25
2017-11-03,1.25,0,0,0,0,0,0,1.25,1.25,1.25,1.25,1.25,1.25,1.25,1.25,1.25,1.25,1.25,1.25,1.25,1.25,1.25,0,0,0,0,1.25,1.25,0,100,0,0,1.25
2017-11-06,1.25,0,0,0,0,0,0,1.25,1.25,1.25,1.25,1.25,1.25,1.25,1.25,1.25,1.25,1.25,1.25,1.25,1.25,1.25,0,0,0,0,1.25,1.25,0,100,0,0,1.25
2017-11-07,1.25,0,0,0,0,0,0,1.25,1.25,1.25,1.25,1.25,1.25,1.25,1.25,1.25,1.25,1.25,1.25,1.25,1.25,1.25,0,0,0,0,1.25,1.25,0,100,0,0,1.25
2017-11-08,1.25,0,0,0,0,0,0,1.25,1.25,1.25,1.25,1.25,1.25,1.25,1.25,1.25,1.25,1.25,1.25,1.25,1.25,1.25,0,0,0,0,1.25,1.25,0,100,0,0,1.25
2017-11-09,1.25,0,0,0,0,0,0,1.25,1.25,1.25,1.25,1.25,1.25,1.25,1.25,1.25,1.25,1.25,1.25,1.25,1.25,1.25,0,0,0,0,1.25,1.25,0,100,0,0,1.25
2017-11-10,1.25,0,0,0,0,0,0,1.25,1.25,1.25,1.25,1.25,1.25,1.25,1.25,1.25,1.25,1.25,1.25,1.25,1.25,1.25,0,0,0,0,1.25,1.25,0,100,0,0,1.25
2017-11-13,1.25,0,0,0,0,0,0,1.25,1.25,1.25,1.25,1.25,1.25,1.25,1.25,1.25,1.25,1.25,1.25,1.25,1.25,1.25,0,0,0,0,1.25,1.25,0,100,0,0,1.25
2017-11-14,1.25,0,0,0,0,0,0,1.25,1.25,1.25,1.25,1.25,1.25,1.25,1.25,1.25,1.25,1.25,1.25,1.25,1.25,1.25,0,0,0,0,1.25,1.25,0,100,0,0,1.25
2017-11-15,1.25,0,0,0,0,0,0,1.25,1.25,1.25,1.25,1.25,1.25,1.25,1.25,1.25,1.25,1.25,1.25,1.25,1.25,1.25,0,0,0,0,1.25,1.25,0,100,0,0,1.25
2017-11-16,1.25,0,0,0,0,0,0,1.25,1.25,1.25,1.25,1.25,1.25,1.25,1.25,1.25,1.25,1.25,1.25,1.25,1.25,1.25,0,0,0,0,1.25,1.25,0,100,0,0,1.25
2017-11-17,1.25,0,0,0,0,0,0,1.25,1.25,1.25,1.25,1.25,1.25,1.25,1.25,1.25,1.25,1.25,1.25,1.25,1.25,1.25,0,0,0,0,1.25,1.25,0,100,0,0,1.25
2017-11-20,1.25,0,0,0,0,0,0,1.25,1.25,1.25,1.25,1.25,1.25,1.25,1.25,1.25,1.25,1.25,1.25,1.25,1.25,1.25,0,0,0,0,1.25,1.25,0,100,0,0,1.25
2017-11-21,1.25,0,0,0,0,0,0,1.25,1.25,1.25,1.25,1.25,1.25,1.25,1.25,1.25,1.25,1.25,1.25,1.25,1.25,1.25,0,0,0,0,1.25,1.25,0,100,0,0,1.25
2017-11-22,1.25,0,0,0,0,0,0,1.25,1.25,1.25,1.25,1.25,1.25,1.25,1.25,1.25,1.25,1.25,1.25,1.25,1.25,1.25,0,0,0,0,1.25,1.25,0,100,0,0,1.25
2017-11-23,1.25,0,0,0,0,0,0,1.25,1.25,1.25,1.25,1.25,1.25,1.25,1.25,1.25,1.25,1.25,1.25,1.25,1.25,1.25,0,0,0,0,1.25,1.25,0,100,0,0,1.25
2017-11-24,1.25,0,0,0,0,0,0,1.25,1.25,1.25,1.25,1.25,1.25,1.25,1.25,1.25,1.25,1.25,1.25,1.25,1.25,1.25,0,0,0,0,1.25,1.25,0,100,0,0,1.25
2017-11-27,1.25,0,0,0,0,0,0,1.25,1.25,1.25,1.25,1.25,1.25,1.25,1.25,1.25,1.25,1.25,1.25,1.25,1.25,1.25,0,0,0,0,1.25,1.25,0,100,0,0,1.25
2017-11-28,1.25,0,0,0,0,0,0,1.25,1.25,1.25,1.25,1.25,1.25,1.25,1.25,1.25,1.25,1.25,1.25,1.25,1.25,1.25,0,0,0,0,1.25,1.25,0,100,0,0,1.25
2017-11-29,1.25,0,0,0,0,0,0,1.25,1.25,1.25,1.25,1.25,1.25,1.25,1.25,1.25,1.25,1.25,1.25,1.25,1.25,1.25,0,0,0,0,1.25,1.25,0,100,0,0,1.25
2017-11-30,1.5,20,20,20,20,20,20,1.5,1.25,1.3,1.5,1.25,1.26,1.5,1.25,1.25,1.5,1.25,1.25,1.5,1.25,1.25,0,0.011217949,0.001246439,0.00997151,1.374303399,1.150696601,1,100.4725193,0.644604046,0.177114295,1.5
2017-12-01,1.5,0,20,20,20,20,20,1.5,1.25,1.35,1.5,1.25,1.28,1.5,1.25,1.26,1.5,1.25,1.25,1.5,1.25,1.25,0,0.022435897,0.003739316,0.018696581,1.428896753,1.121103247,1,100.915162,0.644604046,0.241406671,1.5
2017-12-04,1.5,0,20,20,20,20,20,1.5,1.25,1.4,1.5,1.25,1.29,1.5,1.25,1.26,1.5,1.25,1.26,1.5,1.25,1.25,0,0.033653846,0.007478632,0.026175214,1.470673774,1.104326226,1,101.3280866,0.644604046,0.284541785,1.5
2017-12-05,1.5,0,20,20,20,20,20,1.5,1.25,1.45,1.5,1.25,1.3,1.5,1.25,1.27,1.5,1.25,1.26,1.5,1.25,1.25,0,0.044871795,0.012464387,0.032407407,1.50519567,1.09480433,1,101.7114914,0.644604046,0.315685647,1.5
2017-12-06,1.5,0,20,20,20,20,20,1.5,1.5,1.5,1.5,1.25,1.31,1.5,1.25,1.27,1.5,1.25,1.26,1.5,1.25,1.25,0,0.056089744,0.018696581,0.037393162,1.534630829,1.090369171,1,102.0656136,0.644604046,0.338485073,1.5
2017-12-07,1.5,0,0,20,20,20,20,1.5,1.5,1.5,1.5,1.25,1.33,1.5,1.25,1.27,1.5,1.25,1.26,1.5,1.25,1.26,0,0.067307692,0.026175214,0.041132479,1.560081173,1.089918827,1,102.3907269,0.644604046,0.354839506,1.5
2017-12-08,1.5,0,0,20,20,20,20,1.5,1.5,1.5,1.5,1.25,1.34,1.5,1.25,1.28,1.5,1.25,1.26,1.5,1.25,1.26,0,0.078525641,0.034900285,0.043625356,1.582180242,1.092819758,1,102.6871401,0.644604046,0.365876998,1.5
2017-12-11,1.5,0,0,20,20,20,20,1.5,1.5,1.5,1.5,1.25,1.35,1.5,1.25,1.28,1.5,1.25,1.27,1.5,1.25,1.26,0,0.08974359,0.044871795,0.044871795,1.601312345,1.098687655,1,102.9551954,0.644604046,0.372314585,1.5
2017-12-12,1.5,0,0,20,20,20,20,1.5,1.5,1.5,1.5,1.25,1.36,1.5,1.25,1.28,1.5,1.25,1.27,1.5,1.25,1.26,0,0.100961538,0.056089744,0.044871795,1.617708893,1.107291107,1,103.1952663,0.644604046,0.374618558,1.5
2017-12-13,1.5,0,0,20,20,20,20,1.5,1.5,1.5,1.5,1.25,1.38,1.5,1.25,1.29,1.5,1.25,1.27,1.5,1.25,1.26,0,0.112179487,0.067307692,0.044871795,1.631494588,1.118505412,1,103.4077556,0.644604046,0.373083037,1.5
2017-12-14,1.5,0,0,20,20,20,20,1.5,1.5,1.5,1.5,1.25,1.39,1.5,1.25,1.29,1.5,1.25,1.27,1.5,1.25,1.26,0,0.123397436,0.078525641,0.044871795,1.642708893,1.132291107,1,103.5930938,0.644604046,0.367868674,1.5
2017-12-15,1.5,0,0,20,20,20,20,1.5,1.5,1.5,1.5,1.25,1.4,1.5,1.25,1.3,1.5,1.25,1.27,1.5,1.25,1.26,0,0.134615385,0.08974359,0.044871795,1.651312345,1.148687655,1,103.7517369,0.644604046,0.359017636,1.5
2017-12-18,1.5,0,0,20,20,20,20,1.5,1.5,1.5,1.5,1.25,1.41,1.5,1.25,1.3,1.5,1.25,1.28,1.5,1.25,1.26,0,0.125,0.098646724,0.026353276,1.657180242,1.167819758,1,103.8841646,0.644604046,0.346449901,1.5
2017-12-19,1.5,0,0,20,20,20,20,1.5,1.5,1.5,1.5,1.25,1.43,1.5,1.25,1.3,1.5,1.25,1.28,1.5,1.25,1.26,0,0.115384615,0.105235043,0.010149573,1.660081173,1.189918827,1,103.990878,0.644604046,0.329938488,1.5
2017-12-20,1.5,0,0,20,20,20,20,1.5,1.5,1.5,1.5,1.25,1.44,1.5,1.25,1.31,1.5,1.25,1.28,1.5,1.25,1.26,0,0.105769231,0.109508547,-0.003739316,1.659630829,1.215369171,1,104.0723982,0.644604046,0.309051588,1.5
2017-12-21,1.5,0,0,20,20,20,20,1.5,1.5,1.5,1.5,1.25,1.45,1.5,1.25,1.31,1.5,1.25,1.28,1.5,1.25,1.27,0,0.096153846,0.111467236,-0.01531339,1.65519567,1.24480433,1,104.1292639,0.644604046,0.283028511,1.5
2017-12-22,1.5,0,0,20,20,20,20,1.5,1.5,1.5,1.5,1.25,1.46,1.5,1.25,1.32,1.5,1.25,1.28,1.5,1.25,1.27,0,0.086538462,0.111111111,-0.02457265,1.645673774,1.279326226,1,104.1620298,0.644604046,0.25049405,1.5
2017-12-25,1.5,0,0,20,20,20,20,1.5,1.5,1.5,1.5,1.25,1.48,1.5,1.25,1.32,1.5,1.25,1.28,1.5,1.25,1.27,0,0.076923077,0.108440171,-0.031517094,1.628896753,1.321103247,1,104.1712646,0.644604046,0.208673563,1.5
2017-12-26,1.5,0,0,20,20,20,20,1.5,1.5,1.5,1.5,1.25,1.49,1.5,1.25,1.32,1.5,1.25,1.29,1.5,1.25,1.27,0,0.067307692,0.103454416,-0.036146724,1.599303399,1.375696601,1,104.1575492,0.644604046,0.150323898,1.5
2017-12-27,1.5,0,0,20,20,20,20,1.5,1.5,1.5,1.5,1.5,1.5,1.5,1.25,1.33,1.5,1.25,1.29,1.5,1.25,1.27,0,0.057692308,0.096153846,-0.038461538,1.5,1.5,0,104.1214751,0.644604046,0,1.5
2017-12-28,1.5,0,0,0,20,20,20,1.5,1.5,1.5,1.5,1.5,1.5,1.5,1.25,1.33,1.5,1.25,1.29,1.5,1.25,1.27,0,0.048076923,0.086538462,-0.038461538,1.5,1.5,0,103.6941024,0,0,1.5
2017-12-29,1.5,0,0,0,20,20,20,1.5,1.5,1.5,1.5,1.5,1.5,1.5,1.25,1.33,1.5,1.25,1.29,1.5,1.25,1.27,0,0.038461538,0.076923077,-0.038461538,1.5,1.5,0,103.2924467,0,0,1.5
2018-01-01,1.5,0,0,0,20,20,20,1.5,1.5,1.5,1.5,1.5,1.5,1.5,1.25,1.34,1.5,1.25,1.29,1.5,1.25,1.27,0,0.028846154,0.067307692,-0.038461538,1.5,1.5,0,102.915952,0,0,1.5
2018-01-02,1.5,0,0,0,20,20,20,1.5,1.5,1.5,1.5,1.5,1.5,1.5,1.25,1.34,1.5,1.25,1.3,1.5,1.25,1.27,0,0.019230769,0.057692308,-0.038461538,1.5,1.5,0,102.5641026,0,0,1.5
2018-01-03,1.5,0,0,0,20,20,20,1.5,1.5,1.5,1.5,1.5,1.5,1.5,1.25,1.35,1.5,1.25,1.3,1.5,1.25,1.27,0,0.009615385,0.048076923,-0.038461538,1.5,1.5,0,102.2364217,0,0,1.5
2018-01-04,1.5,0,0,0,20,20,20,1.5,1.5,1.5,1.5,1.5,1.5,1.5,1.25,1.35,1.5,1.25,1.3,1.5,1.25,1.28,0,0,0.038461538,-0.038461538,1.5,1.5,0,101.9324697,0,0,1.5
2018-01-05,1.5,0,0,0,20,20,20,1.5,1.5,1.5,1.5,1.5,1.5,1.5,1.25,1.35,1.5,1.25,1.3,1.5,1.25,1.28,0,0,0.02991453,-0.02991453,1.5,1.5,0,101.6518424,0,0,1.5
2018-01-08,1.5,0,0,0,20,20,20,1.5,1.5,1.5,1.5,1.5,1.5,1.5,1.25,1.36,1.5,1.25,1.3,1.5,1.25,1.28,0,0,0.022435897,-0.022435897,1.5,1.5,0,101.3941698,0,0,1.5
2018-01-09,1.5,0,0,0,20,20,20,1.5,1.5,1.5,1.5,1.5,1.5,1.5,1.25,1.36,1.5,1.25,1.31,1.5,1.25,1.28,0,0,0.016025641,-0.016025641,1.5,1.5,0,101.1591149,0,0,1.5
2018-01-10,1.5,0,0,0,20,20,20,1.5,1.5,1.5,1.5,1.5,1.5,1.5,1.25,1.37,1.5,1.25,1.31,1.5,1.25,1.28,0,0,0.010683761,-0.010683761,1.5,1.5,0,100.9463722,0,0,1.5
2018-01-11,1.5,0,0,0,20,20,20,1.5,1.5,1.5,1.5,1.5,1.5,1.5,1.25,1.37,1.5,1.25,1.31,1.5,1.25,1.28,0,0,0.006410256,-0.006410256,1.5,1.5,0,100.7556675,0,0,1.5
2018-01-12,1.5,0,0,0,20,20,20,1.5,1.5,1.5,1.5,1.5,1.5,1.5,1.25,1.37,1.5,1.25,1.31,1.5,1.25,1.28,0,0,0.003205128,-0.003205128,1.5,1.5,0,100.5867561,0,0,1.5
2018-01-15,1.5,0,0,0,20,20,20,1.5,1.5,1.5,1.5,1.5,1.5,1.5,1.25,1.38,1.5,1.25,1.31,1.5,1.25,1.28,0,0,0.001068376,-0.001068376,1.5,1.5,0,100.4394225,0,0,1.5
2018-01-16,1.5,0,0,0,20,20,20,1.5,1.5,1.5,1.5,1.5,1.5,1.5,1.25,1.38,1.5,1.25,1.32,1.5,1.25,1.28,0,0,0,0,1.5,1.5,0,100.3134796,0,0,1.5
2018-01-17,1.5,0,0,0,20,20,20,1.5,1.5,1.5,1.5,1.5,1.5,1.5,1.25,1.38,1.5,1.25,1.32,1.5,1.25,1.28,0,0,0,0,1.5,1.5,0,100.2087683,0,0,1.5
2018-01-18,1.5,0,0,0,20,20,20,1.5,1.5,1.5,1.5,1.5,1.5,1.5,1.25,1.39,1.5,1.25,1.32,1.5,1.25,1.28,0,0,0,0,1.5,1.5,0,100.1251564,0,0,1.5
2018-01-19,1.5,0,0,0,20,20,20,1.5,1.5,1.5,1.5,1.5,1.5,1.5,1.25,1.39,1.5,1.25,1.32,1.5,1.25,1.29,0,0,0,0,1.5,1.5,0,100.0625391,0,0,1.5
2018-01-22,1.5,0,0,0,20,20,20,1.5,1.5,1.5,1.5,1.5,1.5,1.5,1.25,1.4,1.5,1.25,1.32,1.5,1.25,1.29,0,0,0,0,1.5,1.5,0,100.0208377,0,0,1.5
2018-01-23,1.5,0,0,0,20,20,20,1.5,1.5,1.5,1.5,1.5,1.5,1.5,1.25,1.4,1.5,1.25,1.33,1.5,1.25,1.29,0,0,0,0,1.5,1.5,0,100,0,0,1.5
2018-01-24,1.5,0,0,0,20,20,20,1.5,1.5,1.5,1.5,1.5,1.5,1.5,1.25,1.4,1.5,1.25,1.33,1.5,1.25,1.29,0,0,0,0,1.5,1.5,0,100,0,0,1.5
2018-01-25,1.5,0,0,0,20,20,20,1.5,1.5,1.5,1.5,1.5,1.5,1.5,1.25,1.41,1.5,1.25,1.33,1.5,1.25,1.29,0,0,0,0,1.5,1.5,0,100,0,0,1.5
2018-01-26,1.5,0,0,0,20,20,20,1.5,1.5,1.5,1.5,1.5,1.5,1.5,1.25,1.41,1.5,1.25,1.33,1.5,1.25,1.29,0,0,0,0,1.5,1.5,0,100,0,0,1.5
2018-01-29,1.5,0,0,0,20,20,20,1.5,1.5,1.5,1.5,1.5,1.5,1.5,1.25,1.42,1.5,1.25,1.33,1.5,1.25,1.29,0,0,0,0,1.5,1.5,0,100,0,0,1.5
2018-01-30,1.5,0,0,0,20,20,20,1.5,1.5,1.5,1.5,1.5,1.5,1.5,1.25,1.42,1.5,1.25,1.33,1.5,1.25,1.29,0,0,0,0,1.5,1.5,0,100,0,0,1.5
2018-01-31,1.5,0,0,0,20,20,20,1.5,1.5,1.5,1.5,1.5,1.5,1.5,1.25,1.42,1.5,1.25,1.34,1.5,1.25,1.29,0,0,0,0,1.5,1.5,0,100,0,0,1.5
2018-02-01,1.5,0,0,0,20,20,20,1.5,1.5,1.5,1.5,1.5,1.5,1.5,1.25,1.43,1.5,1.25,1.34,1.5,1.25,1.29,0,0,0,0,1.5,1.5,0,100,0,0,1.5
2018-02-02,1.5,0,0,0,20,20,20,1.5,1.5,1.5,1.5,1.5,1.5,1.5,1.25,1.43,1.5,1.25,1.34,1.5,1.25,1.3,0,0,0,0,1.5,1.5,0,100,0,0,1.5
2018-02-05,1.5,0,0,0,20,20,20,1.5,1.5,1.5,1.5,1.5,1.5,1.5,1.25,1.43,1.5,1.25,1.34,1.5,1.25,1.3,0,0,0,0,1.5,1.5,0,100,0,0,1.5
2018-02-06,1.5,0,0,0,20,20,20,1.5,1.5,1.5,1.5,1.5,1.5,1.5,1.25,1.44,1.5,1.25,1.34,1.5,1.25,1.3,0,0,0,0,1.5,1.5,0,100,0,0,1.5
2018-02-07,1.5,0,0,0,20,20,20,1.5,1.5,1.5,1.5,1.5,1.5,1.5,1.25,1.44,1.5,1.25,1.35,1.5,1.25,1.3,0,0,0,0,1.5,1.5,0,100,0,0,1.5
2018-02-08,1.5,0,0,0,20,20,20,1.5,1.5,1.5,1.5,1.5,1.5,1.5,1.25,1.45,1.5,1.25,1.35,1.5,1.25,1.3,0,0,0,0,1.5,1.5,0,100,0,0,1.5
2018-02-09,1.5,0,0,0,20,20,20,1.5,1.5,1.5,1.5,1.5,1.5,1.5,1.25,1.45,1.5,1.25,1.35,1.5,1.25,1.3,0,0,0,0,1.5,1.5,0,100,0,0,1.5
2018-02-12,1.5,0,0,0,20,20,20,1.5,1.5,1.5,1.5,1.5,1.5,1.5,1.25,1.45,1.5,1.25,1.35,1.5,1.25,1.3,0,0,0,0,1.5,1.5,0,100,0,0,1.5
2018-02-13,1.5,0,0,0,20,20,20,1.5,1.5,1.5,1.5,1.5,1.5,1.5,1.25,1.46,1.5,1.25,1.35,1.5,1.25,1.3,0,0,0,0,1.5,1.5,0,100,0,0,1.5
2018-02-14,1.5,0,0,0,20,20,20,1.5,1.5,1.5,1.5,1.5,1.5,1.5,1.25,1.46,1.5,1.25,1.36,1.5,1.25,1.3,0,0,0,0,1.5,1.5,0,100,0,0,1.5
2018-02-15,1.5,0,0,0,20,20,20,1.5,1.5,1.5,1.5,1.5,1.5,1.5,1.25,1.47,1.5,1.25,1.36,1.5,1.25,1.3,0,0,0,0,1.5,1.5,0,100,0,0,1.5
2018-02-16,1.5,0,0,0,20,20,20,1.5,1.5,1.5,1.5,1.5,1.5,1.5,1.25,1.47,1.5,1.25,1.36,1.5,1.25,1.3,0,0,0,0,1.5,1.5,0,100,0,0,1.5
2018-02-19,1.5,0,0,0,20,20,20,1.5,1.5,1.5,1.5,1.5,1.5,1.5,1.25,1.47,1.5,1.25,1.36,1.5,1.25,1.31,0,0,0,0,1.5,1.5,0,100,0,0,1.5
2018-02-20,1.5,0,0,0,20,20,20,1.5,1.5,1.5,1.5,1.5,1.5,1.5,1.25,1.48,1.5,1.25,1.36,1.5,1.25,1.31,0,0,0,0,1.5,1.5,0,100,0,0,1.5
2018-02-21,1.5,0,0,0,20,20,20,1.5,1.5,1.5,1.5,1.5,1.5,1.5,1.25,1.48,1.5,1.25,1.37,1.5,1.25,1.31,0,0,0,0,1.5,1.5,0,100,0,0,1.5
2018-02-22,1.5,0,0,0,20,20,20,1.5,1.5,1.5,1.5,1.5,1.5,1.5,1.25,1.48,1.5,1.25,1.37,1.5,1.25,1.31,0,0,0,0,1.5,1.5,0,100,0,0,1.5
2018-02-23,1.5,0,0,0,20,20,20,1.5,1.5,1.5,1.5,1.5,1.5,1.5,1.25,1.49,1.5,1.25,1.37,1.5,1.25,1.31,0,0,0,0,1.5,1.5,0,100,0,0,1.5
2018-02-26,1.5,0,0,0,20,20,20,1.5,1.5,1.5,1.5,1.5,1.5,1.5,1.25,1.49,1.5,1.25,1.37,1.5,1.25,1.31,0,0,0,0,1.5,1.5,0,100,0,0,1.5
2018-02-27,1.5,0,0,0,20,20,20,1.5,1.5,1.5,1.5,1.5,1.5,1.5,1.25,1.5,1.5,1.25,1.37,1.5,1.25,1.31,0,0,0,0,1.5,1.5,0,100,0,0,1.5
2018-02-28,1.5,0,0,0,20,20,20,1.5,1.5,1.5,1.5,1.5,1.5,1.5,1.5,1.5,1.5,1.25,1.38,1.5,1.25,1.31,0,0,0,0,1.5,1.5,0,100,0,0,1.5
2018-03-01,1.5,0,0,0,0,20,20,1.5,1.5,1.5,1.5,1.5,1.5,1.5,1.5,1.5,1.5,1.25,1.38,1.5,1.25,1.31,0,0,0,0,1.5,1.5,0,100,0,0,1.5
2018-03-02,1.5,0,0,0,0,20,20,1.5,1.5,1.5,1.5,1.5,1.5,1.5,1.5,1.5,1.5,1.25,1.38,1.5,1.25,1.31,0,0,0,0,1.5,1.5,0,100,0,0,1.5
2018-03-05,1.5,0,0,0,0,20,20,1.5,1.5,1.5,1.5,1.5,1.5,1.5,1.5,1.5,1.5,1.25,1.38,1.5,1.25,1.32,0,0,0,0,1.5,1.5,0,100,0,0,1.5
2018-03-06,1.5,0,0,0,0,20,20,1.5,1.5,1.5,1.5,1.5,1.5,1.5,1.5,1.5,1.5,1.25,1.38,1.5,1.25,1.32,0,0,0,0,1.5,1.5,0,100,0,0,1.5
2018-03-07,1.5,0,0,0,0,20,20,1.5,1.5,1.5,1.5,1.5,1.5,1.5,1.5,1.5,1.5,1.25,1.38,1.5,1.25,1.32,0,0,0,0,1.5,1.5,0,100,0,0,1.5
2018-03-08,1.5,0,0,0,0,20,20,1.5,1.5,1.5,1.5,1.5,1.5,1.5,1.5,1.5,1.5,1.25,1.39,1.5,1.25,1.32,0,0,0,0,1.5,1.5,0,100,0,0,1.5
2018-03-09,1.5,0,0,0,0,20,20,1.5,1.5,1.5,1.5,1.5,1.5,1.5,1.5,1.5,1.5,1.25,1.39,1.5,1.25,1.32,0,0,0,0,1.5,1.5,0,100,0,0,1.5
2018-03-12,1.5,0,0,0,0,20,20,1.5,1.5,1.5,1.5,1.5,1.5,1.5,1.5,1.5,1.5,1.25,1.39,1.5,1.25,1.32,0,0,0,0,1.5,1.5,0,100,0,0,1.5
2018-03-13,1.5,0,0,0,0,20,20,1.5,1.5,1.5,1.5,1.5,1.5,1.5,1.5,1.5,1.5,1.25,1.39,1.5,1.25,1.32,0,0,0,0,1.5,1.5,0,100,0,0,1.5
2018-03-14,1.5,0,0,0,0,20,20,1.5,1.5,1.5,1.5,1.5,1.5,1.5,1.5,1.5,1.5,1.25,1.39,1.5,1.25,1.32,0,0,0,0,1.5,1.5,0,100,0,0,1.5
2018-03-15,1.5,0,0,0,0,20,20,1.5,1.5,1.5,1.5,1.5,1.5,1.5,1.5,1.5,1.5,1.25,1.4,1.5,1.25,1.32,0,0,0,0,1.5,1.5,0,100,0,0,1.5
2018-03-16,1.5,0,0,0,0,20,20,1.5,1.5,1.5,1.5,1.5,1.5,1.5,1.5,1.5,1.5,1.25,1.4,1.5,1.25,1.32,0,0,0,0,1.5,1.5,0,100,0,0,1.5
2018-03-19,1.5,0,0,0,0,20,20,1.5,1.5,1.5,1.5,1.5,1.5,1.5,1.5,1.5,1.5,1.25,1.4,1.5,1.25,1.33,0,0,0,0,1.5,1.5,0,100,0,0,1.5
2018-03-20,1.5,0,0,0,0,20,20,1.5,1.5,1.5,1.5,1.5,1.5,1.5,1.5,1.5,1.5,1.25,1.4,1.5,1.25,1.33,0,0,0,0,1.5,1.5,0,100,0,0,1.5
2018-03-21,1.5,0,0,0,0,20,20,1.5,1.5,1.5,1.5,1.5,1.5,1.5,1.5,1.5,1.5,1.25,1.4,1.5,1.25,1.33,0,0,0,0,1.5,1.5,0,100,0,0,1.5
2018-03-22,1.5,0,0,0,0,20,20,1.5,1.5,1.5,1.5,1.5,1.5,1.5,1.5,1.5,1.5,1.25,1.41,1.5,1.25,1.33,0,0,0,0,1.5,1.5,0,100,0,0,1.5
2018-03-23,1.5,0,0,0,0,20,20,1.5,1.5,1.5,1.5,1.5,1.5,1.5,1.5,1.5,1.5,1.25,1.41,1.5,1.25,1.33,0,0,0,0,1.5,1.5,0,100,0,0,1.5
2018-03-26,1.5,0,0,0,0,20,20,1.5,1.5,1.5,1.5,1.5,1.5,1.5,1.5,1.5,1.5,1.25,1.41,1.5,1.25,1.33,0,0,0,0,1.5,1.5,0,100,0,0,1.5
2018-03-27,1.5,0,0,0,0,20,20,1.5,1.5,1.5,1.5,1.5,1.5,1.5,1.5,1.5,1.5,1.25,1.41,1.5,1.25,1.33,0,0,0,0,1.5,1.5,0,100,0,0,1.5
2018-03-28,1.5,0,0,0,0,20,20,1.5,1.5,1.5,1.5,1.5,1.5,1.5,1.5,1.5,1.5,1.25,1.41,1.5,1.25,1.33,0,0,0,0,1.5,1.5,0,100,0,0,1.5
2018-03-29,1.5,0,0,0,0,20,20,1.5,1.5,1.5,1.5,1.5,1.5,1.5,1.5,1.5,1.5,1.25,1.42,1.5,1.25,1.33,0,0,0,0,1.5,1.5,0,100,0,0,1.5
2018-03-30,1.5,0,0,0,0,20,20,1.5,1.5,1.5,1.5,1.5,1.5,1.5,1.5,1.5,1.5,1.25,1.42,1.5,1.25,1.33,0,0,0,0,1.5,1.5,0,100,0,0,1.5
2018-04-02,1.5,0,0,0,0,20,20,1.5,1.5,1.5,1.5,1.5,1.5,1.5,1.5,1.5,1.5,1.25,1.42,1.5,1.25,1.33,0,0,0,0,1.5,1.5,0,100,0,0,1.5
2018-04-03,1.5,0,0,0,0,20,20,1.5,1.5,1.5,1.5,1.5,1.5,1.5,1.5,1.5,1.5,1.25,1.42,1.5,1.25,1.34,0,0,0,0,1.5,1.5,0,100,0,0,1.5
2018-04-04,1.5,0,0,0,0,20,20,1.5,1.5,1.5,1.5,1.5,1.5,1.5,1.5,1.5,1.5,1.25,1.42,1.5,1.25,1.34,0,0,0,0,1.5,1.5,0,100,0,0,1.5
2018-04-05,1.5,0,0,0,0,20,20,1.5,1.5,1.5,1.5,1.5,1.5,1.5,1.5,1.5,1.5,1.25,1.43,1.5,1.25,1.34,0,0,0,0,1.5,1.5,0,100,0,0,1.5
2018-04-06,1.5,0,0,0,0,20,20,1.5,1.5,1.5,1.5,1.5,1.5,1.5,1.5,1.5,1.5,1.25,1.43,1.5,1.25,1.34,0,0,0,0,1.5,1.5,0,100,0,0,1.5
2018-04-09,1.5,0,0,0,0,20,20,1.5,1.5,1.5,1.5,1.5,1.5,1.5,1.5,1.5,1.5,1.25,1.43,1.5,1.25,1.34,0,0,0,0,1.5,1.5,0,100,0,0,1.5
2018-04-10,1.5,0,0,0,0,20,20,1.5,1.5,1.5,1.5,1.5,1.5,1.5,1.5,1.5,1.5,1.25,1.43,1.5,1.25,1.34,0,0,0,0,1.5,1.5,0,100,0,0,1.5
2018-04-11,1.5,0,0,0,0,20,20,1.5,1.5,1.5,1.5,1.5,1.5,1.5,1.5,1.5,1.5,1.25,1.43,1.5,1.25,1.34,0,0,0,0,1.5,1.5,0,100,0,0,1.5
2018-04-12,1.5,0,0,0,0,20,20,1.5,1.5,1.5,1.5,1.5,1.5,1.5,1.5,1.5,1.5,1.25,1.43,1.5,1.25,1.34,0,0,0,0,1.5,1.5,0,100,0,0,1.5
2018-04-13,1.5,0,0,0,0,20,20,1.5,1.5,1.5,1.5,1.5,1.5,1.5,1.5,1.5,1.5,1.25,1.44,1.5,1.25,1.34,0,0,0,0,1.5,1.5,0,100,0,0,1.5
2018-04-16,1.5,0,0,0,0,20,20,1.5,1.5,1.5,1.5,1.5,1.5,1.5,1.5,1.5,1.5,1.25,1.44,1.5,1.25,1.34,0,0,0,0,1.5,1.5,0,100,0,0,1.5
2018-04-17,1.5,0,0,0,0,20,20,1.5,1.5,1.5,1.5,1.5,1.5,1.5,1.5,1.5,1.5,1.25,1.44,1.5,1.25,1.35,0,0,0,0,1.5,1.5,0,100,0,0,1.5
2018-04-18,1.5,0,0,0,0,20,20,1.5,1.5,1.5,1.5,1.5,1.5,1.5,1.5,1.5,1.5,1.25,1.44,1.5,1.25,1.35,0,0,0,0,1.5,1.5,0,100,0,0,1.5
2018-04-19,1.5,0,0,0,0,20,20,1.5,1.5,1.5,1.5,1.5,1.5,1.5,1.5,1.5,1.5,1.25,1.44,1.5,1.25,1.35,0,0,0,0,1.5,1.5,0,100,0,0,1.5
2018-04-20,1.5,0,0,0,0,20,20,1.5,1.5,1.5,1.5,1.5,1.5,1.5,1.5,1.5,1.5,1.25,1.45,1.5,1.25,1.35,0,0,0,0,1.5,1.5,0,100,0,0,1.5
2018-04-23,1.5,0,0,0,0,20,20,1.5,1.5,1.5,1.5,1.5,1.5,1.5,1.5,1.5,1.5,1.25,1.45,1.5,1.25,1.35,0,0,0,0,1.5,1.5,0,100,0,0,1.5
2018-04-24,1.5,0,0,0,0,20,20,1.5,1.5,1.5,1.5,1.5,1.5,1.5,1.5,1.5,1.5,1.25,1.45,1.5,1.25,1.35,0,0,0,0,1.5,1.5,0,100,0,0,1.5
2018-04-25,1.5,0,0,0,0,20,20,1.5,1.5,1.5,1.5,1.5,1.5,1.5,1.5,1.5,1.5,1.25,1.45,1.5,1.25,1.35,0,0,0,0,1.5,1.5,0,100,0,0,1.5
2018-04-26,1.5,0,0,0,0,20,20,1.5,1.5,1.5,1.5,1.5,1.5,1.5,1.5,1.5,1.5,1.25,1.45,1.5,1.25,1.35,0,0,0,0,1.5,1.5,0,100,0,0,1.5
2018-04-27,1.5,0,0,0,0,20,20,1.5,1.5,1.5,1.5,1.5,1.5,1.5,1.5,1.5,1.5,1.25,1.46,1.5,1.25,1.35,0,0,0,0,1.5,1.5,0,100,0,0,1.5
2018-04-30,1.5,0,0,0,0,20,20,1.5,1.5,1.5,1.5,1.5,1.5,1.5,1.5,1.5,1.5,1.25,1.46,1.5,1.25,1.35,0,0,0,0,1.5,1.5,0,100,0,0,1.5
2018-05-01,1.5,0,0,0,0,20,20,1.5,1.5,1.5,1.5,1.5,1.5,1.5,1.5,1.5,1.5,1.25,1.46,1.5,1.25,1.35,0,0,0,0,1.5,1.5,0,100,0,0,1.5
2018-05-02,1.5,0,0,0,0,20,20,1.5,1.5,1.5,1.5,1.5,1.5,1.5,1.5,1.5,1.5,1.25,1.46,1.5,1.25,1.36,0,0,0,0,1.5,1.5,0,100,0,0,1.5
2018-05-03,1.5,0,0,0,0,20,20,1.5,1.5,1.5,1.5,1.5,1.5,1.5,1.5,1.5,1.5,1.25,1.46,1.5,1.25,1.36,0,0,0,0,1.5,1.5,0,100,0,0,1.5
2018-05-04,1.5,0,0,0,0,20,20,1.5,1.5,1.5,1.5,1.5,1.5,1.5,1.5,1.5,1.5,1.25,1.47,1.5,1.25,1.36,0,0,0,0,1.5,1.5,0,100,0,0,1.5
2018-05-07,1.5,0,0,0,0,20,20,1.5,1.5,1.5,1.5,1.5,1.5,1.5,1.5,1.5,1.5,1.25,1.47,1.5,1.25,1.36,0,0,0,0,1.5,1.5,0,100,0,0,1.5
2018-05-08,1.5,0,0,0,0,20,20,1.5,1.5,1.5,1.5,1.5,1.5,1.5,1.5,1.5,1.5,1.25,1.47,1.5,1.25,1.36,0,0,0,0,1.5,1.5,0,100,0,0,1.5
2018-05-09,1.5,0,0,0,0,20,20,1.5,1.5,1.5,1.5,1.5,1.5,1.5,1.5,1.5,1.5,1.25,1.47,1.5,1.25,1.36,0,0,0,0,1.5,1.5,0,100,0,0,1.5
2018-05-10,1.5,0,0,0,0,20,20,1.5,1.5,1.5,1.5,1.5,1.5,1.5,1.5,1.5,1.5,1.25,1.47,1.5,1.25,1.36,0,0,0,0,1.5,1.5,0,100,0,0,1.5
2018-05-11,1.5,0,0,0,0,20,20,1.5,1.5,1.5,1.5,1.5,1.5,1.5,1.5,1.5,1.5,1.25,1.48,1.5,1.25,1.36,0,0,0,0,1.5,1.5,0,100,0,0,1.5
2018-05-14,1.5,0,0,0,0,20,20,1.5,1.5,1.5,1.5,1.5,1.5,1.5,1.5,1.5,1.5,1.25,1.48,1.5,1.25,1.36,0,0,0,0,1.5,1.5,0,100,0,0,1.5
2018-05-15,1.5,0,0,0,0,20,20,1.5,1.5,1.5,1.5,1.5,1.5,1.5,1.5,1.5,1.5,1.25,1.48,1.5,1.25,1.36,0,0,0,0,1.5,1.5,0,100,0,0,1.5
2018-05-16,1.5,0,0,0,0,20,20,1.5,1.5,1.5,1.5,1.5,1.5,1.5,1.5,1.5,1.5,1.25,1.48,1.5,1.25,1.37,0,0,0,0,1.5,1.5,0,100,0,0,1.5
2018-05-17,1.5,0,0,0,0,20,20,1.5,1.5,1.5,1.5,1.5,1.5,1.5,1.5,1.5,1.5,1.25,1.48,1.5,1.25,1.37,0,0,0,0,1.5,1.5,0,100,0,0,1.5
2018-05-18,1.5,0,0,0,0,20,20,1.5,1.5,1.5,1.5,1.5,1.5,1.5,1.5,1.5,1.5,1.25,1.48,1.5,1.25,1.37,0,0,0,0,1.5,1.5,0,100,0,0,1.5
2018-05-21,1.5,0,0,0,0,20,20,1.5,1.5,1.5,1.5,1.5,1.5,1.5,1.5,1.5,1.5,1.25,1.49,1.5,1.25,1.37,0,0,0,0,1.5,1.5,0,100,0,0,1.5
2018-05-22,1.5,0,0,0,0,20,20,1.5,1.5,1.5,1.5,1.5,1.5,1.5,1.5,1.5,1.5,1.25,1.49,1.5,1.25,1.37,0,0,0,0,1.5,1.5,0,100,0,0,1.5
2018-05-23,1.5,0,0,0,0,20,20,1.5,1.5,1.5,1.5,1.5,1.5,1.5,1.5,1.5,1.5,1.25,1.49,1.5,1.25,1.37,0,0,0,0,1.5,1.5,0,100,0,0,1.5
2018-05-24,1.5,0,0,0,0,20,20,1.5,1.5,1.5,1.5,1.5,1.5,1.5,1.5,1.5,1.5,1.25,1.49,1.5,1.25,1.37,0,0,0,0,1.5,1.5,0,100,0,0,1.5
2018-05-25,1.5,0,0,0,0,20,20,1.5,1.5,1.5,1.5,1.5,1.5,1.5,1.5,1.5,1.5,1.25,1.49,1.5,1.25,1.37,0,0,0,0,1.5,1.5,0,100,0,0,1.5
2018-05-28,1.5,0,0,0,0,20,20,1.5,1.5,1.5,1.5,1.5,1.5,1.5,1.5,1.5,1.5,1.25,1.5,1.5,1.25,1.37,0,0,0,0,1.5,1.5,0,100,0,0,1.5
2018-05-29,1.5,0,0,0,0,20,20,1.5,1.5,1.5,1.5,1.5,1.5,1.5,1.5,1.5,1.5,1.25,1.5,1.5,1.25,1.37,0,0,0,0,1.5,1.5,0,100,0,0,1.5
2018-05-30,1.5,0,0,0,0,20,20,1.5,1.5,1.5,1.5,1.5,1.5,1.5,1.5,1.5,1.5,1.5,1.5,1.5,1.25,1.38,0,0,0,0,1.5,1.5,0,100,0,0,1.5
2018-05-31,1.5,0,0,0,0,0,20,1.5,1.5,1.5,1.5,1.5,1.5,1.5,1.5,1.5,1.5,1.5,1.5,1.5,1.25,1.38,0,0,0,0,1.5,1.5,0,100,0,0,1.5
2018-06-01,1.5,0,0,0,0,0,20,1.5,1.5,1.5,1.5,1.5,1.5,1.5,1.5,1.5,1.5,1.5,1.5,1.5,1.25,1.38,0,0,0,0,1.5,1.5,0,100,0,0,1.5
2018-06-04,1.5,0,0,0,0,0,20,1.5,1.5,1.5,1.5,1.5,1.5,1.5,1.5,1.5,1.5,1.5,1.5,1.5,1.25,1.38,0,0,0,0,1.5,1.5,0,100,0,0,1.5
2018-06-05,1.5,0,0,0,0,0,20,1.5,1.5,1.5,1.5,1.5,1.5,1.5,1.5,1.5,1.5,1.5,1.5,1.5,1.25,1.38,0,0,0,0,1.5,1.5,0,100,0,0,1.5
2018-06-06,1.5,0,0,0,0,0,20,1.5,1.5,1.5,1.5,1.5,1.5,1.5,1.5,1.5,1.5,1.5,1.5,1.5,1.25,1.38,0,0,0,0,1.5,1.5,0,100,0,0,1.5
2018-06-07,1.5,0,0,0,0,0,20,1.5,1.5,1.5,1.5,1.5,1.5,1.5,1.5,1.5,1.5,1.5,1.5,1.5,1.25,1.38,0,0,0,0,1.5,1.5,0,100,0,0,1.5
2018-06-08,1.5,0,0,0,0,0,20,1.5,1.5,1.5,1.5,1.5,1.5,1.5,1.5,1.5,1.5,1.5,1.5,1.5,1.25,1.38,0,0,0,0,1.5,1.5,0,100,0,0,1.5
2018-06-11,1.5,0,0,0,0,0,20,1.5,1.5,1.5,1.5,1.5,1.5,1.5,1.5,1.5,1.5,1.5,1.5,1.5,1.25,1.38,0,0,0,0,1.5,1.5,0,100,0,0,1.5
2018-06-12,1.5,0,0,0,0,0,20,1.5,1.5,1.5,1.5,1.5,1.5,1.5,1.5,1.5,1.5,1.5,1.5,1.5,1.25,1.38,0,0,0,0,1.5,1.5,0,100,0,0,1.5
2018-06-13,1.5,0,0,0,0,0,20,1.5,1.5,1.5,1.5,1.5,1.5,1.5,1.5,1.5,1.5,1.5,1.5,1.5,1.25,1.38,0,0,0,0,1.5,1.5,0,100,0,0,1.5
2018-06-14,1.5,0,0,0,0,0,20,1.5,1.5,1.5,1.5,1.5,1.5,1.5,1.5,1.5,1.5,1.5,1.5,1.5,1.25,1.39,0,0,0,0,1.5,1.5,0,100,0,0,1.5
2018-06-15,1.5,0,0,0,0,0,20,1.5,1.5,1.5,1.5,1.5,1.5,1.5,1.5,1.5,1.5,1.5,1.5,1.5,1.25,1.39,0,0,0,0,1.5,1.5,0,100,0,0,1.5
2018-06-18,1.5,0,0,0,0,0,20,1.5,1.5,1.5,1.5,1.5,1.5,1.5,1.5,1.5,1.5,1.5,1.5,1.5,1.25,1.39,0,0,0,0,1.5,1.5,0,100,0,0,1.5
2018-06-19,1.5,0,0,0,0,0,20,1.5,1.5,1.5,1.5,1.5,1.5,1.5,1.5,1.5,1.5,1.5,1.5,1.5,1.25,1.39,0,0,0,0,1.5,1.5,0,100,0,0,1.5
2018-06-20,1.5,0,0,0,0,0,20,1.5,1.5,1.5,1.5,1.5,1.5,1.5,1.5,1.5,1.5,1.5,1.5,1.5,1.25,1.39,0,0,0,0,1.5,1.5,0,100,0,0,1.5
2018-06-21,1.5,0,0,0,0,0,20,1.5,1.5,1.5,1.5,1.5,1.5,1.5,1.5,1.5,1.5,1.5,1.5,1.5,1.25,1.39,0,0,0,0,1.5,1.5,0,100,0,0,1.5
2018-06-22,1.5,0,0,0,0,0,20,1.5,1.5,1.5,1.5,1.5,1.5,1.5,1.5,1.5,1.5,1.5,1.5,1.5,1.25,1.39,0,0,0,0,1.5,1.5,0,100,0,0,1.5
2018-06-25,1.5,0,0,0,0,0,20,1.5,1.5,1.5,1.5,1.5,1.5,1.5,1.5,1.5,1.5,1.5,1.5,1.5,1.25,1.39,0,0,0,0,1.5,1.5,0,100,0,0,1.5
2018-06-26,1.5,0,0,0,0,0,20,1.5,1.5,1.5,1.5,1.5,1.5,1.5,1.5,1.5,1.5,1.5,1.5,1.5,1.25,1.39,0,0,0,0,1.5,1.5,0,100,0,0,1.5
2018-06-27,1.5,0,0,0,0,0,20,1.5,1.5,1.5,1.5,1.5,1.5,1.5,1.5,1.5,1.5,1.5,1.5,1.5,1.25,1.39,0,0,0,0,1.5,1.5,0,100,0,0,1.5
2018-06-28,1.5,0,0,0,0,0,20,1.5,1.5,1.5,1.5,1.5,1.5,1.5,1.5,1.5,1.5,1.5,1.5,1.5,1.25,1.4,0,0,0,0,1.5,1.5,0,100,0,0,1.5
2018-06-29,1.5,0,0,0,0,0,20,1.5,1.5,1.5,1.5,1.5,1.5,1.5,1.5,1.5,1.5,1.5,1.5,1.5,1.25,1.4,0,0,0,0,1.5,1.5,0,100,0,0,1.5
2018-07-02,1.5,0,0,0,0,0,20,1.5,1.5,1.5,1.5,1.5,1.5,1.5,1.5,1.5,1.5,1.5,1.5,1.5,1.25,1.4,0,0,0,0,1.5,1.5,0,100,0,0,1.5
2018-07-03,1.5,0,0,0,0,0,20,1.5,1.5,1.5,1.5,1.5,1.5,1.5,1.5,1.5,1.5,1.5,1.5,1.5,1.25,1.4,0,0,0,0,1.5,1.5,0,100,0,0,1.5
2018-07-04,1.5,0,0,0,0,0,20,1.5,1.5,1.5,1.5,1.5,1.5,1.5,1.5,1.5,1.5,1.5,1.5,1.5,1.25,1.4,0,0,0,0,1.5,1.5,0,100,0,0,1.5
2018-07-05,1.5,0,0,0,0,0,20,1.5,1.5,1.5,1.5,1.5,1.5,1.5,1.5,1.5,1.5,1.5,1.5,1.5,1.25,1.4,0,0,0,0,1.5,1.5,0,100,0,0,1.5
2018-07-06,1.5,0,0,0,0,0,20,1.5,1.5,1.5,1.5,1.5,1.5,1.5,1.5,1.5,1.5,1.5,1.5,1.5,1.25,1.4,0,0,0,0,1.5,1.5,0,100,0,0,1.5
2018-07-09,1.5,0,0,0,0,0,20,1.5,1.5,1.5,1.5,1.5,1.5,1.5,1.5,1.5,1.5,1.5,1.5,1.5,1.25,1.4,0,0,0,0,1.5,1.5,0,100,0,0,1.5
2018-07-10,1.5,0,0,0,0,0,20,1.5,1.5,1.5,1.5,1.5,1.5,1.5,1.5,1.5,1.5,1.5,1.5,1.5,1.25,1.4,0,0,0,0,1.5,1.5,0,100,0,0,1.5
2018-07-11,1.5,0,0,0,0,0,20,1.5,1.5,1.5,1.5,1.5,1.5,1.5,1.5,1.5,1.5,1.5,1.5,1.5,1.25,1.4,0,0,0,0,1.5,1.5,0,100,0,0,1.5
2018-07-12,1.5,0,0,0,0,0,20,1.5,1.5,1.5,1.5,1.5,1.5,1.5,1.5,1.5,1.5,1.5,1.5,1.5,1.25,1.4,0,0,0,0,1.5,1.5,0,100,0,0,1.5
2018-07-13,1.5,0,0,0,0,0,20,1.5,1.5,1.5,1.5,1.5,1.5,1.5,1.5,1.5,1.5,1.5,1.5,1.5,1.25,1.41,0,0,0,0,1.5,1.5,0,100,0,0,1.5
2018-07-16,1.5,0,0,0,0,0,20,1.5,1.5,1.5,1.5,1.5,1.5,1.5,1.5,1.5,1.5,1.5,1.5,1.5,1.25,1.41,0,0,0,0,1.5,1.5,0,100,0,0,1.5
2018-07-17,1.5,0,0,0,0,0,20,1.5,1.5,1.5,1.5,1.5,1.5,1.5,1.5,1.5,1.5,1.5,1.5,1.5,1.25,1.41,0,0,0,0,1.5,1.5,0,100,0,0,1.5
2018-07-18,1.5,0,0,0,0,0,20,1.5,1.5,1.5,1.5,1.5,1.5,1.5,1.5,1.5,1.5,1.5,1.5,1.5,1.25,1.41,0,0,0,0,1.5,1.5,0,100,0,0,1.5
2018-07-19,1.5,0,0,0,0,0,20,1.5,1.5,1.5,1.5,1.5,1.5,1.5,1.5,1.5,1.5,1.5,1.5,1.5,1.25,1.41,0,0,0,0,1.5,1.5,0,100,0,0,1.5
2018-07-20,1.5,0,0,0,0,0,20,1.5,1.5,1.5,1.5,1.5,1.5,1.5,1.5,1.5,1.5,1.5,1.5,1.5,1.25,1.41,0,0,0,0,1.5,1.5,0,100,0,0,1.5
2018-07-23,1.5,0,0,0,0,0,20,1.5,1.5,1.5,1.5,1.5,1.5,1.5,1.5,1.5,1.5,1.5,1.5,1.5,1.25,1.41,0,0,0,0,1.5,1.5,0,100,0,0,1.5
2018-07-24,1.5,0,0,0,0,0,20,1.5,1.5,1.5,1.5,1.5,1.5,1.5,1.5,1.5,1.5,1.5,1.5,1.5,1.25,1.41,0,0,0,0,1.5,1.5,0,100,0,0,1.5
2018-07-25,1.5,0,0,0,0,0,20,1.5,1.5,1.5,1.5,1.5,1.5,1.5,1.5,1.5,1.5,1.5,1.5,1.5,1.25,1.41,0,0,0,0,1.5,1.5,0,100,0,0,1.5
2018-07-26,1.5,0,0,0,0,0,20,1.5,1.5,1.5,1.5,1.5,1.5,1.5,1.5,1.5,1.5,1.5,1.5,1.5,1.25,1.41,0,0,0,0,1.5,1.5,0,100,0,0,1.5
2018-07-27,1.5,0,0,0,0,0,20,1.5,1.5,1.5,1.5,1.5,1.5,1.5,1.5,1.5,1.5,1.5,1.5,1.5,1.25,1.42,0,0,0,0,1.5,1.5,0,100,0,0,1.5
2018-07-30,1.5,0,0,0,0,0,20,1.5,1.5,1.5,1.5,1.5,1.5,1.5,1.5,1.5,1.5,1.5,1.5,1.5,1.25,1.42,0,0,0,0,1.5,1.5,0,100,0,0,1.5
2018-07-31,1.5,0,0,0,0,0,20,1.5,1.5,1.5,1.5,1.5,1.5,1.5,1.5,1.5,1.5,1.5,1.5,1.5,1.25,1.42,0,0,0,0,1.5,1.5,0,100,0,0,1.5
2018-08-01,1.5,0,0,0,0,0,20,1.5,1.5,1.5,1.5,1.5,1.5,1.5,1.5,1.5,1.5,1.5,1.5,1.5,1.25,1.42,0,0,0,0,1.5,1.5,0,100,0,0,1.5
2018-08-02,1.5,0,0,0,0,0,20,1.5,1.5,1.5,1.5,1.5,1.5,1.5,1.5,1.5,1.5,1.5,1.5,1.5,1.25,1.42,0,0,0,0,1.5,1.5,0,100,0,0,1.5
2018-08-03,1.5,0,0,0,0,0,20,1.5,1.5,1.5,1.5,1.5,1.5,1.5,1.5,1.5,1.5,1.5,1.5,1.5,1.25,1.42,0,0,0,0,1.5,1.5,0,100,0,0,1.5
2018-08-06,1.5,0,0,0,0,0,20,1.5,1.5,1.5,1.5,1.5,1.5,1.5,1.5,1.5,1.5,1.5,1.5,1.5,1.25,1.42,0,0,0,0,1.5,1.5,0,100,0,0,1.5
2018-08-07,1.5,0,0,0,0,0,20,1.5,1.5,1.5,1.5,1.5,1.5,1.5,1.5,1.5,1.5,1.5,1.5,1.5,1.25,1.42,0,0,0,0,1.5,1.5,0,100,0,0,1.5
2018-08-08,1.5,0,0,0,0,0,20,1.5,1.5,1.5,1.5,1.5,1.5,1.5,1.5,1.5,1.5,1.5,1.5,1.5,1.25,1.42,0,0,0,0,1.5,1.5,0,100,0,0,1.5
2018-08-09,1.5,0,0,0,0,0,20,1.5,1.5,1.5,1.5,1.5,1.5,1.5,1.5,1.5,1.5,1.5,1.5,1.5,1.25,1.42,0,0,0,0,1.5,1.5,0,100,0,0,1.5
2018-08-10,1.5,0,0,0,0,0,20,1.5,1.5,1.5,1.5,1.5,1.5,1.5,1.5,1.5,1.5,1.5,1.5,1.5,1.25,1.43,0,0,0,0,1.5,1.5,0,100,0,0,1.5
2018-08-13,1.5,0,0,0,0,0,20,1.5,1.5,1.5,1.5,1.5,1.5,1.5,1.5,1.5,1.5,1.5,1.5,1.5,1.25,1.43,0,0,0,0,1.5,1.5,0,100,0,0,1.5
2018-08-14,1.5,0,0,0,0,0,20,1.5,1.5,1.5,1.5,1.5,1.5,1.5,1.5,1.5,1.5,1.5,1.5,1.5,1.25,1.43,0,0,0,0,1.5,1.5,0,100,0,0,1.5
2018-08-15,1.5,0,0,0,0,0,20,1.5,1.5,1.5,1.5,1.5,1.5,1.5,1.5,1.5,1.5,1.5,1.5,1.5,1.25,1.43,0,0,0,0,1.5,1.5,0,100,0,0,1.5
2018-08-16,1.5,0,0,0,0,0,20,1.5,1.5,1.5,1.5,1.5,1.5,1.5,1.5,1.5,1.5,1.5,1.5,1.5,1.25,1.43,0,0,0,0,1.5,1.5,0,100,0,0,1.5
