date,close,rate-day,rate-week,rate-month,rate-3month,rate-6month,rate-12month,5-high,5-low,5-average,20-high,20-low,20-average,60-high,60-low,60-average,120-high,120-low,120-average,52week-high,52week-low,52week-average , RSI,MACD_12_ 26,9avg_MACD,oscillator,bollbandT,bollbandB,stochastic,이격도,역사적변동성,BWI,close
2000-02-17,0,0,0,0,0,0,0,0,0,0,0,0,0,0,0,0,0,0,0,0,0,0,0,0,0,0,0,0,0,0,0,0,0
2000-02-18,0,0,0,0,0,0,0,0,0,0,0,0,0,0,0,0,0,0,0,0,0,0,0,0,0,0,0,0,0,0,0,0,0
2000-02-21,0,0,0,0,0,0,0,0,0,0,0,0,0,0,0,0,0,0,0,0,0,0,0,0,0,0,0,0,0,0,0,0,0
2000-02-22,0,0,0,0,0,0,0,0,0,0,0,0,0,0,0,0,0,0,0,0,0,0,0,0,0,0,0,0,0,0,0,0,0
2000-02-23,0,0,0,0,0,0,0,0,0,0,0,0,0,0,0,0,0,0,0,0,0,0,0,0,0,0,0,0,0,0,0,0,0
2000-02-24,0,0,0,0,0,0,0,0,0,0,0,0,0,0,0,0,0,0,0,0,0,0,0,0,0,0,0,0,0,0,0,0,0
2000-02-25,0,0,0,0,0,0,0,0,0,0,0,0,0,0,0,0,0,0,0,0,0,0,0,0,0,0,0,0,0,0,0,0,0
2000-02-28,0,0,0,0,0,0,0,0,0,0,0,0,0,0,0,0,0,0,0,0,0,0,0,0,0,0,0,0,0,0,0,0,0
2000-02-29,0,0,0,0,0,0,0,0,0,0,0,0,0,0,0,0,0,0,0,0,0,0,0,0,0,0,0,0,0,0,0,0,0
2000-03-01,0,0,0,0,0,0,0,0,0,0,0,0,0,0,0,0,0,0,0,0,0,0,0,0,0,0,0,0,0,0,0,0,0
2000-03-02,0,0,0,0,0,0,0,0,0,0,0,0,0,0,0,0,0,0,0,0,0,0,0,0,0,0,0,0,0,0,0,0,0
2000-03-03,0,0,0,0,0,0,0,0,0,0,0,0,0,0,0,0,0,0,0,0,0,0,0,0,0,0,0,0,0,0,0,0,0
2000-03-06,0,0,0,0,0,0,0,0,0,0,0,0,0,0,0,0,0,0,0,0,0,0,0,0,0,0,0,0,0,0,0,0,0
2000-03-07,0,0,0,0,0,0,0,0,0,0,0,0,0,0,0,0,0,0,0,0,0,0,0,0,0,0,0,0,0,0,0,0,0
2000-03-08,0,0,0,0,0,0,0,0,0,0,0,0,0,0,0,0,0,0,0,0,0,0,0,0,0,0,0,0,0,0,0,0,0
2000-03-09,0,0,0,0,0,0,0,0,0,0,0,0,0,0,0,0,0,0,0,0,0,0,0,0,0,0,0,0,0,0,0,0,0
2000-03-10,0,0,0,0,0,0,0,0,0,0,0,0,0,0,0,0,0,0,0,0,0,0,0,0,0,0,0,0,0,0,0,0,0
2000-03-13,0,0,0,0,0,0,0,0,0,0,0,0,0,0,0,0,0,0,0,0,0,0,0,0,0,0,0,0,0,0,0,0,0
2000-03-14,0,0,0,0,0,0,0,0,0,0,0,0,0,0,0,0,0,0,0,0,0,0,0,0,0,0,0,0,0,0,0,0,0
2000-03-15,0,0,0,0,0,0,0,0,0,0,0,0,0,0,0,0,0,0,0,0,0,0,0,0,0,0,0,0,0,0,0,0,0
2000-03-16,0,0,0,0,0,0,0,0,0,0,0,0,0,0,0,0,0,0,0,0,0,0,0,0,0,0,0,0,0,0,0,0,0
2000-03-17,0,0,0,0,0,0,0,0,0,0,0,0,0,0,0,0,0,0,0,0,0,0,0,0,0,0,0,0,0,0,0,0,0
2000-03-20,0,0,0,0,0,0,0,0,0,0,0,0,0,0,0,0,0,0,0,0,0,0,0,0,0,0,0,0,0,0,0,0,0
2000-03-21,0,0,0,0,0,0,0,0,0,0,0,0,0,0,0,0,0,0,0,0,0,0,0,0,0,0,0,0,0,0,0,0,0
2000-03-22,0,0,0,0,0,0,0,0,0,0,0,0,0,0,0,0,0,0,0,0,0,0,0,0,0,0,0,0,0,0,0,0,0
2000-03-23,0,0,0,0,0,0,0,0,0,0,0,0,0,0,0,0,0,0,0,0,0,0,0,0,0,0,0,0,0,0,0,0,0
2000-03-24,0,0,0,0,0,0,0,0,0,0,0,0,0,0,0,0,0,0,0,0,0,0,0,0,0,0,0,0,0,0,0,0,0
2000-03-27,0,0,0,0,0,0,0,0,0,0,0,0,0,0,0,0,0,0,0,0,0,0,0,0,0,0,0,0,0,0,0,0,0
2000-03-28,0,0,0,0,0,0,0,0,0,0,0,0,0,0,0,0,0,0,0,0,0,0,0,0,0,0,0,0,0,0,0,0,0
2000-03-29,0,0,0,0,0,0,0,0,0,0,0,0,0,0,0,0,0,0,0,0,0,0,0,0,0,0,0,0,0,0,0,0,0
2000-03-30,0,0,0,0,0,0,0,0,0,0,0,0,0,0,0,0,0,0,0,0,0,0,0,0,0,0,0,0,0,0,0,0,0
2000-03-31,0,0,0,0,0,0,0,0,0,0,0,0,0,0,0,0,0,0,0,0,0,0,0,0,0,0,0,0,0,0,0,0,0
2000-04-03,0,0,0,0,0,0,0,0,0,0,0,0,0,0,0,0,0,0,0,0,0,0,0,0,0,0,0,0,0,0,0,0,0
2000-04-04,0,0,0,0,0,0,0,0,0,0,0,0,0,0,0,0,0,0,0,0,0,0,0,0,0,0,0,0,0,0,0,0,0
2000-04-05,0,0,0,0,0,0,0,0,0,0,0,0,0,0,0,0,0,0,0,0,0,0,0,0,0,0,0,0,0,0,0,0,0
2000-04-06,0,0,0,0,0,0,0,0,0,0,0,0,0,0,0,0,0,0,0,0,0,0,0,0,0,0,0,0,0,0,0,0,0
2000-04-07,0,0,0,0,0,0,0,0,0,0,0,0,0,0,0,0,0,0,0,0,0,0,0,0,0,0,0,0,0,0,0,0,0
2000-04-10,0,0,0,0,0,0,0,0,0,0,0,0,0,0,0,0,0,0,0,0,0,0,0,0,0,0,0,0,0,0,0,0,0
2000-04-11,0,0,0,0,0,0,0,0,0,0,0,0,0,0,0,0,0,0,0,0,0,0,0,0,0,0,0,0,0,0,0,0,0
2000-04-12,0,0,0,0,0,0,0,0,0,0,0,0,0,0,0,0,0,0,0,0,0,0,0,0,0,0,0,0,0,0,0,0,0
2000-04-13,0,0,0,0,0,0,0,0,0,0,0,0,0,0,0,0,0,0,0,0,0,0,0,0,0,0,0,0,0,0,0,0,0
2000-04-14,0,0,0,0,0,0,0,0,0,0,0,0,0,0,0,0,0,0,0,0,0,0,0,0,0,0,0,0,0,0,0,0,0
2000-04-17,0,0,0,0,0,0,0,0,0,0,0,0,0,0,0,0,0,0,0,0,0,0,0,0,0,0,0,0,0,0,0,0,0
2000-04-18,0,0,0,0,0,0,0,0,0,0,0,0,0,0,0,0,0,0,0,0,0,0,0,0,0,0,0,0,0,0,0,0,0
2000-04-19,0,0,0,0,0,0,0,0,0,0,0,0,0,0,0,0,0,0,0,0,0,0,0,0,0,0,0,0,0,0,0,0,0
2000-04-20,0,0,0,0,0,0,0,0,0,0,0,0,0,0,0,0,0,0,0,0,0,0,0,0,0,0,0,0,0,0,0,0,0
2000-04-21,0,0,0,0,0,0,0,0,0,0,0,0,0,0,0,0,0,0,0,0,0,0,0,0,0,0,0,0,0,0,0,0,0
2000-04-24,0,0,0,0,0,0,0,0,0,0,0,0,0,0,0,0,0,0,0,0,0,0,0,0,0,0,0,0,0,0,0,0,0
2000-04-25,0,0,0,0,0,0,0,0,0,0,0,0,0,0,0,0,0,0,0,0,0,0,0,0,0,0,0,0,0,0,0,0,0
2000-04-26,0,0,0,0,0,0,0,0,0,0,0,0,0,0,0,0,0,0,0,0,0,0,0,0,0,0,0,0,0,0,0,0,0
2000-04-27,0,0,0,0,0,0,0,0,0,0,0,0,0,0,0,0,0,0,0,0,0,0,0,0,0,0,0,0,0,0,0,0,0
2000-04-28,0,0,0,0,0,0,0,0,0,0,0,0,0,0,0,0,0,0,0,0,0,0,0,0,0,0,0,0,0,0,0,0,0
2000-05-01,0,0,0,0,0,0,0,0,0,0,0,0,0,0,0,0,0,0,0,0,0,0,0,0,0,0,0,0,0,0,0,0,0
2000-05-02,0,0,0,0,0,0,0,0,0,0,0,0,0,0,0,0,0,0,0,0,0,0,0,0,0,0,0,0,0,0,0,0,0
2000-05-03,0,0,0,0,0,0,0,0,0,0,0,0,0,0,0,0,0,0,0,0,0,0,0,0,0,0,0,0,0,0,0,0,0
2000-05-04,0,0,0,0,0,0,0,0,0,0,0,0,0,0,0,0,0,0,0,0,0,0,0,0,0,0,0,0,0,0,0,0,0
2000-05-05,0,0,0,0,0,0,0,0,0,0,0,0,0,0,0,0,0,0,0,0,0,0,0,0,0,0,0,0,0,0,0,0,0
2000-05-08,0,0,0,0,0,0,0,0,0,0,0,0,0,0,0,0,0,0,0,0,0,0,0,0,0,0,0,0,0,0,0,0,0
2000-05-09,0,0,0,0,0,0,0,0,0,0,0,0,0,0,0,0,0,0,0,0,0,0,0,0,0,0,0,0,0,0,0,0,0
2000-05-10,0,0,0,0,0,0,0,0,0,0,0,0,0,0,0,0,0,0,0,0,0,0,0,0,0,0,0,0,0,0,0,0,0
2000-05-11,0,0,0,0,0,0,0,0,0,0,0,0,0,0,0,0,0,0,0,0,0,0,0,0,0,0,0,0,0,0,0,0,0
2000-05-12,0,0,0,0,0,0,0,0,0,0,0,0,0,0,0,0,0,0,0,0,0,0,0,0,0,0,0,0,0,0,0,0,0
2000-05-15,0,0,0,0,0,0,0,0,0,0,0,0,0,0,0,0,0,0,0,0,0,0,0,0,0,0,0,0,0,0,0,0,0
2000-05-16,0,0,0,0,0,0,0,0,0,0,0,0,0,0,0,0,0,0,0,0,0,0,0,0,0,0,0,0,0,0,0,0,0
2000-05-17,0,0,0,0,0,0,0,0,0,0,0,0,0,0,0,0,0,0,0,0,0,0,0,0,0,0,0,0,0,0,0,0,0
2000-05-18,0,0,0,0,0,0,0,0,0,0,0,0,0,0,0,0,0,0,0,0,0,0,0,0,0,0,0,0,0,0,0,0,0
2000-05-19,0,0,0,0,0,0,0,0,0,0,0,0,0,0,0,0,0,0,0,0,0,0,0,0,0,0,0,0,0,0,0,0,0
2000-05-22,0,0,0,0,0,0,0,0,0,0,0,0,0,0,0,0,0,0,0,0,0,0,0,0,0,0,0,0,0,0,0,0,0
2000-05-23,0,0,0,0,0,0,0,0,0,0,0,0,0,0,0,0,0,0,0,0,0,0,0,0,0,0,0,0,0,0,0,0,0
2000-05-24,0,0,0,0,0,0,0,0,0,0,0,0,0,0,0,0,0,0,0,0,0,0,0,0,0,0,0,0,0,0,0,0,0
2000-05-25,0,0,0,0,0,0,0,0,0,0,0,0,0,0,0,0,0,0,0,0,0,0,0,0,0,0,0,0,0,0,0,0,0
2000-05-26,0,0,0,0,0,0,0,0,0,0,0,0,0,0,0,0,0,0,0,0,0,0,0,0,0,0,0,0,0,0,0,0,0
2000-05-29,0,0,0,0,0,0,0,0,0,0,0,0,0,0,0,0,0,0,0,0,0,0,0,0,0,0,0,0,0,0,0,0,0
2000-05-30,0,0,0,0,0,0,0,0,0,0,0,0,0,0,0,0,0,0,0,0,0,0,0,0,0,0,0,0,0,0,0,0,0
2000-05-31,0,0,0,0,0,0,0,0,0,0,0,0,0,0,0,0,0,0,0,0,0,0,0,0,0,0,0,0,0,0,0,0,0
2000-06-01,0,0,0,0,0,0,0,0,0,0,0,0,0,0,0,0,0,0,0,0,0,0,0,0,0,0,0,0,0,0,0,0,0
2000-06-02,0,0,0,0,0,0,0,0,0,0,0,0,0,0,0,0,0,0,0,0,0,0,0,0,0,0,0,0,0,0,0,0,0
2000-06-05,0,0,0,0,0,0,0,0,0,0,0,0,0,0,0,0,0,0,0,0,0,0,0,0,0,0,0,0,0,0,0,0,0
2000-06-06,0,0,0,0,0,0,0,0,0,0,0,0,0,0,0,0,0,0,0,0,0,0,0,0,0,0,0,0,0,0,0,0,0
2000-06-07,0,0,0,0,0,0,0,0,0,0,0,0,0,0,0,0,0,0,0,0,0,0,0,0,0,0,0,0,0,0,0,0,0
2000-06-08,0,0,0,0,0,0,0,0,0,0,0,0,0,0,0,0,0,0,0,0,0,0,0,0,0,0,0,0,0,0,0,0,0
2000-06-09,0,0,0,0,0,0,0,0,0,0,0,0,0,0,0,0,0,0,0,0,0,0,0,0,0,0,0,0,0,0,0,0,0
2000-06-12,0,0,0,0,0,0,0,0,0,0,0,0,0,0,0,0,0,0,0,0,0,0,0,0,0,0,0,0,0,0,0,0,0
2000-06-13,0,0,0,0,0,0,0,0,0,0,0,0,0,0,0,0,0,0,0,0,0,0,0,0,0,0,0,0,0,0,0,0,0
2000-06-14,0,0,0,0,0,0,0,0,0,0,0,0,0,0,0,0,0,0,0,0,0,0,0,0,0,0,0,0,0,0,0,0,0
2000-06-15,0,0,0,0,0,0,0,0,0,0,0,0,0,0,0,0,0,0,0,0,0,0,0,0,0,0,0,0,0,0,0,0,0
2000-06-16,0,0,0,0,0,0,0,0,0,0,0,0,0,0,0,0,0,0,0,0,0,0,0,0,0,0,0,0,0,0,0,0,0
2000-06-19,0,0,0,0,0,0,0,0,0,0,0,0,0,0,0,0,0,0,0,0,0,0,0,0,0,0,0,0,0,0,0,0,0
2000-06-20,0,0,0,0,0,0,0,0,0,0,0,0,0,0,0,0,0,0,0,0,0,0,0,0,0,0,0,0,0,0,0,0,0
2000-06-21,0,0,0,0,0,0,0,0,0,0,0,0,0,0,0,0,0,0,0,0,0,0,0,0,0,0,0,0,0,0,0,0,0
2000-06-22,0,0,0,0,0,0,0,0,0,0,0,0,0,0,0,0,0,0,0,0,0,0,0,0,0,0,0,0,0,0,0,0,0
2000-06-23,0,0,0,0,0,0,0,0,0,0,0,0,0,0,0,0,0,0,0,0,0,0,0,0,0,0,0,0,0,0,0,0,0
2000-06-26,0,0,0,0,0,0,0,0,0,0,0,0,0,0,0,0,0,0,0,0,0,0,0,0,0,0,0,0,0,0,0,0,0
2000-06-27,0,0,0,0,0,0,0,0,0,0,0,0,0,0,0,0,0,0,0,0,0,0,0,0,0,0,0,0,0,0,0,0,0
2000-06-28,0,0,0,0,0,0,0,0,0,0,0,0,0,0,0,0,0,0,0,0,0,0,0,0,0,0,0,0,0,0,0,0,0
2000-06-29,0,0,0,0,0,0,0,0,0,0,0,0,0,0,0,0,0,0,0,0,0,0,0,0,0,0,0,0,0,0,0,0,0
2000-06-30,0,0,0,0,0,0,0,0,0,0,0,0,0,0,0,0,0,0,0,0,0,0,0,0,0,0,0,0,0,0,0,0,0
2000-07-03,0,0,0,0,0,0,0,0,0,0,0,0,0,0,0,0,0,0,0,0,0,0,0,0,0,0,0,0,0,0,0,0,0
2000-07-04,0,0,0,0,0,0,0,0,0,0,0,0,0,0,0,0,0,0,0,0,0,0,0,0,0,0,0,0,0,0,0,0,0
2000-07-05,0,0,0,0,0,0,0,0,0,0,0,0,0,0,0,0,0,0,0,0,0,0,0,0,0,0,0,0,0,0,0,0,0
2000-07-06,0,0,0,0,0,0,0,0,0,0,0,0,0,0,0,0,0,0,0,0,0,0,0,0,0,0,0,0,0,0,0,0,0
2000-07-07,0,0,0,0,0,0,0,0,0,0,0,0,0,0,0,0,0,0,0,0,0,0,0,0,0,0,0,0,0,0,0,0,0
2000-07-10,0,0,0,0,0,0,0,0,0,0,0,0,0,0,0,0,0,0,0,0,0,0,0,0,0,0,0,0,0,0,0,0,0
2000-07-11,0,0,0,0,0,0,0,0,0,0,0,0,0,0,0,0,0,0,0,0,0,0,0,0,0,0,0,0,0,0,0,0,0
2000-07-12,0,0,0,0,0,0,0,0,0,0,0,0,0,0,0,0,0,0,0,0,0,0,0,0,0,0,0,0,0,0,0,0,0
2000-07-13,0,0,0,0,0,0,0,0,0,0,0,0,0,0,0,0,0,0,0,0,0,0,0,0,0,0,0,0,0,0,0,0,0
2000-07-14,0,0,0,0,0,0,0,0,0,0,0,0,0,0,0,0,0,0,0,0,0,0,0,0,0,0,0,0,0,0,0,0,0
2000-07-17,0,0,0,0,0,0,0,0,0,0,0,0,0,0,0,0,0,0,0,0,0,0,0,0,0,0,0,0,0,0,0,0,0
2000-07-18,0,0,0,0,0,0,0,0,0,0,0,0,0,0,0,0,0,0,0,0,0,0,0,0,0,0,0,0,0,0,0,0,0
2000-07-19,0,0,0,0,0,0,0,0,0,0,0,0,0,0,0,0,0,0,0,0,0,0,0,0,0,0,0,0,0,0,0,0,0
2000-07-20,0,0,0,0,0,0,0,0,0,0,0,0,0,0,0,0,0,0,0,0,0,0,0,0,0,0,0,0,0,0,0,0,0
2000-07-21,0,0,0,0,0,0,0,0,0,0,0,0,0,0,0,0,0,0,0,0,0,0,0,0,0,0,0,0,0,0,0,0,0
2000-07-24,0,0,0,0,0,0,0,0,0,0,0,0,0,0,0,0,0,0,0,0,0,0,0,0,0,0,0,0,0,0,0,0,0
2000-07-25,0,0,0,0,0,0,0,0,0,0,0,0,0,0,0,0,0,0,0,0,0,0,0,0,0,0,0,0,0,0,0,0,0
2000-07-26,0,0,0,0,0,0,0,0,0,0,0,0,0,0,0,0,0,0,0,0,0,0,0,0,0,0,0,0,0,0,0,0,0
2000-07-27,0,0,0,0,0,0,0,0,0,0,0,0,0,0,0,0,0,0,0,0,0,0,0,0,0,0,0,0,0,0,0,0,0
2000-07-28,0,0,0,0,0,0,0,0,0,0,0,0,0,0,0,0,0,0,0,0,0,0,0,0,0,0,0,0,0,0,0,0,0
2000-07-31,0,0,0,0,0,0,0,0,0,0,0,0,0,0,0,0,0,0,0,0,0,0,0,0,0,0,0,0,0,0,0,0,0
2000-08-01,0,0,0,0,0,0,0,0,0,0,0,0,0,0,0,0,0,0,0,0,0,0,0,0,0,0,0,0,0,0,0,0,0
2000-08-02,0,0,0,0,0,0,0,0,0,0,0,0,0,0,0,0,0,0,0,0,0,0,0,0,0,0,0,0,0,0,0,0,0
2000-08-03,0,0,0,0,0,0,0,0,0,0,0,0,0,0,0,0,0,0,0,0,0,0,0,0,0,0,0,0,0,0,0,0,0
2000-08-04,0,0,0,0,0,0,0,0,0,0,0,0,0,0,0,0,0,0,0,0,0,0,0,0,0,0,0,0,0,0,0,0,0
2000-08-07,0,0,0,0,0,0,0,0,0,0,0,0,0,0,0,0,0,0,0,0,0,0,0,0,0,0,0,0,0,0,0,0,0
2000-08-08,0,0,0,0,0,0,0,0,0,0,0,0,0,0,0,0,0,0,0,0,0,0,0,0,0,0,0,0,0,0,0,0,0
2000-08-09,0,0,0,0,0,0,0,0,0,0,0,0,0,0,0,0,0,0,0,0,0,0,0,0,0,0,0,0,0,0,0,0,0
2000-08-10,0,0,0,0,0,0,0,0,0,0,0,0,0,0,0,0,0,0,0,0,0,0,0,0,0,0,0,0,0,0,0,0,0
2000-08-11,0,0,0,0,0,0,0,0,0,0,0,0,0,0,0,0,0,0,0,0,0,0,0,0,0,0,0,0,0,0,0,0,0
2000-08-14,0,0,0,0,0,0,0,0,0,0,0,0,0,0,0,0,0,0,0,0,0,0,0,0,0,0,0,0,0,0,0,0,0
2000-08-15,0,0,0,0,0,0,0,0,0,0,0,0,0,0,0,0,0,0,0,0,0,0,0,0,0,0,0,0,0,0,0,0,0
2000-08-16,0,0,0,0,0,0,0,0,0,0,0,0,0,0,0,0,0,0,0,0,0,0,0,0,0,0,0,0,0,0,0,0,0
2000-08-17,0,0,0,0,0,0,0,0,0,0,0,0,0,0,0,0,0,0,0,0,0,0,0,0,0,0,0,0,0,0,0,0,0
2000-08-18,0,0,0,0,0,0,0,0,0,0,0,0,0,0,0,0,0,0,0,0,0,0,0,0,0,0,0,0,0,0,0,0,0
2000-08-21,0,0,0,0,0,0,0,0,0,0,0,0,0,0,0,0,0,0,0,0,0,0,0,0,0,0,0,0,0,0,0,0,0
2000-08-22,0,0,0,0,0,0,0,0,0,0,0,0,0,0,0,0,0,0,0,0,0,0,0,0,0,0,0,0,0,0,0,0,0
2000-08-23,0,0,0,0,0,0,0,0,0,0,0,0,0,0,0,0,0,0,0,0,0,0,0,0,0,0,0,0,0,0,0,0,0
2000-08-24,0,0,0,0,0,0,0,0,0,0,0,0,0,0,0,0,0,0,0,0,0,0,0,0,0,0,0,0,0,0,0,0,0
2000-08-25,0,0,0,0,0,0,0,0,0,0,0,0,0,0,0,0,0,0,0,0,0,0,0,0,0,0,0,0,0,0,0,0,0
2000-08-28,0,0,0,0,0,0,0,0,0,0,0,0,0,0,0,0,0,0,0,0,0,0,0,0,0,0,0,0,0,0,0,0,0
2000-08-29,0,0,0,0,0,0,0,0,0,0,0,0,0,0,0,0,0,0,0,0,0,0,0,0,0,0,0,0,0,0,0,0,0
2000-08-30,0,0,0,0,0,0,0,0,0,0,0,0,0,0,0,0,0,0,0,0,0,0,0,0,0,0,0,0,0,0,0,0,0
2000-08-31,0,0,0,0,0,0,0,0,0,0,0,0,0,0,0,0,0,0,0,0,0,0,0,0,0,0,0,0,0,0,0,0,0
2000-09-01,0,0,0,0,0,0,0,0,0,0,0,0,0,0,0,0,0,0,0,0,0,0,0,0,0,0,0,0,0,0,0,0,0
2000-09-04,0,0,0,0,0,0,0,0,0,0,0,0,0,0,0,0,0,0,0,0,0,0,0,0,0,0,0,0,0,0,0,0,0
2000-09-05,0,0,0,0,0,0,0,0,0,0,0,0,0,0,0,0,0,0,0,0,0,0,0,0,0,0,0,0,0,0,0,0,0
2000-09-06,0,0,0,0,0,0,0,0,0,0,0,0,0,0,0,0,0,0,0,0,0,0,0,0,0,0,0,0,0,0,0,0,0
2000-09-07,0,0,0,0,0,0,0,0,0,0,0,0,0,0,0,0,0,0,0,0,0,0,0,0,0,0,0,0,0,0,0,0,0
2000-09-08,0,0,0,0,0,0,0,0,0,0,0,0,0,0,0,0,0,0,0,0,0,0,0,0,0,0,0,0,0,0,0,0,0
2000-09-11,0,0,0,0,0,0,0,0,0,0,0,0,0,0,0,0,0,0,0,0,0,0,0,0,0,0,0,0,0,0,0,0,0
2000-09-12,0,0,0,0,0,0,0,0,0,0,0,0,0,0,0,0,0,0,0,0,0,0,0,0,0,0,0,0,0,0,0,0,0
2000-09-13,0,0,0,0,0,0,0,0,0,0,0,0,0,0,0,0,0,0,0,0,0,0,0,0,0,0,0,0,0,0,0,0,0
2000-09-14,0,0,0,0,0,0,0,0,0,0,0,0,0,0,0,0,0,0,0,0,0,0,0,0,0,0,0,0,0,0,0,0,0
2000-09-15,0,0,0,0,0,0,0,0,0,0,0,0,0,0,0,0,0,0,0,0,0,0,0,0,0,0,0,0,0,0,0,0,0
2000-09-18,0,0,0,0,0,0,0,0,0,0,0,0,0,0,0,0,0,0,0,0,0,0,0,0,0,0,0,0,0,0,0,0,0
2000-09-19,0,0,0,0,0,0,0,0,0,0,0,0,0,0,0,0,0,0,0,0,0,0,0,0,0,0,0,0,0,0,0,0,0
2000-09-20,0,0,0,0,0,0,0,0,0,0,0,0,0,0,0,0,0,0,0,0,0,0,0,0,0,0,0,0,0,0,0,0,0
2000-09-21,0,0,0,0,0,0,0,0,0,0,0,0,0,0,0,0,0,0,0,0,0,0,0,0,0,0,0,0,0,0,0,0,0
2000-09-22,0,0,0,0,0,0,0,0,0,0,0,0,0,0,0,0,0,0,0,0,0,0,0,0,0,0,0,0,0,0,0,0,0
2000-09-25,0,0,0,0,0,0,0,0,0,0,0,0,0,0,0,0,0,0,0,0,0,0,0,0,0,0,0,0,0,0,0,0,0
2000-09-26,0,0,0,0,0,0,0,0,0,0,0,0,0,0,0,0,0,0,0,0,0,0,0,0,0,0,0,0,0,0,0,0,0
2000-09-27,0,0,0,0,0,0,0,0,0,0,0,0,0,0,0,0,0,0,0,0,0,0,0,0,0,0,0,0,0,0,0,0,0
2000-09-28,0,0,0,0,0,0,0,0,0,0,0,0,0,0,0,0,0,0,0,0,0,0,0,0,0,0,0,0,0,0,0,0,0
2000-09-29,0,0,0,0,0,0,0,0,0,0,0,0,0,0,0,0,0,0,0,0,0,0,0,0,0,0,0,0,0,0,0,0,0
2000-10-02,0,0,0,0,0,0,0,0,0,0,0,0,0,0,0,0,0,0,0,0,0,0,0,0,0,0,0,0,0,0,0,0,0
2000-10-03,0,0,0,0,0,0,0,0,0,0,0,0,0,0,0,0,0,0,0,0,0,0,0,0,0,0,0,0,0,0,0,0,0
2000-10-04,0,0,0,0,0,0,0,0,0,0,0,0,0,0,0,0,0,0,0,0,0,0,0,0,0,0,0,0,0,0,0,0,0
2000-10-05,0,0,0,0,0,0,0,0,0,0,0,0,0,0,0,0,0,0,0,0,0,0,0,0,0,0,0,0,0,0,0,0,0
2000-10-06,0,0,0,0,0,0,0,0,0,0,0,0,0,0,0,0,0,0,0,0,0,0,0,0,0,0,0,0,0,0,0,0,0
2000-10-09,0,0,0,0,0,0,0,0,0,0,0,0,0,0,0,0,0,0,0,0,0,0,0,0,0,0,0,0,0,0,0,0,0
2000-10-10,0,0,0,0,0,0,0,0,0,0,0,0,0,0,0,0,0,0,0,0,0,0,0,0,0,0,0,0,0,0,0,0,0
2000-10-11,0,0,0,0,0,0,0,0,0,0,0,0,0,0,0,0,0,0,0,0,0,0,0,0,0,0,0,0,0,0,0,0,0
2000-10-12,0,0,0,0,0,0,0,0,0,0,0,0,0,0,0,0,0,0,0,0,0,0,0,0,0,0,0,0,0,0,0,0,0
2000-10-13,0,0,0,0,0,0,0,0,0,0,0,0,0,0,0,0,0,0,0,0,0,0,0,0,0,0,0,0,0,0,0,0,0
2000-10-16,0,0,0,0,0,0,0,0,0,0,0,0,0,0,0,0,0,0,0,0,0,0,0,0,0,0,0,0,0,0,0,0,0
2000-10-17,0,0,0,0,0,0,0,0,0,0,0,0,0,0,0,0,0,0,0,0,0,0,0,0,0,0,0,0,0,0,0,0,0
2000-10-18,0,0,0,0,0,0,0,0,0,0,0,0,0,0,0,0,0,0,0,0,0,0,0,0,0,0,0,0,0,0,0,0,0
2000-10-19,0,0,0,0,0,0,0,0,0,0,0,0,0,0,0,0,0,0,0,0,0,0,0,0,0,0,0,0,0,0,0,0,0
2000-10-20,0,0,0,0,0,0,0,0,0,0,0,0,0,0,0,0,0,0,0,0,0,0,0,0,0,0,0,0,0,0,0,0,0
2000-10-23,0,0,0,0,0,0,0,0,0,0,0,0,0,0,0,0,0,0,0,0,0,0,0,0,0,0,0,0,0,0,0,0,0
2000-10-24,0,0,0,0,0,0,0,0,0,0,0,0,0,0,0,0,0,0,0,0,0,0,0,0,0,0,0,0,0,0,0,0,0
2000-10-25,0,0,0,0,0,0,0,0,0,0,0,0,0,0,0,0,0,0,0,0,0,0,0,0,0,0,0,0,0,0,0,0,0
2000-10-26,0,0,0,0,0,0,0,0,0,0,0,0,0,0,0,0,0,0,0,0,0,0,0,0,0,0,0,0,0,0,0,0,0
2000-10-27,0,0,0,0,0,0,0,0,0,0,0,0,0,0,0,0,0,0,0,0,0,0,0,0,0,0,0,0,0,0,0,0,0
2000-10-30,0,0,0,0,0,0,0,0,0,0,0,0,0,0,0,0,0,0,0,0,0,0,0,0,0,0,0,0,0,0,0,0,0
2000-10-31,0,0,0,0,0,0,0,0,0,0,0,0,0,0,0,0,0,0,0,0,0,0,0,0,0,0,0,0,0,0,0,0,0
2000-11-01,0,0,0,0,0,0,0,0,0,0,0,0,0,0,0,0,0,0,0,0,0,0,0,0,0,0,0,0,0,0,0,0,0
2000-11-02,0,0,0,0,0,0,0,0,0,0,0,0,0,0,0,0,0,0,0,0,0,0,0,0,0,0,0,0,0,0,0,0,0
2000-11-03,0,0,0,0,0,0,0,0,0,0,0,0,0,0,0,0,0,0,0,0,0,0,0,0,0,0,0,0,0,0,0,0,0
2000-11-06,0,0,0,0,0,0,0,0,0,0,0,0,0,0,0,0,0,0,0,0,0,0,0,0,0,0,0,0,0,0,0,0,0
2000-11-07,0,0,0,0,0,0,0,0,0,0,0,0,0,0,0,0,0,0,0,0,0,0,0,0,0,0,0,0,0,0,0,0,0
2000-11-08,0,0,0,0,0,0,0,0,0,0,0,0,0,0,0,0,0,0,0,0,0,0,0,0,0,0,0,0,0,0,0,0,0
2000-11-09,0,0,0,0,0,0,0,0,0,0,0,0,0,0,0,0,0,0,0,0,0,0,0,0,0,0,0,0,0,0,0,0,0
2000-11-10,0,0,0,0,0,0,0,0,0,0,0,0,0,0,0,0,0,0,0,0,0,0,0,0,0,0,0,0,0,0,0,0,0
2000-11-13,0,0,0,0,0,0,0,0,0,0,0,0,0,0,0,0,0,0,0,0,0,0,0,0,0,0,0,0,0,0,0,0,0
2000-11-14,0,0,0,0,0,0,0,0,0,0,0,0,0,0,0,0,0,0,0,0,0,0,0,0,0,0,0,0,0,0,0,0,0
2000-11-15,0,0,0,0,0,0,0,0,0,0,0,0,0,0,0,0,0,0,0,0,0,0,0,0,0,0,0,0,0,0,0,0,0
2000-11-16,0,0,0,0,0,0,0,0,0,0,0,0,0,0,0,0,0,0,0,0,0,0,0,0,0,0,0,0,0,0,0,0,0
2000-11-17,0,0,0,0,0,0,0,0,0,0,0,0,0,0,0,0,0,0,0,0,0,0,0,0,0,0,0,0,0,0,0,0,0
2000-11-20,0,0,0,0,0,0,0,0,0,0,0,0,0,0,0,0,0,0,0,0,0,0,0,0,0,0,0,0,0,0,0,0,0
2000-11-21,0,0,0,0,0,0,0,0,0,0,0,0,0,0,0,0,0,0,0,0,0,0,0,0,0,0,0,0,0,0,0,0,0
2000-11-22,0,0,0,0,0,0,0,0,0,0,0,0,0,0,0,0,0,0,0,0,0,0,0,0,0,0,0,0,0,0,0,0,0
2000-11-23,0,0,0,0,0,0,0,0,0,0,0,0,0,0,0,0,0,0,0,0,0,0,0,0,0,0,0,0,0,0,0,0,0
2000-11-24,0,0,0,0,0,0,0,0,0,0,0,0,0,0,0,0,0,0,0,0,0,0,0,0,0,0,0,0,0,0,0,0,0
2000-11-27,0,0,0,0,0,0,0,0,0,0,0,0,0,0,0,0,0,0,0,0,0,0,0,0,0,0,0,0,0,0,0,0,0
2000-11-28,0,0,0,0,0,0,0,0,0,0,0,0,0,0,0,0,0,0,0,0,0,0,0,0,0,0,0,0,0,0,0,0,0
2000-11-29,0,0,0,0,0,0,0,0,0,0,0,0,0,0,0,0,0,0,0,0,0,0,0,0,0,0,0,0,0,0,0,0,0
2000-11-30,0,0,0,0,0,0,0,0,0,0,0,0,0,0,0,0,0,0,0,0,0,0,0,0,0,0,0,0,0,0,0,0,0
2000-12-01,0,0,0,0,0,0,0,0,0,0,0,0,0,0,0,0,0,0,0,0,0,0,0,0,0,0,0,0,0,0,0,0,0
2000-12-04,0,0,0,0,0,0,0,0,0,0,0,0,0,0,0,0,0,0,0,0,0,0,0,0,0,0,0,0,0,0,0,0,0
2000-12-05,0,0,0,0,0,0,0,0,0,0,0,0,0,0,0,0,0,0,0,0,0,0,0,0,0,0,0,0,0,0,0,0,0
2000-12-06,0,0,0,0,0,0,0,0,0,0,0,0,0,0,0,0,0,0,0,0,0,0,0,0,0,0,0,0,0,0,0,0,0
2000-12-07,0,0,0,0,0,0,0,0,0,0,0,0,0,0,0,0,0,0,0,0,0,0,0,0,0,0,0,0,0,0,0,0,0
2000-12-08,0,0,0,0,0,0,0,0,0,0,0,0,0,0,0,0,0,0,0,0,0,0,0,0,0,0,0,0,0,0,0,0,0
2000-12-11,0,0,0,0,0,0,0,0,0,0,0,0,0,0,0,0,0,0,0,0,0,0,0,0,0,0,0,0,0,0,0,0,0
2000-12-12,0,0,0,0,0,0,0,0,0,0,0,0,0,0,0,0,0,0,0,0,0,0,0,0,0,0,0,0,0,0,0,0,0
2000-12-13,0,0,0,0,0,0,0,0,0,0,0,0,0,0,0,0,0,0,0,0,0,0,0,0,0,0,0,0,0,0,0,0,0
2000-12-14,0,0,0,0,0,0,0,0,0,0,0,0,0,0,0,0,0,0,0,0,0,0,0,0,0,0,0,0,0,0,0,0,0
2000-12-15,0,0,0,0,0,0,0,0,0,0,0,0,0,0,0,0,0,0,0,0,0,0,0,0,0,0,0,0,0,0,0,0,0
2000-12-18,0,0,0,0,0,0,0,0,0,0,0,0,0,0,0,0,0,0,0,0,0,0,0,0,0,0,0,0,0,0,0,0,0
2000-12-19,0,0,0,0,0,0,0,0,0,0,0,0,0,0,0,0,0,0,0,0,0,0,0,0,0,0,0,0,0,0,0,0,0
2000-12-20,0,0,0,0,0,0,0,0,0,0,0,0,0,0,0,0,0,0,0,0,0,0,0,0,0,0,0,0,0,0,0,0,0
2000-12-21,0,0,0,0,0,0,0,0,0,0,0,0,0,0,0,0,0,0,0,0,0,0,0,0,0,0,0,0,0,0,0,0,0
2000-12-22,0,0,0,0,0,0,0,0,0,0,0,0,0,0,0,0,0,0,0,0,0,0,0,0,0,0,0,0,0,0,0,0,0
2000-12-25,0,0,0,0,0,0,0,0,0,0,0,0,0,0,0,0,0,0,0,0,0,0,0,0,0,0,0,0,0,0,0,0,0
2000-12-26,0,0,0,0,0,0,0,0,0,0,0,0,0,0,0,0,0,0,0,0,0,0,0,0,0,0,0,0,0,0,0,0,0
2000-12-27,0,0,0,0,0,0,0,0,0,0,0,0,0,0,0,0,0,0,0,0,0,0,0,0,0,0,0,0,0,0,0,0,0
2000-12-28,0,0,0,0,0,0,0,0,0,0,0,0,0,0,0,0,0,0,0,0,0,0,0,0,0,0,0,0,0,0,0,0,0
2000-12-29,0,0,0,0,0,0,0,0,0,0,0,0,0,0,0,0,0,0,0,0,0,0,0,0,0,0,0,0,0,0,0,0,0
2001-01-01,0,0,0,0,0,0,0,0,0,0,0,0,0,0,0,0,0,0,0,0,0,0,0,0,0,0,0,0,0,0,0,0,0
2001-01-02,0,0,0,0,0,0,0,0,0,0,0,0,0,0,0,0,0,0,0,0,0,0,0,0,0,0,0,0,0,0,0,0,0
2001-01-03,0,0,0,0,0,0,0,0,0,0,0,0,0,0,0,0,0,0,0,0,0,0,0,0,0,0,0,0,0,0,0,0,0
2001-01-04,0,0,0,0,0,0,0,0,0,0,0,0,0,0,0,0,0,0,0,0,0,0,0,0,0,0,0,0,0,0,0,0,0
2001-01-05,0,0,0,0,0,0,0,0,0,0,0,0,0,0,0,0,0,0,0,0,0,0,0,0,0,0,0,0,0,0,0,0,0
2001-01-08,0,0,0,0,0,0,0,0,0,0,0,0,0,0,0,0,0,0,0,0,0,0,0,0,0,0,0,0,0,0,0,0,0
2001-01-09,0,0,0,0,0,0,0,0,0,0,0,0,0,0,0,0,0,0,0,0,0,0,0,0,0,0,0,0,0,0,0,0,0
2001-01-10,0,0,0,0,0,0,0,0,0,0,0,0,0,0,0,0,0,0,0,0,0,0,0,0,0,0,0,0,0,0,0,0,0
2001-01-11,0,0,0,0,0,0,0,0,0,0,0,0,0,0,0,0,0,0,0,0,0,0,0,0,0,0,0,0,0,0,0,0,0
2001-01-12,0,0,0,0,0,0,0,0,0,0,0,0,0,0,0,0,0,0,0,0,0,0,0,0,0,0,0,0,0,0,0,0,0
2001-01-15,0,0,0,0,0,0,0,0,0,0,0,0,0,0,0,0,0,0,0,0,0,0,0,0,0,0,0,0,0,0,0,0,0
2001-01-16,0,0,0,0,0,0,0,0,0,0,0,0,0,0,0,0,0,0,0,0,0,0,0,0,0,0,0,0,0,0,0,0,0
2001-01-17,0,0,0,0,0,0,0,0,0,0,0,0,0,0,0,0,0,0,0,0,0,0,0,0,0,0,0,0,0,0,0,0,0
2001-01-18,0,0,0,0,0,0,0,0,0,0,0,0,0,0,0,0,0,0,0,0,0,0,0,0,0,0,0,0,0,0,0,0,0
2001-01-19,0,0,0,0,0,0,0,0,0,0,0,0,0,0,0,0,0,0,0,0,0,0,0,0,0,0,0,0,0,0,0,0,0
2001-01-22,0,0,0,0,0,0,0,0,0,0,0,0,0,0,0,0,0,0,0,0,0,0,0,0,0,0,0,0,0,0,0,0,0
2001-01-23,0,0,0,0,0,0,0,0,0,0,0,0,0,0,0,0,0,0,0,0,0,0,0,0,0,0,0,0,0,0,0,0,0
2001-01-24,0,0,0,0,0,0,0,0,0,0,0,0,0,0,0,0,0,0,0,0,0,0,0,0,0,0,0,0,0,0,0,0,0
2001-01-25,0,0,0,0,0,0,0,0,0,0,0,0,0,0,0,0,0,0,0,0,0,0,0,0,0,0,0,0,0,0,0,0,0
2001-01-26,0,0,0,0,0,0,0,0,0,0,0,0,0,0,0,0,0,0,0,0,0,0,0,0,0,0,0,0,0,0,0,0,0
2001-01-29,0,0,0,0,0,0,0,0,0,0,0,0,0,0,0,0,0,0,0,0,0,0,0,0,0,0,0,0,0,0,0,0,0
2001-01-30,0,0,0,0,0,0,0,0,0,0,0,0,0,0,0,0,0,0,0,0,0,0,0,0,0,0,0,0,0,0,0,0,0
2001-01-31,0,0,0,0,0,0,0,0,0,0,0,0,0,0,0,0,0,0,0,0,0,0,0,0,0,0,0,0,0,0,0,0,0
2001-02-01,0,0,0,0,0,0,0,0,0,0,0,0,0,0,0,0,0,0,0,0,0,0,0,0,0,0,0,0,0,0,0,0,0
2001-02-02,0,0,0,0,0,0,0,0,0,0,0,0,0,0,0,0,0,0,0,0,0,0,0,0,0,0,0,0,0,0,0,0,0
2001-02-05,0,0,0,0,0,0,0,0,0,0,0,0,0,0,0,0,0,0,0,0,0,0,0,0,0,0,0,0,0,0,0,0,0
2001-02-06,0,0,0,0,0,0,0,0,0,0,0,0,0,0,0,0,0,0,0,0,0,0,0,0,0,0,0,0,0,0,0,0,0
2001-02-07,0,0,0,0,0,0,0,0,0,0,0,0,0,0,0,0,0,0,0,0,0,0,0,0,0,0,0,0,0,0,0,0,0
2001-02-08,0,0,0,0,0,0,0,0,0,0,0,0,0,0,0,0,0,0,0,0,0,0,0,0,0,0,0,0,0,0,0,0,0
2001-02-09,0,0,0,0,0,0,0,0,0,0,0,0,0,0,0,0,0,0,0,0,0,0,0,0,0,0,0,0,0,0,0,0,0
2001-02-12,0,0,0,0,0,0,0,0,0,0,0,0,0,0,0,0,0,0,0,0,0,0,0,0,0,0,0,0,0,0,0,0,0
2001-02-13,0,0,0,0,0,0,0,0,0,0,0,0,0,0,0,0,0,0,0,0,0,0,0,0,0,0,0,0,0,0,0,0,0
2001-02-14,0,0,0,0,0,0,0,0,0,0,0,0,0,0,0,0,0,0,0,0,0,0,0,0,0,0,0,0,0,0,0,0,0
2001-02-15,0,0,0,0,0,0,0,0,0,0,0,0,0,0,0,0,0,0,0,0,0,0,0,0,0,0,0,0,0,0,0,0,0
2001-02-16,0,0,0,0,0,0,0,0,0,0,0,0,0,0,0,0,0,0,0,0,0,0,0,0,0,0,0,0,0,0,0,0,0
2001-02-19,0,0,0,0,0,0,0,0,0,0,0,0,0,0,0,0,0,0,0,0,0,0,0,0,0,0,0,0,0,0,0,0,0
2001-02-20,0,0,0,0,0,0,0,0,0,0,0,0,0,0,0,0,0,0,0,0,0,0,0,0,0,0,0,0,0,0,0,0,0
2001-02-21,0,0,0,0,0,0,0,0,0,0,0,0,0,0,0,0,0,0,0,0,0,0,0,0,0,0,0,0,0,0,0,0,0
2001-02-22,0,0,0,0,0,0,0,0,0,0,0,0,0,0,0,0,0,0,0,0,0,0,0,0,0,0,0,0,0,0,0,0,0
2001-02-23,0,0,0,0,0,0,0,0,0,0,0,0,0,0,0,0,0,0,0,0,0,0,0,0,0,0,0,0,0,0,0,0,0
2001-02-26,0,0,0,0,0,0,0,0,0,0,0,0,0,0,0,0,0,0,0,0,0,0,0,0,0,0,0,0,0,0,0,0,0
2001-02-27,0,0,0,0,0,0,0,0,0,0,0,0,0,0,0,0,0,0,0,0,0,0,0,0,0,0,0,0,0,0,0,0,0
2001-02-28,0,0,0,0,0,0,0,0,0,0,0,0,0,0,0,0,0,0,0,0,0,0,0,0,0,0,0,0,0,0,0,0,0
2001-03-01,0,0,0,0,0,0,0,0,0,0,0,0,0,0,0,0,0,0,0,0,0,0,0,0,0,0,0,0,0,0,0,0,0
2001-03-02,0,0,0,0,0,0,0,0,0,0,0,0,0,0,0,0,0,0,0,0,0,0,0,0,0,0,0,0,0,0,0,0,0
2001-03-05,0,0,0,0,0,0,0,0,0,0,0,0,0,0,0,0,0,0,0,0,0,0,0,0,0,0,0,0,0,0,0,0,0
2001-03-06,0,0,0,0,0,0,0,0,0,0,0,0,0,0,0,0,0,0,0,0,0,0,0,0,0,0,0,0,0,0,0,0,0
2001-03-07,0,0,0,0,0,0,0,0,0,0,0,0,0,0,0,0,0,0,0,0,0,0,0,0,0,0,0,0,0,0,0,0,0
2001-03-08,0,0,0,0,0,0,0,0,0,0,0,0,0,0,0,0,0,0,0,0,0,0,0,0,0,0,0,0,0,0,0,0,0
2001-03-09,0,0,0,0,0,0,0,0,0,0,0,0,0,0,0,0,0,0,0,0,0,0,0,0,0,0,0,0,0,0,0,0,0
2001-03-12,0,0,0,0,0,0,0,0,0,0,0,0,0,0,0,0,0,0,0,0,0,0,0,0,0,0,0,0,0,0,0,0,0
2001-03-13,0,0,0,0,0,0,0,0,0,0,0,0,0,0,0,0,0,0,0,0,0,0,0,0,0,0,0,0,0,0,0,0,0
2001-03-14,0,0,0,0,0,0,0,0,0,0,0,0,0,0,0,0,0,0,0,0,0,0,0,0,0,0,0,0,0,0,0,0,0
2001-03-15,0,0,0,0,0,0,0,0,0,0,0,0,0,0,0,0,0,0,0,0,0,0,0,0,0,0,0,0,0,0,0,0,0
2001-03-16,0,0,0,0,0,0,0,0,0,0,0,0,0,0,0,0,0,0,0,0,0,0,0,0,0,0,0,0,0,0,0,0,0
2001-03-19,0,0,0,0,0,0,0,0,0,0,0,0,0,0,0,0,0,0,0,0,0,0,0,0,0,0,0,0,0,0,0,0,0
2001-03-20,0,0,0,0,0,0,0,0,0,0,0,0,0,0,0,0,0,0,0,0,0,0,0,0,0,0,0,0,0,0,0,0,0
2001-03-21,0,0,0,0,0,0,0,0,0,0,0,0,0,0,0,0,0,0,0,0,0,0,0,0,0,0,0,0,0,0,0,0,0
2001-03-22,0,0,0,0,0,0,0,0,0,0,0,0,0,0,0,0,0,0,0,0,0,0,0,0,0,0,0,0,0,0,0,0,0
2001-03-23,0,0,0,0,0,0,0,0,0,0,0,0,0,0,0,0,0,0,0,0,0,0,0,0,0,0,0,0,0,0,0,0,0
2001-03-26,0,0,0,0,0,0,0,0,0,0,0,0,0,0,0,0,0,0,0,0,0,0,0,0,0,0,0,0,0,0,0,0,0
2001-03-27,0,0,0,0,0,0,0,0,0,0,0,0,0,0,0,0,0,0,0,0,0,0,0,0,0,0,0,0,0,0,0,0,0
2001-03-28,0,0,0,0,0,0,0,0,0,0,0,0,0,0,0,0,0,0,0,0,0,0,0,0,0,0,0,0,0,0,0,0,0
2001-03-29,0,0,0,0,0,0,0,0,0,0,0,0,0,0,0,0,0,0,0,0,0,0,0,0,0,0,0,0,0,0,0,0,0
2001-03-30,0,0,0,0,0,0,0,0,0,0,0,0,0,0,0,0,0,0,0,0,0,0,0,0,0,0,0,0,0,0,0,0,0
2001-04-02,0,0,0,0,0,0,0,0,0,0,0,0,0,0,0,0,0,0,0,0,0,0,0,0,0,0,0,0,0,0,0,0,0
2001-04-03,0,0,0,0,0,0,0,0,0,0,0,0,0,0,0,0,0,0,0,0,0,0,0,0,0,0,0,0,0,0,0,0,0
2001-04-04,0,0,0,0,0,0,0,0,0,0,0,0,0,0,0,0,0,0,0,0,0,0,0,0,0,0,0,0,0,0,0,0,0
2001-04-05,0,0,0,0,0,0,0,0,0,0,0,0,0,0,0,0,0,0,0,0,0,0,0,0,0,0,0,0,0,0,0,0,0
2001-04-06,0,0,0,0,0,0,0,0,0,0,0,0,0,0,0,0,0,0,0,0,0,0,0,0,0,0,0,0,0,0,0,0,0
2001-04-09,0,0,0,0,0,0,0,0,0,0,0,0,0,0,0,0,0,0,0,0,0,0,0,0,0,0,0,0,0,0,0,0,0
2001-04-10,0,0,0,0,0,0,0,0,0,0,0,0,0,0,0,0,0,0,0,0,0,0,0,0,0,0,0,0,0,0,0,0,0
2001-04-11,0,0,0,0,0,0,0,0,0,0,0,0,0,0,0,0,0,0,0,0,0,0,0,0,0,0,0,0,0,0,0,0,0
2001-04-12,0,0,0,0,0,0,0,0,0,0,0,0,0,0,0,0,0,0,0,0,0,0,0,0,0,0,0,0,0,0,0,0,0
2001-04-13,0,0,0,0,0,0,0,0,0,0,0,0,0,0,0,0,0,0,0,0,0,0,0,0,0,0,0,0,0,0,0,0,0
2001-04-16,0,0,0,0,0,0,0,0,0,0,0,0,0,0,0,0,0,0,0,0,0,0,0,0,0,0,0,0,0,0,0,0,0
2001-04-17,0,0,0,0,0,0,0,0,0,0,0,0,0,0,0,0,0,0,0,0,0,0,0,0,0,0,0,0,0,0,0,0,0
2001-04-18,0,0,0,0,0,0,0,0,0,0,0,0,0,0,0,0,0,0,0,0,0,0,0,0,0,0,0,0,0,0,0,0,0
2001-04-19,0,0,0,0,0,0,0,0,0,0,0,0,0,0,0,0,0,0,0,0,0,0,0,0,0,0,0,0,0,0,0,0,0
2001-04-20,0,0,0,0,0,0,0,0,0,0,0,0,0,0,0,0,0,0,0,0,0,0,0,0,0,0,0,0,0,0,0,0,0
2001-04-23,0,0,0,0,0,0,0,0,0,0,0,0,0,0,0,0,0,0,0,0,0,0,0,0,0,0,0,0,0,0,0,0,0
2001-04-24,0,0,0,0,0,0,0,0,0,0,0,0,0,0,0,0,0,0,0,0,0,0,0,0,0,0,0,0,0,0,0,0,0
2001-04-25,0,0,0,0,0,0,0,0,0,0,0,0,0,0,0,0,0,0,0,0,0,0,0,0,0,0,0,0,0,0,0,0,0
2001-04-26,0,0,0,0,0,0,0,0,0,0,0,0,0,0,0,0,0,0,0,0,0,0,0,0,0,0,0,0,0,0,0,0,0
2001-04-27,0,0,0,0,0,0,0,0,0,0,0,0,0,0,0,0,0,0,0,0,0,0,0,0,0,0,0,0,0,0,0,0,0
2001-04-30,0,0,0,0,0,0,0,0,0,0,0,0,0,0,0,0,0,0,0,0,0,0,0,0,0,0,0,0,0,0,0,0,0
2001-05-01,0,0,0,0,0,0,0,0,0,0,0,0,0,0,0,0,0,0,0,0,0,0,0,0,0,0,0,0,0,0,0,0,0
2001-05-02,0,0,0,0,0,0,0,0,0,0,0,0,0,0,0,0,0,0,0,0,0,0,0,0,0,0,0,0,0,0,0,0,0
2001-05-03,0,0,0,0,0,0,0,0,0,0,0,0,0,0,0,0,0,0,0,0,0,0,0,0,0,0,0,0,0,0,0,0,0
2001-05-04,0,0,0,0,0,0,0,0,0,0,0,0,0,0,0,0,0,0,0,0,0,0,0,0,0,0,0,0,0,0,0,0,0
2001-05-07,0,0,0,0,0,0,0,0,0,0,0,0,0,0,0,0,0,0,0,0,0,0,0,0,0,0,0,0,0,0,0,0,0
2001-05-08,0,0,0,0,0,0,0,0,0,0,0,0,0,0,0,0,0,0,0,0,0,0,0,0,0,0,0,0,0,0,0,0,0
2001-05-09,0,0,0,0,0,0,0,0,0,0,0,0,0,0,0,0,0,0,0,0,0,0,0,0,0,0,0,0,0,0,0,0,0
2001-05-10,0,0,0,0,0,0,0,0,0,0,0,0,0,0,0,0,0,0,0,0,0,0,0,0,0,0,0,0,0,0,0,0,0
2001-05-11,0,0,0,0,0,0,0,0,0,0,0,0,0,0,0,0,0,0,0,0,0,0,0,0,0,0,0,0,0,0,0,0,0
2001-05-14,0,0,0,0,0,0,0,0,0,0,0,0,0,0,0,0,0,0,0,0,0,0,0,0,0,0,0,0,0,0,0,0,0
2001-05-15,0,0,0,0,0,0,0,0,0,0,0,0,0,0,0,0,0,0,0,0,0,0,0,0,0,0,0,0,0,0,0,0,0
2001-05-16,0,0,0,0,0,0,0,0,0,0,0,0,0,0,0,0,0,0,0,0,0,0,0,0,0,0,0,0,0,0,0,0,0
2001-05-17,0,0,0,0,0,0,0,0,0,0,0,0,0,0,0,0,0,0,0,0,0,0,0,0,0,0,0,0,0,0,0,0,0
2001-05-18,0,0,0,0,0,0,0,0,0,0,0,0,0,0,0,0,0,0,0,0,0,0,0,0,0,0,0,0,0,0,0,0,0
2001-05-21,0,0,0,0,0,0,0,0,0,0,0,0,0,0,0,0,0,0,0,0,0,0,0,0,0,0,0,0,0,0,0,0,0
2001-05-22,0,0,0,0,0,0,0,0,0,0,0,0,0,0,0,0,0,0,0,0,0,0,0,0,0,0,0,0,0,0,0,0,0
2001-05-23,0,0,0,0,0,0,0,0,0,0,0,0,0,0,0,0,0,0,0,0,0,0,0,0,0,0,0,0,0,0,0,0,0
2001-05-24,0,0,0,0,0,0,0,0,0,0,0,0,0,0,0,0,0,0,0,0,0,0,0,0,0,0,0,0,0,0,0,0,0
2001-05-25,0,0,0,0,0,0,0,0,0,0,0,0,0,0,0,0,0,0,0,0,0,0,0,0,0,0,0,0,0,0,0,0,0
2001-05-28,0,0,0,0,0,0,0,0,0,0,0,0,0,0,0,0,0,0,0,0,0,0,0,0,0,0,0,0,0,0,0,0,0
2001-05-29,0,0,0,0,0,0,0,0,0,0,0,0,0,0,0,0,0,0,0,0,0,0,0,0,0,0,0,0,0,0,0,0,0
2001-05-30,0,0,0,0,0,0,0,0,0,0,0,0,0,0,0,0,0,0,0,0,0,0,0,0,0,0,0,0,0,0,0,0,0
2001-05-31,0,0,0,0,0,0,0,0,0,0,0,0,0,0,0,0,0,0,0,0,0,0,0,0,0,0,0,0,0,0,0,0,0
2001-06-01,0,0,0,0,0,0,0,0,0,0,0,0,0,0,0,0,0,0,0,0,0,0,0,0,0,0,0,0,0,0,0,0,0
2001-06-04,0,0,0,0,0,0,0,0,0,0,0,0,0,0,0,0,0,0,0,0,0,0,0,0,0,0,0,0,0,0,0,0,0
2001-06-05,0,0,0,0,0,0,0,0,0,0,0,0,0,0,0,0,0,0,0,0,0,0,0,0,0,0,0,0,0,0,0,0,0
2001-06-06,0,0,0,0,0,0,0,0,0,0,0,0,0,0,0,0,0,0,0,0,0,0,0,0,0,0,0,0,0,0,0,0,0
2001-06-07,0,0,0,0,0,0,0,0,0,0,0,0,0,0,0,0,0,0,0,0,0,0,0,0,0,0,0,0,0,0,0,0,0
2001-06-08,0,0,0,0,0,0,0,0,0,0,0,0,0,0,0,0,0,0,0,0,0,0,0,0,0,0,0,0,0,0,0,0,0
2001-06-11,0,0,0,0,0,0,0,0,0,0,0,0,0,0,0,0,0,0,0,0,0,0,0,0,0,0,0,0,0,0,0,0,0
2001-06-12,0,0,0,0,0,0,0,0,0,0,0,0,0,0,0,0,0,0,0,0,0,0,0,0,0,0,0,0,0,0,0,0,0
2001-06-13,0,0,0,0,0,0,0,0,0,0,0,0,0,0,0,0,0,0,0,0,0,0,0,0,0,0,0,0,0,0,0,0,0
2001-06-14,0,0,0,0,0,0,0,0,0,0,0,0,0,0,0,0,0,0,0,0,0,0,0,0,0,0,0,0,0,0,0,0,0
2001-06-15,0,0,0,0,0,0,0,0,0,0,0,0,0,0,0,0,0,0,0,0,0,0,0,0,0,0,0,0,0,0,0,0,0
2001-06-18,0,0,0,0,0,0,0,0,0,0,0,0,0,0,0,0,0,0,0,0,0,0,0,0,0,0,0,0,0,0,0,0,0
2001-06-19,0,0,0,0,0,0,0,0,0,0,0,0,0,0,0,0,0,0,0,0,0,0,0,0,0,0,0,0,0,0,0,0,0
2001-06-20,0,0,0,0,0,0,0,0,0,0,0,0,0,0,0,0,0,0,0,0,0,0,0,0,0,0,0,0,0,0,0,0,0
2001-06-21,0,0,0,0,0,0,0,0,0,0,0,0,0,0,0,0,0,0,0,0,0,0,0,0,0,0,0,0,0,0,0,0,0
2001-06-22,0,0,0,0,0,0,0,0,0,0,0,0,0,0,0,0,0,0,0,0,0,0,0,0,0,0,0,0,0,0,0,0,0
2001-06-25,0,0,0,0,0,0,0,0,0,0,0,0,0,0,0,0,0,0,0,0,0,0,0,0,0,0,0,0,0,0,0,0,0
2001-06-26,0,0,0,0,0,0,0,0,0,0,0,0,0,0,0,0,0,0,0,0,0,0,0,0,0,0,0,0,0,0,0,0,0
2001-06-27,0,0,0,0,0,0,0,0,0,0,0,0,0,0,0,0,0,0,0,0,0,0,0,0,0,0,0,0,0,0,0,0,0
2001-06-28,0,0,0,0,0,0,0,0,0,0,0,0,0,0,0,0,0,0,0,0,0,0,0,0,0,0,0,0,0,0,0,0,0
2001-06-29,0,0,0,0,0,0,0,0,0,0,0,0,0,0,0,0,0,0,0,0,0,0,0,0,0,0,0,0,0,0,0,0,0
2001-07-02,0,0,0,0,0,0,0,0,0,0,0,0,0,0,0,0,0,0,0,0,0,0,0,0,0,0,0,0,0,0,0,0,0
2001-07-03,0,0,0,0,0,0,0,0,0,0,0,0,0,0,0,0,0,0,0,0,0,0,0,0,0,0,0,0,0,0,0,0,0
2001-07-04,0,0,0,0,0,0,0,0,0,0,0,0,0,0,0,0,0,0,0,0,0,0,0,0,0,0,0,0,0,0,0,0,0
2001-07-05,0,0,0,0,0,0,0,0,0,0,0,0,0,0,0,0,0,0,0,0,0,0,0,0,0,0,0,0,0,0,0,0,0
2001-07-06,0,0,0,0,0,0,0,0,0,0,0,0,0,0,0,0,0,0,0,0,0,0,0,0,0,0,0,0,0,0,0,0,0
2001-07-09,0,0,0,0,0,0,0,0,0,0,0,0,0,0,0,0,0,0,0,0,0,0,0,0,0,0,0,0,0,0,0,0,0
2001-07-10,0,0,0,0,0,0,0,0,0,0,0,0,0,0,0,0,0,0,0,0,0,0,0,0,0,0,0,0,0,0,0,0,0
2001-07-11,0,0,0,0,0,0,0,0,0,0,0,0,0,0,0,0,0,0,0,0,0,0,0,0,0,0,0,0,0,0,0,0,0
2001-07-12,0,0,0,0,0,0,0,0,0,0,0,0,0,0,0,0,0,0,0,0,0,0,0,0,0,0,0,0,0,0,0,0,0
2001-07-13,0,0,0,0,0,0,0,0,0,0,0,0,0,0,0,0,0,0,0,0,0,0,0,0,0,0,0,0,0,0,0,0,0
2001-07-16,0,0,0,0,0,0,0,0,0,0,0,0,0,0,0,0,0,0,0,0,0,0,0,0,0,0,0,0,0,0,0,0,0
2001-07-17,0,0,0,0,0,0,0,0,0,0,0,0,0,0,0,0,0,0,0,0,0,0,0,0,0,0,0,0,0,0,0,0,0
2001-07-18,0,0,0,0,0,0,0,0,0,0,0,0,0,0,0,0,0,0,0,0,0,0,0,0,0,0,0,0,0,0,0,0,0
2001-07-19,0,0,0,0,0,0,0,0,0,0,0,0,0,0,0,0,0,0,0,0,0,0,0,0,0,0,0,0,0,0,0,0,0
2001-07-20,0,0,0,0,0,0,0,0,0,0,0,0,0,0,0,0,0,0,0,0,0,0,0,0,0,0,0,0,0,0,0,0,0
2001-07-23,0,0,0,0,0,0,0,0,0,0,0,0,0,0,0,0,0,0,0,0,0,0,0,0,0,0,0,0,0,0,0,0,0
2001-07-24,0,0,0,0,0,0,0,0,0,0,0,0,0,0,0,0,0,0,0,0,0,0,0,0,0,0,0,0,0,0,0,0,0
2001-07-25,0,0,0,0,0,0,0,0,0,0,0,0,0,0,0,0,0,0,0,0,0,0,0,0,0,0,0,0,0,0,0,0,0
2001-07-26,0,0,0,0,0,0,0,0,0,0,0,0,0,0,0,0,0,0,0,0,0,0,0,0,0,0,0,0,0,0,0,0,0
2001-07-27,0,0,0,0,0,0,0,0,0,0,0,0,0,0,0,0,0,0,0,0,0,0,0,0,0,0,0,0,0,0,0,0,0
2001-07-30,0,0,0,0,0,0,0,0,0,0,0,0,0,0,0,0,0,0,0,0,0,0,0,0,0,0,0,0,0,0,0,0,0
2001-07-31,0,0,0,0,0,0,0,0,0,0,0,0,0,0,0,0,0,0,0,0,0,0,0,0,0,0,0,0,0,0,0,0,0
2001-08-01,0,0,0,0,0,0,0,0,0,0,0,0,0,0,0,0,0,0,0,0,0,0,0,0,0,0,0,0,0,0,0,0,0
2001-08-02,0,0,0,0,0,0,0,0,0,0,0,0,0,0,0,0,0,0,0,0,0,0,0,0,0,0,0,0,0,0,0,0,0
2001-08-03,0,0,0,0,0,0,0,0,0,0,0,0,0,0,0,0,0,0,0,0,0,0,0,0,0,0,0,0,0,0,0,0,0
2001-08-06,0,0,0,0,0,0,0,0,0,0,0,0,0,0,0,0,0,0,0,0,0,0,0,0,0,0,0,0,0,0,0,0,0
2001-08-07,0,0,0,0,0,0,0,0,0,0,0,0,0,0,0,0,0,0,0,0,0,0,0,0,0,0,0,0,0,0,0,0,0
2001-08-08,0,0,0,0,0,0,0,0,0,0,0,0,0,0,0,0,0,0,0,0,0,0,0,0,0,0,0,0,0,0,0,0,0
2001-08-09,0,0,0,0,0,0,0,0,0,0,0,0,0,0,0,0,0,0,0,0,0,0,0,0,0,0,0,0,0,0,0,0,0
2001-08-10,0,0,0,0,0,0,0,0,0,0,0,0,0,0,0,0,0,0,0,0,0,0,0,0,0,0,0,0,0,0,0,0,0
2001-08-13,0,0,0,0,0,0,0,0,0,0,0,0,0,0,0,0,0,0,0,0,0,0,0,0,0,0,0,0,0,0,0,0,0
2001-08-14,0,0,0,0,0,0,0,0,0,0,0,0,0,0,0,0,0,0,0,0,0,0,0,0,0,0,0,0,0,0,0,0,0
2001-08-15,0,0,0,0,0,0,0,0,0,0,0,0,0,0,0,0,0,0,0,0,0,0,0,0,0,0,0,0,0,0,0,0,0
2001-08-16,0,0,0,0,0,0,0,0,0,0,0,0,0,0,0,0,0,0,0,0,0,0,0,0,0,0,0,0,0,0,0,0,0
2001-08-17,0,0,0,0,0,0,0,0,0,0,0,0,0,0,0,0,0,0,0,0,0,0,0,0,0,0,0,0,0,0,0,0,0
2001-08-20,0,0,0,0,0,0,0,0,0,0,0,0,0,0,0,0,0,0,0,0,0,0,0,0,0,0,0,0,0,0,0,0,0
2001-08-21,0,0,0,0,0,0,0,0,0,0,0,0,0,0,0,0,0,0,0,0,0,0,0,0,0,0,0,0,0,0,0,0,0
2001-08-22,0,0,0,0,0,0,0,0,0,0,0,0,0,0,0,0,0,0,0,0,0,0,0,0,0,0,0,0,0,0,0,0,0
2001-08-23,0,0,0,0,0,0,0,0,0,0,0,0,0,0,0,0,0,0,0,0,0,0,0,0,0,0,0,0,0,0,0,0,0
2001-08-24,0,0,0,0,0,0,0,0,0,0,0,0,0,0,0,0,0,0,0,0,0,0,0,0,0,0,0,0,0,0,0,0,0
2001-08-27,0,0,0,0,0,0,0,0,0,0,0,0,0,0,0,0,0,0,0,0,0,0,0,0,0,0,0,0,0,0,0,0,0
2001-08-28,0,0,0,0,0,0,0,0,0,0,0,0,0,0,0,0,0,0,0,0,0,0,0,0,0,0,0,0,0,0,0,0,0
2001-08-29,0,0,0,0,0,0,0,0,0,0,0,0,0,0,0,0,0,0,0,0,0,0,0,0,0,0,0,0,0,0,0,0,0
2001-08-30,0,0,0,0,0,0,0,0,0,0,0,0,0,0,0,0,0,0,0,0,0,0,0,0,0,0,0,0,0,0,0,0,0
2001-08-31,0,0,0,0,0,0,0,0,0,0,0,0,0,0,0,0,0,0,0,0,0,0,0,0,0,0,0,0,0,0,0,0,0
2001-09-03,0,0,0,0,0,0,0,0,0,0,0,0,0,0,0,0,0,0,0,0,0,0,0,0,0,0,0,0,0,0,0,0,0
2001-09-04,0,0,0,0,0,0,0,0,0,0,0,0,0,0,0,0,0,0,0,0,0,0,0,0,0,0,0,0,0,0,0,0,0
2001-09-05,0,0,0,0,0,0,0,0,0,0,0,0,0,0,0,0,0,0,0,0,0,0,0,0,0,0,0,0,0,0,0,0,0
2001-09-06,0,0,0,0,0,0,0,0,0,0,0,0,0,0,0,0,0,0,0,0,0,0,0,0,0,0,0,0,0,0,0,0,0
2001-09-07,0,0,0,0,0,0,0,0,0,0,0,0,0,0,0,0,0,0,0,0,0,0,0,0,0,0,0,0,0,0,0,0,0
2001-09-10,0,0,0,0,0,0,0,0,0,0,0,0,0,0,0,0,0,0,0,0,0,0,0,0,0,0,0,0,0,0,0,0,0
2001-09-11,0,0,0,0,0,0,0,0,0,0,0,0,0,0,0,0,0,0,0,0,0,0,0,0,0,0,0,0,0,0,0,0,0
2001-09-12,0,0,0,0,0,0,0,0,0,0,0,0,0,0,0,0,0,0,0,0,0,0,0,0,0,0,0,0,0,0,0,0,0
2001-09-13,0,0,0,0,0,0,0,0,0,0,0,0,0,0,0,0,0,0,0,0,0,0,0,0,0,0,0,0,0,0,0,0,0
2001-09-14,0,0,0,0,0,0,0,0,0,0,0,0,0,0,0,0,0,0,0,0,0,0,0,0,0,0,0,0,0,0,0,0,0
2001-09-17,0,0,0,0,0,0,0,0,0,0,0,0,0,0,0,0,0,0,0,0,0,0,0,0,0,0,0,0,0,0,0,0,0
2001-09-18,0,0,0,0,0,0,0,0,0,0,0,0,0,0,0,0,0,0,0,0,0,0,0,0,0,0,0,0,0,0,0,0,0
2001-09-19,0,0,0,0,0,0,0,0,0,0,0,0,0,0,0,0,0,0,0,0,0,0,0,0,0,0,0,0,0,0,0,0,0
2001-09-20,0,0,0,0,0,0,0,0,0,0,0,0,0,0,0,0,0,0,0,0,0,0,0,0,0,0,0,0,0,0,0,0,0
2001-09-21,0,0,0,0,0,0,0,0,0,0,0,0,0,0,0,0,0,0,0,0,0,0,0,0,0,0,0,0,0,0,0,0,0
2001-09-24,0,0,0,0,0,0,0,0,0,0,0,0,0,0,0,0,0,0,0,0,0,0,0,0,0,0,0,0,0,0,0,0,0
2001-09-25,0,0,0,0,0,0,0,0,0,0,0,0,0,0,0,0,0,0,0,0,0,0,0,0,0,0,0,0,0,0,0,0,0
2001-09-26,0,0,0,0,0,0,0,0,0,0,0,0,0,0,0,0,0,0,0,0,0,0,0,0,0,0,0,0,0,0,0,0,0
2001-09-27,0,0,0,0,0,0,0,0,0,0,0,0,0,0,0,0,0,0,0,0,0,0,0,0,0,0,0,0,0,0,0,0,0
2001-09-28,0,0,0,0,0,0,0,0,0,0,0,0,0,0,0,0,0,0,0,0,0,0,0,0,0,0,0,0,0,0,0,0,0
2001-10-01,0,0,0,0,0,0,0,0,0,0,0,0,0,0,0,0,0,0,0,0,0,0,0,0,0,0,0,0,0,0,0,0,0
2001-10-02,0,0,0,0,0,0,0,0,0,0,0,0,0,0,0,0,0,0,0,0,0,0,0,0,0,0,0,0,0,0,0,0,0
2001-10-03,0,0,0,0,0,0,0,0,0,0,0,0,0,0,0,0,0,0,0,0,0,0,0,0,0,0,0,0,0,0,0,0,0
2001-10-04,0,0,0,0,0,0,0,0,0,0,0,0,0,0,0,0,0,0,0,0,0,0,0,0,0,0,0,0,0,0,0,0,0
2001-10-05,0,0,0,0,0,0,0,0,0,0,0,0,0,0,0,0,0,0,0,0,0,0,0,0,0,0,0,0,0,0,0,0,0
2001-10-08,0,0,0,0,0,0,0,0,0,0,0,0,0,0,0,0,0,0,0,0,0,0,0,0,0,0,0,0,0,0,0,0,0
2001-10-09,0,0,0,0,0,0,0,0,0,0,0,0,0,0,0,0,0,0,0,0,0,0,0,0,0,0,0,0,0,0,0,0,0
2001-10-10,0,0,0,0,0,0,0,0,0,0,0,0,0,0,0,0,0,0,0,0,0,0,0,0,0,0,0,0,0,0,0,0,0
2001-10-11,0,0,0,0,0,0,0,0,0,0,0,0,0,0,0,0,0,0,0,0,0,0,0,0,0,0,0,0,0,0,0,0,0
2001-10-12,0,0,0,0,0,0,0,0,0,0,0,0,0,0,0,0,0,0,0,0,0,0,0,0,0,0,0,0,0,0,0,0,0
2001-10-15,0,0,0,0,0,0,0,0,0,0,0,0,0,0,0,0,0,0,0,0,0,0,0,0,0,0,0,0,0,0,0,0,0
2001-10-16,0,0,0,0,0,0,0,0,0,0,0,0,0,0,0,0,0,0,0,0,0,0,0,0,0,0,0,0,0,0,0,0,0
2001-10-17,0,0,0,0,0,0,0,0,0,0,0,0,0,0,0,0,0,0,0,0,0,0,0,0,0,0,0,0,0,0,0,0,0
2001-10-18,0,0,0,0,0,0,0,0,0,0,0,0,0,0,0,0,0,0,0,0,0,0,0,0,0,0,0,0,0,0,0,0,0
2001-10-19,0,0,0,0,0,0,0,0,0,0,0,0,0,0,0,0,0,0,0,0,0,0,0,0,0,0,0,0,0,0,0,0,0
2001-10-22,0,0,0,0,0,0,0,0,0,0,0,0,0,0,0,0,0,0,0,0,0,0,0,0,0,0,0,0,0,0,0,0,0
2001-10-23,0,0,0,0,0,0,0,0,0,0,0,0,0,0,0,0,0,0,0,0,0,0,0,0,0,0,0,0,0,0,0,0,0
2001-10-24,0,0,0,0,0,0,0,0,0,0,0,0,0,0,0,0,0,0,0,0,0,0,0,0,0,0,0,0,0,0,0,0,0
2001-10-25,0,0,0,0,0,0,0,0,0,0,0,0,0,0,0,0,0,0,0,0,0,0,0,0,0,0,0,0,0,0,0,0,0
2001-10-26,0,0,0,0,0,0,0,0,0,0,0,0,0,0,0,0,0,0,0,0,0,0,0,0,0,0,0,0,0,0,0,0,0
2001-10-29,0,0,0,0,0,0,0,0,0,0,0,0,0,0,0,0,0,0,0,0,0,0,0,0,0,0,0,0,0,0,0,0,0
2001-10-30,0,0,0,0,0,0,0,0,0,0,0,0,0,0,0,0,0,0,0,0,0,0,0,0,0,0,0,0,0,0,0,0,0
2001-10-31,0,0,0,0,0,0,0,0,0,0,0,0,0,0,0,0,0,0,0,0,0,0,0,0,0,0,0,0,0,0,0,0,0
2001-11-01,0,0,0,0,0,0,0,0,0,0,0,0,0,0,0,0,0,0,0,0,0,0,0,0,0,0,0,0,0,0,0,0,0
2001-11-02,0,0,0,0,0,0,0,0,0,0,0,0,0,0,0,0,0,0,0,0,0,0,0,0,0,0,0,0,0,0,0,0,0
2001-11-05,0,0,0,0,0,0,0,0,0,0,0,0,0,0,0,0,0,0,0,0,0,0,0,0,0,0,0,0,0,0,0,0,0
2001-11-06,0,0,0,0,0,0,0,0,0,0,0,0,0,0,0,0,0,0,0,0,0,0,0,0,0,0,0,0,0,0,0,0,0
2001-11-07,0,0,0,0,0,0,0,0,0,0,0,0,0,0,0,0,0,0,0,0,0,0,0,0,0,0,0,0,0,0,0,0,0
2001-11-08,0,0,0,0,0,0,0,0,0,0,0,0,0,0,0,0,0,0,0,0,0,0,0,0,0,0,0,0,0,0,0,0,0
2001-11-09,0,0,0,0,0,0,0,0,0,0,0,0,0,0,0,0,0,0,0,0,0,0,0,0,0,0,0,0,0,0,0,0,0
2001-11-12,0,0,0,0,0,0,0,0,0,0,0,0,0,0,0,0,0,0,0,0,0,0,0,0,0,0,0,0,0,0,0,0,0
2001-11-13,0,0,0,0,0,0,0,0,0,0,0,0,0,0,0,0,0,0,0,0,0,0,0,0,0,0,0,0,0,0,0,0,0
2001-11-14,0,0,0,0,0,0,0,0,0,0,0,0,0,0,0,0,0,0,0,0,0,0,0,0,0,0,0,0,0,0,0,0,0
2001-11-15,0,0,0,0,0,0,0,0,0,0,0,0,0,0,0,0,0,0,0,0,0,0,0,0,0,0,0,0,0,0,0,0,0
2001-11-16,0,0,0,0,0,0,0,0,0,0,0,0,0,0,0,0,0,0,0,0,0,0,0,0,0,0,0,0,0,0,0,0,0
2001-11-19,0,0,0,0,0,0,0,0,0,0,0,0,0,0,0,0,0,0,0,0,0,0,0,0,0,0,0,0,0,0,0,0,0
2001-11-20,0,0,0,0,0,0,0,0,0,0,0,0,0,0,0,0,0,0,0,0,0,0,0,0,0,0,0,0,0,0,0,0,0
2001-11-21,0,0,0,0,0,0,0,0,0,0,0,0,0,0,0,0,0,0,0,0,0,0,0,0,0,0,0,0,0,0,0,0,0
2001-11-22,0,0,0,0,0,0,0,0,0,0,0,0,0,0,0,0,0,0,0,0,0,0,0,0,0,0,0,0,0,0,0,0,0
2001-11-23,0,0,0,0,0,0,0,0,0,0,0,0,0,0,0,0,0,0,0,0,0,0,0,0,0,0,0,0,0,0,0,0,0
2001-11-26,0,0,0,0,0,0,0,0,0,0,0,0,0,0,0,0,0,0,0,0,0,0,0,0,0,0,0,0,0,0,0,0,0
2001-11-27,0,0,0,0,0,0,0,0,0,0,0,0,0,0,0,0,0,0,0,0,0,0,0,0,0,0,0,0,0,0,0,0,0
2001-11-28,0,0,0,0,0,0,0,0,0,0,0,0,0,0,0,0,0,0,0,0,0,0,0,0,0,0,0,0,0,0,0,0,0
2001-11-29,0,0,0,0,0,0,0,0,0,0,0,0,0,0,0,0,0,0,0,0,0,0,0,0,0,0,0,0,0,0,0,0,0
2001-11-30,0,0,0,0,0,0,0,0,0,0,0,0,0,0,0,0,0,0,0,0,0,0,0,0,0,0,0,0,0,0,0,0,0
2001-12-03,0,0,0,0,0,0,0,0,0,0,0,0,0,0,0,0,0,0,0,0,0,0,0,0,0,0,0,0,0,0,0,0,0
2001-12-04,0,0,0,0,0,0,0,0,0,0,0,0,0,0,0,0,0,0,0,0,0,0,0,0,0,0,0,0,0,0,0,0,0
2001-12-05,0,0,0,0,0,0,0,0,0,0,0,0,0,0,0,0,0,0,0,0,0,0,0,0,0,0,0,0,0,0,0,0,0
2001-12-06,0,0,0,0,0,0,0,0,0,0,0,0,0,0,0,0,0,0,0,0,0,0,0,0,0,0,0,0,0,0,0,0,0
2001-12-07,0,0,0,0,0,0,0,0,0,0,0,0,0,0,0,0,0,0,0,0,0,0,0,0,0,0,0,0,0,0,0,0,0
2001-12-10,0,0,0,0,0,0,0,0,0,0,0,0,0,0,0,0,0,0,0,0,0,0,0,0,0,0,0,0,0,0,0,0,0
2001-12-11,0,0,0,0,0,0,0,0,0,0,0,0,0,0,0,0,0,0,0,0,0,0,0,0,0,0,0,0,0,0,0,0,0
2001-12-12,0,0,0,0,0,0,0,0,0,0,0,0,0,0,0,0,0,0,0,0,0,0,0,0,0,0,0,0,0,0,0,0,0
2001-12-13,0,0,0,0,0,0,0,0,0,0,0,0,0,0,0,0,0,0,0,0,0,0,0,0,0,0,0,0,0,0,0,0,0
2001-12-14,0,0,0,0,0,0,0,0,0,0,0,0,0,0,0,0,0,0,0,0,0,0,0,0,0,0,0,0,0,0,0,0,0
2001-12-17,0,0,0,0,0,0,0,0,0,0,0,0,0,0,0,0,0,0,0,0,0,0,0,0,0,0,0,0,0,0,0,0,0
2001-12-18,0,0,0,0,0,0,0,0,0,0,0,0,0,0,0,0,0,0,0,0,0,0,0,0,0,0,0,0,0,0,0,0,0
2001-12-19,0,0,0,0,0,0,0,0,0,0,0,0,0,0,0,0,0,0,0,0,0,0,0,0,0,0,0,0,0,0,0,0,0
2001-12-20,0,0,0,0,0,0,0,0,0,0,0,0,0,0,0,0,0,0,0,0,0,0,0,0,0,0,0,0,0,0,0,0,0
2001-12-21,0,0,0,0,0,0,0,0,0,0,0,0,0,0,0,0,0,0,0,0,0,0,0,0,0,0,0,0,0,0,0,0,0
2001-12-24,0,0,0,0,0,0,0,0,0,0,0,0,0,0,0,0,0,0,0,0,0,0,0,0,0,0,0,0,0,0,0,0,0
2001-12-25,0,0,0,0,0,0,0,0,0,0,0,0,0,0,0,0,0,0,0,0,0,0,0,0,0,0,0,0,0,0,0,0,0
2001-12-26,0,0,0,0,0,0,0,0,0,0,0,0,0,0,0,0,0,0,0,0,0,0,0,0,0,0,0,0,0,0,0,0,0
2001-12-27,0,0,0,0,0,0,0,0,0,0,0,0,0,0,0,0,0,0,0,0,0,0,0,0,0,0,0,0,0,0,0,0,0
2001-12-28,0,0,0,0,0,0,0,0,0,0,0,0,0,0,0,0,0,0,0,0,0,0,0,0,0,0,0,0,0,0,0,0,0
2001-12-31,0,0,0,0,0,0,0,0,0,0,0,0,0,0,0,0,0,0,0,0,0,0,0,0,0,0,0,0,0,0,0,0,0
2002-01-01,0,0,0,0,0,0,0,0,0,0,0,0,0,0,0,0,0,0,0,0,0,0,0,0,0,0,0,0,0,0,0,0,0
2002-01-02,0,0,0,0,0,0,0,0,0,0,0,0,0,0,0,0,0,0,0,0,0,0,0,0,0,0,0,0,0,0,0,0,0
2002-01-03,0,0,0,0,0,0,0,0,0,0,0,0,0,0,0,0,0,0,0,0,0,0,0,0,0,0,0,0,0,0,0,0,0
2002-01-04,0,0,0,0,0,0,0,0,0,0,0,0,0,0,0,0,0,0,0,0,0,0,0,0,0,0,0,0,0,0,0,0,0
2002-01-07,0,0,0,0,0,0,0,0,0,0,0,0,0,0,0,0,0,0,0,0,0,0,0,0,0,0,0,0,0,0,0,0,0
2002-01-08,0,0,0,0,0,0,0,0,0,0,0,0,0,0,0,0,0,0,0,0,0,0,0,0,0,0,0,0,0,0,0,0,0
2002-01-09,0,0,0,0,0,0,0,0,0,0,0,0,0,0,0,0,0,0,0,0,0,0,0,0,0,0,0,0,0,0,0,0,0
2002-01-10,0,0,0,0,0,0,0,0,0,0,0,0,0,0,0,0,0,0,0,0,0,0,0,0,0,0,0,0,0,0,0,0,0
2002-01-11,0,0,0,0,0,0,0,0,0,0,0,0,0,0,0,0,0,0,0,0,0,0,0,0,0,0,0,0,0,0,0,0,0
2002-01-14,0,0,0,0,0,0,0,0,0,0,0,0,0,0,0,0,0,0,0,0,0,0,0,0,0,0,0,0,0,0,0,0,0
2002-01-15,0,0,0,0,0,0,0,0,0,0,0,0,0,0,0,0,0,0,0,0,0,0,0,0,0,0,0,0,0,0,0,0,0
2002-01-16,0,0,0,0,0,0,0,0,0,0,0,0,0,0,0,0,0,0,0,0,0,0,0,0,0,0,0,0,0,0,0,0,0
2002-01-17,0,0,0,0,0,0,0,0,0,0,0,0,0,0,0,0,0,0,0,0,0,0,0,0,0,0,0,0,0,0,0,0,0
2002-01-18,0,0,0,0,0,0,0,0,0,0,0,0,0,0,0,0,0,0,0,0,0,0,0,0,0,0,0,0,0,0,0,0,0
2002-01-21,0,0,0,0,0,0,0,0,0,0,0,0,0,0,0,0,0,0,0,0,0,0,0,0,0,0,0,0,0,0,0,0,0
2002-01-22,0,0,0,0,0,0,0,0,0,0,0,0,0,0,0,0,0,0,0,0,0,0,0,0,0,0,0,0,0,0,0,0,0
2002-01-23,0,0,0,0,0,0,0,0,0,0,0,0,0,0,0,0,0,0,0,0,0,0,0,0,0,0,0,0,0,0,0,0,0
2002-01-24,0,0,0,0,0,0,0,0,0,0,0,0,0,0,0,0,0,0,0,0,0,0,0,0,0,0,0,0,0,0,0,0,0
2002-01-25,0,0,0,0,0,0,0,0,0,0,0,0,0,0,0,0,0,0,0,0,0,0,0,0,0,0,0,0,0,0,0,0,0
2002-01-28,0,0,0,0,0,0,0,0,0,0,0,0,0,0,0,0,0,0,0,0,0,0,0,0,0,0,0,0,0,0,0,0,0
2002-01-29,0,0,0,0,0,0,0,0,0,0,0,0,0,0,0,0,0,0,0,0,0,0,0,0,0,0,0,0,0,0,0,0,0
2002-01-30,0,0,0,0,0,0,0,0,0,0,0,0,0,0,0,0,0,0,0,0,0,0,0,0,0,0,0,0,0,0,0,0,0
2002-01-31,0,0,0,0,0,0,0,0,0,0,0,0,0,0,0,0,0,0,0,0,0,0,0,0,0,0,0,0,0,0,0,0,0
2002-02-01,0,0,0,0,0,0,0,0,0,0,0,0,0,0,0,0,0,0,0,0,0,0,0,0,0,0,0,0,0,0,0,0,0
2002-02-04,0,0,0,0,0,0,0,0,0,0,0,0,0,0,0,0,0,0,0,0,0,0,0,0,0,0,0,0,0,0,0,0,0
2002-02-05,0,0,0,0,0,0,0,0,0,0,0,0,0,0,0,0,0,0,0,0,0,0,0,0,0,0,0,0,0,0,0,0,0
2002-02-06,0,0,0,0,0,0,0,0,0,0,0,0,0,0,0,0,0,0,0,0,0,0,0,0,0,0,0,0,0,0,0,0,0
2002-02-07,0,0,0,0,0,0,0,0,0,0,0,0,0,0,0,0,0,0,0,0,0,0,0,0,0,0,0,0,0,0,0,0,0
2002-02-08,0,0,0,0,0,0,0,0,0,0,0,0,0,0,0,0,0,0,0,0,0,0,0,0,0,0,0,0,0,0,0,0,0
2002-02-11,0,0,0,0,0,0,0,0,0,0,0,0,0,0,0,0,0,0,0,0,0,0,0,0,0,0,0,0,0,0,0,0,0
2002-02-12,0,0,0,0,0,0,0,0,0,0,0,0,0,0,0,0,0,0,0,0,0,0,0,0,0,0,0,0,0,0,0,0,0
2002-02-13,0,0,0,0,0,0,0,0,0,0,0,0,0,0,0,0,0,0,0,0,0,0,0,0,0,0,0,0,0,0,0,0,0
2002-02-14,0,0,0,0,0,0,0,0,0,0,0,0,0,0,0,0,0,0,0,0,0,0,0,0,0,0,0,0,0,0,0,0,0
2002-02-15,0,0,0,0,0,0,0,0,0,0,0,0,0,0,0,0,0,0,0,0,0,0,0,0,0,0,0,0,0,0,0,0,0
2002-02-18,0,0,0,0,0,0,0,0,0,0,0,0,0,0,0,0,0,0,0,0,0,0,0,0,0,0,0,0,0,0,0,0,0
2002-02-19,0,0,0,0,0,0,0,0,0,0,0,0,0,0,0,0,0,0,0,0,0,0,0,0,0,0,0,0,0,0,0,0,0
2002-02-20,0,0,0,0,0,0,0,0,0,0,0,0,0,0,0,0,0,0,0,0,0,0,0,0,0,0,0,0,0,0,0,0,0
2002-02-21,0,0,0,0,0,0,0,0,0,0,0,0,0,0,0,0,0,0,0,0,0,0,0,0,0,0,0,0,0,0,0,0,0
2002-02-22,0,0,0,0,0,0,0,0,0,0,0,0,0,0,0,0,0,0,0,0,0,0,0,0,0,0,0,0,0,0,0,0,0
2002-02-25,0,0,0,0,0,0,0,0,0,0,0,0,0,0,0,0,0,0,0,0,0,0,0,0,0,0,0,0,0,0,0,0,0
2002-02-26,0,0,0,0,0,0,0,0,0,0,0,0,0,0,0,0,0,0,0,0,0,0,0,0,0,0,0,0,0,0,0,0,0
2002-02-27,0,0,0,0,0,0,0,0,0,0,0,0,0,0,0,0,0,0,0,0,0,0,0,0,0,0,0,0,0,0,0,0,0
2002-02-28,0,0,0,0,0,0,0,0,0,0,0,0,0,0,0,0,0,0,0,0,0,0,0,0,0,0,0,0,0,0,0,0,0
2002-03-01,0,0,0,0,0,0,0,0,0,0,0,0,0,0,0,0,0,0,0,0,0,0,0,0,0,0,0,0,0,0,0,0,0
2002-03-04,0,0,0,0,0,0,0,0,0,0,0,0,0,0,0,0,0,0,0,0,0,0,0,0,0,0,0,0,0,0,0,0,0
2002-03-05,0,0,0,0,0,0,0,0,0,0,0,0,0,0,0,0,0,0,0,0,0,0,0,0,0,0,0,0,0,0,0,0,0
2002-03-06,0,0,0,0,0,0,0,0,0,0,0,0,0,0,0,0,0,0,0,0,0,0,0,0,0,0,0,0,0,0,0,0,0
2002-03-07,0,0,0,0,0,0,0,0,0,0,0,0,0,0,0,0,0,0,0,0,0,0,0,0,0,0,0,0,0,0,0,0,0
2002-03-08,0,0,0,0,0,0,0,0,0,0,0,0,0,0,0,0,0,0,0,0,0,0,0,0,0,0,0,0,0,0,0,0,0
2002-03-11,0,0,0,0,0,0,0,0,0,0,0,0,0,0,0,0,0,0,0,0,0,0,0,0,0,0,0,0,0,0,0,0,0
2002-03-12,0,0,0,0,0,0,0,0,0,0,0,0,0,0,0,0,0,0,0,0,0,0,0,0,0,0,0,0,0,0,0,0,0
2002-03-13,0,0,0,0,0,0,0,0,0,0,0,0,0,0,0,0,0,0,0,0,0,0,0,0,0,0,0,0,0,0,0,0,0
2002-03-14,0,0,0,0,0,0,0,0,0,0,0,0,0,0,0,0,0,0,0,0,0,0,0,0,0,0,0,0,0,0,0,0,0
2002-03-15,0,0,0,0,0,0,0,0,0,0,0,0,0,0,0,0,0,0,0,0,0,0,0,0,0,0,0,0,0,0,0,0,0
2002-03-18,0,0,0,0,0,0,0,0,0,0,0,0,0,0,0,0,0,0,0,0,0,0,0,0,0,0,0,0,0,0,0,0,0
2002-03-19,0,0,0,0,0,0,0,0,0,0,0,0,0,0,0,0,0,0,0,0,0,0,0,0,0,0,0,0,0,0,0,0,0
2002-03-20,0,0,0,0,0,0,0,0,0,0,0,0,0,0,0,0,0,0,0,0,0,0,0,0,0,0,0,0,0,0,0,0,0
2002-03-21,0,0,0,0,0,0,0,0,0,0,0,0,0,0,0,0,0,0,0,0,0,0,0,0,0,0,0,0,0,0,0,0,0
2002-03-22,0,0,0,0,0,0,0,0,0,0,0,0,0,0,0,0,0,0,0,0,0,0,0,0,0,0,0,0,0,0,0,0,0
2002-03-25,0,0,0,0,0,0,0,0,0,0,0,0,0,0,0,0,0,0,0,0,0,0,0,0,0,0,0,0,0,0,0,0,0
2002-03-26,0,0,0,0,0,0,0,0,0,0,0,0,0,0,0,0,0,0,0,0,0,0,0,0,0,0,0,0,0,0,0,0,0
2002-03-27,0,0,0,0,0,0,0,0,0,0,0,0,0,0,0,0,0,0,0,0,0,0,0,0,0,0,0,0,0,0,0,0,0
2002-03-28,0,0,0,0,0,0,0,0,0,0,0,0,0,0,0,0,0,0,0,0,0,0,0,0,0,0,0,0,0,0,0,0,0
2002-03-29,0,0,0,0,0,0,0,0,0,0,0,0,0,0,0,0,0,0,0,0,0,0,0,0,0,0,0,0,0,0,0,0,0
2002-04-01,0,0,0,0,0,0,0,0,0,0,0,0,0,0,0,0,0,0,0,0,0,0,0,0,0,0,0,0,0,0,0,0,0
2002-04-02,0,0,0,0,0,0,0,0,0,0,0,0,0,0,0,0,0,0,0,0,0,0,0,0,0,0,0,0,0,0,0,0,0
2002-04-03,0,0,0,0,0,0,0,0,0,0,0,0,0,0,0,0,0,0,0,0,0,0,0,0,0,0,0,0,0,0,0,0,0
2002-04-04,0,0,0,0,0,0,0,0,0,0,0,0,0,0,0,0,0,0,0,0,0,0,0,0,0,0,0,0,0,0,0,0,0
2002-04-05,0,0,0,0,0,0,0,0,0,0,0,0,0,0,0,0,0,0,0,0,0,0,0,0,0,0,0,0,0,0,0,0,0
2002-04-08,0,0,0,0,0,0,0,0,0,0,0,0,0,0,0,0,0,0,0,0,0,0,0,0,0,0,0,0,0,0,0,0,0
2002-04-09,0,0,0,0,0,0,0,0,0,0,0,0,0,0,0,0,0,0,0,0,0,0,0,0,0,0,0,0,0,0,0,0,0
2002-04-10,0,0,0,0,0,0,0,0,0,0,0,0,0,0,0,0,0,0,0,0,0,0,0,0,0,0,0,0,0,0,0,0,0
2002-04-11,0,0,0,0,0,0,0,0,0,0,0,0,0,0,0,0,0,0,0,0,0,0,0,0,0,0,0,0,0,0,0,0,0
2002-04-12,0,0,0,0,0,0,0,0,0,0,0,0,0,0,0,0,0,0,0,0,0,0,0,0,0,0,0,0,0,0,0,0,0
2002-04-15,0,0,0,0,0,0,0,0,0,0,0,0,0,0,0,0,0,0,0,0,0,0,0,0,0,0,0,0,0,0,0,0,0
2002-04-16,0,0,0,0,0,0,0,0,0,0,0,0,0,0,0,0,0,0,0,0,0,0,0,0,0,0,0,0,0,0,0,0,0
2002-04-17,0,0,0,0,0,0,0,0,0,0,0,0,0,0,0,0,0,0,0,0,0,0,0,0,0,0,0,0,0,0,0,0,0
2002-04-18,0,0,0,0,0,0,0,0,0,0,0,0,0,0,0,0,0,0,0,0,0,0,0,0,0,0,0,0,0,0,0,0,0
2002-04-19,0,0,0,0,0,0,0,0,0,0,0,0,0,0,0,0,0,0,0,0,0,0,0,0,0,0,0,0,0,0,0,0,0
2002-04-22,0,0,0,0,0,0,0,0,0,0,0,0,0,0,0,0,0,0,0,0,0,0,0,0,0,0,0,0,0,0,0,0,0
2002-04-23,0,0,0,0,0,0,0,0,0,0,0,0,0,0,0,0,0,0,0,0,0,0,0,0,0,0,0,0,0,0,0,0,0
2002-04-24,0,0,0,0,0,0,0,0,0,0,0,0,0,0,0,0,0,0,0,0,0,0,0,0,0,0,0,0,0,0,0,0,0
2002-04-25,0,0,0,0,0,0,0,0,0,0,0,0,0,0,0,0,0,0,0,0,0,0,0,0,0,0,0,0,0,0,0,0,0
2002-04-26,0,0,0,0,0,0,0,0,0,0,0,0,0,0,0,0,0,0,0,0,0,0,0,0,0,0,0,0,0,0,0,0,0
2002-04-29,0,0,0,0,0,0,0,0,0,0,0,0,0,0,0,0,0,0,0,0,0,0,0,0,0,0,0,0,0,0,0,0,0
2002-04-30,0,0,0,0,0,0,0,0,0,0,0,0,0,0,0,0,0,0,0,0,0,0,0,0,0,0,0,0,0,0,0,0,0
2002-05-01,0,0,0,0,0,0,0,0,0,0,0,0,0,0,0,0,0,0,0,0,0,0,0,0,0,0,0,0,0,0,0,0,0
2002-05-02,0,0,0,0,0,0,0,0,0,0,0,0,0,0,0,0,0,0,0,0,0,0,0,0,0,0,0,0,0,0,0,0,0
2002-05-03,0,0,0,0,0,0,0,0,0,0,0,0,0,0,0,0,0,0,0,0,0,0,0,0,0,0,0,0,0,0,0,0,0
2002-05-06,0,0,0,0,0,0,0,0,0,0,0,0,0,0,0,0,0,0,0,0,0,0,0,0,0,0,0,0,0,0,0,0,0
2002-05-07,0,0,0,0,0,0,0,0,0,0,0,0,0,0,0,0,0,0,0,0,0,0,0,0,0,0,0,0,0,0,0,0,0
2002-05-08,0,0,0,0,0,0,0,0,0,0,0,0,0,0,0,0,0,0,0,0,0,0,0,0,0,0,0,0,0,0,0,0,0
2002-05-09,0,0,0,0,0,0,0,0,0,0,0,0,0,0,0,0,0,0,0,0,0,0,0,0,0,0,0,0,0,0,0,0,0
2002-05-10,0,0,0,0,0,0,0,0,0,0,0,0,0,0,0,0,0,0,0,0,0,0,0,0,0,0,0,0,0,0,0,0,0
2002-05-13,0,0,0,0,0,0,0,0,0,0,0,0,0,0,0,0,0,0,0,0,0,0,0,0,0,0,0,0,0,0,0,0,0
2002-05-14,0,0,0,0,0,0,0,0,0,0,0,0,0,0,0,0,0,0,0,0,0,0,0,0,0,0,0,0,0,0,0,0,0
2002-05-15,0,0,0,0,0,0,0,0,0,0,0,0,0,0,0,0,0,0,0,0,0,0,0,0,0,0,0,0,0,0,0,0,0
2002-05-16,0,0,0,0,0,0,0,0,0,0,0,0,0,0,0,0,0,0,0,0,0,0,0,0,0,0,0,0,0,0,0,0,0
2002-05-17,0,0,0,0,0,0,0,0,0,0,0,0,0,0,0,0,0,0,0,0,0,0,0,0,0,0,0,0,0,0,0,0,0
2002-05-20,0,0,0,0,0,0,0,0,0,0,0,0,0,0,0,0,0,0,0,0,0,0,0,0,0,0,0,0,0,0,0,0,0
2002-05-21,0,0,0,0,0,0,0,0,0,0,0,0,0,0,0,0,0,0,0,0,0,0,0,0,0,0,0,0,0,0,0,0,0
2002-05-22,0,0,0,0,0,0,0,0,0,0,0,0,0,0,0,0,0,0,0,0,0,0,0,0,0,0,0,0,0,0,0,0,0
2002-05-23,0,0,0,0,0,0,0,0,0,0,0,0,0,0,0,0,0,0,0,0,0,0,0,0,0,0,0,0,0,0,0,0,0
2002-05-24,0,0,0,0,0,0,0,0,0,0,0,0,0,0,0,0,0,0,0,0,0,0,0,0,0,0,0,0,0,0,0,0,0
2002-05-27,0,0,0,0,0,0,0,0,0,0,0,0,0,0,0,0,0,0,0,0,0,0,0,0,0,0,0,0,0,0,0,0,0
2002-05-28,0,0,0,0,0,0,0,0,0,0,0,0,0,0,0,0,0,0,0,0,0,0,0,0,0,0,0,0,0,0,0,0,0
2002-05-29,0,0,0,0,0,0,0,0,0,0,0,0,0,0,0,0,0,0,0,0,0,0,0,0,0,0,0,0,0,0,0,0,0
2002-05-30,0,0,0,0,0,0,0,0,0,0,0,0,0,0,0,0,0,0,0,0,0,0,0,0,0,0,0,0,0,0,0,0,0
2002-05-31,0,0,0,0,0,0,0,0,0,0,0,0,0,0,0,0,0,0,0,0,0,0,0,0,0,0,0,0,0,0,0,0,0
2002-06-03,0,0,0,0,0,0,0,0,0,0,0,0,0,0,0,0,0,0,0,0,0,0,0,0,0,0,0,0,0,0,0,0,0
2002-06-04,0,0,0,0,0,0,0,0,0,0,0,0,0,0,0,0,0,0,0,0,0,0,0,0,0,0,0,0,0,0,0,0,0
2002-06-05,0,0,0,0,0,0,0,0,0,0,0,0,0,0,0,0,0,0,0,0,0,0,0,0,0,0,0,0,0,0,0,0,0
2002-06-06,0,0,0,0,0,0,0,0,0,0,0,0,0,0,0,0,0,0,0,0,0,0,0,0,0,0,0,0,0,0,0,0,0
2002-06-07,0,0,0,0,0,0,0,0,0,0,0,0,0,0,0,0,0,0,0,0,0,0,0,0,0,0,0,0,0,0,0,0,0
2002-06-10,0,0,0,0,0,0,0,0,0,0,0,0,0,0,0,0,0,0,0,0,0,0,0,0,0,0,0,0,0,0,0,0,0
2002-06-11,0,0,0,0,0,0,0,0,0,0,0,0,0,0,0,0,0,0,0,0,0,0,0,0,0,0,0,0,0,0,0,0,0
2002-06-12,0,0,0,0,0,0,0,0,0,0,0,0,0,0,0,0,0,0,0,0,0,0,0,0,0,0,0,0,0,0,0,0,0
2002-06-13,0,0,0,0,0,0,0,0,0,0,0,0,0,0,0,0,0,0,0,0,0,0,0,0,0,0,0,0,0,0,0,0,0
2002-06-14,0,0,0,0,0,0,0,0,0,0,0,0,0,0,0,0,0,0,0,0,0,0,0,0,0,0,0,0,0,0,0,0,0
2002-06-17,0,0,0,0,0,0,0,0,0,0,0,0,0,0,0,0,0,0,0,0,0,0,0,0,0,0,0,0,0,0,0,0,0
2002-06-18,0,0,0,0,0,0,0,0,0,0,0,0,0,0,0,0,0,0,0,0,0,0,0,0,0,0,0,0,0,0,0,0,0
2002-06-19,0,0,0,0,0,0,0,0,0,0,0,0,0,0,0,0,0,0,0,0,0,0,0,0,0,0,0,0,0,0,0,0,0
2002-06-20,0,0,0,0,0,0,0,0,0,0,0,0,0,0,0,0,0,0,0,0,0,0,0,0,0,0,0,0,0,0,0,0,0
2002-06-21,0,0,0,0,0,0,0,0,0,0,0,0,0,0,0,0,0,0,0,0,0,0,0,0,0,0,0,0,0,0,0,0,0
2002-06-24,0,0,0,0,0,0,0,0,0,0,0,0,0,0,0,0,0,0,0,0,0,0,0,0,0,0,0,0,0,0,0,0,0
2002-06-25,0,0,0,0,0,0,0,0,0,0,0,0,0,0,0,0,0,0,0,0,0,0,0,0,0,0,0,0,0,0,0,0,0
2002-06-26,0,0,0,0,0,0,0,0,0,0,0,0,0,0,0,0,0,0,0,0,0,0,0,0,0,0,0,0,0,0,0,0,0
2002-06-27,0,0,0,0,0,0,0,0,0,0,0,0,0,0,0,0,0,0,0,0,0,0,0,0,0,0,0,0,0,0,0,0,0
2002-06-28,0,0,0,0,0,0,0,0,0,0,0,0,0,0,0,0,0,0,0,0,0,0,0,0,0,0,0,0,0,0,0,0,0
2002-07-01,0,0,0,0,0,0,0,0,0,0,0,0,0,0,0,0,0,0,0,0,0,0,0,0,0,0,0,0,0,0,0,0,0
2002-07-02,0,0,0,0,0,0,0,0,0,0,0,0,0,0,0,0,0,0,0,0,0,0,0,0,0,0,0,0,0,0,0,0,0
2002-07-03,0,0,0,0,0,0,0,0,0,0,0,0,0,0,0,0,0,0,0,0,0,0,0,0,0,0,0,0,0,0,0,0,0
2002-07-04,0,0,0,0,0,0,0,0,0,0,0,0,0,0,0,0,0,0,0,0,0,0,0,0,0,0,0,0,0,0,0,0,0
2002-07-05,0,0,0,0,0,0,0,0,0,0,0,0,0,0,0,0,0,0,0,0,0,0,0,0,0,0,0,0,0,0,0,0,0
2002-07-08,0,0,0,0,0,0,0,0,0,0,0,0,0,0,0,0,0,0,0,0,0,0,0,0,0,0,0,0,0,0,0,0,0
2002-07-09,0,0,0,0,0,0,0,0,0,0,0,0,0,0,0,0,0,0,0,0,0,0,0,0,0,0,0,0,0,0,0,0,0
2002-07-10,0,0,0,0,0,0,0,0,0,0,0,0,0,0,0,0,0,0,0,0,0,0,0,0,0,0,0,0,0,0,0,0,0
2002-07-11,0,0,0,0,0,0,0,0,0,0,0,0,0,0,0,0,0,0,0,0,0,0,0,0,0,0,0,0,0,0,0,0,0
2002-07-12,0,0,0,0,0,0,0,0,0,0,0,0,0,0,0,0,0,0,0,0,0,0,0,0,0,0,0,0,0,0,0,0,0
2002-07-15,0,0,0,0,0,0,0,0,0,0,0,0,0,0,0,0,0,0,0,0,0,0,0,0,0,0,0,0,0,0,0,0,0
2002-07-16,0,0,0,0,0,0,0,0,0,0,0,0,0,0,0,0,0,0,0,0,0,0,0,0,0,0,0,0,0,0,0,0,0
2002-07-17,0,0,0,0,0,0,0,0,0,0,0,0,0,0,0,0,0,0,0,0,0,0,0,0,0,0,0,0,0,0,0,0,0
2002-07-18,0,0,0,0,0,0,0,0,0,0,0,0,0,0,0,0,0,0,0,0,0,0,0,0,0,0,0,0,0,0,0,0,0
2002-07-19,0,0,0,0,0,0,0,0,0,0,0,0,0,0,0,0,0,0,0,0,0,0,0,0,0,0,0,0,0,0,0,0,0
2002-07-22,0,0,0,0,0,0,0,0,0,0,0,0,0,0,0,0,0,0,0,0,0,0,0,0,0,0,0,0,0,0,0,0,0
2002-07-23,0,0,0,0,0,0,0,0,0,0,0,0,0,0,0,0,0,0,0,0,0,0,0,0,0,0,0,0,0,0,0,0,0
2002-07-24,0,0,0,0,0,0,0,0,0,0,0,0,0,0,0,0,0,0,0,0,0,0,0,0,0,0,0,0,0,0,0,0,0
2002-07-25,0,0,0,0,0,0,0,0,0,0,0,0,0,0,0,0,0,0,0,0,0,0,0,0,0,0,0,0,0,0,0,0,0
2002-07-26,0,0,0,0,0,0,0,0,0,0,0,0,0,0,0,0,0,0,0,0,0,0,0,0,0,0,0,0,0,0,0,0,0
2002-07-29,0,0,0,0,0,0,0,0,0,0,0,0,0,0,0,0,0,0,0,0,0,0,0,0,0,0,0,0,0,0,0,0,0
2002-07-30,0,0,0,0,0,0,0,0,0,0,0,0,0,0,0,0,0,0,0,0,0,0,0,0,0,0,0,0,0,0,0,0,0
2002-07-31,0,0,0,0,0,0,0,0,0,0,0,0,0,0,0,0,0,0,0,0,0,0,0,0,0,0,0,0,0,0,0,0,0
2002-08-01,0,0,0,0,0,0,0,0,0,0,0,0,0,0,0,0,0,0,0,0,0,0,0,0,0,0,0,0,0,0,0,0,0
2002-08-02,0,0,0,0,0,0,0,0,0,0,0,0,0,0,0,0,0,0,0,0,0,0,0,0,0,0,0,0,0,0,0,0,0
2002-08-05,0,0,0,0,0,0,0,0,0,0,0,0,0,0,0,0,0,0,0,0,0,0,0,0,0,0,0,0,0,0,0,0,0
2002-08-06,0,0,0,0,0,0,0,0,0,0,0,0,0,0,0,0,0,0,0,0,0,0,0,0,0,0,0,0,0,0,0,0,0
2002-08-07,0,0,0,0,0,0,0,0,0,0,0,0,0,0,0,0,0,0,0,0,0,0,0,0,0,0,0,0,0,0,0,0,0
2002-08-08,0,0,0,0,0,0,0,0,0,0,0,0,0,0,0,0,0,0,0,0,0,0,0,0,0,0,0,0,0,0,0,0,0
2002-08-09,0,0,0,0,0,0,0,0,0,0,0,0,0,0,0,0,0,0,0,0,0,0,0,0,0,0,0,0,0,0,0,0,0
2002-08-12,0,0,0,0,0,0,0,0,0,0,0,0,0,0,0,0,0,0,0,0,0,0,0,0,0,0,0,0,0,0,0,0,0
2002-08-13,0,0,0,0,0,0,0,0,0,0,0,0,0,0,0,0,0,0,0,0,0,0,0,0,0,0,0,0,0,0,0,0,0
2002-08-14,0,0,0,0,0,0,0,0,0,0,0,0,0,0,0,0,0,0,0,0,0,0,0,0,0,0,0,0,0,0,0,0,0
2002-08-15,0,0,0,0,0,0,0,0,0,0,0,0,0,0,0,0,0,0,0,0,0,0,0,0,0,0,0,0,0,0,0,0,0
2002-08-16,0,0,0,0,0,0,0,0,0,0,0,0,0,0,0,0,0,0,0,0,0,0,0,0,0,0,0,0,0,0,0,0,0
2002-08-19,0,0,0,0,0,0,0,0,0,0,0,0,0,0,0,0,0,0,0,0,0,0,0,0,0,0,0,0,0,0,0,0,0
2002-08-20,0,0,0,0,0,0,0,0,0,0,0,0,0,0,0,0,0,0,0,0,0,0,0,0,0,0,0,0,0,0,0,0,0
2002-08-21,0,0,0,0,0,0,0,0,0,0,0,0,0,0,0,0,0,0,0,0,0,0,0,0,0,0,0,0,0,0,0,0,0
2002-08-22,0,0,0,0,0,0,0,0,0,0,0,0,0,0,0,0,0,0,0,0,0,0,0,0,0,0,0,0,0,0,0,0,0
2002-08-23,0,0,0,0,0,0,0,0,0,0,0,0,0,0,0,0,0,0,0,0,0,0,0,0,0,0,0,0,0,0,0,0,0
2002-08-26,0,0,0,0,0,0,0,0,0,0,0,0,0,0,0,0,0,0,0,0,0,0,0,0,0,0,0,0,0,0,0,0,0
2002-08-27,0,0,0,0,0,0,0,0,0,0,0,0,0,0,0,0,0,0,0,0,0,0,0,0,0,0,0,0,0,0,0,0,0
2002-08-28,0,0,0,0,0,0,0,0,0,0,0,0,0,0,0,0,0,0,0,0,0,0,0,0,0,0,0,0,0,0,0,0,0
2002-08-29,0,0,0,0,0,0,0,0,0,0,0,0,0,0,0,0,0,0,0,0,0,0,0,0,0,0,0,0,0,0,0,0,0
2002-08-30,0,0,0,0,0,0,0,0,0,0,0,0,0,0,0,0,0,0,0,0,0,0,0,0,0,0,0,0,0,0,0,0,0
2002-09-02,0,0,0,0,0,0,0,0,0,0,0,0,0,0,0,0,0,0,0,0,0,0,0,0,0,0,0,0,0,0,0,0,0
2002-09-03,0,0,0,0,0,0,0,0,0,0,0,0,0,0,0,0,0,0,0,0,0,0,0,0,0,0,0,0,0,0,0,0,0
2002-09-04,0,0,0,0,0,0,0,0,0,0,0,0,0,0,0,0,0,0,0,0,0,0,0,0,0,0,0,0,0,0,0,0,0
2002-09-05,0,0,0,0,0,0,0,0,0,0,0,0,0,0,0,0,0,0,0,0,0,0,0,0,0,0,0,0,0,0,0,0,0
2002-09-06,0,0,0,0,0,0,0,0,0,0,0,0,0,0,0,0,0,0,0,0,0,0,0,0,0,0,0,0,0,0,0,0,0
2002-09-09,0,0,0,0,0,0,0,0,0,0,0,0,0,0,0,0,0,0,0,0,0,0,0,0,0,0,0,0,0,0,0,0,0
2002-09-10,0,0,0,0,0,0,0,0,0,0,0,0,0,0,0,0,0,0,0,0,0,0,0,0,0,0,0,0,0,0,0,0,0
2002-09-11,0,0,0,0,0,0,0,0,0,0,0,0,0,0,0,0,0,0,0,0,0,0,0,0,0,0,0,0,0,0,0,0,0
2002-09-12,0,0,0,0,0,0,0,0,0,0,0,0,0,0,0,0,0,0,0,0,0,0,0,0,0,0,0,0,0,0,0,0,0
2002-09-13,0,0,0,0,0,0,0,0,0,0,0,0,0,0,0,0,0,0,0,0,0,0,0,0,0,0,0,0,0,0,0,0,0
2002-09-16,0,0,0,0,0,0,0,0,0,0,0,0,0,0,0,0,0,0,0,0,0,0,0,0,0,0,0,0,0,0,0,0,0
2002-09-17,0,0,0,0,0,0,0,0,0,0,0,0,0,0,0,0,0,0,0,0,0,0,0,0,0,0,0,0,0,0,0,0,0
2002-09-18,0,0,0,0,0,0,0,0,0,0,0,0,0,0,0,0,0,0,0,0,0,0,0,0,0,0,0,0,0,0,0,0,0
2002-09-19,0,0,0,0,0,0,0,0,0,0,0,0,0,0,0,0,0,0,0,0,0,0,0,0,0,0,0,0,0,0,0,0,0
2002-09-20,0,0,0,0,0,0,0,0,0,0,0,0,0,0,0,0,0,0,0,0,0,0,0,0,0,0,0,0,0,0,0,0,0
2002-09-23,0,0,0,0,0,0,0,0,0,0,0,0,0,0,0,0,0,0,0,0,0,0,0,0,0,0,0,0,0,0,0,0,0
2002-09-24,0,0,0,0,0,0,0,0,0,0,0,0,0,0,0,0,0,0,0,0,0,0,0,0,0,0,0,0,0,0,0,0,0
2002-09-25,0,0,0,0,0,0,0,0,0,0,0,0,0,0,0,0,0,0,0,0,0,0,0,0,0,0,0,0,0,0,0,0,0
2002-09-26,0,0,0,0,0,0,0,0,0,0,0,0,0,0,0,0,0,0,0,0,0,0,0,0,0,0,0,0,0,0,0,0,0
2002-09-27,0,0,0,0,0,0,0,0,0,0,0,0,0,0,0,0,0,0,0,0,0,0,0,0,0,0,0,0,0,0,0,0,0
2002-09-30,0,0,0,0,0,0,0,0,0,0,0,0,0,0,0,0,0,0,0,0,0,0,0,0,0,0,0,0,0,0,0,0,0
2002-10-01,0,0,0,0,0,0,0,0,0,0,0,0,0,0,0,0,0,0,0,0,0,0,0,0,0,0,0,0,0,0,0,0,0
2002-10-02,0,0,0,0,0,0,0,0,0,0,0,0,0,0,0,0,0,0,0,0,0,0,0,0,0,0,0,0,0,0,0,0,0
2002-10-03,0,0,0,0,0,0,0,0,0,0,0,0,0,0,0,0,0,0,0,0,0,0,0,0,0,0,0,0,0,0,0,0,0
2002-10-04,0,0,0,0,0,0,0,0,0,0,0,0,0,0,0,0,0,0,0,0,0,0,0,0,0,0,0,0,0,0,0,0,0
2002-10-07,0,0,0,0,0,0,0,0,0,0,0,0,0,0,0,0,0,0,0,0,0,0,0,0,0,0,0,0,0,0,0,0,0
2002-10-08,0,0,0,0,0,0,0,0,0,0,0,0,0,0,0,0,0,0,0,0,0,0,0,0,0,0,0,0,0,0,0,0,0
2002-10-09,0,0,0,0,0,0,0,0,0,0,0,0,0,0,0,0,0,0,0,0,0,0,0,0,0,0,0,0,0,0,0,0,0
2002-10-10,0,0,0,0,0,0,0,0,0,0,0,0,0,0,0,0,0,0,0,0,0,0,0,0,0,0,0,0,0,0,0,0,0
2002-10-11,0,0,0,0,0,0,0,0,0,0,0,0,0,0,0,0,0,0,0,0,0,0,0,0,0,0,0,0,0,0,0,0,0
2002-10-14,0,0,0,0,0,0,0,0,0,0,0,0,0,0,0,0,0,0,0,0,0,0,0,0,0,0,0,0,0,0,0,0,0
2002-10-15,0,0,0,0,0,0,0,0,0,0,0,0,0,0,0,0,0,0,0,0,0,0,0,0,0,0,0,0,0,0,0,0,0
2002-10-16,0,0,0,0,0,0,0,0,0,0,0,0,0,0,0,0,0,0,0,0,0,0,0,0,0,0,0,0,0,0,0,0,0
2002-10-17,0,0,0,0,0,0,0,0,0,0,0,0,0,0,0,0,0,0,0,0,0,0,0,0,0,0,0,0,0,0,0,0,0
2002-10-18,0,0,0,0,0,0,0,0,0,0,0,0,0,0,0,0,0,0,0,0,0,0,0,0,0,0,0,0,0,0,0,0,0
2002-10-21,0,0,0,0,0,0,0,0,0,0,0,0,0,0,0,0,0,0,0,0,0,0,0,0,0,0,0,0,0,0,0,0,0
2002-10-22,0,0,0,0,0,0,0,0,0,0,0,0,0,0,0,0,0,0,0,0,0,0,0,0,0,0,0,0,0,0,0,0,0
2002-10-23,0,0,0,0,0,0,0,0,0,0,0,0,0,0,0,0,0,0,0,0,0,0,0,0,0,0,0,0,0,0,0,0,0
2002-10-24,0,0,0,0,0,0,0,0,0,0,0,0,0,0,0,0,0,0,0,0,0,0,0,0,0,0,0,0,0,0,0,0,0
2002-10-25,0,0,0,0,0,0,0,0,0,0,0,0,0,0,0,0,0,0,0,0,0,0,0,0,0,0,0,0,0,0,0,0,0
2002-10-28,0,0,0,0,0,0,0,0,0,0,0,0,0,0,0,0,0,0,0,0,0,0,0,0,0,0,0,0,0,0,0,0,0
2002-10-29,0,0,0,0,0,0,0,0,0,0,0,0,0,0,0,0,0,0,0,0,0,0,0,0,0,0,0,0,0,0,0,0,0
2002-10-30,0,0,0,0,0,0,0,0,0,0,0,0,0,0,0,0,0,0,0,0,0,0,0,0,0,0,0,0,0,0,0,0,0
2002-10-31,0,0,0,0,0,0,0,0,0,0,0,0,0,0,0,0,0,0,0,0,0,0,0,0,0,0,0,0,0,0,0,0,0
2002-11-01,0,0,0,0,0,0,0,0,0,0,0,0,0,0,0,0,0,0,0,0,0,0,0,0,0,0,0,0,0,0,0,0,0
2002-11-04,0,0,0,0,0,0,0,0,0,0,0,0,0,0,0,0,0,0,0,0,0,0,0,0,0,0,0,0,0,0,0,0,0
2002-11-05,0,0,0,0,0,0,0,0,0,0,0,0,0,0,0,0,0,0,0,0,0,0,0,0,0,0,0,0,0,0,0,0,0
2002-11-06,0,0,0,0,0,0,0,0,0,0,0,0,0,0,0,0,0,0,0,0,0,0,0,0,0,0,0,0,0,0,0,0,0
2002-11-07,0,0,0,0,0,0,0,0,0,0,0,0,0,0,0,0,0,0,0,0,0,0,0,0,0,0,0,0,0,0,0,0,0
2002-11-08,0,0,0,0,0,0,0,0,0,0,0,0,0,0,0,0,0,0,0,0,0,0,0,0,0,0,0,0,0,0,0,0,0
2002-11-11,0,0,0,0,0,0,0,0,0,0,0,0,0,0,0,0,0,0,0,0,0,0,0,0,0,0,0,0,0,0,0,0,0
2002-11-12,0,0,0,0,0,0,0,0,0,0,0,0,0,0,0,0,0,0,0,0,0,0,0,0,0,0,0,0,0,0,0,0,0
2002-11-13,0,0,0,0,0,0,0,0,0,0,0,0,0,0,0,0,0,0,0,0,0,0,0,0,0,0,0,0,0,0,0,0,0
2002-11-14,0,0,0,0,0,0,0,0,0,0,0,0,0,0,0,0,0,0,0,0,0,0,0,0,0,0,0,0,0,0,0,0,0
2002-11-15,0,0,0,0,0,0,0,0,0,0,0,0,0,0,0,0,0,0,0,0,0,0,0,0,0,0,0,0,0,0,0,0,0
2002-11-18,0,0,0,0,0,0,0,0,0,0,0,0,0,0,0,0,0,0,0,0,0,0,0,0,0,0,0,0,0,0,0,0,0
2002-11-19,0,0,0,0,0,0,0,0,0,0,0,0,0,0,0,0,0,0,0,0,0,0,0,0,0,0,0,0,0,0,0,0,0
2002-11-20,0,0,0,0,0,0,0,0,0,0,0,0,0,0,0,0,0,0,0,0,0,0,0,0,0,0,0,0,0,0,0,0,0
2002-11-21,0,0,0,0,0,0,0,0,0,0,0,0,0,0,0,0,0,0,0,0,0,0,0,0,0,0,0,0,0,0,0,0,0
2002-11-22,0,0,0,0,0,0,0,0,0,0,0,0,0,0,0,0,0,0,0,0,0,0,0,0,0,0,0,0,0,0,0,0,0
2002-11-25,0,0,0,0,0,0,0,0,0,0,0,0,0,0,0,0,0,0,0,0,0,0,0,0,0,0,0,0,0,0,0,0,0
2002-11-26,0,0,0,0,0,0,0,0,0,0,0,0,0,0,0,0,0,0,0,0,0,0,0,0,0,0,0,0,0,0,0,0,0
2002-11-27,0,0,0,0,0,0,0,0,0,0,0,0,0,0,0,0,0,0,0,0,0,0,0,0,0,0,0,0,0,0,0,0,0
2002-11-28,0,0,0,0,0,0,0,0,0,0,0,0,0,0,0,0,0,0,0,0,0,0,0,0,0,0,0,0,0,0,0,0,0
2002-11-29,0,0,0,0,0,0,0,0,0,0,0,0,0,0,0,0,0,0,0,0,0,0,0,0,0,0,0,0,0,0,0,0,0
2002-12-02,0,0,0,0,0,0,0,0,0,0,0,0,0,0,0,0,0,0,0,0,0,0,0,0,0,0,0,0,0,0,0,0,0
2002-12-03,0,0,0,0,0,0,0,0,0,0,0,0,0,0,0,0,0,0,0,0,0,0,0,0,0,0,0,0,0,0,0,0,0
2002-12-04,0,0,0,0,0,0,0,0,0,0,0,0,0,0,0,0,0,0,0,0,0,0,0,0,0,0,0,0,0,0,0,0,0
2002-12-05,0,0,0,0,0,0,0,0,0,0,0,0,0,0,0,0,0,0,0,0,0,0,0,0,0,0,0,0,0,0,0,0,0
2002-12-06,0,0,0,0,0,0,0,0,0,0,0,0,0,0,0,0,0,0,0,0,0,0,0,0,0,0,0,0,0,0,0,0,0
2002-12-09,0,0,0,0,0,0,0,0,0,0,0,0,0,0,0,0,0,0,0,0,0,0,0,0,0,0,0,0,0,0,0,0,0
2002-12-10,0,0,0,0,0,0,0,0,0,0,0,0,0,0,0,0,0,0,0,0,0,0,0,0,0,0,0,0,0,0,0,0,0
2002-12-11,0,0,0,0,0,0,0,0,0,0,0,0,0,0,0,0,0,0,0,0,0,0,0,0,0,0,0,0,0,0,0,0,0
2002-12-12,0,0,0,0,0,0,0,0,0,0,0,0,0,0,0,0,0,0,0,0,0,0,0,0,0,0,0,0,0,0,0,0,0
2002-12-13,0,0,0,0,0,0,0,0,0,0,0,0,0,0,0,0,0,0,0,0,0,0,0,0,0,0,0,0,0,0,0,0,0
2002-12-16,0,0,0,0,0,0,0,0,0,0,0,0,0,0,0,0,0,0,0,0,0,0,0,0,0,0,0,0,0,0,0,0,0
2002-12-17,0,0,0,0,0,0,0,0,0,0,0,0,0,0,0,0,0,0,0,0,0,0,0,0,0,0,0,0,0,0,0,0,0
2002-12-18,0,0,0,0,0,0,0,0,0,0,0,0,0,0,0,0,0,0,0,0,0,0,0,0,0,0,0,0,0,0,0,0,0
2002-12-19,0,0,0,0,0,0,0,0,0,0,0,0,0,0,0,0,0,0,0,0,0,0,0,0,0,0,0,0,0,0,0,0,0
2002-12-20,0,0,0,0,0,0,0,0,0,0,0,0,0,0,0,0,0,0,0,0,0,0,0,0,0,0,0,0,0,0,0,0,0
2002-12-23,0,0,0,0,0,0,0,0,0,0,0,0,0,0,0,0,0,0,0,0,0,0,0,0,0,0,0,0,0,0,0,0,0
2002-12-24,0,0,0,0,0,0,0,0,0,0,0,0,0,0,0,0,0,0,0,0,0,0,0,0,0,0,0,0,0,0,0,0,0
2002-12-25,0,0,0,0,0,0,0,0,0,0,0,0,0,0,0,0,0,0,0,0,0,0,0,0,0,0,0,0,0,0,0,0,0
2002-12-26,0,0,0,0,0,0,0,0,0,0,0,0,0,0,0,0,0,0,0,0,0,0,0,0,0,0,0,0,0,0,0,0,0
2002-12-27,0,0,0,0,0,0,0,0,0,0,0,0,0,0,0,0,0,0,0,0,0,0,0,0,0,0,0,0,0,0,0,0,0
2002-12-30,0,0,0,0,0,0,0,0,0,0,0,0,0,0,0,0,0,0,0,0,0,0,0,0,0,0,0,0,0,0,0,0,0
2002-12-31,0,0,0,0,0,0,0,0,0,0,0,0,0,0,0,0,0,0,0,0,0,0,0,0,0,0,0,0,0,0,0,0,0
2003-01-01,0,0,0,0,0,0,0,0,0,0,0,0,0,0,0,0,0,0,0,0,0,0,0,0,0,0,0,0,0,0,0,0,0
2003-01-02,0,0,0,0,0,0,0,0,0,0,0,0,0,0,0,0,0,0,0,0,0,0,0,0,0,0,0,0,0,0,0,0,0
2003-01-03,0,0,0,0,0,0,0,0,0,0,0,0,0,0,0,0,0,0,0,0,0,0,0,0,0,0,0,0,0,0,0,0,0
2003-01-06,0,0,0,0,0,0,0,0,0,0,0,0,0,0,0,0,0,0,0,0,0,0,0,0,0,0,0,0,0,0,0,0,0
2003-01-07,0,0,0,0,0,0,0,0,0,0,0,0,0,0,0,0,0,0,0,0,0,0,0,0,0,0,0,0,0,0,0,0,0
2003-01-08,0,0,0,0,0,0,0,0,0,0,0,0,0,0,0,0,0,0,0,0,0,0,0,0,0,0,0,0,0,0,0,0,0
2003-01-09,0,0,0,0,0,0,0,0,0,0,0,0,0,0,0,0,0,0,0,0,0,0,0,0,0,0,0,0,0,0,0,0,0
2003-01-10,0,0,0,0,0,0,0,0,0,0,0,0,0,0,0,0,0,0,0,0,0,0,0,0,0,0,0,0,0,0,0,0,0
2003-01-13,0,0,0,0,0,0,0,0,0,0,0,0,0,0,0,0,0,0,0,0,0,0,0,0,0,0,0,0,0,0,0,0,0
2003-01-14,0,0,0,0,0,0,0,0,0,0,0,0,0,0,0,0,0,0,0,0,0,0,0,0,0,0,0,0,0,0,0,0,0
2003-01-15,0,0,0,0,0,0,0,0,0,0,0,0,0,0,0,0,0,0,0,0,0,0,0,0,0,0,0,0,0,0,0,0,0
2003-01-16,0,0,0,0,0,0,0,0,0,0,0,0,0,0,0,0,0,0,0,0,0,0,0,0,0,0,0,0,0,0,0,0,0
2003-01-17,0,0,0,0,0,0,0,0,0,0,0,0,0,0,0,0,0,0,0,0,0,0,0,0,0,0,0,0,0,0,0,0,0
2003-01-20,0,0,0,0,0,0,0,0,0,0,0,0,0,0,0,0,0,0,0,0,0,0,0,0,0,0,0,0,0,0,0,0,0
2003-01-21,0,0,0,0,0,0,0,0,0,0,0,0,0,0,0,0,0,0,0,0,0,0,0,0,0,0,0,0,0,0,0,0,0
2003-01-22,0,0,0,0,0,0,0,0,0,0,0,0,0,0,0,0,0,0,0,0,0,0,0,0,0,0,0,0,0,0,0,0,0
2003-01-23,0,0,0,0,0,0,0,0,0,0,0,0,0,0,0,0,0,0,0,0,0,0,0,0,0,0,0,0,0,0,0,0,0
2003-01-24,0,0,0,0,0,0,0,0,0,0,0,0,0,0,0,0,0,0,0,0,0,0,0,0,0,0,0,0,0,0,0,0,0
2003-01-27,0,0,0,0,0,0,0,0,0,0,0,0,0,0,0,0,0,0,0,0,0,0,0,0,0,0,0,0,0,0,0,0,0
2003-01-28,0,0,0,0,0,0,0,0,0,0,0,0,0,0,0,0,0,0,0,0,0,0,0,0,0,0,0,0,0,0,0,0,0
2003-01-29,0,0,0,0,0,0,0,0,0,0,0,0,0,0,0,0,0,0,0,0,0,0,0,0,0,0,0,0,0,0,0,0,0
2003-01-30,0,0,0,0,0,0,0,0,0,0,0,0,0,0,0,0,0,0,0,0,0,0,0,0,0,0,0,0,0,0,0,0,0
2003-01-31,0,0,0,0,0,0,0,0,0,0,0,0,0,0,0,0,0,0,0,0,0,0,0,0,0,0,0,0,0,0,0,0,0
2003-02-03,0,0,0,0,0,0,0,0,0,0,0,0,0,0,0,0,0,0,0,0,0,0,0,0,0,0,0,0,0,0,0,0,0
2003-02-04,0,0,0,0,0,0,0,0,0,0,0,0,0,0,0,0,0,0,0,0,0,0,0,0,0,0,0,0,0,0,0,0,0
2003-02-05,0,0,0,0,0,0,0,0,0,0,0,0,0,0,0,0,0,0,0,0,0,0,0,0,0,0,0,0,0,0,0,0,0
2003-02-06,0,0,0,0,0,0,0,0,0,0,0,0,0,0,0,0,0,0,0,0,0,0,0,0,0,0,0,0,0,0,0,0,0
2003-02-07,0,0,0,0,0,0,0,0,0,0,0,0,0,0,0,0,0,0,0,0,0,0,0,0,0,0,0,0,0,0,0,0,0
2003-02-10,0,0,0,0,0,0,0,0,0,0,0,0,0,0,0,0,0,0,0,0,0,0,0,0,0,0,0,0,0,0,0,0,0
2003-02-11,0,0,0,0,0,0,0,0,0,0,0,0,0,0,0,0,0,0,0,0,0,0,0,0,0,0,0,0,0,0,0,0,0
2003-02-12,0,0,0,0,0,0,0,0,0,0,0,0,0,0,0,0,0,0,0,0,0,0,0,0,0,0,0,0,0,0,0,0,0
2003-02-13,0,0,0,0,0,0,0,0,0,0,0,0,0,0,0,0,0,0,0,0,0,0,0,0,0,0,0,0,0,0,0,0,0
2003-02-14,0,0,0,0,0,0,0,0,0,0,0,0,0,0,0,0,0,0,0,0,0,0,0,0,0,0,0,0,0,0,0,0,0
2003-02-17,0,0,0,0,0,0,0,0,0,0,0,0,0,0,0,0,0,0,0,0,0,0,0,0,0,0,0,0,0,0,0,0,0
2003-02-18,0,0,0,0,0,0,0,0,0,0,0,0,0,0,0,0,0,0,0,0,0,0,0,0,0,0,0,0,0,0,0,0,0
2003-02-19,0,0,0,0,0,0,0,0,0,0,0,0,0,0,0,0,0,0,0,0,0,0,0,0,0,0,0,0,0,0,0,0,0
2003-02-20,0,0,0,0,0,0,0,0,0,0,0,0,0,0,0,0,0,0,0,0,0,0,0,0,0,0,0,0,0,0,0,0,0
2003-02-21,0,0,0,0,0,0,0,0,0,0,0,0,0,0,0,0,0,0,0,0,0,0,0,0,0,0,0,0,0,0,0,0,0
2003-02-24,0,0,0,0,0,0,0,0,0,0,0,0,0,0,0,0,0,0,0,0,0,0,0,0,0,0,0,0,0,0,0,0,0
2003-02-25,0,0,0,0,0,0,0,0,0,0,0,0,0,0,0,0,0,0,0,0,0,0,0,0,0,0,0,0,0,0,0,0,0
2003-02-26,0,0,0,0,0,0,0,0,0,0,0,0,0,0,0,0,0,0,0,0,0,0,0,0,0,0,0,0,0,0,0,0,0
2003-02-27,0,0,0,0,0,0,0,0,0,0,0,0,0,0,0,0,0,0,0,0,0,0,0,0,0,0,0,0,0,0,0,0,0
2003-02-28,0,0,0,0,0,0,0,0,0,0,0,0,0,0,0,0,0,0,0,0,0,0,0,0,0,0,0,0,0,0,0,0,0
2003-03-03,0,0,0,0,0,0,0,0,0,0,0,0,0,0,0,0,0,0,0,0,0,0,0,0,0,0,0,0,0,0,0,0,0
2003-03-04,0,0,0,0,0,0,0,0,0,0,0,0,0,0,0,0,0,0,0,0,0,0,0,0,0,0,0,0,0,0,0,0,0
2003-03-05,0,0,0,0,0,0,0,0,0,0,0,0,0,0,0,0,0,0,0,0,0,0,0,0,0,0,0,0,0,0,0,0,0
2003-03-06,0,0,0,0,0,0,0,0,0,0,0,0,0,0,0,0,0,0,0,0,0,0,0,0,0,0,0,0,0,0,0,0,0
2003-03-07,0,0,0,0,0,0,0,0,0,0,0,0,0,0,0,0,0,0,0,0,0,0,0,0,0,0,0,0,0,0,0,0,0
2003-03-10,0,0,0,0,0,0,0,0,0,0,0,0,0,0,0,0,0,0,0,0,0,0,0,0,0,0,0,0,0,0,0,0,0
2003-03-11,0,0,0,0,0,0,0,0,0,0,0,0,0,0,0,0,0,0,0,0,0,0,0,0,0,0,0,0,0,0,0,0,0
2003-03-12,0,0,0,0,0,0,0,0,0,0,0,0,0,0,0,0,0,0,0,0,0,0,0,0,0,0,0,0,0,0,0,0,0
2003-03-13,0,0,0,0,0,0,0,0,0,0,0,0,0,0,0,0,0,0,0,0,0,0,0,0,0,0,0,0,0,0,0,0,0
2003-03-14,0,0,0,0,0,0,0,0,0,0,0,0,0,0,0,0,0,0,0,0,0,0,0,0,0,0,0,0,0,0,0,0,0
2003-03-17,0,0,0,0,0,0,0,0,0,0,0,0,0,0,0,0,0,0,0,0,0,0,0,0,0,0,0,0,0,0,0,0,0
2003-03-18,0,0,0,0,0,0,0,0,0,0,0,0,0,0,0,0,0,0,0,0,0,0,0,0,0,0,0,0,0,0,0,0,0
2003-03-19,0,0,0,0,0,0,0,0,0,0,0,0,0,0,0,0,0,0,0,0,0,0,0,0,0,0,0,0,0,0,0,0,0
2003-03-20,0,0,0,0,0,0,0,0,0,0,0,0,0,0,0,0,0,0,0,0,0,0,0,0,0,0,0,0,0,0,0,0,0
2003-03-21,0,0,0,0,0,0,0,0,0,0,0,0,0,0,0,0,0,0,0,0,0,0,0,0,0,0,0,0,0,0,0,0,0
2003-03-24,0,0,0,0,0,0,0,0,0,0,0,0,0,0,0,0,0,0,0,0,0,0,0,0,0,0,0,0,0,0,0,0,0
2003-03-25,0,0,0,0,0,0,0,0,0,0,0,0,0,0,0,0,0,0,0,0,0,0,0,0,0,0,0,0,0,0,0,0,0
2003-03-26,0,0,0,0,0,0,0,0,0,0,0,0,0,0,0,0,0,0,0,0,0,0,0,0,0,0,0,0,0,0,0,0,0
2003-03-27,0,0,0,0,0,0,0,0,0,0,0,0,0,0,0,0,0,0,0,0,0,0,0,0,0,0,0,0,0,0,0,0,0
2003-03-28,0,0,0,0,0,0,0,0,0,0,0,0,0,0,0,0,0,0,0,0,0,0,0,0,0,0,0,0,0,0,0,0,0
2003-03-31,0,0,0,0,0,0,0,0,0,0,0,0,0,0,0,0,0,0,0,0,0,0,0,0,0,0,0,0,0,0,0,0,0
2003-04-01,0,0,0,0,0,0,0,0,0,0,0,0,0,0,0,0,0,0,0,0,0,0,0,0,0,0,0,0,0,0,0,0,0
2003-04-02,0,0,0,0,0,0,0,0,0,0,0,0,0,0,0,0,0,0,0,0,0,0,0,0,0,0,0,0,0,0,0,0,0
2003-04-03,0,0,0,0,0,0,0,0,0,0,0,0,0,0,0,0,0,0,0,0,0,0,0,0,0,0,0,0,0,0,0,0,0
2003-04-04,0,0,0,0,0,0,0,0,0,0,0,0,0,0,0,0,0,0,0,0,0,0,0,0,0,0,0,0,0,0,0,0,0
2003-04-07,0,0,0,0,0,0,0,0,0,0,0,0,0,0,0,0,0,0,0,0,0,0,0,0,0,0,0,0,0,0,0,0,0
2003-04-08,0,0,0,0,0,0,0,0,0,0,0,0,0,0,0,0,0,0,0,0,0,0,0,0,0,0,0,0,0,0,0,0,0
2003-04-09,0,0,0,0,0,0,0,0,0,0,0,0,0,0,0,0,0,0,0,0,0,0,0,0,0,0,0,0,0,0,0,0,0
2003-04-10,0,0,0,0,0,0,0,0,0,0,0,0,0,0,0,0,0,0,0,0,0,0,0,0,0,0,0,0,0,0,0,0,0
2003-04-11,0,0,0,0,0,0,0,0,0,0,0,0,0,0,0,0,0,0,0,0,0,0,0,0,0,0,0,0,0,0,0,0,0
2003-04-14,0,0,0,0,0,0,0,0,0,0,0,0,0,0,0,0,0,0,0,0,0,0,0,0,0,0,0,0,0,0,0,0,0
2003-04-15,0,0,0,0,0,0,0,0,0,0,0,0,0,0,0,0,0,0,0,0,0,0,0,0,0,0,0,0,0,0,0,0,0
2003-04-16,0,0,0,0,0,0,0,0,0,0,0,0,0,0,0,0,0,0,0,0,0,0,0,0,0,0,0,0,0,0,0,0,0
2003-04-17,0,0,0,0,0,0,0,0,0,0,0,0,0,0,0,0,0,0,0,0,0,0,0,0,0,0,0,0,0,0,0,0,0
2003-04-18,0,0,0,0,0,0,0,0,0,0,0,0,0,0,0,0,0,0,0,0,0,0,0,0,0,0,0,0,0,0,0,0,0
2003-04-21,0,0,0,0,0,0,0,0,0,0,0,0,0,0,0,0,0,0,0,0,0,0,0,0,0,0,0,0,0,0,0,0,0
2003-04-22,0,0,0,0,0,0,0,0,0,0,0,0,0,0,0,0,0,0,0,0,0,0,0,0,0,0,0,0,0,0,0,0,0
2003-04-23,0,0,0,0,0,0,0,0,0,0,0,0,0,0,0,0,0,0,0,0,0,0,0,0,0,0,0,0,0,0,0,0,0
2003-04-24,0,0,0,0,0,0,0,0,0,0,0,0,0,0,0,0,0,0,0,0,0,0,0,0,0,0,0,0,0,0,0,0,0
2003-04-25,0,0,0,0,0,0,0,0,0,0,0,0,0,0,0,0,0,0,0,0,0,0,0,0,0,0,0,0,0,0,0,0,0
2003-04-28,0,0,0,0,0,0,0,0,0,0,0,0,0,0,0,0,0,0,0,0,0,0,0,0,0,0,0,0,0,0,0,0,0
2003-04-29,0,0,0,0,0,0,0,0,0,0,0,0,0,0,0,0,0,0,0,0,0,0,0,0,0,0,0,0,0,0,0,0,0
2003-04-30,0,0,0,0,0,0,0,0,0,0,0,0,0,0,0,0,0,0,0,0,0,0,0,0,0,0,0,0,0,0,0,0,0
2003-05-01,0,0,0,0,0,0,0,0,0,0,0,0,0,0,0,0,0,0,0,0,0,0,0,0,0,0,0,0,0,0,0,0,0
2003-05-02,0,0,0,0,0,0,0,0,0,0,0,0,0,0,0,0,0,0,0,0,0,0,0,0,0,0,0,0,0,0,0,0,0
2003-05-05,0,0,0,0,0,0,0,0,0,0,0,0,0,0,0,0,0,0,0,0,0,0,0,0,0,0,0,0,0,0,0,0,0
2003-05-06,0,0,0,0,0,0,0,0,0,0,0,0,0,0,0,0,0,0,0,0,0,0,0,0,0,0,0,0,0,0,0,0,0
2003-05-07,0,0,0,0,0,0,0,0,0,0,0,0,0,0,0,0,0,0,0,0,0,0,0,0,0,0,0,0,0,0,0,0,0
2003-05-08,0,0,0,0,0,0,0,0,0,0,0,0,0,0,0,0,0,0,0,0,0,0,0,0,0,0,0,0,0,0,0,0,0
2003-05-09,0,0,0,0,0,0,0,0,0,0,0,0,0,0,0,0,0,0,0,0,0,0,0,0,0,0,0,0,0,0,0,0,0
2003-05-12,0,0,0,0,0,0,0,0,0,0,0,0,0,0,0,0,0,0,0,0,0,0,0,0,0,0,0,0,0,0,0,0,0
2003-05-13,0,0,0,0,0,0,0,0,0,0,0,0,0,0,0,0,0,0,0,0,0,0,0,0,0,0,0,0,0,0,0,0,0
2003-05-14,0,0,0,0,0,0,0,0,0,0,0,0,0,0,0,0,0,0,0,0,0,0,0,0,0,0,0,0,0,0,0,0,0
2003-05-15,0,0,0,0,0,0,0,0,0,0,0,0,0,0,0,0,0,0,0,0,0,0,0,0,0,0,0,0,0,0,0,0,0
2003-05-16,0,0,0,0,0,0,0,0,0,0,0,0,0,0,0,0,0,0,0,0,0,0,0,0,0,0,0,0,0,0,0,0,0
2003-05-19,0,0,0,0,0,0,0,0,0,0,0,0,0,0,0,0,0,0,0,0,0,0,0,0,0,0,0,0,0,0,0,0,0
2003-05-20,0,0,0,0,0,0,0,0,0,0,0,0,0,0,0,0,0,0,0,0,0,0,0,0,0,0,0,0,0,0,0,0,0
2003-05-21,0,0,0,0,0,0,0,0,0,0,0,0,0,0,0,0,0,0,0,0,0,0,0,0,0,0,0,0,0,0,0,0,0
2003-05-22,0,0,0,0,0,0,0,0,0,0,0,0,0,0,0,0,0,0,0,0,0,0,0,0,0,0,0,0,0,0,0,0,0
2003-05-23,0,0,0,0,0,0,0,0,0,0,0,0,0,0,0,0,0,0,0,0,0,0,0,0,0,0,0,0,0,0,0,0,0
2003-05-26,0,0,0,0,0,0,0,0,0,0,0,0,0,0,0,0,0,0,0,0,0,0,0,0,0,0,0,0,0,0,0,0,0
2003-05-27,0,0,0,0,0,0,0,0,0,0,0,0,0,0,0,0,0,0,0,0,0,0,0,0,0,0,0,0,0,0,0,0,0
2003-05-28,0,0,0,0,0,0,0,0,0,0,0,0,0,0,0,0,0,0,0,0,0,0,0,0,0,0,0,0,0,0,0,0,0
2003-05-29,0,0,0,0,0,0,0,0,0,0,0,0,0,0,0,0,0,0,0,0,0,0,0,0,0,0,0,0,0,0,0,0,0
2003-05-30,0,0,0,0,0,0,0,0,0,0,0,0,0,0,0,0,0,0,0,0,0,0,0,0,0,0,0,0,0,0,0,0,0
2003-06-02,0,0,0,0,0,0,0,0,0,0,0,0,0,0,0,0,0,0,0,0,0,0,0,0,0,0,0,0,0,0,0,0,0
2003-06-03,0,0,0,0,0,0,0,0,0,0,0,0,0,0,0,0,0,0,0,0,0,0,0,0,0,0,0,0,0,0,0,0,0
2003-06-04,0,0,0,0,0,0,0,0,0,0,0,0,0,0,0,0,0,0,0,0,0,0,0,0,0,0,0,0,0,0,0,0,0
2003-06-05,0,0,0,0,0,0,0,0,0,0,0,0,0,0,0,0,0,0,0,0,0,0,0,0,0,0,0,0,0,0,0,0,0
2003-06-06,0,0,0,0,0,0,0,0,0,0,0,0,0,0,0,0,0,0,0,0,0,0,0,0,0,0,0,0,0,0,0,0,0
2003-06-09,0,0,0,0,0,0,0,0,0,0,0,0,0,0,0,0,0,0,0,0,0,0,0,0,0,0,0,0,0,0,0,0,0
2003-06-10,0,0,0,0,0,0,0,0,0,0,0,0,0,0,0,0,0,0,0,0,0,0,0,0,0,0,0,0,0,0,0,0,0
2003-06-11,0,0,0,0,0,0,0,0,0,0,0,0,0,0,0,0,0,0,0,0,0,0,0,0,0,0,0,0,0,0,0,0,0
2003-06-12,0,0,0,0,0,0,0,0,0,0,0,0,0,0,0,0,0,0,0,0,0,0,0,0,0,0,0,0,0,0,0,0,0
2003-06-13,0,0,0,0,0,0,0,0,0,0,0,0,0,0,0,0,0,0,0,0,0,0,0,0,0,0,0,0,0,0,0,0,0
2003-06-16,0,0,0,0,0,0,0,0,0,0,0,0,0,0,0,0,0,0,0,0,0,0,0,0,0,0,0,0,0,0,0,0,0
2003-06-17,0,0,0,0,0,0,0,0,0,0,0,0,0,0,0,0,0,0,0,0,0,0,0,0,0,0,0,0,0,0,0,0,0
2003-06-18,0,0,0,0,0,0,0,0,0,0,0,0,0,0,0,0,0,0,0,0,0,0,0,0,0,0,0,0,0,0,0,0,0
2003-06-19,0,0,0,0,0,0,0,0,0,0,0,0,0,0,0,0,0,0,0,0,0,0,0,0,0,0,0,0,0,0,0,0,0
2003-06-20,0,0,0,0,0,0,0,0,0,0,0,0,0,0,0,0,0,0,0,0,0,0,0,0,0,0,0,0,0,0,0,0,0
2003-06-23,0,0,0,0,0,0,0,0,0,0,0,0,0,0,0,0,0,0,0,0,0,0,0,0,0,0,0,0,0,0,0,0,0
2003-06-24,0,0,0,0,0,0,0,0,0,0,0,0,0,0,0,0,0,0,0,0,0,0,0,0,0,0,0,0,0,0,0,0,0
2003-06-25,0,0,0,0,0,0,0,0,0,0,0,0,0,0,0,0,0,0,0,0,0,0,0,0,0,0,0,0,0,0,0,0,0
2003-06-26,0,0,0,0,0,0,0,0,0,0,0,0,0,0,0,0,0,0,0,0,0,0,0,0,0,0,0,0,0,0,0,0,0
2003-06-27,0,0,0,0,0,0,0,0,0,0,0,0,0,0,0,0,0,0,0,0,0,0,0,0,0,0,0,0,0,0,0,0,0
2003-06-30,0,0,0,0,0,0,0,0,0,0,0,0,0,0,0,0,0,0,0,0,0,0,0,0,0,0,0,0,0,0,0,0,0
2003-07-01,0,0,0,0,0,0,0,0,0,0,0,0,0,0,0,0,0,0,0,0,0,0,0,0,0,0,0,0,0,0,0,0,0
2003-07-02,0,0,0,0,0,0,0,0,0,0,0,0,0,0,0,0,0,0,0,0,0,0,0,0,0,0,0,0,0,0,0,0,0
2003-07-03,0,0,0,0,0,0,0,0,0,0,0,0,0,0,0,0,0,0,0,0,0,0,0,0,0,0,0,0,0,0,0,0,0
2003-07-04,0,0,0,0,0,0,0,0,0,0,0,0,0,0,0,0,0,0,0,0,0,0,0,0,0,0,0,0,0,0,0,0,0
2003-07-07,0,0,0,0,0,0,0,0,0,0,0,0,0,0,0,0,0,0,0,0,0,0,0,0,0,0,0,0,0,0,0,0,0
2003-07-08,0,0,0,0,0,0,0,0,0,0,0,0,0,0,0,0,0,0,0,0,0,0,0,0,0,0,0,0,0,0,0,0,0
2003-07-09,0,0,0,0,0,0,0,0,0,0,0,0,0,0,0,0,0,0,0,0,0,0,0,0,0,0,0,0,0,0,0,0,0
2003-07-10,0,0,0,0,0,0,0,0,0,0,0,0,0,0,0,0,0,0,0,0,0,0,0,0,0,0,0,0,0,0,0,0,0
2003-07-11,0,0,0,0,0,0,0,0,0,0,0,0,0,0,0,0,0,0,0,0,0,0,0,0,0,0,0,0,0,0,0,0,0
2003-07-14,0,0,0,0,0,0,0,0,0,0,0,0,0,0,0,0,0,0,0,0,0,0,0,0,0,0,0,0,0,0,0,0,0
2003-07-15,0,0,0,0,0,0,0,0,0,0,0,0,0,0,0,0,0,0,0,0,0,0,0,0,0,0,0,0,0,0,0,0,0
2003-07-16,0,0,0,0,0,0,0,0,0,0,0,0,0,0,0,0,0,0,0,0,0,0,0,0,0,0,0,0,0,0,0,0,0
2003-07-17,0,0,0,0,0,0,0,0,0,0,0,0,0,0,0,0,0,0,0,0,0,0,0,0,0,0,0,0,0,0,0,0,0
2003-07-18,0,0,0,0,0,0,0,0,0,0,0,0,0,0,0,0,0,0,0,0,0,0,0,0,0,0,0,0,0,0,0,0,0
2003-07-21,0,0,0,0,0,0,0,0,0,0,0,0,0,0,0,0,0,0,0,0,0,0,0,0,0,0,0,0,0,0,0,0,0
2003-07-22,0,0,0,0,0,0,0,0,0,0,0,0,0,0,0,0,0,0,0,0,0,0,0,0,0,0,0,0,0,0,0,0,0
2003-07-23,0,0,0,0,0,0,0,0,0,0,0,0,0,0,0,0,0,0,0,0,0,0,0,0,0,0,0,0,0,0,0,0,0
2003-07-24,0,0,0,0,0,0,0,0,0,0,0,0,0,0,0,0,0,0,0,0,0,0,0,0,0,0,0,0,0,0,0,0,0
2003-07-25,0,0,0,0,0,0,0,0,0,0,0,0,0,0,0,0,0,0,0,0,0,0,0,0,0,0,0,0,0,0,0,0,0
2003-07-28,0,0,0,0,0,0,0,0,0,0,0,0,0,0,0,0,0,0,0,0,0,0,0,0,0,0,0,0,0,0,0,0,0
2003-07-29,0,0,0,0,0,0,0,0,0,0,0,0,0,0,0,0,0,0,0,0,0,0,0,0,0,0,0,0,0,0,0,0,0
2003-07-30,0,0,0,0,0,0,0,0,0,0,0,0,0,0,0,0,0,0,0,0,0,0,0,0,0,0,0,0,0,0,0,0,0
2003-07-31,0,0,0,0,0,0,0,0,0,0,0,0,0,0,0,0,0,0,0,0,0,0,0,0,0,0,0,0,0,0,0,0,0
2003-08-01,0,0,0,0,0,0,0,0,0,0,0,0,0,0,0,0,0,0,0,0,0,0,0,0,0,0,0,0,0,0,0,0,0
2003-08-04,0,0,0,0,0,0,0,0,0,0,0,0,0,0,0,0,0,0,0,0,0,0,0,0,0,0,0,0,0,0,0,0,0
2003-08-05,0,0,0,0,0,0,0,0,0,0,0,0,0,0,0,0,0,0,0,0,0,0,0,0,0,0,0,0,0,0,0,0,0
2003-08-06,0,0,0,0,0,0,0,0,0,0,0,0,0,0,0,0,0,0,0,0,0,0,0,0,0,0,0,0,0,0,0,0,0
2003-08-07,0,0,0,0,0,0,0,0,0,0,0,0,0,0,0,0,0,0,0,0,0,0,0,0,0,0,0,0,0,0,0,0,0
2003-08-08,0,0,0,0,0,0,0,0,0,0,0,0,0,0,0,0,0,0,0,0,0,0,0,0,0,0,0,0,0,0,0,0,0
2003-08-11,0,0,0,0,0,0,0,0,0,0,0,0,0,0,0,0,0,0,0,0,0,0,0,0,0,0,0,0,0,0,0,0,0
2003-08-12,0,0,0,0,0,0,0,0,0,0,0,0,0,0,0,0,0,0,0,0,0,0,0,0,0,0,0,0,0,0,0,0,0
2003-08-13,0,0,0,0,0,0,0,0,0,0,0,0,0,0,0,0,0,0,0,0,0,0,0,0,0,0,0,0,0,0,0,0,0
2003-08-14,0,0,0,0,0,0,0,0,0,0,0,0,0,0,0,0,0,0,0,0,0,0,0,0,0,0,0,0,0,0,0,0,0
2003-08-15,0,0,0,0,0,0,0,0,0,0,0,0,0,0,0,0,0,0,0,0,0,0,0,0,0,0,0,0,0,0,0,0,0
2003-08-18,0,0,0,0,0,0,0,0,0,0,0,0,0,0,0,0,0,0,0,0,0,0,0,0,0,0,0,0,0,0,0,0,0
2003-08-19,0,0,0,0,0,0,0,0,0,0,0,0,0,0,0,0,0,0,0,0,0,0,0,0,0,0,0,0,0,0,0,0,0
2003-08-20,0,0,0,0,0,0,0,0,0,0,0,0,0,0,0,0,0,0,0,0,0,0,0,0,0,0,0,0,0,0,0,0,0
2003-08-21,0,0,0,0,0,0,0,0,0,0,0,0,0,0,0,0,0,0,0,0,0,0,0,0,0,0,0,0,0,0,0,0,0
2003-08-22,0,0,0,0,0,0,0,0,0,0,0,0,0,0,0,0,0,0,0,0,0,0,0,0,0,0,0,0,0,0,0,0,0
2003-08-25,0,0,0,0,0,0,0,0,0,0,0,0,0,0,0,0,0,0,0,0,0,0,0,0,0,0,0,0,0,0,0,0,0
2003-08-26,0,0,0,0,0,0,0,0,0,0,0,0,0,0,0,0,0,0,0,0,0,0,0,0,0,0,0,0,0,0,0,0,0
2003-08-27,0,0,0,0,0,0,0,0,0,0,0,0,0,0,0,0,0,0,0,0,0,0,0,0,0,0,0,0,0,0,0,0,0
2003-08-28,0,0,0,0,0,0,0,0,0,0,0,0,0,0,0,0,0,0,0,0,0,0,0,0,0,0,0,0,0,0,0,0,0
2003-08-29,0,0,0,0,0,0,0,0,0,0,0,0,0,0,0,0,0,0,0,0,0,0,0,0,0,0,0,0,0,0,0,0,0
2003-09-01,0,0,0,0,0,0,0,0,0,0,0,0,0,0,0,0,0,0,0,0,0,0,0,0,0,0,0,0,0,0,0,0,0
2003-09-02,0,0,0,0,0,0,0,0,0,0,0,0,0,0,0,0,0,0,0,0,0,0,0,0,0,0,0,0,0,0,0,0,0
2003-09-03,0,0,0,0,0,0,0,0,0,0,0,0,0,0,0,0,0,0,0,0,0,0,0,0,0,0,0,0,0,0,0,0,0
2003-09-04,0,0,0,0,0,0,0,0,0,0,0,0,0,0,0,0,0,0,0,0,0,0,0,0,0,0,0,0,0,0,0,0,0
2003-09-05,0,0,0,0,0,0,0,0,0,0,0,0,0,0,0,0,0,0,0,0,0,0,0,0,0,0,0,0,0,0,0,0,0
2003-09-08,0,0,0,0,0,0,0,0,0,0,0,0,0,0,0,0,0,0,0,0,0,0,0,0,0,0,0,0,0,0,0,0,0
2003-09-09,0,0,0,0,0,0,0,0,0,0,0,0,0,0,0,0,0,0,0,0,0,0,0,0,0,0,0,0,0,0,0,0,0
2003-09-10,0,0,0,0,0,0,0,0,0,0,0,0,0,0,0,0,0,0,0,0,0,0,0,0,0,0,0,0,0,0,0,0,0
2003-09-11,0,0,0,0,0,0,0,0,0,0,0,0,0,0,0,0,0,0,0,0,0,0,0,0,0,0,0,0,0,0,0,0,0
2003-09-12,0,0,0,0,0,0,0,0,0,0,0,0,0,0,0,0,0,0,0,0,0,0,0,0,0,0,0,0,0,0,0,0,0
2003-09-15,0,0,0,0,0,0,0,0,0,0,0,0,0,0,0,0,0,0,0,0,0,0,0,0,0,0,0,0,0,0,0,0,0
2003-09-16,0,0,0,0,0,0,0,0,0,0,0,0,0,0,0,0,0,0,0,0,0,0,0,0,0,0,0,0,0,0,0,0,0
2003-09-17,0,0,0,0,0,0,0,0,0,0,0,0,0,0,0,0,0,0,0,0,0,0,0,0,0,0,0,0,0,0,0,0,0
2003-09-18,0,0,0,0,0,0,0,0,0,0,0,0,0,0,0,0,0,0,0,0,0,0,0,0,0,0,0,0,0,0,0,0,0
2003-09-19,0,0,0,0,0,0,0,0,0,0,0,0,0,0,0,0,0,0,0,0,0,0,0,0,0,0,0,0,0,0,0,0,0
2003-09-22,0,0,0,0,0,0,0,0,0,0,0,0,0,0,0,0,0,0,0,0,0,0,0,0,0,0,0,0,0,0,0,0,0
2003-09-23,0,0,0,0,0,0,0,0,0,0,0,0,0,0,0,0,0,0,0,0,0,0,0,0,0,0,0,0,0,0,0,0,0
2003-09-24,0,0,0,0,0,0,0,0,0,0,0,0,0,0,0,0,0,0,0,0,0,0,0,0,0,0,0,0,0,0,0,0,0
2003-09-25,0,0,0,0,0,0,0,0,0,0,0,0,0,0,0,0,0,0,0,0,0,0,0,0,0,0,0,0,0,0,0,0,0
2003-09-26,0,0,0,0,0,0,0,0,0,0,0,0,0,0,0,0,0,0,0,0,0,0,0,0,0,0,0,0,0,0,0,0,0
2003-09-29,0,0,0,0,0,0,0,0,0,0,0,0,0,0,0,0,0,0,0,0,0,0,0,0,0,0,0,0,0,0,0,0,0
2003-09-30,0,0,0,0,0,0,0,0,0,0,0,0,0,0,0,0,0,0,0,0,0,0,0,0,0,0,0,0,0,0,0,0,0
2003-10-01,0,0,0,0,0,0,0,0,0,0,0,0,0,0,0,0,0,0,0,0,0,0,0,0,0,0,0,0,0,0,0,0,0
2003-10-02,0,0,0,0,0,0,0,0,0,0,0,0,0,0,0,0,0,0,0,0,0,0,0,0,0,0,0,0,0,0,0,0,0
2003-10-03,0,0,0,0,0,0,0,0,0,0,0,0,0,0,0,0,0,0,0,0,0,0,0,0,0,0,0,0,0,0,0,0,0
2003-10-06,0,0,0,0,0,0,0,0,0,0,0,0,0,0,0,0,0,0,0,0,0,0,0,0,0,0,0,0,0,0,0,0,0
2003-10-07,0,0,0,0,0,0,0,0,0,0,0,0,0,0,0,0,0,0,0,0,0,0,0,0,0,0,0,0,0,0,0,0,0
2003-10-08,0,0,0,0,0,0,0,0,0,0,0,0,0,0,0,0,0,0,0,0,0,0,0,0,0,0,0,0,0,0,0,0,0
2003-10-09,0,0,0,0,0,0,0,0,0,0,0,0,0,0,0,0,0,0,0,0,0,0,0,0,0,0,0,0,0,0,0,0,0
2003-10-10,0,0,0,0,0,0,0,0,0,0,0,0,0,0,0,0,0,0,0,0,0,0,0,0,0,0,0,0,0,0,0,0,0
2003-10-13,0,0,0,0,0,0,0,0,0,0,0,0,0,0,0,0,0,0,0,0,0,0,0,0,0,0,0,0,0,0,0,0,0
2003-10-14,0,0,0,0,0,0,0,0,0,0,0,0,0,0,0,0,0,0,0,0,0,0,0,0,0,0,0,0,0,0,0,0,0
2003-10-15,0,0,0,0,0,0,0,0,0,0,0,0,0,0,0,0,0,0,0,0,0,0,0,0,0,0,0,0,0,0,0,0,0
2003-10-16,0,0,0,0,0,0,0,0,0,0,0,0,0,0,0,0,0,0,0,0,0,0,0,0,0,0,0,0,0,0,0,0,0
2003-10-17,0,0,0,0,0,0,0,0,0,0,0,0,0,0,0,0,0,0,0,0,0,0,0,0,0,0,0,0,0,0,0,0,0
2003-10-20,0,0,0,0,0,0,0,0,0,0,0,0,0,0,0,0,0,0,0,0,0,0,0,0,0,0,0,0,0,0,0,0,0
2003-10-21,0,0,0,0,0,0,0,0,0,0,0,0,0,0,0,0,0,0,0,0,0,0,0,0,0,0,0,0,0,0,0,0,0
2003-10-22,0,0,0,0,0,0,0,0,0,0,0,0,0,0,0,0,0,0,0,0,0,0,0,0,0,0,0,0,0,0,0,0,0
2003-10-23,0,0,0,0,0,0,0,0,0,0,0,0,0,0,0,0,0,0,0,0,0,0,0,0,0,0,0,0,0,0,0,0,0
2003-10-24,0,0,0,0,0,0,0,0,0,0,0,0,0,0,0,0,0,0,0,0,0,0,0,0,0,0,0,0,0,0,0,0,0
2003-10-27,0,0,0,0,0,0,0,0,0,0,0,0,0,0,0,0,0,0,0,0,0,0,0,0,0,0,0,0,0,0,0,0,0
2003-10-28,0,0,0,0,0,0,0,0,0,0,0,0,0,0,0,0,0,0,0,0,0,0,0,0,0,0,0,0,0,0,0,0,0
2003-10-29,0,0,0,0,0,0,0,0,0,0,0,0,0,0,0,0,0,0,0,0,0,0,0,0,0,0,0,0,0,0,0,0,0
2003-10-30,0,0,0,0,0,0,0,0,0,0,0,0,0,0,0,0,0,0,0,0,0,0,0,0,0,0,0,0,0,0,0,0,0
2003-10-31,0,0,0,0,0,0,0,0,0,0,0,0,0,0,0,0,0,0,0,0,0,0,0,0,0,0,0,0,0,0,0,0,0
2003-11-03,0,0,0,0,0,0,0,0,0,0,0,0,0,0,0,0,0,0,0,0,0,0,0,0,0,0,0,0,0,0,0,0,0
2003-11-04,0,0,0,0,0,0,0,0,0,0,0,0,0,0,0,0,0,0,0,0,0,0,0,0,0,0,0,0,0,0,0,0,0
2003-11-05,0,0,0,0,0,0,0,0,0,0,0,0,0,0,0,0,0,0,0,0,0,0,0,0,0,0,0,0,0,0,0,0,0
2003-11-06,0,0,0,0,0,0,0,0,0,0,0,0,0,0,0,0,0,0,0,0,0,0,0,0,0,0,0,0,0,0,0,0,0
2003-11-07,0,0,0,0,0,0,0,0,0,0,0,0,0,0,0,0,0,0,0,0,0,0,0,0,0,0,0,0,0,0,0,0,0
2003-11-10,0,0,0,0,0,0,0,0,0,0,0,0,0,0,0,0,0,0,0,0,0,0,0,0,0,0,0,0,0,0,0,0,0
2003-11-11,0,0,0,0,0,0,0,0,0,0,0,0,0,0,0,0,0,0,0,0,0,0,0,0,0,0,0,0,0,0,0,0,0
2003-11-12,0,0,0,0,0,0,0,0,0,0,0,0,0,0,0,0,0,0,0,0,0,0,0,0,0,0,0,0,0,0,0,0,0
2003-11-13,0,0,0,0,0,0,0,0,0,0,0,0,0,0,0,0,0,0,0,0,0,0,0,0,0,0,0,0,0,0,0,0,0
2003-11-14,0,0,0,0,0,0,0,0,0,0,0,0,0,0,0,0,0,0,0,0,0,0,0,0,0,0,0,0,0,0,0,0,0
2003-11-17,0,0,0,0,0,0,0,0,0,0,0,0,0,0,0,0,0,0,0,0,0,0,0,0,0,0,0,0,0,0,0,0,0
2003-11-18,0,0,0,0,0,0,0,0,0,0,0,0,0,0,0,0,0,0,0,0,0,0,0,0,0,0,0,0,0,0,0,0,0
2003-11-19,0,0,0,0,0,0,0,0,0,0,0,0,0,0,0,0,0,0,0,0,0,0,0,0,0,0,0,0,0,0,0,0,0
2003-11-20,0,0,0,0,0,0,0,0,0,0,0,0,0,0,0,0,0,0,0,0,0,0,0,0,0,0,0,0,0,0,0,0,0
2003-11-21,0,0,0,0,0,0,0,0,0,0,0,0,0,0,0,0,0,0,0,0,0,0,0,0,0,0,0,0,0,0,0,0,0
2003-11-24,0,0,0,0,0,0,0,0,0,0,0,0,0,0,0,0,0,0,0,0,0,0,0,0,0,0,0,0,0,0,0,0,0
2003-11-25,0,0,0,0,0,0,0,0,0,0,0,0,0,0,0,0,0,0,0,0,0,0,0,0,0,0,0,0,0,0,0,0,0
2003-11-26,0,0,0,0,0,0,0,0,0,0,0,0,0,0,0,0,0,0,0,0,0,0,0,0,0,0,0,0,0,0,0,0,0
2003-11-27,0,0,0,0,0,0,0,0,0,0,0,0,0,0,0,0,0,0,0,0,0,0,0,0,0,0,0,0,0,0,0,0,0
2003-11-28,0,0,0,0,0,0,0,0,0,0,0,0,0,0,0,0,0,0,0,0,0,0,0,0,0,0,0,0,0,0,0,0,0
2003-12-01,0,0,0,0,0,0,0,0,0,0,0,0,0,0,0,0,0,0,0,0,0,0,0,0,0,0,0,0,0,0,0,0,0
2003-12-02,0,0,0,0,0,0,0,0,0,0,0,0,0,0,0,0,0,0,0,0,0,0,0,0,0,0,0,0,0,0,0,0,0
2003-12-03,0,0,0,0,0,0,0,0,0,0,0,0,0,0,0,0,0,0,0,0,0,0,0,0,0,0,0,0,0,0,0,0,0
2003-12-04,0,0,0,0,0,0,0,0,0,0,0,0,0,0,0,0,0,0,0,0,0,0,0,0,0,0,0,0,0,0,0,0,0
2003-12-05,0,0,0,0,0,0,0,0,0,0,0,0,0,0,0,0,0,0,0,0,0,0,0,0,0,0,0,0,0,0,0,0,0
2003-12-08,0,0,0,0,0,0,0,0,0,0,0,0,0,0,0,0,0,0,0,0,0,0,0,0,0,0,0,0,0,0,0,0,0
2003-12-09,0,0,0,0,0,0,0,0,0,0,0,0,0,0,0,0,0,0,0,0,0,0,0,0,0,0,0,0,0,0,0,0,0
2003-12-10,0,0,0,0,0,0,0,0,0,0,0,0,0,0,0,0,0,0,0,0,0,0,0,0,0,0,0,0,0,0,0,0,0
2003-12-11,0,0,0,0,0,0,0,0,0,0,0,0,0,0,0,0,0,0,0,0,0,0,0,0,0,0,0,0,0,0,0,0,0
2003-12-12,0,0,0,0,0,0,0,0,0,0,0,0,0,0,0,0,0,0,0,0,0,0,0,0,0,0,0,0,0,0,0,0,0
2003-12-15,0,0,0,0,0,0,0,0,0,0,0,0,0,0,0,0,0,0,0,0,0,0,0,0,0,0,0,0,0,0,0,0,0
2003-12-16,0,0,0,0,0,0,0,0,0,0,0,0,0,0,0,0,0,0,0,0,0,0,0,0,0,0,0,0,0,0,0,0,0
2003-12-17,0,0,0,0,0,0,0,0,0,0,0,0,0,0,0,0,0,0,0,0,0,0,0,0,0,0,0,0,0,0,0,0,0
2003-12-18,0,0,0,0,0,0,0,0,0,0,0,0,0,0,0,0,0,0,0,0,0,0,0,0,0,0,0,0,0,0,0,0,0
2003-12-19,0,0,0,0,0,0,0,0,0,0,0,0,0,0,0,0,0,0,0,0,0,0,0,0,0,0,0,0,0,0,0,0,0
2003-12-22,0,0,0,0,0,0,0,0,0,0,0,0,0,0,0,0,0,0,0,0,0,0,0,0,0,0,0,0,0,0,0,0,0
2003-12-23,0,0,0,0,0,0,0,0,0,0,0,0,0,0,0,0,0,0,0,0,0,0,0,0,0,0,0,0,0,0,0,0,0
2003-12-24,0,0,0,0,0,0,0,0,0,0,0,0,0,0,0,0,0,0,0,0,0,0,0,0,0,0,0,0,0,0,0,0,0
2003-12-25,0,0,0,0,0,0,0,0,0,0,0,0,0,0,0,0,0,0,0,0,0,0,0,0,0,0,0,0,0,0,0,0,0
2003-12-26,0,0,0,0,0,0,0,0,0,0,0,0,0,0,0,0,0,0,0,0,0,0,0,0,0,0,0,0,0,0,0,0,0
2003-12-29,0,0,0,0,0,0,0,0,0,0,0,0,0,0,0,0,0,0,0,0,0,0,0,0,0,0,0,0,0,0,0,0,0
2003-12-30,0,0,0,0,0,0,0,0,0,0,0,0,0,0,0,0,0,0,0,0,0,0,0,0,0,0,0,0,0,0,0,0,0
2003-12-31,0,0,0,0,0,0,0,0,0,0,0,0,0,0,0,0,0,0,0,0,0,0,0,0,0,0,0,0,0,0,0,0,0
2004-01-01,0,0,0,0,0,0,0,0,0,0,0,0,0,0,0,0,0,0,0,0,0,0,0,0,0,0,0,0,0,0,0,0,0
2004-01-02,0,0,0,0,0,0,0,0,0,0,0,0,0,0,0,0,0,0,0,0,0,0,0,0,0,0,0,0,0,0,0,0,0
2004-01-05,0,0,0,0,0,0,0,0,0,0,0,0,0,0,0,0,0,0,0,0,0,0,0,0,0,0,0,0,0,0,0,0,0
2004-01-06,0,0,0,0,0,0,0,0,0,0,0,0,0,0,0,0,0,0,0,0,0,0,0,0,0,0,0,0,0,0,0,0,0
2004-01-07,0,0,0,0,0,0,0,0,0,0,0,0,0,0,0,0,0,0,0,0,0,0,0,0,0,0,0,0,0,0,0,0,0
2004-01-08,0,0,0,0,0,0,0,0,0,0,0,0,0,0,0,0,0,0,0,0,0,0,0,0,0,0,0,0,0,0,0,0,0
2004-01-09,0,0,0,0,0,0,0,0,0,0,0,0,0,0,0,0,0,0,0,0,0,0,0,0,0,0,0,0,0,0,0,0,0
2004-01-12,0,0,0,0,0,0,0,0,0,0,0,0,0,0,0,0,0,0,0,0,0,0,0,0,0,0,0,0,0,0,0,0,0
2004-01-13,0,0,0,0,0,0,0,0,0,0,0,0,0,0,0,0,0,0,0,0,0,0,0,0,0,0,0,0,0,0,0,0,0
2004-01-14,0,0,0,0,0,0,0,0,0,0,0,0,0,0,0,0,0,0,0,0,0,0,0,0,0,0,0,0,0,0,0,0,0
2004-01-15,0,0,0,0,0,0,0,0,0,0,0,0,0,0,0,0,0,0,0,0,0,0,0,0,0,0,0,0,0,0,0,0,0
2004-01-16,0,0,0,0,0,0,0,0,0,0,0,0,0,0,0,0,0,0,0,0,0,0,0,0,0,0,0,0,0,0,0,0,0
2004-01-19,0,0,0,0,0,0,0,0,0,0,0,0,0,0,0,0,0,0,0,0,0,0,0,0,0,0,0,0,0,0,0,0,0
2004-01-20,0,0,0,0,0,0,0,0,0,0,0,0,0,0,0,0,0,0,0,0,0,0,0,0,0,0,0,0,0,0,0,0,0
2004-01-21,0,0,0,0,0,0,0,0,0,0,0,0,0,0,0,0,0,0,0,0,0,0,0,0,0,0,0,0,0,0,0,0,0
2004-01-22,0,0,0,0,0,0,0,0,0,0,0,0,0,0,0,0,0,0,0,0,0,0,0,0,0,0,0,0,0,0,0,0,0
2004-01-23,0,0,0,0,0,0,0,0,0,0,0,0,0,0,0,0,0,0,0,0,0,0,0,0,0,0,0,0,0,0,0,0,0
2004-01-26,0,0,0,0,0,0,0,0,0,0,0,0,0,0,0,0,0,0,0,0,0,0,0,0,0,0,0,0,0,0,0,0,0
2004-01-27,0,0,0,0,0,0,0,0,0,0,0,0,0,0,0,0,0,0,0,0,0,0,0,0,0,0,0,0,0,0,0,0,0
2004-01-28,0,0,0,0,0,0,0,0,0,0,0,0,0,0,0,0,0,0,0,0,0,0,0,0,0,0,0,0,0,0,0,0,0
2004-01-29,0,0,0,0,0,0,0,0,0,0,0,0,0,0,0,0,0,0,0,0,0,0,0,0,0,0,0,0,0,0,0,0,0
2004-01-30,0,0,0,0,0,0,0,0,0,0,0,0,0,0,0,0,0,0,0,0,0,0,0,0,0,0,0,0,0,0,0,0,0
2004-02-02,0,0,0,0,0,0,0,0,0,0,0,0,0,0,0,0,0,0,0,0,0,0,0,0,0,0,0,0,0,0,0,0,0
2004-02-03,0,0,0,0,0,0,0,0,0,0,0,0,0,0,0,0,0,0,0,0,0,0,0,0,0,0,0,0,0,0,0,0,0
2004-02-04,0,0,0,0,0,0,0,0,0,0,0,0,0,0,0,0,0,0,0,0,0,0,0,0,0,0,0,0,0,0,0,0,0
2004-02-05,0,0,0,0,0,0,0,0,0,0,0,0,0,0,0,0,0,0,0,0,0,0,0,0,0,0,0,0,0,0,0,0,0
2004-02-06,0,0,0,0,0,0,0,0,0,0,0,0,0,0,0,0,0,0,0,0,0,0,0,0,0,0,0,0,0,0,0,0,0
2004-02-09,0,0,0,0,0,0,0,0,0,0,0,0,0,0,0,0,0,0,0,0,0,0,0,0,0,0,0,0,0,0,0,0,0
2004-02-10,0,0,0,0,0,0,0,0,0,0,0,0,0,0,0,0,0,0,0,0,0,0,0,0,0,0,0,0,0,0,0,0,0
2004-02-11,0,0,0,0,0,0,0,0,0,0,0,0,0,0,0,0,0,0,0,0,0,0,0,0,0,0,0,0,0,0,0,0,0
2004-02-12,0,0,0,0,0,0,0,0,0,0,0,0,0,0,0,0,0,0,0,0,0,0,0,0,0,0,0,0,0,0,0,0,0
2004-02-13,0,0,0,0,0,0,0,0,0,0,0,0,0,0,0,0,0,0,0,0,0,0,0,0,0,0,0,0,0,0,0,0,0
2004-02-16,0,0,0,0,0,0,0,0,0,0,0,0,0,0,0,0,0,0,0,0,0,0,0,0,0,0,0,0,0,0,0,0,0
2004-02-17,0,0,0,0,0,0,0,0,0,0,0,0,0,0,0,0,0,0,0,0,0,0,0,0,0,0,0,0,0,0,0,0,0
2004-02-18,0,0,0,0,0,0,0,0,0,0,0,0,0,0,0,0,0,0,0,0,0,0,0,0,0,0,0,0,0,0,0,0,0
2004-02-19,0,0,0,0,0,0,0,0,0,0,0,0,0,0,0,0,0,0,0,0,0,0,0,0,0,0,0,0,0,0,0,0,0
2004-02-20,0,0,0,0,0,0,0,0,0,0,0,0,0,0,0,0,0,0,0,0,0,0,0,0,0,0,0,0,0,0,0,0,0
2004-02-23,0,0,0,0,0,0,0,0,0,0,0,0,0,0,0,0,0,0,0,0,0,0,0,0,0,0,0,0,0,0,0,0,0
2004-02-24,0,0,0,0,0,0,0,0,0,0,0,0,0,0,0,0,0,0,0,0,0,0,0,0,0,0,0,0,0,0,0,0,0
2004-02-25,0,0,0,0,0,0,0,0,0,0,0,0,0,0,0,0,0,0,0,0,0,0,0,0,0,0,0,0,0,0,0,0,0
2004-02-26,0,0,0,0,0,0,0,0,0,0,0,0,0,0,0,0,0,0,0,0,0,0,0,0,0,0,0,0,0,0,0,0,0
2004-02-27,0,0,0,0,0,0,0,0,0,0,0,0,0,0,0,0,0,0,0,0,0,0,0,0,0,0,0,0,0,0,0,0,0
2004-03-01,0,0,0,0,0,0,0,0,0,0,0,0,0,0,0,0,0,0,0,0,0,0,0,0,0,0,0,0,0,0,0,0,0
2004-03-02,0,0,0,0,0,0,0,0,0,0,0,0,0,0,0,0,0,0,0,0,0,0,0,0,0,0,0,0,0,0,0,0,0
2004-03-03,0,0,0,0,0,0,0,0,0,0,0,0,0,0,0,0,0,0,0,0,0,0,0,0,0,0,0,0,0,0,0,0,0
2004-03-04,0,0,0,0,0,0,0,0,0,0,0,0,0,0,0,0,0,0,0,0,0,0,0,0,0,0,0,0,0,0,0,0,0
2004-03-05,0,0,0,0,0,0,0,0,0,0,0,0,0,0,0,0,0,0,0,0,0,0,0,0,0,0,0,0,0,0,0,0,0
2004-03-08,0,0,0,0,0,0,0,0,0,0,0,0,0,0,0,0,0,0,0,0,0,0,0,0,0,0,0,0,0,0,0,0,0
2004-03-09,0,0,0,0,0,0,0,0,0,0,0,0,0,0,0,0,0,0,0,0,0,0,0,0,0,0,0,0,0,0,0,0,0
2004-03-10,0,0,0,0,0,0,0,0,0,0,0,0,0,0,0,0,0,0,0,0,0,0,0,0,0,0,0,0,0,0,0,0,0
2004-03-11,0,0,0,0,0,0,0,0,0,0,0,0,0,0,0,0,0,0,0,0,0,0,0,0,0,0,0,0,0,0,0,0,0
2004-03-12,0,0,0,0,0,0,0,0,0,0,0,0,0,0,0,0,0,0,0,0,0,0,0,0,0,0,0,0,0,0,0,0,0
2004-03-15,0,0,0,0,0,0,0,0,0,0,0,0,0,0,0,0,0,0,0,0,0,0,0,0,0,0,0,0,0,0,0,0,0
2004-03-16,0,0,0,0,0,0,0,0,0,0,0,0,0,0,0,0,0,0,0,0,0,0,0,0,0,0,0,0,0,0,0,0,0
2004-03-17,0,0,0,0,0,0,0,0,0,0,0,0,0,0,0,0,0,0,0,0,0,0,0,0,0,0,0,0,0,0,0,0,0
2004-03-18,0,0,0,0,0,0,0,0,0,0,0,0,0,0,0,0,0,0,0,0,0,0,0,0,0,0,0,0,0,0,0,0,0
2004-03-19,0,0,0,0,0,0,0,0,0,0,0,0,0,0,0,0,0,0,0,0,0,0,0,0,0,0,0,0,0,0,0,0,0
2004-03-22,0,0,0,0,0,0,0,0,0,0,0,0,0,0,0,0,0,0,0,0,0,0,0,0,0,0,0,0,0,0,0,0,0
2004-03-23,0,0,0,0,0,0,0,0,0,0,0,0,0,0,0,0,0,0,0,0,0,0,0,0,0,0,0,0,0,0,0,0,0
2004-03-24,0,0,0,0,0,0,0,0,0,0,0,0,0,0,0,0,0,0,0,0,0,0,0,0,0,0,0,0,0,0,0,0,0
2004-03-25,0,0,0,0,0,0,0,0,0,0,0,0,0,0,0,0,0,0,0,0,0,0,0,0,0,0,0,0,0,0,0,0,0
2004-03-26,0,0,0,0,0,0,0,0,0,0,0,0,0,0,0,0,0,0,0,0,0,0,0,0,0,0,0,0,0,0,0,0,0
2004-03-29,0,0,0,0,0,0,0,0,0,0,0,0,0,0,0,0,0,0,0,0,0,0,0,0,0,0,0,0,0,0,0,0,0
2004-03-30,0,0,0,0,0,0,0,0,0,0,0,0,0,0,0,0,0,0,0,0,0,0,0,0,0,0,0,0,0,0,0,0,0
2004-03-31,0,0,0,0,0,0,0,0,0,0,0,0,0,0,0,0,0,0,0,0,0,0,0,0,0,0,0,0,0,0,0,0,0
2004-04-01,0,0,0,0,0,0,0,0,0,0,0,0,0,0,0,0,0,0,0,0,0,0,0,0,0,0,0,0,0,0,0,0,0
2004-04-02,0,0,0,0,0,0,0,0,0,0,0,0,0,0,0,0,0,0,0,0,0,0,0,0,0,0,0,0,0,0,0,0,0
2004-04-05,0,0,0,0,0,0,0,0,0,0,0,0,0,0,0,0,0,0,0,0,0,0,0,0,0,0,0,0,0,0,0,0,0
2004-04-06,0,0,0,0,0,0,0,0,0,0,0,0,0,0,0,0,0,0,0,0,0,0,0,0,0,0,0,0,0,0,0,0,0
2004-04-07,0,0,0,0,0,0,0,0,0,0,0,0,0,0,0,0,0,0,0,0,0,0,0,0,0,0,0,0,0,0,0,0,0
2004-04-08,0,0,0,0,0,0,0,0,0,0,0,0,0,0,0,0,0,0,0,0,0,0,0,0,0,0,0,0,0,0,0,0,0
2004-04-09,0,0,0,0,0,0,0,0,0,0,0,0,0,0,0,0,0,0,0,0,0,0,0,0,0,0,0,0,0,0,0,0,0
2004-04-12,0,0,0,0,0,0,0,0,0,0,0,0,0,0,0,0,0,0,0,0,0,0,0,0,0,0,0,0,0,0,0,0,0
2004-04-13,0,0,0,0,0,0,0,0,0,0,0,0,0,0,0,0,0,0,0,0,0,0,0,0,0,0,0,0,0,0,0,0,0
2004-04-14,0,0,0,0,0,0,0,0,0,0,0,0,0,0,0,0,0,0,0,0,0,0,0,0,0,0,0,0,0,0,0,0,0
2004-04-15,0,0,0,0,0,0,0,0,0,0,0,0,0,0,0,0,0,0,0,0,0,0,0,0,0,0,0,0,0,0,0,0,0
2004-04-16,0,0,0,0,0,0,0,0,0,0,0,0,0,0,0,0,0,0,0,0,0,0,0,0,0,0,0,0,0,0,0,0,0
2004-04-19,0,0,0,0,0,0,0,0,0,0,0,0,0,0,0,0,0,0,0,0,0,0,0,0,0,0,0,0,0,0,0,0,0
2004-04-20,0,0,0,0,0,0,0,0,0,0,0,0,0,0,0,0,0,0,0,0,0,0,0,0,0,0,0,0,0,0,0,0,0
2004-04-21,0,0,0,0,0,0,0,0,0,0,0,0,0,0,0,0,0,0,0,0,0,0,0,0,0,0,0,0,0,0,0,0,0
2004-04-22,0,0,0,0,0,0,0,0,0,0,0,0,0,0,0,0,0,0,0,0,0,0,0,0,0,0,0,0,0,0,0,0,0
2004-04-23,0,0,0,0,0,0,0,0,0,0,0,0,0,0,0,0,0,0,0,0,0,0,0,0,0,0,0,0,0,0,0,0,0
2004-04-26,0,0,0,0,0,0,0,0,0,0,0,0,0,0,0,0,0,0,0,0,0,0,0,0,0,0,0,0,0,0,0,0,0
2004-04-27,0,0,0,0,0,0,0,0,0,0,0,0,0,0,0,0,0,0,0,0,0,0,0,0,0,0,0,0,0,0,0,0,0
2004-04-28,0,0,0,0,0,0,0,0,0,0,0,0,0,0,0,0,0,0,0,0,0,0,0,0,0,0,0,0,0,0,0,0,0
2004-04-29,0,0,0,0,0,0,0,0,0,0,0,0,0,0,0,0,0,0,0,0,0,0,0,0,0,0,0,0,0,0,0,0,0
2004-04-30,0,0,0,0,0,0,0,0,0,0,0,0,0,0,0,0,0,0,0,0,0,0,0,0,0,0,0,0,0,0,0,0,0
2004-05-03,0,0,0,0,0,0,0,0,0,0,0,0,0,0,0,0,0,0,0,0,0,0,0,0,0,0,0,0,0,0,0,0,0
2004-05-04,0,0,0,0,0,0,0,0,0,0,0,0,0,0,0,0,0,0,0,0,0,0,0,0,0,0,0,0,0,0,0,0,0
2004-05-05,0,0,0,0,0,0,0,0,0,0,0,0,0,0,0,0,0,0,0,0,0,0,0,0,0,0,0,0,0,0,0,0,0
2004-05-06,0,0,0,0,0,0,0,0,0,0,0,0,0,0,0,0,0,0,0,0,0,0,0,0,0,0,0,0,0,0,0,0,0
2004-05-07,0,0,0,0,0,0,0,0,0,0,0,0,0,0,0,0,0,0,0,0,0,0,0,0,0,0,0,0,0,0,0,0,0
2004-05-10,0,0,0,0,0,0,0,0,0,0,0,0,0,0,0,0,0,0,0,0,0,0,0,0,0,0,0,0,0,0,0,0,0
2004-05-11,0,0,0,0,0,0,0,0,0,0,0,0,0,0,0,0,0,0,0,0,0,0,0,0,0,0,0,0,0,0,0,0,0
2004-05-12,0,0,0,0,0,0,0,0,0,0,0,0,0,0,0,0,0,0,0,0,0,0,0,0,0,0,0,0,0,0,0,0,0
2004-05-13,0,0,0,0,0,0,0,0,0,0,0,0,0,0,0,0,0,0,0,0,0,0,0,0,0,0,0,0,0,0,0,0,0
2004-05-14,0,0,0,0,0,0,0,0,0,0,0,0,0,0,0,0,0,0,0,0,0,0,0,0,0,0,0,0,0,0,0,0,0
2004-05-17,0,0,0,0,0,0,0,0,0,0,0,0,0,0,0,0,0,0,0,0,0,0,0,0,0,0,0,0,0,0,0,0,0
2004-05-18,0,0,0,0,0,0,0,0,0,0,0,0,0,0,0,0,0,0,0,0,0,0,0,0,0,0,0,0,0,0,0,0,0
2004-05-19,0,0,0,0,0,0,0,0,0,0,0,0,0,0,0,0,0,0,0,0,0,0,0,0,0,0,0,0,0,0,0,0,0
2004-05-20,0,0,0,0,0,0,0,0,0,0,0,0,0,0,0,0,0,0,0,0,0,0,0,0,0,0,0,0,0,0,0,0,0
2004-05-21,0,0,0,0,0,0,0,0,0,0,0,0,0,0,0,0,0,0,0,0,0,0,0,0,0,0,0,0,0,0,0,0,0
2004-05-24,0,0,0,0,0,0,0,0,0,0,0,0,0,0,0,0,0,0,0,0,0,0,0,0,0,0,0,0,0,0,0,0,0
2004-05-25,0,0,0,0,0,0,0,0,0,0,0,0,0,0,0,0,0,0,0,0,0,0,0,0,0,0,0,0,0,0,0,0,0
2004-05-26,0,0,0,0,0,0,0,0,0,0,0,0,0,0,0,0,0,0,0,0,0,0,0,0,0,0,0,0,0,0,0,0,0
2004-05-27,0,0,0,0,0,0,0,0,0,0,0,0,0,0,0,0,0,0,0,0,0,0,0,0,0,0,0,0,0,0,0,0,0
2004-05-28,0,0,0,0,0,0,0,0,0,0,0,0,0,0,0,0,0,0,0,0,0,0,0,0,0,0,0,0,0,0,0,0,0
2004-05-31,0,0,0,0,0,0,0,0,0,0,0,0,0,0,0,0,0,0,0,0,0,0,0,0,0,0,0,0,0,0,0,0,0
2004-06-01,0,0,0,0,0,0,0,0,0,0,0,0,0,0,0,0,0,0,0,0,0,0,0,0,0,0,0,0,0,0,0,0,0
2004-06-02,0,0,0,0,0,0,0,0,0,0,0,0,0,0,0,0,0,0,0,0,0,0,0,0,0,0,0,0,0,0,0,0,0
2004-06-03,0,0,0,0,0,0,0,0,0,0,0,0,0,0,0,0,0,0,0,0,0,0,0,0,0,0,0,0,0,0,0,0,0
2004-06-04,0,0,0,0,0,0,0,0,0,0,0,0,0,0,0,0,0,0,0,0,0,0,0,0,0,0,0,0,0,0,0,0,0
2004-06-07,0,0,0,0,0,0,0,0,0,0,0,0,0,0,0,0,0,0,0,0,0,0,0,0,0,0,0,0,0,0,0,0,0
2004-06-08,0,0,0,0,0,0,0,0,0,0,0,0,0,0,0,0,0,0,0,0,0,0,0,0,0,0,0,0,0,0,0,0,0
2004-06-09,0,0,0,0,0,0,0,0,0,0,0,0,0,0,0,0,0,0,0,0,0,0,0,0,0,0,0,0,0,0,0,0,0
2004-06-10,0,0,0,0,0,0,0,0,0,0,0,0,0,0,0,0,0,0,0,0,0,0,0,0,0,0,0,0,0,0,0,0,0
2004-06-11,0,0,0,0,0,0,0,0,0,0,0,0,0,0,0,0,0,0,0,0,0,0,0,0,0,0,0,0,0,0,0,0,0
2004-06-14,0,0,0,0,0,0,0,0,0,0,0,0,0,0,0,0,0,0,0,0,0,0,0,0,0,0,0,0,0,0,0,0,0
2004-06-15,0,0,0,0,0,0,0,0,0,0,0,0,0,0,0,0,0,0,0,0,0,0,0,0,0,0,0,0,0,0,0,0,0
2004-06-16,0,0,0,0,0,0,0,0,0,0,0,0,0,0,0,0,0,0,0,0,0,0,0,0,0,0,0,0,0,0,0,0,0
2004-06-17,0,0,0,0,0,0,0,0,0,0,0,0,0,0,0,0,0,0,0,0,0,0,0,0,0,0,0,0,0,0,0,0,0
2004-06-18,0,0,0,0,0,0,0,0,0,0,0,0,0,0,0,0,0,0,0,0,0,0,0,0,0,0,0,0,0,0,0,0,0
2004-06-21,0,0,0,0,0,0,0,0,0,0,0,0,0,0,0,0,0,0,0,0,0,0,0,0,0,0,0,0,0,0,0,0,0
2004-06-22,0,0,0,0,0,0,0,0,0,0,0,0,0,0,0,0,0,0,0,0,0,0,0,0,0,0,0,0,0,0,0,0,0
2004-06-23,0,0,0,0,0,0,0,0,0,0,0,0,0,0,0,0,0,0,0,0,0,0,0,0,0,0,0,0,0,0,0,0,0
2004-06-24,0,0,0,0,0,0,0,0,0,0,0,0,0,0,0,0,0,0,0,0,0,0,0,0,0,0,0,0,0,0,0,0,0
2004-06-25,0,0,0,0,0,0,0,0,0,0,0,0,0,0,0,0,0,0,0,0,0,0,0,0,0,0,0,0,0,0,0,0,0
2004-06-28,0,0,0,0,0,0,0,0,0,0,0,0,0,0,0,0,0,0,0,0,0,0,0,0,0,0,0,0,0,0,0,0,0
2004-06-29,0,0,0,0,0,0,0,0,0,0,0,0,0,0,0,0,0,0,0,0,0,0,0,0,0,0,0,0,0,0,0,0,0
2004-06-30,0,0,0,0,0,0,0,0,0,0,0,0,0,0,0,0,0,0,0,0,0,0,0,0,0,0,0,0,0,0,0,0,0
2004-07-01,0,0,0,0,0,0,0,0,0,0,0,0,0,0,0,0,0,0,0,0,0,0,0,0,0,0,0,0,0,0,0,0,0
2004-07-02,0,0,0,0,0,0,0,0,0,0,0,0,0,0,0,0,0,0,0,0,0,0,0,0,0,0,0,0,0,0,0,0,0
2004-07-05,0,0,0,0,0,0,0,0,0,0,0,0,0,0,0,0,0,0,0,0,0,0,0,0,0,0,0,0,0,0,0,0,0
2004-07-06,0,0,0,0,0,0,0,0,0,0,0,0,0,0,0,0,0,0,0,0,0,0,0,0,0,0,0,0,0,0,0,0,0
2004-07-07,0,0,0,0,0,0,0,0,0,0,0,0,0,0,0,0,0,0,0,0,0,0,0,0,0,0,0,0,0,0,0,0,0
2004-07-08,0,0,0,0,0,0,0,0,0,0,0,0,0,0,0,0,0,0,0,0,0,0,0,0,0,0,0,0,0,0,0,0,0
2004-07-09,0,0,0,0,0,0,0,0,0,0,0,0,0,0,0,0,0,0,0,0,0,0,0,0,0,0,0,0,0,0,0,0,0
2004-07-12,0,0,0,0,0,0,0,0,0,0,0,0,0,0,0,0,0,0,0,0,0,0,0,0,0,0,0,0,0,0,0,0,0
2004-07-13,0,0,0,0,0,0,0,0,0,0,0,0,0,0,0,0,0,0,0,0,0,0,0,0,0,0,0,0,0,0,0,0,0
2004-07-14,0,0,0,0,0,0,0,0,0,0,0,0,0,0,0,0,0,0,0,0,0,0,0,0,0,0,0,0,0,0,0,0,0
2004-07-15,0,0,0,0,0,0,0,0,0,0,0,0,0,0,0,0,0,0,0,0,0,0,0,0,0,0,0,0,0,0,0,0,0
2004-07-16,0,0,0,0,0,0,0,0,0,0,0,0,0,0,0,0,0,0,0,0,0,0,0,0,0,0,0,0,0,0,0,0,0
2004-07-19,0,0,0,0,0,0,0,0,0,0,0,0,0,0,0,0,0,0,0,0,0,0,0,0,0,0,0,0,0,0,0,0,0
2004-07-20,0,0,0,0,0,0,0,0,0,0,0,0,0,0,0,0,0,0,0,0,0,0,0,0,0,0,0,0,0,0,0,0,0
2004-07-21,0,0,0,0,0,0,0,0,0,0,0,0,0,0,0,0,0,0,0,0,0,0,0,0,0,0,0,0,0,0,0,0,0
2004-07-22,0,0,0,0,0,0,0,0,0,0,0,0,0,0,0,0,0,0,0,0,0,0,0,0,0,0,0,0,0,0,0,0,0
2004-07-23,0,0,0,0,0,0,0,0,0,0,0,0,0,0,0,0,0,0,0,0,0,0,0,0,0,0,0,0,0,0,0,0,0
2004-07-26,0,0,0,0,0,0,0,0,0,0,0,0,0,0,0,0,0,0,0,0,0,0,0,0,0,0,0,0,0,0,0,0,0
2004-07-27,0,0,0,0,0,0,0,0,0,0,0,0,0,0,0,0,0,0,0,0,0,0,0,0,0,0,0,0,0,0,0,0,0
2004-07-28,0,0,0,0,0,0,0,0,0,0,0,0,0,0,0,0,0,0,0,0,0,0,0,0,0,0,0,0,0,0,0,0,0
2004-07-29,0,0,0,0,0,0,0,0,0,0,0,0,0,0,0,0,0,0,0,0,0,0,0,0,0,0,0,0,0,0,0,0,0
2004-07-30,0,0,0,0,0,0,0,0,0,0,0,0,0,0,0,0,0,0,0,0,0,0,0,0,0,0,0,0,0,0,0,0,0
2004-08-02,0,0,0,0,0,0,0,0,0,0,0,0,0,0,0,0,0,0,0,0,0,0,0,0,0,0,0,0,0,0,0,0,0
2004-08-03,0,0,0,0,0,0,0,0,0,0,0,0,0,0,0,0,0,0,0,0,0,0,0,0,0,0,0,0,0,0,0,0,0
2004-08-04,0,0,0,0,0,0,0,0,0,0,0,0,0,0,0,0,0,0,0,0,0,0,0,0,0,0,0,0,0,0,0,0,0
2004-08-05,0,0,0,0,0,0,0,0,0,0,0,0,0,0,0,0,0,0,0,0,0,0,0,0,0,0,0,0,0,0,0,0,0
2004-08-06,0,0,0,0,0,0,0,0,0,0,0,0,0,0,0,0,0,0,0,0,0,0,0,0,0,0,0,0,0,0,0,0,0
2004-08-09,0,0,0,0,0,0,0,0,0,0,0,0,0,0,0,0,0,0,0,0,0,0,0,0,0,0,0,0,0,0,0,0,0
2004-08-10,0,0,0,0,0,0,0,0,0,0,0,0,0,0,0,0,0,0,0,0,0,0,0,0,0,0,0,0,0,0,0,0,0
2004-08-11,0,0,0,0,0,0,0,0,0,0,0,0,0,0,0,0,0,0,0,0,0,0,0,0,0,0,0,0,0,0,0,0,0
2004-08-12,0,0,0,0,0,0,0,0,0,0,0,0,0,0,0,0,0,0,0,0,0,0,0,0,0,0,0,0,0,0,0,0,0
2004-08-13,0,0,0,0,0,0,0,0,0,0,0,0,0,0,0,0,0,0,0,0,0,0,0,0,0,0,0,0,0,0,0,0,0
2004-08-16,0,0,0,0,0,0,0,0,0,0,0,0,0,0,0,0,0,0,0,0,0,0,0,0,0,0,0,0,0,0,0,0,0
2004-08-17,0,0,0,0,0,0,0,0,0,0,0,0,0,0,0,0,0,0,0,0,0,0,0,0,0,0,0,0,0,0,0,0,0
2004-08-18,0,0,0,0,0,0,0,0,0,0,0,0,0,0,0,0,0,0,0,0,0,0,0,0,0,0,0,0,0,0,0,0,0
2004-08-19,0,0,0,0,0,0,0,0,0,0,0,0,0,0,0,0,0,0,0,0,0,0,0,0,0,0,0,0,0,0,0,0,0
2004-08-20,0,0,0,0,0,0,0,0,0,0,0,0,0,0,0,0,0,0,0,0,0,0,0,0,0,0,0,0,0,0,0,0,0
2004-08-23,0,0,0,0,0,0,0,0,0,0,0,0,0,0,0,0,0,0,0,0,0,0,0,0,0,0,0,0,0,0,0,0,0
2004-08-24,0,0,0,0,0,0,0,0,0,0,0,0,0,0,0,0,0,0,0,0,0,0,0,0,0,0,0,0,0,0,0,0,0
2004-08-25,0,0,0,0,0,0,0,0,0,0,0,0,0,0,0,0,0,0,0,0,0,0,0,0,0,0,0,0,0,0,0,0,0
2004-08-26,0,0,0,0,0,0,0,0,0,0,0,0,0,0,0,0,0,0,0,0,0,0,0,0,0,0,0,0,0,0,0,0,0
2004-08-27,0,0,0,0,0,0,0,0,0,0,0,0,0,0,0,0,0,0,0,0,0,0,0,0,0,0,0,0,0,0,0,0,0
2004-08-30,0,0,0,0,0,0,0,0,0,0,0,0,0,0,0,0,0,0,0,0,0,0,0,0,0,0,0,0,0,0,0,0,0
2004-08-31,0,0,0,0,0,0,0,0,0,0,0,0,0,0,0,0,0,0,0,0,0,0,0,0,0,0,0,0,0,0,0,0,0
2004-09-01,0,0,0,0,0,0,0,0,0,0,0,0,0,0,0,0,0,0,0,0,0,0,0,0,0,0,0,0,0,0,0,0,0
2004-09-02,0,0,0,0,0,0,0,0,0,0,0,0,0,0,0,0,0,0,0,0,0,0,0,0,0,0,0,0,0,0,0,0,0
2004-09-03,0,0,0,0,0,0,0,0,0,0,0,0,0,0,0,0,0,0,0,0,0,0,0,0,0,0,0,0,0,0,0,0,0
2004-09-06,0,0,0,0,0,0,0,0,0,0,0,0,0,0,0,0,0,0,0,0,0,0,0,0,0,0,0,0,0,0,0,0,0
2004-09-07,0,0,0,0,0,0,0,0,0,0,0,0,0,0,0,0,0,0,0,0,0,0,0,0,0,0,0,0,0,0,0,0,0
2004-09-08,0,0,0,0,0,0,0,0,0,0,0,0,0,0,0,0,0,0,0,0,0,0,0,0,0,0,0,0,0,0,0,0,0
2004-09-09,0,0,0,0,0,0,0,0,0,0,0,0,0,0,0,0,0,0,0,0,0,0,0,0,0,0,0,0,0,0,0,0,0
2004-09-10,0,0,0,0,0,0,0,0,0,0,0,0,0,0,0,0,0,0,0,0,0,0,0,0,0,0,0,0,0,0,0,0,0
2004-09-13,0,0,0,0,0,0,0,0,0,0,0,0,0,0,0,0,0,0,0,0,0,0,0,0,0,0,0,0,0,0,0,0,0
2004-09-14,0,0,0,0,0,0,0,0,0,0,0,0,0,0,0,0,0,0,0,0,0,0,0,0,0,0,0,0,0,0,0,0,0
2004-09-15,0,0,0,0,0,0,0,0,0,0,0,0,0,0,0,0,0,0,0,0,0,0,0,0,0,0,0,0,0,0,0,0,0
2004-09-16,0,0,0,0,0,0,0,0,0,0,0,0,0,0,0,0,0,0,0,0,0,0,0,0,0,0,0,0,0,0,0,0,0
2004-09-17,0,0,0,0,0,0,0,0,0,0,0,0,0,0,0,0,0,0,0,0,0,0,0,0,0,0,0,0,0,0,0,0,0
2004-09-20,0,0,0,0,0,0,0,0,0,0,0,0,0,0,0,0,0,0,0,0,0,0,0,0,0,0,0,0,0,0,0,0,0
2004-09-21,0,0,0,0,0,0,0,0,0,0,0,0,0,0,0,0,0,0,0,0,0,0,0,0,0,0,0,0,0,0,0,0,0
2004-09-22,0,0,0,0,0,0,0,0,0,0,0,0,0,0,0,0,0,0,0,0,0,0,0,0,0,0,0,0,0,0,0,0,0
2004-09-23,0,0,0,0,0,0,0,0,0,0,0,0,0,0,0,0,0,0,0,0,0,0,0,0,0,0,0,0,0,0,0,0,0
2004-09-24,0,0,0,0,0,0,0,0,0,0,0,0,0,0,0,0,0,0,0,0,0,0,0,0,0,0,0,0,0,0,0,0,0
2004-09-27,0,0,0,0,0,0,0,0,0,0,0,0,0,0,0,0,0,0,0,0,0,0,0,0,0,0,0,0,0,0,0,0,0
2004-09-28,0,0,0,0,0,0,0,0,0,0,0,0,0,0,0,0,0,0,0,0,0,0,0,0,0,0,0,0,0,0,0,0,0
2004-09-29,0,0,0,0,0,0,0,0,0,0,0,0,0,0,0,0,0,0,0,0,0,0,0,0,0,0,0,0,0,0,0,0,0
2004-09-30,0,0,0,0,0,0,0,0,0,0,0,0,0,0,0,0,0,0,0,0,0,0,0,0,0,0,0,0,0,0,0,0,0
2004-10-01,0,0,0,0,0,0,0,0,0,0,0,0,0,0,0,0,0,0,0,0,0,0,0,0,0,0,0,0,0,0,0,0,0
2004-10-04,0,0,0,0,0,0,0,0,0,0,0,0,0,0,0,0,0,0,0,0,0,0,0,0,0,0,0,0,0,0,0,0,0
2004-10-05,0,0,0,0,0,0,0,0,0,0,0,0,0,0,0,0,0,0,0,0,0,0,0,0,0,0,0,0,0,0,0,0,0
2004-10-06,0,0,0,0,0,0,0,0,0,0,0,0,0,0,0,0,0,0,0,0,0,0,0,0,0,0,0,0,0,0,0,0,0
2004-10-07,0,0,0,0,0,0,0,0,0,0,0,0,0,0,0,0,0,0,0,0,0,0,0,0,0,0,0,0,0,0,0,0,0
2004-10-08,0,0,0,0,0,0,0,0,0,0,0,0,0,0,0,0,0,0,0,0,0,0,0,0,0,0,0,0,0,0,0,0,0
2004-10-11,0,0,0,0,0,0,0,0,0,0,0,0,0,0,0,0,0,0,0,0,0,0,0,0,0,0,0,0,0,0,0,0,0
2004-10-12,0,0,0,0,0,0,0,0,0,0,0,0,0,0,0,0,0,0,0,0,0,0,0,0,0,0,0,0,0,0,0,0,0
2004-10-13,0,0,0,0,0,0,0,0,0,0,0,0,0,0,0,0,0,0,0,0,0,0,0,0,0,0,0,0,0,0,0,0,0
2004-10-14,0,0,0,0,0,0,0,0,0,0,0,0,0,0,0,0,0,0,0,0,0,0,0,0,0,0,0,0,0,0,0,0,0
2004-10-15,0,0,0,0,0,0,0,0,0,0,0,0,0,0,0,0,0,0,0,0,0,0,0,0,0,0,0,0,0,0,0,0,0
2004-10-18,0,0,0,0,0,0,0,0,0,0,0,0,0,0,0,0,0,0,0,0,0,0,0,0,0,0,0,0,0,0,0,0,0
2004-10-19,0,0,0,0,0,0,0,0,0,0,0,0,0,0,0,0,0,0,0,0,0,0,0,0,0,0,0,0,0,0,0,0,0
2004-10-20,0,0,0,0,0,0,0,0,0,0,0,0,0,0,0,0,0,0,0,0,0,0,0,0,0,0,0,0,0,0,0,0,0
2004-10-21,0,0,0,0,0,0,0,0,0,0,0,0,0,0,0,0,0,0,0,0,0,0,0,0,0,0,0,0,0,0,0,0,0
2004-10-22,0,0,0,0,0,0,0,0,0,0,0,0,0,0,0,0,0,0,0,0,0,0,0,0,0,0,0,0,0,0,0,0,0
2004-10-25,0,0,0,0,0,0,0,0,0,0,0,0,0,0,0,0,0,0,0,0,0,0,0,0,0,0,0,0,0,0,0,0,0
2004-10-26,0,0,0,0,0,0,0,0,0,0,0,0,0,0,0,0,0,0,0,0,0,0,0,0,0,0,0,0,0,0,0,0,0
2004-10-27,0,0,0,0,0,0,0,0,0,0,0,0,0,0,0,0,0,0,0,0,0,0,0,0,0,0,0,0,0,0,0,0,0
2004-10-28,0,0,0,0,0,0,0,0,0,0,0,0,0,0,0,0,0,0,0,0,0,0,0,0,0,0,0,0,0,0,0,0,0
2004-10-29,0,0,0,0,0,0,0,0,0,0,0,0,0,0,0,0,0,0,0,0,0,0,0,0,0,0,0,0,0,0,0,0,0
2004-11-01,0,0,0,0,0,0,0,0,0,0,0,0,0,0,0,0,0,0,0,0,0,0,0,0,0,0,0,0,0,0,0,0,0
2004-11-02,0,0,0,0,0,0,0,0,0,0,0,0,0,0,0,0,0,0,0,0,0,0,0,0,0,0,0,0,0,0,0,0,0
2004-11-03,0,0,0,0,0,0,0,0,0,0,0,0,0,0,0,0,0,0,0,0,0,0,0,0,0,0,0,0,0,0,0,0,0
2004-11-04,0,0,0,0,0,0,0,0,0,0,0,0,0,0,0,0,0,0,0,0,0,0,0,0,0,0,0,0,0,0,0,0,0
2004-11-05,0,0,0,0,0,0,0,0,0,0,0,0,0,0,0,0,0,0,0,0,0,0,0,0,0,0,0,0,0,0,0,0,0
2004-11-08,0,0,0,0,0,0,0,0,0,0,0,0,0,0,0,0,0,0,0,0,0,0,0,0,0,0,0,0,0,0,0,0,0
2004-11-09,0,0,0,0,0,0,0,0,0,0,0,0,0,0,0,0,0,0,0,0,0,0,0,0,0,0,0,0,0,0,0,0,0
2004-11-10,0,0,0,0,0,0,0,0,0,0,0,0,0,0,0,0,0,0,0,0,0,0,0,0,0,0,0,0,0,0,0,0,0
2004-11-11,0,0,0,0,0,0,0,0,0,0,0,0,0,0,0,0,0,0,0,0,0,0,0,0,0,0,0,0,0,0,0,0,0
2004-11-12,0,0,0,0,0,0,0,0,0,0,0,0,0,0,0,0,0,0,0,0,0,0,0,0,0,0,0,0,0,0,0,0,0
2004-11-15,0,0,0,0,0,0,0,0,0,0,0,0,0,0,0,0,0,0,0,0,0,0,0,0,0,0,0,0,0,0,0,0,0
2004-11-16,0,0,0,0,0,0,0,0,0,0,0,0,0,0,0,0,0,0,0,0,0,0,0,0,0,0,0,0,0,0,0,0,0
2004-11-17,0,0,0,0,0,0,0,0,0,0,0,0,0,0,0,0,0,0,0,0,0,0,0,0,0,0,0,0,0,0,0,0,0
2004-11-18,0,0,0,0,0,0,0,0,0,0,0,0,0,0,0,0,0,0,0,0,0,0,0,0,0,0,0,0,0,0,0,0,0
2004-11-19,0,0,0,0,0,0,0,0,0,0,0,0,0,0,0,0,0,0,0,0,0,0,0,0,0,0,0,0,0,0,0,0,0
2004-11-22,0,0,0,0,0,0,0,0,0,0,0,0,0,0,0,0,0,0,0,0,0,0,0,0,0,0,0,0,0,0,0,0,0
2004-11-23,0,0,0,0,0,0,0,0,0,0,0,0,0,0,0,0,0,0,0,0,0,0,0,0,0,0,0,0,0,0,0,0,0
2004-11-24,0,0,0,0,0,0,0,0,0,0,0,0,0,0,0,0,0,0,0,0,0,0,0,0,0,0,0,0,0,0,0,0,0
2004-11-25,0,0,0,0,0,0,0,0,0,0,0,0,0,0,0,0,0,0,0,0,0,0,0,0,0,0,0,0,0,0,0,0,0
2004-11-26,0,0,0,0,0,0,0,0,0,0,0,0,0,0,0,0,0,0,0,0,0,0,0,0,0,0,0,0,0,0,0,0,0
2004-11-29,0,0,0,0,0,0,0,0,0,0,0,0,0,0,0,0,0,0,0,0,0,0,0,0,0,0,0,0,0,0,0,0,0
2004-11-30,0,0,0,0,0,0,0,0,0,0,0,0,0,0,0,0,0,0,0,0,0,0,0,0,0,0,0,0,0,0,0,0,0
2004-12-01,0,0,0,0,0,0,0,0,0,0,0,0,0,0,0,0,0,0,0,0,0,0,0,0,0,0,0,0,0,0,0,0,0
2004-12-02,0,0,0,0,0,0,0,0,0,0,0,0,0,0,0,0,0,0,0,0,0,0,0,0,0,0,0,0,0,0,0,0,0
2004-12-03,0,0,0,0,0,0,0,0,0,0,0,0,0,0,0,0,0,0,0,0,0,0,0,0,0,0,0,0,0,0,0,0,0
2004-12-06,0,0,0,0,0,0,0,0,0,0,0,0,0,0,0,0,0,0,0,0,0,0,0,0,0,0,0,0,0,0,0,0,0
2004-12-07,0,0,0,0,0,0,0,0,0,0,0,0,0,0,0,0,0,0,0,0,0,0,0,0,0,0,0,0,0,0,0,0,0
2004-12-08,0,0,0,0,0,0,0,0,0,0,0,0,0,0,0,0,0,0,0,0,0,0,0,0,0,0,0,0,0,0,0,0,0
2004-12-09,0,0,0,0,0,0,0,0,0,0,0,0,0,0,0,0,0,0,0,0,0,0,0,0,0,0,0,0,0,0,0,0,0
2004-12-10,0,0,0,0,0,0,0,0,0,0,0,0,0,0,0,0,0,0,0,0,0,0,0,0,0,0,0,0,0,0,0,0,0
2004-12-13,0,0,0,0,0,0,0,0,0,0,0,0,0,0,0,0,0,0,0,0,0,0,0,0,0,0,0,0,0,0,0,0,0
2004-12-14,0,0,0,0,0,0,0,0,0,0,0,0,0,0,0,0,0,0,0,0,0,0,0,0,0,0,0,0,0,0,0,0,0
2004-12-15,0,0,0,0,0,0,0,0,0,0,0,0,0,0,0,0,0,0,0,0,0,0,0,0,0,0,0,0,0,0,0,0,0
2004-12-16,0,0,0,0,0,0,0,0,0,0,0,0,0,0,0,0,0,0,0,0,0,0,0,0,0,0,0,0,0,0,0,0,0
2004-12-17,0,0,0,0,0,0,0,0,0,0,0,0,0,0,0,0,0,0,0,0,0,0,0,0,0,0,0,0,0,0,0,0,0
2004-12-20,0,0,0,0,0,0,0,0,0,0,0,0,0,0,0,0,0,0,0,0,0,0,0,0,0,0,0,0,0,0,0,0,0
2004-12-21,0,0,0,0,0,0,0,0,0,0,0,0,0,0,0,0,0,0,0,0,0,0,0,0,0,0,0,0,0,0,0,0,0
2004-12-22,0,0,0,0,0,0,0,0,0,0,0,0,0,0,0,0,0,0,0,0,0,0,0,0,0,0,0,0,0,0,0,0,0
2004-12-23,0,0,0,0,0,0,0,0,0,0,0,0,0,0,0,0,0,0,0,0,0,0,0,0,0,0,0,0,0,0,0,0,0
2004-12-24,0,0,0,0,0,0,0,0,0,0,0,0,0,0,0,0,0,0,0,0,0,0,0,0,0,0,0,0,0,0,0,0,0
2004-12-27,0,0,0,0,0,0,0,0,0,0,0,0,0,0,0,0,0,0,0,0,0,0,0,0,0,0,0,0,0,0,0,0,0
2004-12-28,0,0,0,0,0,0,0,0,0,0,0,0,0,0,0,0,0,0,0,0,0,0,0,0,0,0,0,0,0,0,0,0,0
2004-12-29,0,0,0,0,0,0,0,0,0,0,0,0,0,0,0,0,0,0,0,0,0,0,0,0,0,0,0,0,0,0,0,0,0
2004-12-30,0,0,0,0,0,0,0,0,0,0,0,0,0,0,0,0,0,0,0,0,0,0,0,0,0,0,0,0,0,0,0,0,0
2004-12-31,0,0,0,0,0,0,0,0,0,0,0,0,0,0,0,0,0,0,0,0,0,0,0,0,0,0,0,0,0,0,0,0,0
2005-01-03,0,0,0,0,0,0,0,0,0,0,0,0,0,0,0,0,0,0,0,0,0,0,0,0,0,0,0,0,0,0,0,0,0
2005-01-04,0,0,0,0,0,0,0,0,0,0,0,0,0,0,0,0,0,0,0,0,0,0,0,0,0,0,0,0,0,0,0,0,0
2005-01-05,0,0,0,0,0,0,0,0,0,0,0,0,0,0,0,0,0,0,0,0,0,0,0,0,0,0,0,0,0,0,0,0,0
2005-01-06,0,0,0,0,0,0,0,0,0,0,0,0,0,0,0,0,0,0,0,0,0,0,0,0,0,0,0,0,0,0,0,0,0
2005-01-07,17.75,0,0,0,0,0,0,17.75,17.75,17.75,17.75,17.75,17.75,17.75,17.75,17.75,17.75,17.75,17.75,17.75,17.75,17.75,0,0,0,0,0,0,0,0,0,0,17.75
2005-01-10,17.75,0,0,0,0,0,0,17.75,17.75,17.75,17.75,17.75,17.75,17.75,17.75,17.75,17.75,17.75,17.75,17.75,17.75,17.75,0,0,0,0,17.75,17.75,0,0,0,0,17.75
2005-01-11,17.75,0,0,0,0,0,0,17.75,17.75,17.75,17.75,17.75,17.75,17.75,17.75,17.75,17.75,17.75,17.75,17.75,17.75,17.75,0,0,0,0,17.75,17.75,0,0,0,0,17.75
2005-01-12,17.75,0,0,0,0,0,0,17.75,17.75,17.75,17.75,17.75,17.75,17.75,17.75,17.75,17.75,17.75,17.75,17.75,17.75,17.75,0,0,0,0,17.75,17.75,0,0,0,0,17.75
2005-01-13,17.75,0,0,0,0,0,0,17.75,17.75,17.75,17.75,17.75,17.75,17.75,17.75,17.75,17.75,17.75,17.75,17.75,17.75,17.75,0,0,0,0,17.75,17.75,0,0,0,0,17.75
2005-01-14,17.75,0,0,0,0,0,0,17.75,17.75,17.75,17.75,17.75,17.75,17.75,17.75,17.75,17.75,17.75,17.75,17.75,17.75,17.75,0,0,0,0,17.75,17.75,0,0,0,0,17.75
2005-01-17,17.75,0,0,0,0,0,0,17.75,17.75,17.75,17.75,17.75,17.75,17.75,17.75,17.75,17.75,17.75,17.75,17.75,17.75,17.75,0,0,0,0,17.75,17.75,0,0,0,0,17.75
2005-01-18,17.75,0,0,0,0,0,0,17.75,17.75,17.75,17.75,17.75,17.75,17.75,17.75,17.75,17.75,17.75,17.75,17.75,17.75,17.75,0,0,0,0,17.75,17.75,0,0,0,0,17.75
2005-01-19,17.75,0,0,0,0,0,0,17.75,17.75,17.75,17.75,17.75,17.75,17.75,17.75,17.75,17.75,17.75,17.75,17.75,17.75,17.75,0,0,0,0,17.75,17.75,0,0,0,0,17.75
2005-01-20,17.75,0,0,0,0,0,0,17.75,17.75,17.75,17.75,17.75,17.75,17.75,17.75,17.75,17.75,17.75,17.75,17.75,17.75,17.75,0,0,0,0,17.75,17.75,0,0,0,0,17.75
2005-01-21,18.25,2.82,2.82,0,0,0,0,18.25,17.75,17.85,18.25,17.75,17.8,18.25,17.75,17.8,18.25,17.75,17.8,18.25,17.75,17.8,0,0,0,0,18.09696589,17.4939432,1,0,0,0.033886332,18.25
2005-01-24,18.25,0,2.82,0,0,0,0,18.25,17.75,17.95,18.25,17.75,17.83,18.25,17.75,17.83,18.25,17.75,17.83,18.25,17.75,17.83,0,0,0,0,18.22258281,17.44408386,1,0,0,0.043654146,18.25
2005-01-25,18.25,0,2.82,0,0,0,0,18.25,17.75,18.05,18.25,17.75,17.87,18.25,17.75,17.87,18.25,17.75,17.87,18.25,17.75,17.87,0,0.009615385,0.001068376,0.008547009,18.30391363,17.42685561,1,0,0,0.049092591,18.25
2005-01-26,18.25,0,2.82,0,0,0,0,18.25,17.75,18.15,18.25,17.75,17.89,18.25,17.75,17.89,18.25,17.75,17.89,18.25,17.75,17.89,0,0.023809524,0.003713879,0.020095645,18.36166437,17.42404991,1,0,0,0.052401607,18.25
2005-01-27,18.25,0,2.82,0,0,0,0,18.25,18.25,18.25,18.25,17.75,17.92,18.25,17.75,17.92,18.25,17.75,17.92,18.25,17.75,17.92,0,0.041666667,0.008343508,0.033323158,18.4046167,17.42871663,1,0,0,0.054468841,18.25
2005-01-28,18.25,0,0,0,0,0,0,18.25,18.25,18.25,18.25,17.75,17.94,18.25,17.75,17.94,18.25,17.75,17.94,18.25,17.75,17.94,0,0.0625,0.015287953,0.047212047,18.4375,17.4375,1,0,0,0.055749129,18.25
2005-01-31,18.25,0,0,0,0,0,0,18.25,18.25,18.25,18.25,17.75,17.96,18.25,17.75,17.96,18.25,17.75,17.96,18.25,17.75,17.96,0,0.085784314,0.024819543,0.060964771,18.46318201,17.4485827,1,0,0,0.056505121,18.25
2005-02-01,18.25,0,0,0,0,0,0,18.25,18.25,18.25,18.25,17.75,17.97,18.25,17.75,17.97,18.25,17.75,17.97,18.25,17.75,17.97,0,0.111111111,0.037165222,0.073945889,18.48353221,17.46091223,1,0,0,0.05690003,18.25
2005-02-02,18.25,0,0,0,0,0,0,18.25,18.25,18.25,18.25,17.75,17.99,18.25,17.75,17.99,18.25,17.75,17.99,18.25,17.75,17.99,0,0.138157895,0.052516099,0.085641795,18.49983128,17.47385293,1,0,0,0.057040494,18.25
2005-02-03,18.25,0,0,0,0,0,0,18.25,18.25,18.25,18.25,17.75,18,18.25,17.75,18,18.25,17.75,18,18.25,17.75,18,0,0.166666667,0.071034618,0.095632049,18.51298918,17.48701082,1,100.4665916,0,0.056998797,18.25
2005-02-04,18.25,0,0,2.82,0,0,0,18.25,18.25,18.25,18.25,17.75,18.03,18.25,17.75,18.01,18.25,17.75,18.01,18.25,17.75,18.01,0,0.196428571,0.092860015,0.103568557,18.53541779,17.51458221,1,100.4974494,0.098215591,0.056634428,18.25
2005-02-07,18.25,0,0,2.82,0,0,0,18.25,18.25,18.25,18.25,17.75,18.05,18.25,17.75,18.02,18.25,17.75,18.02,18.25,17.75,18.02,0,0.227272727,0.117044164,0.110228563,18.55262469,17.54737531,1,100.5247415,0.098215591,0.055692486,18.25
2005-02-08,18.25,0,0,2.82,0,0,0,18.25,18.25,18.25,18.25,17.75,18.08,18.25,17.75,18.03,18.25,17.75,18.03,18.25,17.75,18.03,0,0.217391304,0.138553251,0.078838054,18.56436048,17.58563952,1,100.5484769,0.098215591,0.054147771,18.25
2005-02-09,18.25,0,0,2.82,0,0,0,18.25,18.25,18.25,18.25,17.75,18.1,18.25,17.75,18.04,18.25,17.75,18.04,18.25,17.75,18.04,0,0.208333333,0.157071769,0.051261564,18.57016235,17.62983765,1,100.5686654,0.098215591,0.05195164,18.25
2005-02-10,18.25,0,0,2.82,0,0,0,18.25,18.25,18.25,18.25,17.75,18.13,18.25,17.75,18.05,18.25,17.75,18.05,18.25,17.75,18.05,0,0.2,0.172349547,0.027650453,18.56926166,17.68073834,1,100.5853173,0.098215591,0.049021976,18.25
2005-02-11,18.25,0,0,2.82,0,0,0,18.25,18.25,18.25,18.25,17.75,18.15,18.25,17.75,18.06,18.25,17.75,18.06,18.25,17.75,18.06,0,0.192307692,0.184185478,0.008122214,18.56039134,17.73960866,1,100.5984439,0.098215591,0.045222186,18.25
2005-02-14,18.25,0,0,2.82,0,0,0,18.25,18.25,18.25,18.25,17.75,18.18,18.25,17.75,18.06,18.25,17.75,18.06,18.25,17.75,18.06,0,0.173076923,0.191070568,-0.017993645,18.54134755,17.80865245,1,100.608057,0.098215591,0.040313348,18.25
2005-02-15,18.25,0,0,2.82,0,0,0,18.25,18.25,18.25,18.25,17.75,18.2,18.25,17.75,18.07,18.25,17.75,18.07,18.25,17.75,18.07,0,0.153846154,0.192813708,-0.038967554,18.50779351,17.89220649,1,100.6141689,0.098215591,0.033823462,18.25
2005-02-16,18.25,0,0,2.82,0,0,0,18.25,18.25,18.25,18.25,17.75,18.23,18.25,17.75,18.08,18.25,17.75,18.08,18.25,17.75,18.08,0,0.134615385,0.189252454,-0.05463707,18.4486068,18.0013932,1,100.616793,0.098215591,0.024538469,18.25
2005-02-17,18.25,0,0,2.82,0,0,0,18.25,18.25,18.25,18.25,18.25,18.25,18.25,17.75,18.08,18.25,17.75,18.08,18.25,17.75,18.08,0,0.115384615,0.18024757,-0.064862955,18.25,18.25,0,100.6159428,0.098215591,0,18.25
2005-02-18,18.75,2.74,2.74,2.74,0,0,0,18.75,18.25,18.35,18.75,18.25,18.28,18.75,17.75,18.1,18.75,17.75,18.1,18.75,17.75,18.1,0,0.118589744,0.168171683,-0.04958194,18.4986068,18.0513932,1,100.6179278,0.095560788,0.024471332,18.75
2005-02-21,18.75,0,2.74,2.74,0,0,0,18.75,18.25,18.45,18.75,18.25,18.3,18.75,17.75,18.13,18.75,17.75,18.13,18.75,17.75,18.13,0,0.121794872,0.157549858,-0.035754986,18.60779351,17.99220649,1,100.6216888,0.095560788,0.033638634,18.75
2005-02-22,18.75,0,2.74,2.74,0,0,0,18.75,18.25,18.55,18.75,18.25,18.33,18.75,17.75,18.14,18.75,17.75,18.14,18.75,17.75,18.14,0,0.125,0.148290598,-0.023290598,18.69134755,17.95865245,1,100.6264138,0.095560788,0.039983361,18.75
2005-02-23,18.75,0,2.74,2.74,0,0,0,18.75,18.25,18.65,18.75,18.25,18.35,18.75,17.75,18.16,18.75,17.75,18.16,18.75,17.75,18.16,0,0.128205128,0.14031339,-0.012108262,18.76039134,17.93960866,1,100.6314675,0.095560788,0.044729301,18.75
2005-02-24,18.75,0,2.74,2.74,0,0,0,18.75,18.75,18.75,18.75,18.25,18.38,18.75,17.75,18.18,18.75,17.75,18.18,18.75,17.75,18.18,0,0.131410256,0.133547009,-0.002136752,18.81926166,17.93073834,1,100.6363439,0.095560788,0.04835501,18.75
2005-02-25,18.75,0,0,2.74,0,0,0,18.75,18.75,18.75,18.75,18.25,18.4,18.75,17.75,18.19,18.75,17.75,18.19,18.75,17.75,18.19,0,0.134615385,0.129273504,0.00534188,18.87016235,17.92983765,1,100.6406342,0.095560788,0.051104603,18.75
2005-02-28,18.75,0,0,2.74,0,0,0,18.75,18.75,18.75,18.75,18.25,18.43,18.75,17.75,18.21,18.75,17.75,18.21,18.75,17.75,18.21,0,0.157051282,0.12962963,0.027421652,18.91436048,17.93563952,1,100.6440036,0.095560788,0.053119184,18.75
2005-03-01,18.75,0,0,2.74,0,0,0,18.75,18.75,18.75,18.75,18.25,18.45,18.75,17.75,18.22,18.75,17.75,18.22,18.75,17.75,18.22,0,0.179487179,0.134615385,0.044871795,18.95262469,17.94737531,1,100.6461754,0.095560788,0.054485061,18.75
2005-03-02,18.75,0,0,2.74,0,0,0,18.75,18.75,18.75,18.75,18.25,18.48,18.75,17.75,18.24,18.75,17.75,18.24,18.75,17.75,18.24,0,0.201923077,0.144230769,0.057692308,18.98541779,17.96458221,1,100.6469186,0.095560788,0.05525497,18.75
2005-03-03,18.75,0,0,2.74,0,0,0,18.75,18.75,18.75,18.75,18.25,18.5,18.75,17.75,18.25,18.75,17.75,18.25,18.75,17.75,18.25,0,0.224358974,0.155982906,0.068376068,19.01298918,17.98701082,1,100.6460388,0.095560788,0.055458289,18.75
2005-03-04,18.75,0,0,2.74,0,0,0,18.75,18.75,18.75,18.75,18.25,18.53,18.75,17.75,18.26,18.75,17.75,18.26,18.75,17.75,18.26,0,0.246794872,0.169871795,0.076923077,19.03541779,18.01458221,1,100.6451613,0.095560788,0.055105834,18.75
2005-03-07,18.75,0,0,2.74,0,0,0,18.75,18.75,18.75,18.75,18.25,18.55,18.75,17.75,18.27,18.75,17.75,18.27,18.75,17.75,18.27,0,0.269230769,0.185897436,0.083333333,19.05262469,18.04737531,1,100.6442862,0.095560788,0.054191341,18.75
2005-03-08,18.75,0,0,2.74,0,0,0,18.75,18.75,18.75,18.75,18.25,18.58,18.75,17.75,18.28,18.75,17.75,18.28,18.75,17.75,18.28,0,0.25,0.199430199,0.050569801,19.06436048,18.08563952,1,100.6434135,0.095560788,0.052690227,18.75
2005-03-09,18.75,0,0,2.74,0,0,0,18.75,18.75,18.75,18.75,18.25,18.6,18.75,17.75,18.3,18.75,17.75,18.3,18.75,17.75,18.3,0,0.230769231,0.210470085,0.020299145,19.07016235,18.12983765,1,100.6425431,0.095560788,0.050555091,18.75
2005-03-10,18.75,0,0,2.74,0,0,0,18.75,18.75,18.75,18.75,18.25,18.63,18.75,17.75,18.31,18.75,17.75,18.31,18.75,17.75,18.31,0,0.211538462,0.219017094,-0.007478632,19.06926166,18.18073834,1,100.6416751,0.095560788,0.04770595,18.75
2005-03-11,18.75,0,0,2.74,0,0,0,18.75,18.75,18.75,18.75,18.25,18.65,18.75,17.75,18.32,18.75,17.75,18.32,18.75,17.75,18.32,0,0.192307692,0.222934473,-0.030626781,19.06039134,18.23960866,1,100.6408094,0.095560788,0.044009795,18.75
2005-03-14,18.75,0,0,2.74,0,0,0,18.75,18.75,18.75,18.75,18.25,18.68,18.75,17.75,18.32,18.75,17.75,18.32,18.75,17.75,18.32,0,0.173076923,0.222222222,-0.049145299,19.04134755,18.30865245,1,100.6399461,0.095560788,0.039234008,18.75
2005-03-15,18.75,0,0,2.74,0,0,0,18.75,18.75,18.75,18.75,18.25,18.7,18.75,17.75,18.33,18.75,17.75,18.33,18.75,17.75,18.33,0,0.153846154,0.216880342,-0.063034188,19.00779351,18.39220649,1,100.6390851,0.095560788,0.032919092,18.75
2005-03-16,18.75,0,0,2.74,0,0,0,18.75,18.75,18.75,18.75,18.25,18.73,18.75,17.75,18.34,18.75,17.75,18.34,18.75,17.75,18.34,0,0.134615385,0.206908832,-0.072293447,18.9486068,18.5013932,1,100.6382264,0.095560788,0.023883236,18.75
2005-03-17,18.75,0,0,2.74,0,0,0,18.75,18.75,18.75,18.75,18.75,18.75,18.75,17.75,18.35,18.75,17.75,18.35,18.75,17.75,18.35,0,0.115384615,0.192307692,-0.076923077,18.75,18.75,0,100.63737,0.095560788,0,18.75
2005-03-18,19.25,2.67,2.67,2.67,0,0,0,19.25,18.75,18.85,19.25,18.75,18.78,19.25,17.75,18.37,19.25,17.75,18.37,19.25,17.75,18.37,0,0.118589744,0.175569801,-0.056980057,18.9986068,18.5513932,1,100.6365159,0.093045736,0.023819632,19.25
2005-03-21,19.25,0,2.67,2.67,0,0,0,19.25,18.75,18.95,19.25,18.75,18.8,19.25,17.75,18.38,19.25,17.75,18.38,19.25,17.75,18.38,0,0.121794872,0.161324786,-0.039529915,19.10779351,18.49220649,1,100.6356641,0.093045736,0.03274399,19.25
2005-03-22,19.25,0,2.67,2.67,0,0,0,19.25,18.75,19.05,19.25,18.75,18.83,19.25,17.75,18.4,19.25,17.75,18.4,19.25,17.75,18.4,0,0.125,0.14957265,-0.02457265,19.19134755,18.45865245,1,100.6348146,0.093045736,0.038921386,19.25
2005-03-23,19.25,0,2.67,2.67,0,0,0,19.25,18.75,19.15,19.25,18.75,18.85,19.25,17.75,18.42,19.25,17.75,18.42,19.25,17.75,18.42,0,0.128205128,0.14031339,-0.012108262,19.26039134,18.43960866,1,100.6339673,0.093045736,0.043542848,19.25
2005-03-24,19.25,0,2.67,2.67,0,0,0,19.25,19.25,19.25,19.25,18.75,18.88,19.25,17.75,18.43,19.25,17.75,18.43,19.25,17.75,18.43,0,0.131410256,0.133547009,-0.002136752,19.31926166,18.43073834,1,100.6331223,0.093045736,0.047074083,19.25
2005-03-25,19.25,0,0,2.67,0,0,0,19.25,19.25,19.25,19.25,18.75,18.9,19.25,17.75,18.45,19.25,17.75,18.45,19.25,17.75,18.45,0,0.134615385,0.129273504,0.00534188,19.37016235,18.42983765,1,100.6322795,0.093045736,0.049752629,19.25
2005-03-28,19.25,0,0,2.67,0,0,0,19.25,19.25,19.25,19.25,18.75,18.93,19.25,17.75,18.46,19.25,17.75,18.46,19.25,17.75,18.46,0,0.157051282,0.12962963,0.027421652,19.41436048,18.43563952,1,100.631439,0.093045736,0.051715771,19.25
2005-03-29,19.25,0,0,2.67,0,0,0,19.25,19.25,19.25,19.25,18.75,18.95,19.25,17.75,18.47,19.25,17.75,18.47,19.25,17.75,18.47,0,0.179487179,0.134615385,0.044871795,19.45262469,18.44737531,1,100.6306007,0.093045736,0.053047461,19.25
2005-03-30,19.25,0,0,2.67,0,0,0,19.25,19.25,19.25,19.25,18.75,18.98,19.25,17.75,18.49,19.25,17.75,18.49,19.25,17.75,18.49,0,0.201923077,0.144230769,0.057692308,19.48541779,18.46458221,1,100.6297647,0.093045736,0.053798976,19.25
2005-03-31,19.25,0,0,2.67,0,0,0,19.25,19.25,19.25,19.25,18.75,19,19.25,17.75,18.5,19.25,17.75,18.5,19.25,17.75,18.5,0,0.224358974,0.155982906,0.068376068,19.51298918,18.48701082,1,100.6289308,0.093045736,0.053998861,19.25
2005-04-01,19.25,0,0,2.67,0,0,0,19.25,19.25,19.25,19.25,18.75,19.03,19.25,17.75,18.51,19.25,17.75,18.51,19.25,17.75,18.51,0,0.246794872,0.169871795,0.076923077,19.53541779,18.51458221,1,100.6280992,0.093045736,0.053657586,19.25
2005-04-04,19.25,0,0,2.67,0,0,0,19.25,19.25,19.25,19.25,18.75,19.05,19.25,17.75,18.52,19.25,17.75,18.52,19.25,17.75,18.52,0,0.269230769,0.185897436,0.083333333,19.55262469,18.54737531,1,100.6272697,0.093045736,0.052768996,19.25
2005-04-05,19.25,0,0,2.67,0,0,0,19.25,19.25,19.25,19.25,18.75,19.08,19.25,17.75,18.54,19.25,17.75,18.54,19.25,17.75,18.54,0,0.25,0.199430199,0.050569801,19.56436048,18.58563952,1,100.6264425,0.093045736,0.051309094,19.25
2005-04-06,19.25,0,0,2.67,0,0,0,19.25,19.25,19.25,19.25,18.75,19.1,19.25,17.75,18.55,19.25,17.75,18.55,19.25,17.75,18.55,0,0.230769231,0.210470085,0.020299145,19.57016235,18.62983765,1,100.6256174,0.093045736,0.049231659,19.25
2005-04-07,19.25,0,0,2.67,0,0,0,19.25,19.25,19.25,19.25,18.75,19.13,19.25,17.75,18.56,19.25,17.75,18.56,19.25,17.75,18.56,0,0.211538462,0.219017094,-0.007478632,19.56926166,18.68073834,1,100.6247945,0.093045736,0.046458736,19.25
2005-04-08,19.25,0,0,2.67,8.45,0,0,19.25,19.25,19.25,19.25,18.75,19.15,19.25,17.75,18.58,19.25,17.75,18.57,19.25,17.75,18.57,0,0.192307692,0.222934473,-0.030626781,19.56039134,18.73960866,1,100.6239737,0.093045736,0.042860714,19.25
2005-04-11,19.25,0,0,2.67,8.45,0,0,19.25,19.25,19.25,19.25,18.75,19.18,19.25,17.75,18.6,19.25,17.75,18.58,19.25,17.75,18.58,0,0.173076923,0.222222222,-0.049145299,19.54134755,18.80865245,1,100.6231551,0.093045736,0.038210957,19.25
2005-04-12,19.25,0,0,2.67,8.45,0,0,19.25,19.25,19.25,19.25,18.75,19.2,19.25,17.75,18.63,19.25,17.75,18.59,19.25,17.75,18.59,0,0.153846154,0.216880342,-0.063034188,19.50779351,18.89220649,1,100.6223387,0.093045736,0.032061824,19.25
2005-04-13,19.25,0,0,2.67,8.45,0,0,19.25,19.25,19.25,19.25,18.75,19.23,19.25,17.75,18.65,19.25,17.75,18.6,19.25,17.75,18.6,0,0.134615385,0.206908832,-0.072293447,19.4486068,19.0013932,1,100.6215244,0.093045736,0.023262086,19.25
2005-04-14,19.25,0,0,2.67,8.45,0,0,19.25,19.25,19.25,19.25,19.25,19.25,19.25,17.75,18.67,19.25,17.75,18.61,19.25,17.75,18.61,0,0.115384615,0.192307692,-0.076923077,19.25,19.25,0,100.6207122,0.093045736,0,19.25
2005-04-15,19.25,0,0,0,8.45,0,0,19.25,19.25,19.25,19.25,19.25,19.25,19.25,17.75,18.7,19.25,17.75,18.62,19.25,17.75,18.62,0,0.096153846,0.173076923,-0.076923077,19.25,19.25,0,100.5582944,0,0,19.25
2005-04-18,19.25,0,0,0,8.45,0,0,19.25,19.25,19.25,19.25,19.25,19.25,19.25,17.75,18.72,19.25,17.75,18.63,19.25,17.75,18.63,0,0.076923077,0.153846154,-0.076923077,19.25,19.25,0,100.4992332,0,0,19.25
2005-04-19,19.25,0,0,0,8.45,0,0,19.25,19.25,19.25,19.25,19.25,19.25,19.25,17.75,18.74,19.25,17.75,18.63,19.25,17.75,18.63,0,0.057692308,0.134615385,-0.076923077,19.25,19.25,0,100.4435168,0,0,19.25
2005-04-20,19.25,0,0,0,8.45,0,0,19.25,19.25,19.25,19.25,19.25,19.25,19.25,17.75,18.77,19.25,17.75,18.64,19.25,17.75,18.64,0,0.038461538,0.115384615,-0.076923077,19.25,19.25,0,100.3911343,0,0,19.25
2005-04-21,19.25,0,0,0,8.45,0,0,19.25,19.25,19.25,19.25,19.25,19.25,19.25,18.25,18.79,19.25,17.75,18.65,19.25,17.75,18.65,0,0.019230769,0.096153846,-0.076923077,19.25,19.25,0,100.3420753,0,0,19.25
2005-04-22,19.5,1.3,1.3,1.3,6.85,0,0,19.5,19.25,19.3,19.5,19.25,19.26,19.5,18.25,18.81,19.5,17.75,18.66,19.5,17.75,18.66,0,0.011217949,0.078169516,-0.066951567,19.3743034,19.1506966,1,100.3271538,0.045620425,0.0116084,19.5
2005-04-25,19.5,0,1.3,1.3,6.85,0,0,19.5,19.25,19.35,19.5,19.25,19.28,19.5,18.25,18.83,19.5,17.75,18.67,19.5,17.75,18.67,0,0.022435897,0.063568376,-0.041132479,19.42889675,19.12110325,1,100.3138875,0.045620425,0.015968535,19.5
2005-04-26,19.5,0,1.3,1.3,6.85,0,0,19.5,19.25,19.4,19.5,19.25,19.29,19.5,18.25,18.85,19.5,17.75,18.68,19.5,17.75,18.68,0,0.033653846,0.052350427,-0.018696581,19.47067377,19.10432623,1,100.3022719,0.045620425,0.01899404,19.5
2005-04-27,19.5,0,1.3,1.3,6.85,0,0,19.5,19.25,19.45,19.5,19.25,19.3,19.5,18.25,18.87,19.5,17.75,18.69,19.5,17.75,18.69,0,0.044871795,0.04451567,0.000356125,19.50519567,19.09480433,1,100.2923027,0.045620425,0.0212638,19.5
2005-04-28,19.5,0,1.3,1.3,6.85,0,0,19.5,19.5,19.5,19.5,19.25,19.31,19.5,18.25,18.88,19.5,17.75,18.7,19.5,17.75,18.7,0,0.056089744,0.040064103,0.016025641,19.53463083,19.09036917,1,100.2839757,0.045620425,0.02300384,19.5
2005-04-29,19.5,0,0,1.3,6.85,0,0,19.5,19.5,19.5,19.5,19.25,19.33,19.5,18.25,18.9,19.5,17.75,18.71,19.5,17.75,18.71,0,0.067307692,0.038995726,0.028311966,19.56008117,19.08991883,1,100.2772868,0.045620425,0.024329229,19.5
2005-05-02,19.5,0,0,1.3,6.85,0,0,19.5,19.5,19.5,19.5,19.25,19.34,19.5,18.25,18.92,19.5,17.75,18.72,19.5,17.75,18.72,0,0.078525641,0.041310541,0.0372151,19.58218024,19.09281976,1,100.2722323,0.045620425,0.025306295,19.5
2005-05-03,19.5,0,0,1.3,6.85,0,0,19.5,19.5,19.5,19.5,19.25,19.35,19.5,18.25,18.94,19.5,17.75,18.73,19.5,17.75,18.73,0,0.08974359,0.047008547,0.042735043,19.60131234,19.09868766,1,100.2688085,0.045620425,0.025975436,19.5
2005-05-04,19.5,0,0,1.3,6.85,0,0,19.5,19.5,19.5,19.5,19.25,19.36,19.5,18.25,18.96,19.5,17.75,18.74,19.5,17.75,18.74,0,0.100961538,0.056089744,0.044871795,19.61770889,19.10729111,1,100.2670119,0.045620425,0.026361151,19.5
2005-05-05,19.5,0,0,1.3,6.85,0,0,19.5,19.5,19.5,19.5,19.25,19.38,19.5,18.25,18.98,19.5,17.75,18.75,19.5,17.75,18.75,0,0.112179487,0.067307692,0.044871795,19.63149459,19.11850541,1,100.2668392,0.045620425,0.026476861,19.5
2005-05-06,19.5,0,0,1.3,6.85,0,0,19.5,19.5,19.5,19.5,19.25,19.39,19.5,18.25,19,19.5,17.75,18.76,19.5,17.75,18.76,0,0.123397436,0.078525641,0.044871795,19.64270889,19.13229111,1,100.2682872,0.045620425,0.026327159,19.5
2005-05-09,19.5,0,0,1.3,6.85,0,0,19.5,19.5,19.5,19.5,19.25,19.4,19.5,18.25,19.02,19.5,17.75,18.77,19.5,17.75,18.77,0,0.134615385,0.08974359,0.044871795,19.65131234,19.14868766,1,100.2713529,0.045620425,0.025908489,19.5
2005-05-10,19.5,0,0,1.3,6.85,0,0,19.5,19.5,19.5,19.5,19.25,19.41,19.5,18.25,19.04,19.5,17.75,18.78,19.5,17.75,18.78,0,0.125,0.098646724,0.026353276,19.65718024,19.16781976,1,100.2760335,0.045620425,0.025208525,19.5
2005-05-11,19.5,0,0,1.3,6.85,0,0,19.5,19.5,19.5,19.5,19.25,19.43,19.5,18.25,19.06,19.5,17.75,18.78,19.5,17.75,18.78,0,0.115384615,0.105235043,0.010149573,19.66008117,19.18991883,1,100.2823264,0.045620425,0.024203982,19.5
2005-05-12,19.5,0,0,1.3,6.85,0,0,19.5,19.5,19.5,19.5,19.25,19.44,19.5,18.25,19.08,19.5,17.75,18.79,19.5,17.75,18.79,0,0.105769231,0.109508547,-0.003739316,19.65963083,19.21536917,1,100.290229,0.045620425,0.022855905,19.5
2005-05-13,19.5,0,0,1.3,6.85,0,0,19.5,19.5,19.5,19.5,19.25,19.45,19.5,18.25,19.1,19.5,17.75,18.8,19.5,17.75,18.8,0,0.096153846,0.111467236,-0.01531339,19.65519567,19.24480433,1,100.2965064,0.045620425,0.021099812,19.5
2005-05-16,19.5,0,0,1.3,6.85,0,0,19.5,19.5,19.5,19.5,19.25,19.46,19.5,18.25,19.12,19.5,17.75,18.81,19.5,17.75,18.81,0,0.086538462,0.111111111,-0.02457265,19.64567377,19.27932623,1,100.3011612,0.045620425,0.018823252,19.5
2005-05-17,19.5,0,0,1.3,6.85,0,0,19.5,19.5,19.5,19.5,19.25,19.48,19.5,18.25,19.13,19.5,17.75,18.81,19.5,17.75,18.81,0,0.076923077,0.108440171,-0.031517094,19.62889675,19.32110325,1,100.304196,0.045620425,0.015804545,19.5
2005-05-18,19.5,0,0,1.3,6.85,0,0,19.5,19.5,19.5,19.5,19.25,19.49,19.5,18.25,19.15,19.5,17.75,18.82,19.5,17.75,18.82,0,0.067307692,0.103454416,-0.036146724,19.5993034,19.3756966,1,100.3056136,0.045620425,0.011474371,19.5
2005-05-19,19.5,0,0,1.3,6.85,0,0,19.5,19.5,19.5,19.5,19.5,19.5,19.5,18.75,19.17,19.5,17.75,18.83,19.5,17.75,18.83,0,0.057692308,0.096153846,-0.038461538,19.5,19.5,0,100.3054171,0.045620425,0,19.5
2005-05-20,19.75,1.28,1.28,1.28,5.33,0,0,19.75,19.5,19.55,19.75,19.5,19.51,19.75,18.75,19.19,19.75,17.75,18.84,19.75,17.75,18.84,0,0.059294872,0.0877849,-0.028490028,19.6243034,19.4006966,1,100.3052209,0.045039258,0.011459669,19.75
2005-05-23,19.75,0,1.28,1.28,5.33,0,0,19.75,19.5,19.6,19.75,19.5,19.53,19.75,18.75,19.2,19.75,17.75,18.85,19.75,17.75,18.85,0,0.060897436,0.080662393,-0.019764957,19.67889675,19.37110325,1,100.3050249,0.045039258,0.015764072,19.75
2005-05-24,19.75,0,1.28,1.28,5.33,0,0,19.75,19.5,19.65,19.75,19.5,19.54,19.75,18.75,19.22,19.75,17.75,18.86,19.75,17.75,18.86,0,0.0625,0.074786325,-0.012286325,19.72067377,19.35432623,1,100.3048291,0.045039258,0.018750994,19.75
2005-05-25,19.75,0,1.28,1.28,5.33,0,0,19.75,19.5,19.7,19.75,19.5,19.55,19.75,18.75,19.23,19.75,17.75,18.87,19.75,17.75,18.87,0,0.064102564,0.070156695,-0.006054131,19.75519567,19.34480433,1,100.3046336,0.045039258,0.020991884,19.75
2005-05-26,19.75,0,1.28,1.28,5.33,0,0,19.75,19.75,19.75,19.75,19.5,19.56,19.75,18.75,19.25,19.75,17.75,18.88,19.75,17.75,18.88,0,0.065705128,0.066773504,-0.001068376,19.78463083,19.34036917,1,100.3044384,0.045039258,0.022709861,19.75
2005-05-27,19.75,0,0,1.28,5.33,0,0,19.75,19.75,19.75,19.75,19.5,19.58,19.75,18.75,19.27,19.75,17.75,18.88,19.75,17.75,18.88,0,0.067307692,0.064636752,0.00267094,19.81008117,19.33991883,1,100.3042434,0.045039258,0.024018511,19.75
2005-05-30,19.75,0,0,1.28,5.33,0,0,19.75,19.75,19.75,19.75,19.5,19.59,19.75,18.75,19.28,19.75,17.75,18.89,19.75,17.75,18.89,0,0.078525641,0.064814815,0.013710826,19.83218024,19.34281976,1,100.3040486,0.045039258,0.024983305,19.75
2005-05-31,19.75,0,0,1.28,5.33,0,0,19.75,19.75,19.75,19.75,19.5,19.6,19.75,18.75,19.3,19.75,17.75,18.9,19.75,17.75,18.9,0,0.08974359,0.067307692,0.022435897,19.85131234,19.34868766,1,100.3038542,0.045039258,0.025644117,19.75
2005-06-01,19.75,0,0,1.28,5.33,0,0,19.75,19.75,19.75,19.75,19.5,19.61,19.75,18.75,19.31,19.75,17.75,18.91,19.75,17.75,18.91,0,0.100961538,0.072115385,0.028846154,19.86770889,19.35729111,1,100.3036599,0.045039258,0.026025126,19.75
2005-06-02,19.75,0,0,1.28,5.33,0,0,19.75,19.75,19.75,19.75,19.5,19.63,19.75,18.75,19.33,19.75,17.75,18.92,19.75,17.75,18.92,0,0.112179487,0.077991453,0.034188034,19.88149459,19.36850541,1,100.3034659,0.045039258,0.026139576,19.75
2005-06-03,19.75,0,0,1.28,5.33,0,0,19.75,19.75,19.75,19.75,19.5,19.64,19.75,18.75,19.34,19.75,17.75,18.92,19.75,17.75,18.92,0,0.123397436,0.084935897,0.038461538,19.89270889,19.38229111,1,100.3032721,0.045039258,0.025991994,19.75
2005-06-06,19.75,0,0,1.28,5.33,0,0,19.75,19.75,19.75,19.75,19.5,19.65,19.75,18.75,19.36,19.75,17.75,18.93,19.75,17.75,18.93,0,0.134615385,0.092948718,0.041666667,19.90131234,19.39868766,1,100.3030786,0.045039258,0.025578865,19.75
2005-06-07,19.75,0,0,1.28,5.33,0,0,19.75,19.75,19.75,19.75,19.5,19.66,19.75,18.75,19.37,19.75,17.75,18.94,19.75,17.75,18.94,0,0.125,0.0997151,0.0252849,19.90718024,19.41781976,1,100.3028854,0.045039258,0.024888009,19.75
2005-06-08,19.75,0,0,1.28,5.33,0,0,19.75,19.75,19.75,19.75,19.5,19.68,19.75,18.75,19.39,19.75,17.75,18.95,19.75,17.75,18.95,0,0.115384615,0.105235043,0.010149573,19.91008117,19.43991883,1,100.3026924,0.045039258,0.023896434,19.75
2005-06-09,19.75,0,0,1.28,5.33,0,0,19.75,19.75,19.75,19.75,19.5,19.69,19.75,18.75,19.4,19.75,17.75,18.95,19.75,17.75,18.95,0,0.105769231,0.109508547,-0.003739316,19.90963083,19.46536917,1,100.3024996,0.045039258,0.022565672,19.75
2005-06-10,19.75,0,0,1.28,5.33,0,0,19.75,19.75,19.75,19.75,19.5,19.7,19.75,18.75,19.42,19.75,17.75,18.96,19.75,17.75,18.96,0,0.096153846,0.111467236,-0.01531339,19.90519567,19.49480433,1,100.3023071,0.045039258,0.020832048,19.75
2005-06-13,19.75,0,0,1.28,5.33,0,0,19.75,19.75,19.75,19.75,19.5,19.71,19.75,18.75,19.43,19.75,17.75,18.97,19.75,17.75,18.97,0,0.086538462,0.111111111,-0.02457265,19.89567377,19.52932623,1,100.3021148,0.045039258,0.01858453,19.75
2005-06-14,19.75,0,0,1.28,5.33,0,0,19.75,19.75,19.75,19.75,19.5,19.73,19.75,18.75,19.45,19.75,17.75,18.98,19.75,17.75,18.98,0,0.076923077,0.108440171,-0.031517094,19.87889675,19.57110325,1,100.3019228,0.045039258,0.015604233,19.75
2005-06-15,19.75,0,0,1.28,5.33,0,0,19.75,19.75,19.75,19.75,19.5,19.74,19.75,18.75,19.47,19.75,17.75,18.98,19.75,17.75,18.98,0,0.067307692,0.103454416,-0.036146724,19.8493034,19.6256966,1,100.301731,0.045039258,0.011329033,19.75
2005-06-16,19.75,0,0,1.28,5.33,0,0,19.75,19.75,19.75,19.75,19.75,19.75,19.75,19.25,19.48,19.75,17.75,18.99,19.75,17.75,18.99,0,0.057692308,0.096153846,-0.038461538,19.75,19.75,0,100.3015394,0.045039258,0,19.75
2005-06-17,19.75,0,0,0,2.6,0,0,19.75,19.75,19.75,19.75,19.75,19.75,19.75,19.25,19.49,19.75,17.75,19,19.75,17.75,19,0,0.048076923,0.086538462,-0.038461538,19.75,19.75,0,100.2713037,0,0,19.75
2005-06-20,19.75,0,0,0,2.6,0,0,19.75,19.75,19.75,19.75,19.75,19.75,19.75,19.25,19.5,19.75,17.75,19,19.75,17.75,19,0,0.038461538,0.076923077,-0.038461538,19.75,19.75,0,100.2426761,0,0,19.75
2005-06-21,19.75,0,0,0,2.6,0,0,19.75,19.75,19.75,19.75,19.75,19.75,19.75,19.25,19.5,19.75,17.75,19.01,19.75,17.75,19.01,0,0.028846154,0.067307692,-0.038461538,19.75,19.75,0,100.2156539,0,0,19.75
2005-06-22,19.75,0,0,0,2.6,0,0,19.75,19.75,19.75,19.75,19.75,19.75,19.75,19.25,19.51,19.75,17.75,19.01,19.75,17.75,19.01,0,0.019230769,0.057692308,-0.038461538,19.75,19.75,0,100.1902346,0,0,19.75
2005-06-23,19.75,0,0,0,2.6,0,0,19.75,19.75,19.75,19.75,19.75,19.75,19.75,19.25,19.52,19.75,17.75,19.02,19.75,17.75,19.02,0,0.009615385,0.048076923,-0.038461538,19.75,19.75,0,100.1664157,0,0,19.75
2005-06-24,19.75,0,0,0,2.6,0,0,19.75,19.75,19.75,19.75,19.75,19.75,19.75,19.25,19.53,19.75,17.75,19.03,19.75,17.75,19.03,0,0,0.038461538,-0.038461538,19.75,19.75,0,100.144195,0,0,19.75
2005-06-27,19.75,0,0,0,2.6,0,0,19.75,19.75,19.75,19.75,19.75,19.75,19.75,19.25,19.53,19.75,17.75,19.03,19.75,17.75,19.03,0,0,0.02991453,-0.02991453,19.75,19.75,0,100.1235702,0,0,19.75
2005-06-28,19.75,0,0,0,2.6,0,0,19.75,19.75,19.75,19.75,19.75,19.75,19.75,19.25,19.54,19.75,17.75,19.04,19.75,17.75,19.04,0,0,0.022435897,-0.022435897,19.75,19.75,0,100.1045396,0,0,19.75
2005-06-29,19.75,0,0,0,2.6,0,0,19.75,19.75,19.75,19.75,19.75,19.75,19.75,19.25,19.55,19.75,17.75,19.04,19.75,17.75,19.04,0,0,0.016025641,-0.016025641,19.75,19.75,0,100.0871011,0,0,19.75
2005-06-30,19.75,0,0,0,2.6,0,0,19.75,19.75,19.75,19.75,19.75,19.75,19.75,19.25,19.56,19.75,17.75,19.05,19.75,17.75,19.05,0,0,0.010683761,-0.010683761,19.75,19.75,0,100.0712533,0,0,19.75
2005-07-01,19.75,0,0,0,2.6,0,0,19.75,19.75,19.75,19.75,19.75,19.75,19.75,19.25,19.57,19.75,17.75,19.06,19.75,17.75,19.06,0,0,0.006410256,-0.006410256,19.75,19.75,0,100.0569945,0,0,19.75
2005-07-04,19.75,0,0,0,2.6,0,0,19.75,19.75,19.75,19.75,19.75,19.75,19.75,19.25,19.57,19.75,17.75,19.06,19.75,17.75,19.06,0,0,0.003205128,-0.003205128,19.75,19.75,0,100.0443234,0,0,19.75
2005-07-05,19.75,0,0,0,2.6,0,0,19.75,19.75,19.75,19.75,19.75,19.75,19.75,19.25,19.58,19.75,17.75,19.07,19.75,17.75,19.07,0,0,0.001068376,-0.001068376,19.75,19.75,0,100.0332389,0,0,19.75
2005-07-06,19.75,0,0,0,2.6,0,0,19.75,19.75,19.75,19.75,19.75,19.75,19.75,19.25,19.59,19.75,17.75,19.07,19.75,17.75,19.07,0,0,0,0,19.75,19.75,0,100.0237398,0,0,19.75
2005-07-07,19.75,0,0,0,2.6,0,0,19.75,19.75,19.75,19.75,19.75,19.75,19.75,19.25,19.6,19.75,17.75,19.08,19.75,17.75,19.08,0,0,0,0,19.75,19.75,0,100.0158253,0,0,19.75
2005-07-08,19.75,0,0,0,2.6,11.27,0,19.75,19.75,19.75,19.75,19.75,19.75,19.75,19.25,19.6,19.75,17.75,19.09,19.75,17.75,19.08,0,0,0,0,19.75,19.75,0,100.0094946,0,0,19.75
2005-07-11,19.75,0,0,0,2.6,11.27,0,19.75,19.75,19.75,19.75,19.75,19.75,19.75,19.25,19.61,19.75,17.75,19.11,19.75,17.75,19.09,0,0,0,0,19.75,19.75,0,100.0047471,0,0,19.75
2005-07-12,19.75,0,0,0,2.6,11.27,0,19.75,19.75,19.75,19.75,19.75,19.75,19.75,19.25,19.62,19.75,17.75,19.12,19.75,17.75,19.09,0,0,0,0,19.75,19.75,0,100.0015823,0,0,19.75
2005-07-13,19.75,0,0,0,2.6,11.27,0,19.75,19.75,19.75,19.75,19.75,19.75,19.75,19.25,19.63,19.75,17.75,19.14,19.75,17.75,19.1,0,0,0,0,19.75,19.75,0,100,0,0,19.75
2005-07-14,19.75,0,0,0,2.6,11.27,0,19.75,19.75,19.75,19.75,19.75,19.75,19.75,19.25,19.63,19.75,17.75,19.15,19.75,17.75,19.1,0,0,0,0,19.75,19.75,0,100,0,0,19.75
2005-07-15,19.75,0,0,0,2.6,11.27,0,19.75,19.75,19.75,19.75,19.75,19.75,19.75,19.25,19.64,19.75,17.75,19.17,19.75,17.75,19.11,0,0,0,0,19.75,19.75,0,100,0,0,19.75
2005-07-18,19.75,0,0,0,2.6,11.27,0,19.75,19.75,19.75,19.75,19.75,19.75,19.75,19.25,19.65,19.75,17.75,19.18,19.75,17.75,19.11,0,0,0,0,19.75,19.75,0,100,0,0,19.75
2005-07-19,19.75,0,0,0,2.6,11.27,0,19.75,19.75,19.75,19.75,19.75,19.75,19.75,19.25,19.66,19.75,17.75,19.2,19.75,17.75,19.12,0,0,0,0,19.75,19.75,0,100,0,0,19.75
2005-07-20,19.75,0,0,0,2.6,11.27,0,19.75,19.75,19.75,19.75,19.75,19.75,19.75,19.25,19.67,19.75,17.75,19.22,19.75,17.75,19.12,0,0,0,0,19.75,19.75,0,100,0,0,19.75
2005-07-21,19.75,0,0,0,2.6,11.27,0,19.75,19.75,19.75,19.75,19.75,19.75,19.75,19.5,19.67,19.75,18.25,19.23,19.75,17.75,19.13,0,0,0,0,19.75,19.75,0,100,0,0,19.75
2005-07-22,19.75,0,0,0,1.28,8.22,0,19.75,19.75,19.75,19.75,19.75,19.75,19.75,19.5,19.68,19.75,18.25,19.24,19.75,17.75,19.13,0,0,0,0,19.75,19.75,0,100,0,0,19.75
2005-07-25,19.75,0,0,0,1.28,8.22,0,19.75,19.75,19.75,19.75,19.75,19.75,19.75,19.5,19.68,19.75,18.25,19.25,19.75,17.75,19.13,0,0,0,0,19.75,19.75,0,100,0,0,19.75
2005-07-26,19.75,0,0,0,1.28,8.22,0,19.75,19.75,19.75,19.75,19.75,19.75,19.75,19.5,19.68,19.75,18.25,19.27,19.75,17.75,19.14,0,0,0,0,19.75,19.75,0,100,0,0,19.75
2005-07-27,19.75,0,0,0,1.28,8.22,0,19.75,19.75,19.75,19.75,19.75,19.75,19.75,19.5,19.69,19.75,18.25,19.28,19.75,17.75,19.14,0,0,0,0,19.75,19.75,0,100,0,0,19.75
2005-07-28,19.75,0,0,0,1.28,8.22,0,19.75,19.75,19.75,19.75,19.75,19.75,19.75,19.5,19.69,19.75,18.25,19.29,19.75,17.75,19.15,0,0,0,0,19.75,19.75,0,100,0,0,19.75
2005-07-29,19.75,0,0,0,1.28,8.22,0,19.75,19.75,19.75,19.75,19.75,19.75,19.75,19.5,19.7,19.75,18.25,19.3,19.75,17.75,19.15,0,0,0,0,19.75,19.75,0,100,0,0,19.75
2005-08-01,19.75,0,0,0,1.28,8.22,0,19.75,19.75,19.75,19.75,19.75,19.75,19.75,19.5,19.7,19.75,18.25,19.31,19.75,17.75,19.15,0,0,0,0,19.75,19.75,0,100,0,0,19.75
2005-08-02,19.75,0,0,0,1.28,8.22,0,19.75,19.75,19.75,19.75,19.75,19.75,19.75,19.5,19.7,19.75,18.25,19.32,19.75,17.75,19.16,0,0,0,0,19.75,19.75,0,100,0,0,19.75
2005-08-03,19.75,0,0,0,1.28,8.22,0,19.75,19.75,19.75,19.75,19.75,19.75,19.75,19.5,19.71,19.75,18.25,19.33,19.75,17.75,19.16,0,0,0,0,19.75,19.75,0,100,0,0,19.75
2005-08-04,19.75,0,0,0,1.28,8.22,0,19.75,19.75,19.75,19.75,19.75,19.75,19.75,19.5,19.71,19.75,18.25,19.35,19.75,17.75,19.17,0,0,0,0,19.75,19.75,0,100,0,0,19.75
2005-08-05,19.75,0,0,0,1.28,8.22,0,19.75,19.75,19.75,19.75,19.75,19.75,19.75,19.5,19.72,19.75,18.25,19.36,19.75,17.75,19.17,0,0,0,0,19.75,19.75,0,100,0,0,19.75
2005-08-08,19.75,0,0,0,1.28,8.22,0,19.75,19.75,19.75,19.75,19.75,19.75,19.75,19.5,19.72,19.75,18.25,19.37,19.75,17.75,19.17,0,0,0,0,19.75,19.75,0,100,0,0,19.75
2005-08-09,19.75,0,0,0,1.28,8.22,0,19.75,19.75,19.75,19.75,19.75,19.75,19.75,19.5,19.72,19.75,18.25,19.38,19.75,17.75,19.18,0,0,0,0,19.75,19.75,0,100,0,0,19.75
2005-08-10,19.75,0,0,0,1.28,8.22,0,19.75,19.75,19.75,19.75,19.75,19.75,19.75,19.5,19.73,19.75,18.25,19.39,19.75,17.75,19.18,0,0,0,0,19.75,19.75,0,100,0,0,19.75
2005-08-11,19.75,0,0,0,1.28,8.22,0,19.75,19.75,19.75,19.75,19.75,19.75,19.75,19.5,19.73,19.75,18.25,19.4,19.75,17.75,19.19,0,0,0,0,19.75,19.75,0,100,0,0,19.75
2005-08-12,19.75,0,0,0,1.28,8.22,0,19.75,19.75,19.75,19.75,19.75,19.75,19.75,19.5,19.73,19.75,18.25,19.42,19.75,17.75,19.19,0,0,0,0,19.75,19.75,0,100,0,0,19.75
2005-08-15,19.75,0,0,0,1.28,8.22,0,19.75,19.75,19.75,19.75,19.75,19.75,19.75,19.5,19.74,19.75,18.25,19.43,19.75,17.75,19.19,0,0,0,0,19.75,19.75,0,100,0,0,19.75
2005-08-16,19.75,0,0,0,1.28,8.22,0,19.75,19.75,19.75,19.75,19.75,19.75,19.75,19.5,19.74,19.75,18.25,19.44,19.75,17.75,19.2,0,0,0,0,19.75,19.75,0,100,0,0,19.75
2005-08-17,19.75,0,0,0,1.28,8.22,0,19.75,19.75,19.75,19.75,19.75,19.75,19.75,19.5,19.75,19.75,18.25,19.45,19.75,17.75,19.2,0,0,0,0,19.75,19.75,0,100,0,0,19.75
2005-08-18,19.75,0,0,0,1.28,8.22,0,19.75,19.75,19.75,19.75,19.75,19.75,19.75,19.75,19.75,19.75,18.75,19.46,19.75,17.75,19.2,0,0,0,0,19.75,19.75,0,100,0,0,19.75
2005-08-19,19.75,0,0,0,0,5.33,0,19.75,19.75,19.75,19.75,19.75,19.75,19.75,19.75,19.75,19.75,18.75,19.47,19.75,17.75,19.21,0,0,0,0,19.75,19.75,0,100,0,0,19.75
2005-08-22,19.75,0,0,0,0,5.33,0,19.75,19.75,19.75,19.75,19.75,19.75,19.75,19.75,19.75,19.75,18.75,19.48,19.75,17.75,19.21,0,0,0,0,19.75,19.75,0,100,0,0,19.75
2005-08-23,19.75,0,0,0,0,5.33,0,19.75,19.75,19.75,19.75,19.75,19.75,19.75,19.75,19.75,19.75,18.75,19.48,19.75,17.75,19.21,0,0,0,0,19.75,19.75,0,100,0,0,19.75
2005-08-24,19.75,0,0,0,0,5.33,0,19.75,19.75,19.75,19.75,19.75,19.75,19.75,19.75,19.75,19.75,18.75,19.49,19.75,17.75,19.22,0,0,0,0,19.75,19.75,0,100,0,0,19.75
2005-08-25,19.75,0,0,0,0,5.33,0,19.75,19.75,19.75,19.75,19.75,19.75,19.75,19.75,19.75,19.75,18.75,19.5,19.75,17.75,19.22,0,0,0,0,19.75,19.75,0,100,0,0,19.75
2005-08-26,19.75,0,0,0,0,5.33,0,19.75,19.75,19.75,19.75,19.75,19.75,19.75,19.75,19.75,19.75,18.75,19.51,19.75,17.75,19.22,0,0,0,0,19.75,19.75,0,100,0,0,19.75
2005-08-29,19.75,0,0,0,0,5.33,0,19.75,19.75,19.75,19.75,19.75,19.75,19.75,19.75,19.75,19.75,18.75,19.52,19.75,17.75,19.23,0,0,0,0,19.75,19.75,0,100,0,0,19.75
2005-08-30,19.75,0,0,0,0,5.33,0,19.75,19.75,19.75,19.75,19.75,19.75,19.75,19.75,19.75,19.75,18.75,19.52,19.75,17.75,19.23,0,0,0,0,19.75,19.75,0,100,0,0,19.75
2005-08-31,19.75,0,0,0,0,5.33,0,19.75,19.75,19.75,19.75,19.75,19.75,19.75,19.75,19.75,19.75,18.75,19.53,19.75,17.75,19.23,0,0,0,0,19.75,19.75,0,100,0,0,19.75
2005-09-01,19.75,0,0,0,0,5.33,0,19.75,19.75,19.75,19.75,19.75,19.75,19.75,19.75,19.75,19.75,18.75,19.54,19.75,17.75,19.24,0,0,0,0,19.75,19.75,0,100,0,0,19.75
2005-09-02,19.75,0,0,0,0,5.33,0,19.75,19.75,19.75,19.75,19.75,19.75,19.75,19.75,19.75,19.75,18.75,19.55,19.75,17.75,19.24,0,0,0,0,19.75,19.75,0,100,0,0,19.75
2005-09-05,19.75,0,0,0,0,5.33,0,19.75,19.75,19.75,19.75,19.75,19.75,19.75,19.75,19.75,19.75,18.75,19.55,19.75,17.75,19.24,0,0,0,0,19.75,19.75,0,100,0,0,19.75
2005-09-06,19.75,0,0,0,0,5.33,0,19.75,19.75,19.75,19.75,19.75,19.75,19.75,19.75,19.75,19.75,18.75,19.56,19.75,17.75,19.24,0,0,0,0,19.75,19.75,0,100,0,0,19.75
2005-09-07,19.75,0,0,0,0,5.33,0,19.75,19.75,19.75,19.75,19.75,19.75,19.75,19.75,19.75,19.75,18.75,19.57,19.75,17.75,19.25,0,0,0,0,19.75,19.75,0,100,0,0,19.75
2005-09-08,19.75,0,0,0,0,5.33,0,19.75,19.75,19.75,19.75,19.75,19.75,19.75,19.75,19.75,19.75,18.75,19.58,19.75,17.75,19.25,0,0,0,0,19.75,19.75,0,100,0,0,19.75
2005-09-09,19.75,0,0,0,0,5.33,0,19.75,19.75,19.75,19.75,19.75,19.75,19.75,19.75,19.75,19.75,18.75,19.58,19.75,17.75,19.25,0,0,0,0,19.75,19.75,0,100,0,0,19.75
2005-09-12,19.75,0,0,0,0,5.33,0,19.75,19.75,19.75,19.75,19.75,19.75,19.75,19.75,19.75,19.75,18.75,19.59,19.75,17.75,19.26,0,0,0,0,19.75,19.75,0,100,0,0,19.75
2005-09-13,19.75,0,0,0,0,5.33,0,19.75,19.75,19.75,19.75,19.75,19.75,19.75,19.75,19.75,19.75,18.75,19.6,19.75,17.75,19.26,0,0,0,0,19.75,19.75,0,100,0,0,19.75
2005-09-14,19.75,0,0,0,0,5.33,0,19.75,19.75,19.75,19.75,19.75,19.75,19.75,19.75,19.75,19.75,18.75,19.61,19.75,17.75,19.26,0,0,0,0,19.75,19.75,0,100,0,0,19.75
2005-09-15,19.75,0,0,0,0,5.33,0,19.75,19.75,19.75,19.75,19.75,19.75,19.75,19.75,19.75,19.75,19.25,19.62,19.75,17.75,19.26,0,0,0,0,19.75,19.75,0,100,0,0,19.75
2005-09-16,19.5,-1.27,-1.27,-1.27,-1.27,1.3,0,19.75,19.5,19.7,19.75,19.5,19.74,19.75,19.5,19.75,19.75,19.25,19.62,19.75,17.75,19.27,0,-0.011217949,-0.001246439,-0.00997151,19.8493034,19.6256966,0,99.93829016,0.045039258,0.011329033,19.5
2005-09-19,19.5,0,-1.27,-1.27,-1.27,1.3,0,19.75,19.5,19.65,19.75,19.5,19.73,19.75,19.5,19.74,19.75,19.25,19.62,19.75,17.75,19.27,0,-0.022435897,-0.003739316,-0.018696581,19.87889675,19.57110325,0,99.87815877,0.045039258,0.015604233,19.5
2005-09-20,19.5,0,-1.27,-1.27,-1.27,1.3,0,19.75,19.5,19.6,19.75,19.5,19.71,19.75,19.5,19.74,19.75,19.25,19.62,19.75,17.75,19.27,0,-0.033653846,-0.007478632,-0.026175214,19.89567377,19.52932623,0,99.81960313,0.045039258,0.01858453,19.5
2005-09-21,19.5,0,-1.27,-1.27,-1.27,1.3,0,19.75,19.5,19.55,19.75,19.5,19.7,19.75,19.5,19.73,19.75,19.25,19.62,19.75,17.75,19.27,0,-0.044871795,-0.012464387,-0.032407407,19.90519567,19.49480433,0,99.76262067,0.045039258,0.020832048,19.5
2005-09-22,19.5,0,-1.27,-1.27,-1.27,1.3,0,19.5,19.5,19.5,19.75,19.5,19.69,19.75,19.5,19.73,19.75,19.25,19.63,19.75,17.75,19.27,0,-0.056089744,-0.018696581,-0.037393162,19.90963083,19.46536917,0,99.70720899,0.045039258,0.022565672,19.5
2005-09-23,19.5,0,0,-1.27,-1.27,1.3,0,19.5,19.5,19.5,19.75,19.5,19.68,19.75,19.5,19.73,19.75,19.25,19.63,19.75,17.75,19.27,0,-0.067307692,-0.026175214,-0.041132479,19.91008117,19.43991883,0,99.65336583,0.045039258,0.023896434,19.5
2005-09-26,19.5,0,0,-1.27,-1.27,1.3,0,19.5,19.5,19.5,19.75,19.5,19.66,19.75,19.5,19.72,19.75,19.25,19.63,19.75,17.75,19.27,0,-0.078525641,-0.034900285,-0.043625356,19.90718024,19.41781976,0,99.60108909,0.045039258,0.024888009,19.5
2005-09-27,19.5,0,0,-1.27,-1.27,1.3,0,19.5,19.5,19.5,19.75,19.5,19.65,19.75,19.5,19.72,19.75,19.25,19.63,19.75,17.75,19.27,0,-0.08974359,-0.044871795,-0.044871795,19.90131234,19.39868766,0,99.5503768,0.045039258,0.025578865,19.5
2005-09-28,19.5,0,0,-1.27,-1.27,1.3,0,19.5,19.5,19.5,19.75,19.5,19.64,19.75,19.5,19.72,19.75,19.25,19.63,19.75,17.75,19.28,0,-0.100961538,-0.056089744,-0.044871795,19.89270889,19.38229111,0,99.50122714,0.045039258,0.025991994,19.5
2005-09-29,19.5,0,0,-1.27,-1.27,1.3,0,19.5,19.5,19.5,19.75,19.5,19.63,19.75,19.5,19.71,19.75,19.25,19.63,19.75,17.75,19.28,0,-0.112179487,-0.067307692,-0.044871795,19.88149459,19.36850541,0,99.45363845,0.045039258,0.026139576,19.5
2005-09-30,19.5,0,0,-1.27,-1.27,1.3,0,19.5,19.5,19.5,19.75,19.5,19.61,19.75,19.5,19.71,19.75,19.25,19.64,19.75,17.75,19.28,0,-0.123397436,-0.078525641,-0.044871795,19.86770889,19.35729111,0,99.40760921,0.045039258,0.026025126,19.5
2005-10-03,19.5,0,0,-1.27,-1.27,1.3,0,19.5,19.5,19.5,19.75,19.5,19.6,19.75,19.5,19.7,19.75,19.25,19.64,19.75,17.75,19.28,0,-0.134615385,-0.08974359,-0.044871795,19.85131234,19.34868766,0,99.36313805,0.045039258,0.025644117,19.5
2005-10-04,19.5,0,0,-1.27,-1.27,1.3,0,19.5,19.5,19.5,19.75,19.5,19.59,19.75,19.5,19.7,19.75,19.25,19.64,19.75,17.75,19.28,0,-0.125,-0.098646724,-0.026353276,19.83218024,19.34281976,0,99.32022374,0.045039258,0.024983305,19.5
2005-10-05,19.5,0,0,-1.27,-1.27,1.3,0,19.5,19.5,19.5,19.75,19.5,19.58,19.75,19.5,19.7,19.75,19.25,19.64,19.75,17.75,19.28,0,-0.115384615,-0.105235043,-0.010149573,19.81008117,19.33991883,0,99.2788652,0.045039258,0.024018511,19.5
2005-10-06,19.5,0,0,-1.27,-1.27,1.3,0,19.5,19.5,19.5,19.75,19.5,19.56,19.75,19.5,19.69,19.75,19.25,19.64,19.75,17.75,19.28,0,-0.105769231,-0.109508547,0.003739316,19.78463083,19.34036917,0,99.23906151,0.045039258,0.022709861,19.5
2005-10-07,19.5,0,0,-1.27,-1.27,1.3,0,19.5,19.5,19.5,19.75,19.5,19.55,19.75,19.5,19.69,19.75,19.25,19.65,19.75,17.75,19.28,0,-0.096153846,-0.111467236,0.01531339,19.75519567,19.34480433,0,99.20081187,0.045039258,0.020991884,19.5
2005-10-10,19.5,0,0,-1.27,-1.27,1.3,0,19.5,19.5,19.5,19.75,19.5,19.54,19.75,19.5,19.68,19.75,19.25,19.65,19.75,17.75,19.28,0,-0.086538462,-0.111111111,0.02457265,19.72067377,19.35432623,0,99.16411566,0.045039258,0.018750994,19.5
2005-10-11,19.5,0,0,-1.27,-1.27,1.3,0,19.5,19.5,19.5,19.75,19.5,19.53,19.75,19.5,19.68,19.75,19.25,19.65,19.75,17.75,19.29,0,-0.076923077,-0.108440171,0.031517094,19.67889675,19.37110325,0,99.12897238,0.045039258,0.015764072,19.5
2005-10-12,19.5,0,0,-1.27,-1.27,1.3,0,19.5,19.5,19.5,19.75,19.5,19.51,19.75,19.5,19.68,19.75,19.25,19.65,19.75,17.75,19.29,0,-0.067307692,-0.103454416,0.036146724,19.6243034,19.4006966,0,99.09538169,0.045039258,0.011459669,19.5
2005-10-13,19.5,0,0,-1.27,-1.27,1.3,0,19.5,19.5,19.5,19.5,19.5,19.5,19.75,19.5,19.67,19.75,19.25,19.65,19.75,17.75,19.29,0,-0.057692308,-0.096153846,0.038461538,19.5,19.5,0,99.06334339,0.045039258,0,19.5
2005-10-14,19.5,0,0,0,-1.27,1.3,0,19.5,19.5,19.5,19.5,19.5,19.5,19.75,19.5,19.67,19.75,19.25,19.66,19.75,17.75,19.29,0,-0.048076923,-0.086538462,0.038461538,19.5,19.5,0,99.09323339,0,0,19.5
2005-10-17,19.5,0,0,0,-1.27,1.3,0,19.5,19.5,19.5,19.5,19.5,19.5,19.75,19.5,19.67,19.75,19.25,19.66,19.75,17.75,19.29,0,-0.038461538,-0.076923077,0.038461538,19.5,19.5,0,99.12156688,0,0,19.5
2005-10-18,19.5,0,0,0,-1.27,1.3,0,19.5,19.5,19.5,19.5,19.5,19.5,19.75,19.5,19.66,19.75,19.25,19.66,19.75,17.75,19.29,0,-0.028846154,-0.067307692,0.038461538,19.5,19.5,0,99.14834117,0,0,19.5
2005-10-19,19.5,0,0,0,-1.27,1.3,0,19.5,19.5,19.5,19.5,19.5,19.5,19.75,19.5,19.66,19.75,19.25,19.66,19.75,17.75,19.29,0,-0.019230769,-0.057692308,0.038461538,19.5,19.5,0,99.17355372,0,0,19.5
2005-10-20,19.5,0,0,0,-1.27,1.3,0,19.5,19.5,19.5,19.5,19.5,19.5,19.75,19.5,19.65,19.75,19.5,19.66,19.75,17.75,19.29,0,-0.009615385,-0.048076923,0.038461538,19.5,19.5,0,99.19720213,0,0,19.5
2005-10-21,19,-2.56,-2.56,-2.56,-3.8,-2.56,0,19.5,19,19.4,19.5,19,19.48,19.75,19,19.64,19.75,19,19.66,19.75,17.75,19.29,0,-0.022435897,-0.040954416,0.018518519,19.6986068,19.2513932,0,99.09523128,0.091837213,0.022963471,19
2005-10-24,19,0,-2.56,-2.56,-3.8,-2.56,0,19.5,19,19.3,19.5,19,19.45,19.75,19,19.63,19.75,19,19.66,19.75,17.75,19.29,0,-0.044871795,-0.037393162,-0.007478632,19.75779351,19.14220649,0,98.99478305,0.091837213,0.031649718,19
2005-10-25,19,0,-2.56,-2.56,-3.8,-2.56,0,19.5,19,19.2,19.5,19,19.43,19.75,19,19.62,19.75,19,19.65,19.75,17.75,19.29,0,-0.067307692,-0.037393162,-0.02991453,19.79134755,19.05865245,0,98.89585388,0.091837213,0.037719181,19
2005-10-26,19,0,-2.56,-2.56,-3.8,-2.56,0,19.5,19,19.1,19.5,19,19.4,19.75,19,19.61,19.75,19,19.65,19.75,17.75,19.29,0,-0.08974359,-0.040954416,-0.048789174,19.81039134,18.98960866,0,98.79844036,0.091837213,0.042308386,19
2005-10-27,19,0,-2.56,-2.56,-3.8,-2.56,0,19,19,19,19.5,19,19.38,19.75,19,19.6,19.75,19,19.64,19.75,17.75,19.29,0,-0.112179487,-0.048076923,-0.064102564,19.81926166,18.93073834,0,98.7025392,0.091837213,0.045859268,19
2005-10-28,19,0,0,-2.56,-3.8,-2.56,0,19,19,19,19.5,19,19.35,19.75,19,19.58,19.75,19,19.64,19.75,17.75,19.28,0,-0.134615385,-0.058760684,-0.075854701,19.82016235,18.87983765,0,98.60814728,0.091837213,0.048595591,19
2005-10-31,19,0,0,-2.56,-3.8,-2.56,0,19,19,19,19.5,19,19.33,19.75,19,19.57,19.75,19,19.64,19.75,17.75,19.28,0,-0.157051282,-0.073005698,-0.084045584,19.81436048,18.83563952,0,98.51526158,0.091837213,0.050645328,19
2005-11-01,19,0,0,-2.56,-3.8,-2.56,0,19,19,19,19.5,19,19.3,19.75,19,19.56,19.75,19,19.63,19.75,17.75,19.28,0,-0.179487179,-0.090811966,-0.088675214,19.80262469,18.79737531,0,98.42387927,0.091837213,0.05208546,19
2005-11-02,19,0,0,-2.56,-3.8,-2.56,0,19,19,19,19.5,19,19.28,19.75,19,19.55,19.75,19,19.63,19.75,17.75,19.28,0,-0.201923077,-0.112179487,-0.08974359,19.78541779,18.76458221,0,98.33399761,0.091837213,0.052961638,19
2005-11-03,19,0,0,-2.56,-3.8,-2.56,0,19,19,19,19.5,19,19.25,19.75,19,19.54,19.75,19,19.63,19.75,17.75,19.28,0,-0.224358974,-0.134615385,-0.08974359,19.76298918,18.73701082,0,98.24561404,0.091837213,0.053297577,19
2005-11-04,19,0,0,-2.56,-3.8,-2.56,0,19,19,19,19.5,19,19.23,19.75,19,19.53,19.75,19,19.62,19.75,17.75,19.28,0,-0.246794872,-0.157051282,-0.08974359,19.73541779,18.71458221,0,98.15872611,0.091837213,0.05309938,19
2005-11-07,19,0,0,-2.56,-3.8,-2.56,0,19,19,19,19.5,19,19.2,19.75,19,19.52,19.75,19,19.62,19.75,17.75,19.28,0,-0.269230769,-0.179487179,-0.08974359,19.70262469,18.69737531,0,98.07333152,0.091837213,0.052356739,19
2005-11-08,19,0,0,-2.56,-3.8,-2.56,0,19,19,19,19.5,19,19.18,19.75,19,19.5,19.75,19,19.61,19.75,17.75,19.28,0,-0.25,-0.197293447,-0.052706553,19.66436048,18.68563952,0,97.98942813,0.091837213,0.051041511,19
2005-11-09,19,0,0,-2.56,-3.8,-2.56,0,19,19,19,19.5,19,19.15,19.75,19,19.49,19.75,19,19.61,19.75,17.75,19.27,0,-0.230769231,-0.210470085,-0.020299145,19.62016235,18.67983765,0,97.9070139,0.091837213,0.049103117,19
2005-11-10,19,0,0,-2.56,-3.8,-2.56,0,19,19,19,19.5,19,19.13,19.75,19,19.48,19.75,19,19.61,19.75,17.75,19.27,0,-0.211538462,-0.219017094,0.007478632,19.56926166,18.68073834,0,97.82608696,0.091837213,0.046458736,19
2005-11-11,19,0,0,-2.56,-3.8,-2.56,0,19,19,19,19.5,19,19.1,19.75,19,19.47,19.75,19,19.6,19.75,17.75,19.27,0,-0.192307692,-0.222934473,0.030626781,19.51039134,18.68960866,0,97.7482088,0.091837213,0.042972915,19
2005-11-14,19,0,0,-2.56,-3.8,-2.56,0,19,19,19,19.5,19,19.08,19.75,19,19.46,19.75,19,19.6,19.75,17.75,19.27,0,-0.173076923,-0.222222222,0.049145299,19.44134755,18.70865245,0,97.67337664,0.091837213,0.038411276,19
2005-11-15,19,0,0,-2.56,-3.8,-2.56,0,19,19,19,19.5,19,19.05,19.75,19,19.45,19.75,19,19.59,19.75,17.75,19.27,0,-0.153846154,-0.216880342,0.063034188,19.35779351,18.74220649,0,97.60158827,0.091837213,0.032314279,19
2005-11-16,19,0,0,-2.56,-3.8,-2.56,0,19,19,19,19.5,19,19.03,19.75,19,19.43,19.75,19,19.59,19.75,17.75,19.27,0,-0.134615385,-0.206908832,0.072293447,19.2486068,18.8013932,0,97.53284204,0.091837213,0.023506628,19
2005-11-17,19,0,0,-2.56,-3.8,-2.56,0,19,19,19,19,19,19,19.75,19,19.42,19.75,19,19.59,19.75,17.75,19.27,0,-0.115384615,-0.192307692,0.076923077,19,19,0,97.4671369,0.091837213,0,19
2005-11-18,19,0,0,0,-3.8,-3.8,0,19,19,19,19,19,19,19.75,19,19.41,19.75,19,19.58,19.75,17.75,19.27,0,-0.096153846,-0.173076923,0.076923077,19,19,0,97.52654711,0,0,19
2005-11-21,19,0,0,0,-3.8,-3.8,0,19,19,19,19,19,19,19.75,19,19.4,19.75,19,19.58,19.75,17.75,19.26,0,-0.076923077,-0.153846154,0.076923077,19,19,0,97.58289731,0,0,19
2005-11-22,19,0,0,0,-3.8,-3.8,0,19,19,19,19,19,19,19.75,19,19.39,19.75,19,19.57,19.75,17.75,19.26,0,-0.057692308,-0.134615385,0.076923077,19,19,0,97.63617677,0,0,19
2005-11-23,19,0,0,0,-3.8,-3.8,0,19,19,19,19,19,19,19.75,19,19.38,19.75,19,19.56,19.75,17.75,19.26,0,-0.038461538,-0.115384615,0.076923077,19,19,0,97.68637532,0,0,19
2005-11-24,19,0,0,0,-3.8,-3.8,0,19,19,19,19,19,19,19.75,19,19.37,19.75,19,19.56,19.75,17.75,19.26,0,-0.019230769,-0.096153846,0.076923077,19,19,0,97.73348336,0,0,19
2005-11-25,18.5,-2.63,-2.63,-2.63,-6.33,-6.33,0,19,18.5,18.9,19,18.5,18.98,19.75,18.5,19.35,19.75,18.5,19.55,19.75,17.75,19.26,0,-0.022435897,-0.079415954,0.056980057,19.1986068,18.7513932,0,97.65197813,0.094286492,0.023568569,18.5
2005-11-28,18.5,0,-2.63,-2.63,-6.33,-6.33,0,19,18.5,18.8,19,18.5,18.95,19.75,18.5,19.33,19.75,18.5,19.54,19.75,17.75,19.25,0,-0.044871795,-0.067307692,0.022435897,19.25779351,18.64220649,0,97.57039421,0.094286492,0.032484803,18.5
2005-11-29,18.5,0,-2.63,-2.63,-6.33,-6.33,0,19,18.5,18.7,19,18.5,18.93,19.75,18.5,19.31,19.75,18.5,19.53,19.75,17.75,19.25,0,-0.067307692,-0.05982906,-0.007478632,19.29134755,18.55865245,0,97.48873149,0.094286492,0.038715725,18.5
2005-11-30,18.5,0,-2.63,-2.63,-6.33,-6.33,0,19,18.5,18.6,19,18.5,18.9,19.75,18.5,19.29,19.75,18.5,19.52,19.75,17.75,19.25,0,-0.08974359,-0.056980057,-0.032763533,19.31039134,18.48960866,0,97.40698985,0.094286492,0.043427655,18.5
2005-12-01,18.5,0,-2.63,-2.63,-6.33,-6.33,0,18.5,18.5,18.5,19,18.5,18.88,19.75,18.5,19.27,19.75,18.5,19.51,19.75,17.75,19.24,0,-0.112179487,-0.058760684,-0.053418803,19.31926166,18.43073834,0,97.32516919,0.094286492,0.047074083,18.5
2005-12-02,18.5,0,0,-2.63,-6.33,-6.33,0,18.5,18.5,18.5,19,18.5,18.85,19.75,18.5,19.25,19.75,18.5,19.5,19.75,17.75,19.24,0,-0.134615385,-0.06517094,-0.069444444,19.32016235,18.37983765,0,97.24326939,0.094286492,0.049884599,18.5
2005-12-05,18.5,0,0,-2.63,-6.33,-6.33,0,18.5,18.5,18.5,19,18.5,18.83,19.75,18.5,19.23,19.75,18.5,19.49,19.75,17.75,19.24,0,-0.157051282,-0.076210826,-0.080840456,19.31436048,18.33563952,0,97.16129032,0.094286492,0.05199049,18.5
2005-12-06,18.5,0,0,-2.63,-6.33,-6.33,0,18.5,18.5,18.5,19,18.5,18.8,19.75,18.5,19.21,19.75,18.5,19.48,19.75,17.75,19.24,0,-0.179487179,-0.091880342,-0.087606838,19.30262469,18.29737531,0,97.07923189,0.094286492,0.053470712,18.5
2005-12-07,18.5,0,0,-2.63,-6.33,-6.33,0,18.5,18.5,18.5,19,18.5,18.78,19.75,18.5,19.19,19.75,18.5,19.47,19.75,17.75,19.23,0,-0.201923077,-0.112179487,-0.08974359,19.28541779,18.26458221,0,96.99709396,0.094286492,0.054372068,18.5
2005-12-08,18.5,0,0,-2.63,-6.33,-6.33,0,18.5,18.5,18.5,19,18.5,18.75,19.75,18.5,19.17,19.75,18.5,19.46,19.75,17.75,19.23,0,-0.224358974,-0.134615385,-0.08974359,19.26298918,18.23701082,0,96.91487643,0.094286492,0.054718845,18.5
2005-12-09,18.5,0,0,-2.63,-6.33,-6.33,0,18.5,18.5,18.5,19,18.5,18.73,19.75,18.5,19.15,19.75,18.5,19.45,19.75,17.75,19.23,0,-0.246794872,-0.157051282,-0.08974359,19.23541779,18.21458221,0,96.83257919,0.094286492,0.054517253,18.5
2005-12-12,18.5,0,0,-2.63,-6.33,-6.33,0,18.5,18.5,18.5,19,18.5,18.7,19.75,18.5,19.13,19.75,18.5,19.44,19.75,17.75,19.22,0,-0.269230769,-0.179487179,-0.08974359,19.20262469,18.19737531,0,96.7502021,0.094286492,0.053756651,18.5
2005-12-13,18.5,0,0,-2.63,-6.33,-6.33,0,18.5,18.5,18.5,19,18.5,18.68,19.75,18.5,19.12,19.75,18.5,19.43,19.75,17.75,19.22,0,-0.25,-0.197293447,-0.052706553,19.16436048,18.18563952,0,96.66774507,0.094286492,0.052408084,18.5
2005-12-14,18.5,0,0,-2.63,-6.33,-6.33,0,18.5,18.5,18.5,19,18.5,18.65,19.75,18.5,19.1,19.75,18.5,19.42,19.75,17.75,19.22,0,-0.230769231,-0.210470085,-0.020299145,19.12016235,18.17983765,0,96.58520796,0.094286492,0.050419555,18.5
2005-12-15,18.5,0,0,-2.63,-6.33,-6.33,0,18.5,18.5,18.5,19,18.5,18.63,19.5,18.5,19.08,19.75,18.5,19.41,19.75,17.75,19.21,0,-0.211538462,-0.219017094,0.007478632,19.06926166,18.18073834,0,96.53385164,0.094286492,0.04770595,18.5
2005-12-16,18,-2.7,-2.7,-5.26,-7.69,-8.86,0,18.5,18,18.4,19,18,18.58,19.5,18,19.05,19.75,18,19.4,19.75,17.75,19.21,0,-0.21474359,-0.22542735,0.010683761,19.06436048,18.08563952,0,96.35897935,0.131576272,0.052690227,18
2005-12-19,18,0,-2.7,-5.26,-7.69,-8.86,0,18.5,18,18.3,19,18,18.53,19.5,18,19.03,19.75,18,19.39,19.75,17.75,19.2,0,-0.217948718,-0.229700855,0.011752137,19.03541779,18.01458221,0,96.19004349,0.131576272,0.055105834,18
2005-12-20,18,0,-2.7,-5.26,-7.69,-8.86,0,18.5,18,18.2,19,18,18.48,19.5,18,19.01,19.75,18,19.37,19.75,17.75,19.2,0,-0.221153846,-0.231837607,0.010683761,18.98541779,17.96458221,0,96.02702791,0.131576272,0.05525497,18
2005-12-21,18,0,-2.7,-5.26,-7.69,-8.86,0,18.5,18,18.1,19,18,18.43,19.5,18,18.98,19.75,18,19.36,19.75,17.75,19.19,0,-0.224358974,-0.231837607,0.007478632,18.91436048,17.93563952,0,95.8699187,0.131576272,0.053119184,18
2005-12-22,18,0,-2.7,-5.26,-7.69,-8.86,0,18,18,18,18.5,18,18.38,19.5,18,18.96,19.75,18,19.35,19.75,17.75,19.19,0,-0.227564103,-0.229700855,0.002136752,18.81926166,17.93073834,0,95.71870422,0.131576272,0.04835501,18
2005-12-23,18,0,0,-2.7,-7.69,-8.86,0,18,18,18,18.5,18,18.35,19.5,18,18.94,19.75,18,19.33,19.75,17.75,19.19,0,-0.230769231,-0.22542735,-0.00534188,18.82016235,17.87983765,0,95.69752282,0.096870002,0.051243852,18
2005-12-26,18,0,0,-2.7,-7.69,-8.86,0,18,18,18,18.5,18,18.33,19.5,18,18.92,19.75,18,19.32,19.75,17.75,19.18,0,-0.233974359,-0.223646724,-0.010327635,18.81436048,17.83563952,0,95.67629303,0.096870002,0.053409057,18
2005-12-27,18,0,0,-2.7,-7.69,-8.86,0,18,18,18,18.5,18,18.3,19.5,18,18.89,19.75,18,19.31,19.75,17.75,19.18,0,-0.237179487,-0.224358974,-0.012820513,18.80262469,17.79737531,0,95.6550147,0.096870002,0.05493166,18
2005-12-28,18,0,0,-2.7,-7.69,-8.86,0,18,18,18,18.5,18,18.28,19.5,18,18.87,19.75,18,19.29,19.75,17.75,19.17,0,-0.240384615,-0.227564103,-0.012820513,18.78541779,17.76458221,0,95.63368765,0.096870002,0.055859676,18
2005-12-29,18,0,0,-2.7,-7.69,-8.86,0,18,18,18,18.5,18,18.25,19.5,18,18.85,19.75,18,19.28,19.75,17.75,19.17,0,-0.243589744,-0.230769231,-0.012820513,18.76298918,17.73701082,0,95.61231172,0.096870002,0.056217992,18
2005-12-30,18,0,0,-2.7,-7.69,-8.86,0,18,18,18,18.5,18,18.23,19.5,18,18.82,19.75,18,19.27,19.75,17.75,19.16,0,-0.246794872,-0.233974359,-0.012820513,18.73541779,17.71458221,0,95.59088674,0.096870002,0.056012926,18
2006-01-02,18,0,0,-2.7,-7.69,-8.86,0,18,18,18,18.5,18,18.2,19.5,18,18.8,19.75,18,19.25,19.75,17.75,19.16,0,-0.269230769,-0.239316239,-0.02991453,18.70262469,17.69737531,0,95.56941254,0.096870002,0.055233482,18
2006-01-03,18,0,0,-2.7,-7.69,-8.86,0,18,18,18,18.5,18,18.18,19.5,18,18.78,19.75,18,19.24,19.75,17.75,19.15,0,-0.25,-0.242165242,-0.007834758,18.66436048,17.68563952,0,95.54788894,0.096870002,0.053849847,18
2006-01-04,18,0,0,-2.7,-7.69,-8.86,0,18,18,18,18.5,18,18.15,19.5,18,18.75,19.75,18,19.23,19.75,17.75,19.15,0,-0.230769231,-0.242521368,0.011752137,18.62016235,17.67983765,0,95.52631579,0.096870002,0.051808523,18
2006-01-05,18,0,0,-2.7,-7.69,-8.86,0,18,18,18,18.5,18,18.13,19.5,18,18.73,19.75,18,19.21,19.75,17.75,19.14,0,-0.211538462,-0.240384615,0.028846154,18.56926166,17.68073834,0,95.5046929,0.096870002,0.049021976,18
2006-01-06,18,0,0,-2.7,-7.69,-8.86,1.41,18,18,18,18.5,18,18.1,19.5,18,18.71,19.75,18,19.2,19.75,17.75,19.15,0,-0.192307692,-0.235754986,0.043447293,18.51039134,17.68960866,0,95.48302011,0.096870002,0.045347109,18
2006-01-09,18,0,0,-2.7,-7.69,-8.86,1.41,18,18,18,18.5,18,18.08,19.5,18,18.68,19.75,18,19.18,19.75,17.75,19.15,0,-0.173076923,-0.228632479,0.055555556,18.44134755,17.70865245,0,95.46129724,0.096870002,0.040536382,18
2006-01-10,18,0,0,-2.7,-7.69,-8.86,1.41,18,18,18,18.5,18,18.05,19.5,18,18.66,19.75,18,19.17,19.75,17.75,19.15,0,-0.153846154,-0.219017094,0.06517094,18.35779351,17.74220649,0,95.43952412,0.096870002,0.034104544,18
2006-01-11,18,0,0,-2.7,-7.69,-8.86,1.41,18,18,18,18.5,18,18.03,19.5,18,18.64,19.75,18,19.16,19.75,17.75,19.15,0,-0.134615385,-0.206908832,0.072293447,18.2486068,17.8013932,0,95.41770058,0.096870002,0.02481074,18
2006-01-12,18,0,0,-2.7,-7.69,-8.86,1.41,18,18,18,18,18,18,19.5,18,18.62,19.75,18,19.14,19.75,17.75,19.15,0,-0.115384615,-0.192307692,0.076923077,18,18,0,95.36423841,0.096870002,0,18
2006-01-13,18,0,0,0,-7.69,-8.86,1.41,18,18,18,18,18,18,19.5,18,18.59,19.75,18,19.13,19.75,17.75,19.15,0,-0.096153846,-0.173076923,0.076923077,18,18,0,95.43692216,0,0,18
2006-01-16,18,0,0,0,-7.69,-8.86,1.41,18,18,18,18,18,18,19.5,18,18.57,19.75,18,19.12,19.75,17.75,19.15,0,-0.076923077,-0.153846154,0.076923077,18,18,0,95.50338241,0,0,18
2006-01-17,18,0,0,0,-7.69,-8.86,1.41,18,18,18,18,18,18,19.5,18,18.55,19.75,18,19.1,19.75,17.75,19.15,0,-0.057692308,-0.134615385,0.076923077,18,18,0,95.56359293,0,0,18
2006-01-18,18,0,0,0,-7.69,-8.86,1.41,18,18,18,18,18,18,19.5,18,18.52,19.75,18,19.09,19.75,17.75,19.15,0,-0.038461538,-0.115384615,0.076923077,18,18,0,95.61752988,0,0,18
2006-01-19,18,0,0,0,-7.69,-8.86,1.41,18,18,18,18,18,18,19,18,18.5,19.75,18,19.08,19.75,18,19.15,0,-0.019230769,-0.096153846,0.076923077,18,18,0,95.72876849,0,0,18
2006-01-20,17.25,-4.17,-4.17,-4.17,-9.21,-12.66,-5.48,18,17.25,17.85,18,17.25,17.96,19,17.25,18.47,19.75,17.25,19.06,19.75,17.25,19.15,0,-0.033653846,-0.080662393,0.047008547,18.2979102,17.6270898,0,95.64219039,0.15047096,0.037345603,17.25
2006-01-23,17.25,0,-4.17,-4.17,-9.21,-12.66,-5.48,18,17.25,17.7,18,17.25,17.93,19,17.25,18.45,19.75,17.25,19.04,19.75,17.25,19.15,0,-0.067307692,-0.071047009,0.003739316,18.38669026,17.46330974,0,95.55699935,0.15047096,0.051513557,17.25
2006-01-24,17.25,0,-4.17,-4.17,-9.21,-12.66,-5.48,18,17.25,17.55,18,17.25,17.89,19,17.25,18.42,19.75,17.25,19.02,19.75,17.25,19.14,0,-0.100961538,-0.067307692,-0.033653846,18.43702132,17.33797868,0,95.47319612,0.15047096,0.061441937,17.25
2006-01-25,17.25,0,-4.17,-4.17,-9.21,-12.66,-5.48,18,17.25,17.4,18,17.25,17.85,19,17.25,18.39,19.75,17.25,19,19.75,17.25,19.14,0,-0.134615385,-0.069444444,-0.06517094,18.46558701,17.23441299,0,95.39078156,0.15047096,0.068973335,17.25
2006-01-26,17.25,0,-4.17,-4.17,-9.21,-12.66,-5.48,17.25,17.25,17.25,18,17.25,17.81,19,17.25,18.37,19.75,17.25,18.98,19.75,17.25,19.13,0,-0.168269231,-0.077457265,-0.090811966,18.47889249,17.14610751,0,95.30975671,0.15047096,0.074823016,17.25
2006-01-27,17.25,0,0,-4.17,-9.21,-12.66,-5.48,17.25,17.25,17.25,18,17.25,17.78,19,17.25,18.34,19.75,17.25,18.96,19.75,17.25,19.13,0,-0.201923077,-0.091346154,-0.110576923,18.48024352,17.06975648,0,95.23012272,0.15047096,0.079352295,17.25
2006-01-30,17.25,0,0,-4.17,-9.21,-12.66,-5.48,17.25,17.25,17.25,18,17.25,17.74,19,17.25,18.31,19.75,17.25,18.94,19.75,17.25,19.13,0,-0.235576923,-0.111111111,-0.124465812,18.47154073,17.00345927,0,95.15188091,0.15047096,0.082767101,17.25
2006-01-31,17.25,0,0,-4.17,-9.21,-12.66,-5.48,17.25,17.25,17.25,18,17.25,17.7,19,17.25,18.28,19.75,17.25,18.92,19.75,17.25,19.12,0,-0.269230769,-0.136752137,-0.132478632,18.45393703,16.94606297,0,95.07503273,0.15047096,0.085190625,17.25
2006-02-01,17.25,0,0,-4.17,-9.21,-12.66,-5.48,17.25,17.25,17.25,18,17.25,17.66,19,17.25,18.26,19.75,17.25,18.9,19.75,17.25,19.12,0,-0.302884615,-0.168269231,-0.134615385,18.42812668,16.89687332,0,94.9995798,0.15047096,0.086695165,17.25
2006-02-02,17.25,0,0,-4.17,-9.21,-12.66,-5.48,17.25,17.25,17.25,18,17.25,17.63,19,17.25,18.23,19.75,17.25,18.88,19.75,17.25,19.12,0,-0.336538462,-0.201923077,-0.134615385,18.39448376,16.85551624,0,94.92552386,0.15047096,0.087317307,17.25
2006-02-03,17.25,0,0,-4.17,-9.21,-12.66,-5.48,17.25,17.25,17.25,18,17.25,17.59,19,17.25,18.2,19.75,17.25,18.87,19.75,17.25,19.11,0,-0.370192308,-0.235576923,-0.134615385,18.35312668,16.82187332,0,94.85286682,0.15047096,0.087064867,17.25
2006-02-06,17.25,0,0,-4.17,-9.21,-12.66,-5.48,17.25,17.25,17.25,18,17.25,17.55,19,17.25,18.18,19.75,17.25,18.85,19.75,17.25,19.11,0,-0.403846154,-0.269230769,-0.134615385,18.30393703,16.79606297,0,94.78161075,0.15047096,0.08591875,17.25
2006-02-07,17.25,0,0,-4.17,-9.21,-12.66,-5.48,17.25,17.25,17.25,18,17.25,17.51,19,17.25,18.15,19.75,17.25,18.83,19.75,17.25,19.1,0,-0.375,-0.295940171,-0.079059829,18.24654073,16.77845927,0,94.71175785,0.15047096,0.08383049,17.25
2006-02-08,17.25,0,0,-4.17,-9.21,-12.66,-5.48,17.25,17.25,17.25,18,17.25,17.48,19,17.25,18.12,19.75,17.25,18.81,19.75,17.25,19.1,0,-0.346153846,-0.315705128,-0.030448718,18.18024352,16.76975648,0,94.64331048,0.15047096,0.080714566,17.25
2006-02-09,17.25,0,0,-4.17,-9.21,-12.66,-5.48,17.25,17.25,17.25,18,17.25,17.44,19,17.25,18.1,19.75,17.25,18.79,19.75,17.25,19.1,0,-0.317307692,-0.328525641,0.011217949,18.10389249,16.77110751,0,94.57627119,0.15047096,0.076432113,17.25
2006-02-10,17.25,0,0,-4.17,-9.21,-12.66,-5.48,17.25,17.25,17.25,18,17.25,17.4,19,17.25,18.07,19.75,17.25,18.77,19.75,17.25,19.09,0,-0.288461538,-0.334401709,0.045940171,18.01558701,16.78441299,0,94.51385117,0.15047096,0.070757128,17.25
2006-02-13,17.25,0,0,-4.17,-9.21,-12.66,-5.48,17.25,17.25,17.25,18,17.25,17.36,19,17.25,18.04,19.75,17.25,18.75,19.75,17.25,19.09,0,-0.259615385,-0.333333333,0.073717949,17.91202132,16.81297868,0,94.45606161,0.15047096,0.063299792,17.25
2006-02-14,17.25,0,0,-4.17,-9.21,-12.66,-5.48,17.25,17.25,17.25,18,17.25,17.33,19,17.25,18.02,19.75,17.25,18.73,19.75,17.25,19.08,0,-0.230769231,-0.325320513,0.094551282,17.78669026,16.86330974,0,94.40291518,0.15047096,0.053297577,17.25
2006-02-15,17.25,0,0,-4.17,-9.21,-12.66,-5.48,17.25,17.25,17.25,18,17.25,17.29,19,17.25,17.99,19.75,17.25,18.71,19.75,17.25,19.08,0,-0.201923077,-0.310363248,0.108440171,17.6229102,16.9520898,0,94.35442606,0.15047096,0.038803783,17.25
2006-02-16,17.25,0,0,-4.17,-9.21,-12.66,-5.48,17.25,17.25,17.25,17.25,17.25,17.25,19,17.25,17.96,19.75,17.25,18.69,19.75,17.25,19.08,0,-0.173076923,-0.288461538,0.115384615,17.25,17.25,0,94.24620113,0.15047096,0,17.25
2006-02-17,17.25,0,0,0,-9.21,-12.66,-8,17.25,17.25,17.25,17.25,17.25,17.25,19,17.25,17.93,19.75,17.25,18.67,19.75,17.25,19.07,0,-0.144230769,-0.259615385,0.115384615,17.25,17.25,0,94.33801036,0,0,17.25
2006-02-20,17.25,0,0,0,-9.21,-12.66,-8,17.25,17.25,17.25,17.25,17.25,17.25,19,17.25,17.91,19.75,17.25,18.65,19.75,17.25,19.07,0,-0.115384615,-0.230769231,0.115384615,17.25,17.25,0,94.42515267,0,0,17.25
2006-02-21,17.25,0,0,0,-9.21,-12.66,-8,17.25,17.25,17.25,17.25,17.25,17.25,19,17.25,17.88,19.75,17.25,18.63,19.75,17.25,19.06,0,-0.086538462,-0.201923077,0.115384615,17.25,17.25,0,94.5076017,0,0,17.25
2006-02-22,17.25,0,0,0,-9.21,-12.66,-8,17.25,17.25,17.25,17.25,17.25,17.25,19,17.25,17.85,19.75,17.25,18.62,19.75,17.25,19.05,0,-0.057692308,-0.173076923,0.115384615,17.25,17.25,0,94.58533242,0,0,17.25
2006-02-23,17.25,0,0,0,-9.21,-12.66,-8,17.25,17.25,17.25,17.25,17.25,17.25,18.5,17.25,17.83,19.75,17.25,18.6,19.75,17.25,19.05,0,-0.028846154,-0.144230769,0.115384615,17.25,17.25,0,94.72329472,0,0,17.25
2006-02-24,17.25,0,0,0,-6.76,-12.66,-8,17.25,17.25,17.25,17.25,17.25,17.25,18.5,17.25,17.81,19.75,17.25,18.58,19.75,17.25,19.04,0,0,-0.115384615,0.115384615,17.25,17.25,0,94.85676971,0,0,17.25
2006-02-27,17.25,0,0,0,-6.76,-12.66,-8,17.25,17.25,17.25,17.25,17.25,17.25,18.5,17.25,17.79,19.75,17.25,18.56,19.75,17.25,19.04,0,0,-0.08974359,0.08974359,17.25,17.25,0,94.98571773,0,0,17.25
2006-02-28,17.25,0,0,0,-6.76,-12.66,-8,17.25,17.25,17.25,17.25,17.25,17.25,18.5,17.25,17.77,19.75,17.25,18.54,19.75,17.25,19.03,0,0,-0.067307692,0.067307692,17.25,17.25,0,95.11010028,0,0,17.25
2006-03-01,17.25,0,0,0,-6.76,-12.66,-8,17.25,17.25,17.25,17.25,17.25,17.25,18.5,17.25,17.75,19.75,17.25,18.52,19.75,17.25,19.03,0,0,-0.048076923,0.048076923,17.25,17.25,0,95.2298801,0,0,17.25
2006-03-02,17.25,0,0,0,-6.76,-12.66,-8,17.25,17.25,17.25,17.25,17.25,17.25,18.5,17.25,17.73,19.75,17.25,18.5,19.75,17.25,19.02,0,0,-0.032051282,0.032051282,17.25,17.25,0,95.34502116,0,0,17.25
2006-03-03,17.25,0,0,0,-6.76,-12.66,-8,17.25,17.25,17.25,17.25,17.25,17.25,18.5,17.25,17.71,19.75,17.25,18.48,19.75,17.25,19.01,0,0,-0.019230769,0.019230769,17.25,17.25,0,95.45548869,0,0,17.25
2006-03-06,17.25,0,0,0,-6.76,-12.66,-8,17.25,17.25,17.25,17.25,17.25,17.25,18.5,17.25,17.69,19.75,17.25,18.46,19.75,17.25,19.01,0,0,-0.009615385,0.009615385,17.25,17.25,0,95.56124922,0,0,17.25
2006-03-07,17.25,0,0,0,-6.76,-12.66,-8,17.25,17.25,17.25,17.25,17.25,17.25,18.5,17.25,17.67,19.75,17.25,18.44,19.75,17.25,19,0,0,-0.003205128,0.003205128,17.25,17.25,0,95.66227059,0,0,17.25
2006-03-08,16.5,-4.35,-4.35,-4.35,-10.81,-16.46,-12,17.25,16.5,17.1,17.25,16.5,17.21,18.5,16.5,17.64,19.75,16.5,18.42,19.75,16.5,18.99,0,-0.033653846,-0.003739316,-0.02991453,17.5479102,16.8770898,0,95.55532424,0.157160714,0.038972862,16.5
2006-03-09,16.5,0,-4.35,-4.35,-10.81,-16.46,-12,17.25,16.5,16.95,17.25,16.5,17.18,18.5,16.5,17.61,19.75,16.5,18.39,19.75,16.5,18.98,0,-0.067307692,-0.011217949,-0.056089744,17.63669026,16.71330974,0,95.4481513,0.157160714,0.053763058,16.5
2006-03-10,16.5,0,-4.35,-4.35,-10.81,-16.46,-12,17.25,16.5,16.8,17.25,16.5,17.14,18.5,16.5,17.58,19.75,16.5,18.37,19.75,16.5,18.98,0,-0.100961538,-0.022435897,-0.078525641,17.68702132,16.58797868,0,95.34075104,0.157160714,0.064130862,16.5
2006-03-13,16.5,0,-4.35,-4.35,-10.81,-16.46,-12,17.25,16.5,16.65,17.25,16.5,17.1,18.5,16.5,17.55,19.75,16.5,18.34,19.75,16.5,18.97,0,-0.134615385,-0.037393162,-0.097222222,17.71558701,16.48441299,0,95.23312275,0.157160714,0.071998481,16.5
2006-03-14,16.5,0,-4.35,-4.35,-10.81,-16.46,-12,16.5,16.5,16.5,17.25,16.5,17.06,18.5,16.5,17.52,19.75,16.5,18.32,19.75,16.5,18.96,0,-0.168269231,-0.056089744,-0.112179487,17.72889249,16.39610751,0,95.12526569,0.157160714,0.07811194,16.5
2006-03-15,16.5,0,0,-4.35,-10.81,-16.46,-12,16.5,16.5,16.5,17.25,16.5,17.03,18.5,16.5,17.49,19.75,16.5,18.29,19.75,16.5,18.95,0,-0.201923077,-0.078525641,-0.123397436,17.73024352,16.31975648,0,95.01717913,0.157160714,0.08284799,16.5
2006-03-16,16.5,0,0,-4.35,-10.81,-16.46,-12,16.5,16.5,16.5,17.25,16.5,16.99,18,16.5,17.46,19.5,16.5,18.27,19.75,16.5,18.94,0,-0.235576923,-0.104700855,-0.130876068,17.72154073,16.25345927,0,94.97519044,0.157160714,0.086421278,16.5
2006-03-17,16.5,0,0,-4.35,-8.33,-15.38,-14.29,16.5,16.5,16.5,17.25,16.5,16.95,18,16.5,17.43,19.5,16.5,18.24,19.75,16.5,18.93,0,-0.269230769,-0.134615385,-0.134615385,17.70393703,16.19606297,0,94.93803823,0.157160714,0.088960122,16.5
2006-03-20,16.5,0,0,-4.35,-8.33,-15.38,-14.29,16.5,16.5,16.5,17.25,16.5,16.91,18,16.5,17.41,19.5,16.5,18.22,19.75,16.5,18.92,0,-0.302884615,-0.168269231,-0.134615385,17.67812668,16.14687332,0,94.9057431,0.157160714,0.09053974,16.5
2006-03-21,16.5,0,0,-4.35,-8.33,-15.38,-14.29,16.5,16.5,16.5,17.25,16.5,16.88,18,16.5,17.39,19.5,16.5,18.2,19.75,16.5,18.91,0,-0.336538462,-0.201923077,-0.134615385,17.64448376,16.10551624,0,94.87832733,0.157160714,0.091198076,16.5
2006-03-22,16.5,0,0,-4.35,-8.33,-15.38,-14.29,16.5,16.5,16.5,17.25,16.5,16.84,18,16.5,17.37,19.5,16.5,18.18,19.75,16.5,18.9,0,-0.370192308,-0.235576923,-0.134615385,17.60312668,16.07187332,0,94.85581494,0.157160714,0.090943035,16.5
2006-03-23,16.5,0,0,-4.35,-8.33,-15.38,-14.29,16.5,16.5,16.5,17.25,16.5,16.8,18,16.5,17.34,19.5,16.5,18.15,19.75,16.5,18.89,0,-0.403846154,-0.269230769,-0.134615385,17.55393703,16.04606297,0,94.77135705,0.157160714,0.089754409,16.5
2006-03-24,16.5,0,0,-4.35,-8.33,-15.38,-14.29,16.5,16.5,16.5,17.25,16.5,16.76,18,16.5,17.32,19.5,16.5,18.13,19.75,16.5,18.88,0,-0.375,-0.295940171,-0.079059829,17.49654073,16.02845927,0,94.69168711,0.157160714,0.087581295,16.5
2006-03-27,16.5,0,0,-4.35,-8.33,-15.38,-14.29,16.5,16.5,16.5,17.25,16.5,16.73,18,16.5,17.3,19.5,16.5,18.11,19.75,16.5,18.87,0,-0.346153846,-0.315705128,-0.030448718,17.43024352,16.01975648,0,94.61681252,0.157160714,0.084334053,16.5
2006-03-28,16.5,0,0,-4.35,-8.33,-15.38,-14.29,16.5,16.5,16.5,17.25,16.5,16.69,18,16.5,17.27,19.5,16.5,18.08,19.75,16.5,18.86,0,-0.317307692,-0.328525641,0.011217949,17.35389249,16.02110751,0,94.54674221,0.157160714,0.079867264,16.5
2006-03-29,16.5,0,0,-4.35,-8.33,-15.38,-14.29,16.5,16.5,16.5,17.25,16.5,16.65,18,16.5,17.25,19.5,16.5,18.06,19.75,16.5,18.85,0,-0.288461538,-0.334401709,0.045940171,17.26558701,16.03441299,0,94.48148674,0.157160714,0.073944386,16.5
2006-03-30,16.5,0,0,-4.35,-8.33,-15.38,-14.29,16.5,16.5,16.5,17.25,16.5,16.61,18,16.5,17.23,19.5,16.5,18.04,19.75,16.5,18.84,0,-0.259615385,-0.333333333,0.073717949,17.16202132,16.06297868,0,94.42105824,0.157160714,0.066157571,16.5
2006-03-31,16.5,0,0,-4.35,-8.33,-15.38,-14.29,16.5,16.5,16.5,17.25,16.5,16.58,18,16.5,17.2,19.5,16.5,18.01,19.75,16.5,18.83,0,-0.230769231,-0.325320513,0.094551282,17.03669026,16.11330974,0,94.36547049,0.157160714,0.055709232,16.5
2006-04-03,16.5,0,0,-4.35,-8.33,-15.38,-14.29,16.5,16.5,16.5,17.25,16.5,16.54,18,16.5,17.18,19.5,16.5,17.99,19.75,16.5,18.81,0,-0.201923077,-0.310363248,0.108440171,16.8729102,16.2020898,0,94.31473891,0.157160714,0.040563591,16.5
2006-04-04,16.5,0,0,-4.35,-8.33,-15.38,-14.29,16.5,16.5,16.5,16.5,16.5,16.5,18,16.5,17.16,19.5,16.5,17.97,19.75,16.5,18.8,0,-0.173076923,-0.288461538,0.115384615,16.5,16.5,0,94.26888056,0.157160714,0,16.5
2006-04-05,16.5,0,0,0,-8.33,-15.38,-14.29,16.5,16.5,16.5,16.5,16.5,16.5,18,16.5,17.13,19.5,16.5,17.94,19.75,16.5,18.79,0,-0.144230769,-0.259615385,0.115384615,16.5,16.5,0,94.4324218,0,0,16.5
2006-04-06,16.5,0,0,0,-8.33,-15.38,-14.29,16.5,16.5,16.5,16.5,16.5,16.5,18,16.5,17.11,19.5,16.5,17.92,19.75,16.5,18.78,0,-0.115384615,-0.230769231,0.115384615,16.5,16.5,0,94.59144736,0,0,16.5
2006-04-07,16.5,0,0,0,-8.33,-15.38,-14.29,16.5,16.5,16.5,16.5,16.5,16.5,18,16.5,17.09,19.5,16.5,17.9,19.75,16.5,18.77,0,-0.086538462,-0.201923077,0.115384615,16.5,16.5,0,94.7459087,0,0,16.5
2006-04-10,16.5,0,0,0,-8.33,-15.38,-14.29,16.5,16.5,16.5,16.5,16.5,16.5,18,16.5,17.07,19.5,16.5,17.88,19.75,16.5,18.76,0,-0.057692308,-0.173076923,0.115384615,16.5,16.5,0,94.89575845,0,0,16.5
2006-04-11,16.5,0,0,0,-8.33,-15.38,-14.29,16.5,16.5,16.5,16.5,16.5,16.5,18,16.5,17.04,19.5,16.5,17.85,19.75,16.5,18.75,0,-0.028846154,-0.144230769,0.115384615,16.5,16.5,0,95.04095041,0,0,16.5
2006-04-12,16.5,0,0,0,-8.33,-15.38,-14.29,16.5,16.5,16.5,16.5,16.5,16.5,18,16.5,17.02,19.5,16.5,17.83,19.75,16.5,18.74,0,0,-0.115384615,0.115384615,16.5,16.5,0,95.18143962,0,0,16.5
2006-04-13,16.5,0,0,0,-8.33,-15.38,-14.29,16.5,16.5,16.5,16.5,16.5,16.5,18,16.5,17,19.5,16.5,17.81,19.75,16.5,18.73,0,0,-0.08974359,0.08974359,16.5,16.5,0,95.24840351,0,0,16.5
2006-04-14,16.5,0,0,0,-8.33,-15.38,-14.29,16.5,16.5,16.5,16.5,16.5,16.5,18,16.5,16.97,19.5,16.5,17.78,19.75,16.5,18.72,0,0,-0.067307692,0.067307692,16.5,16.5,0,95.31030001,0,0,16.5
2006-04-17,16.5,0,0,0,-8.33,-15.38,-14.29,16.5,16.5,16.5,16.5,16.5,16.5,18,16.5,16.95,19.5,16.5,17.76,19.75,16.5,18.71,0,0,-0.048076923,0.048076923,16.5,16.5,0,95.36710918,0,0,16.5
2006-04-18,16.5,0,0,0,-8.33,-15.38,-14.29,16.5,16.5,16.5,16.5,16.5,16.5,18,16.5,16.93,19.5,16.5,17.74,19.75,16.5,18.7,0,0,-0.032051282,0.032051282,16.5,16.5,0,95.41881269,0,0,16.5
2006-04-19,15.75,-4.55,-4.55,-4.55,-12.5,-19.23,-18.18,16.5,15.75,16.35,16.5,15.75,16.46,18,15.75,16.89,19.5,15.75,17.71,19.75,15.75,18.68,0,-0.033653846,-0.022970085,-0.010683761,16.7979102,16.1270898,0,95.25359371,0.164473093,0.040748391,15.75
2006-04-20,15.75,0,-4.55,-4.55,-12.5,-19.23,-18.18,16.5,15.75,16.2,16.5,15.75,16.43,17.25,15.75,16.86,19,15.75,17.68,19.75,15.75,18.67,0,-0.067307692,-0.020833333,-0.046474359,16.88669026,15.96330974,0,95.19152404,0.164473093,0.056217992,15.75
2006-04-21,15.75,0,-4.55,-4.55,-8.7,-17.11,-19.23,16.5,15.75,16.05,16.5,15.75,16.39,17.25,15.75,16.83,19,15.75,17.65,19.75,15.75,18.66,0,-0.100961538,-0.025641026,-0.075320513,16.93702132,15.83797868,0,95.1292517,0.164473093,0.067065913,15.75
2006-04-24,15.75,0,-4.55,-4.55,-8.7,-17.11,-19.23,16.5,15.75,15.9,16.5,15.75,16.35,17.25,15.75,16.81,19,15.75,17.63,19.75,15.75,18.64,0,-0.134615385,-0.037393162,-0.097222222,16.96558701,15.73441299,0,95.06677569,0.164473093,0.075301163,15.75
2006-04-25,15.75,0,-4.55,-4.55,-8.7,-17.11,-19.23,15.75,15.75,15.75,16.5,15.75,16.31,17.25,15.75,16.79,19,15.75,17.6,19.75,15.75,18.63,0,-0.168269231,-0.056089744,-0.112179487,16.97889249,15.64610751,0,95.004095,0.164473093,0.081703293,15.75
2006-04-26,15.75,0,0,-4.55,-8.7,-17.11,-19.23,15.75,15.75,15.75,16.5,15.75,16.28,17.25,15.75,16.77,19,15.75,17.58,19.75,15.75,18.61,0,-0.201923077,-0.078525641,-0.123397436,16.98024352,15.56975648,0,94.94120864,0.164473093,0.08666587,15.75
2006-04-27,15.75,0,0,-4.55,-8.7,-17.11,-19.23,15.75,15.75,15.75,16.5,15.75,16.24,17.25,15.75,16.74,19,15.75,17.55,19.75,15.75,18.6,0,-0.235576923,-0.104700855,-0.130876068,16.97154073,15.50345927,0,94.87811558,0.164473093,0.090413023,15.75
2006-04-28,15.75,0,0,-4.55,-8.7,-17.11,-19.23,15.75,15.75,15.75,16.5,15.75,16.2,17.25,15.75,16.72,19,15.75,17.53,19.75,15.75,18.58,0,-0.269230769,-0.134615385,-0.134615385,16.95393703,15.44606297,0,94.81481481,0.164473093,0.093078646,15.75
2006-05-01,15.75,0,0,-4.55,-8.7,-17.11,-19.23,15.75,15.75,15.75,16.5,15.75,16.16,17.25,15.75,16.7,19,15.75,17.5,19.75,15.75,18.57,0,-0.302884615,-0.168269231,-0.134615385,16.92812668,15.39687332,0,94.7513053,0.164473093,0.09474112,15.75
2006-05-02,15.75,0,0,-4.55,-8.7,-17.11,-19.23,15.75,15.75,15.75,16.5,15.75,16.13,17.25,15.75,16.67,19,15.75,17.48,19.75,15.75,18.56,0,-0.336538462,-0.201923077,-0.134615385,16.89448376,15.35551624,0,94.68758602,0.164473093,0.095439847,15.75
2006-05-03,15.75,0,0,-4.55,-8.7,-17.11,-19.23,15.75,15.75,15.75,16.5,15.75,16.09,17.25,15.75,16.65,19,15.75,17.45,19.75,15.75,18.54,0,-0.370192308,-0.235576923,-0.134615385,16.85312668,15.32187332,0,94.62887394,0.164473093,0.095182804,15.75
2006-05-04,15.75,0,0,-4.55,-8.7,-17.11,-19.23,15.75,15.75,15.75,16.5,15.75,16.05,17.25,15.75,16.63,19,15.75,17.43,19.75,15.75,18.53,0,-0.403846154,-0.269230769,-0.134615385,16.80393703,15.29606297,0,94.57518506,0.164473093,0.09394854,15.75
2006-05-05,15.75,0,0,-4.55,-8.7,-17.11,-19.23,15.75,15.75,15.75,16.5,15.75,16.01,17.25,15.75,16.6,19,15.75,17.4,19.75,15.75,18.51,0,-0.375,-0.295940171,-0.079059829,16.74654073,15.27845927,0,94.52653716,0.164473093,0.091683463,15.75
2006-05-08,15.75,0,0,-4.55,-8.7,-17.11,-19.23,15.75,15.75,15.75,16.5,15.75,15.98,17.25,15.75,16.58,19,15.75,17.38,19.75,15.75,18.5,0,-0.346153846,-0.315705128,-0.030448718,16.68024352,15.26975648,0,94.48294982,0.164473093,0.088293398,15.75
2006-05-09,15.75,0,0,-4.55,-8.7,-17.11,-19.23,15.75,15.75,15.75,16.5,15.75,15.94,17.25,15.75,16.56,19,15.75,17.35,19.75,15.75,18.48,0,-0.317307692,-0.328525641,0.011217949,16.60389249,15.27110751,0,94.44444444,0.164473093,0.083625724,15.75
2006-05-10,15.75,0,0,-4.55,-8.7,-17.11,-19.23,15.75,15.75,15.75,16.5,15.75,15.9,17.25,15.75,16.53,19,15.75,17.33,19.75,15.75,18.47,0,-0.288461538,-0.334401709,0.045940171,16.51558701,15.28441299,0,94.41104431,0.164473093,0.077432328,15.75
2006-05-11,15.75,0,0,-4.55,-8.7,-17.11,-19.23,15.75,15.75,15.75,16.5,15.75,15.86,17.25,15.75,16.51,19,15.75,17.3,19.75,15.75,18.45,0,-0.259615385,-0.333333333,0.073717949,16.41202132,15.31297868,0,94.38277459,0.164473093,0.069285588,15.75
2006-05-12,15.75,0,0,-4.55,-8.7,-17.11,-19.23,15.75,15.75,15.75,16.5,15.75,15.83,17.25,15.75,16.49,19,15.75,17.28,19.75,15.75,18.44,0,-0.230769231,-0.325320513,0.094551282,16.28669026,15.36330974,0,94.35966236,0.164473093,0.05834948,15.75
2006-05-15,15.75,0,0,-4.55,-8.7,-17.11,-19.23,15.75,15.75,15.75,16.5,15.75,15.79,17.25,15.75,16.47,19,15.75,17.25,19.75,15.75,18.43,0,-0.201923077,-0.310363248,0.108440171,16.1229102,15.4520898,0,94.34173669,0.164473093,0.042490603,15.75
2006-05-16,15.75,0,0,-4.55,-8.7,-17.11,-19.23,15.75,15.75,15.75,15.75,15.75,15.75,17.25,15.75,16.44,19,15.75,17.23,19.75,15.75,18.41,0,-0.173076923,-0.288461538,0.115384615,15.75,15.75,0,94.32902864,0.164473093,0,15.75
2006-05-17,15.75,0,0,0,-8.7,-17.11,-19.23,15.75,15.75,15.75,15.75,15.75,15.75,17.25,15.75,16.42,19,15.75,17.2,19.75,15.75,18.4,0,-0.144230769,-0.259615385,0.115384615,15.75,15.75,0,94.53604187,0,0,15.75
2006-05-18,15.75,0,0,0,-8.7,-17.11,-19.23,15.75,15.75,15.75,15.75,15.75,15.75,17.25,15.75,16.4,19,15.75,17.18,19.75,15.75,18.38,0,-0.115384615,-0.230769231,0.115384615,15.75,15.75,0,94.6318932,0,0,15.75
2006-05-19,15.75,0,0,0,-8.7,-17.11,-20.25,15.75,15.75,15.75,15.75,15.75,15.75,17.25,15.75,16.37,19,15.75,17.15,19.75,15.75,18.37,0,-0.086538462,-0.201923077,0.115384615,15.75,15.75,0,94.72259811,0,0,15.75
2006-05-22,15.75,0,0,0,-8.7,-17.11,-20.25,15.75,15.75,15.75,15.75,15.75,15.75,17.25,15.75,16.35,19,15.75,17.13,19.75,15.75,18.35,0,-0.057692308,-0.173076923,0.115384615,15.75,15.75,0,94.80812641,0,0,15.75
2006-05-23,15.75,0,0,0,-8.7,-17.11,-20.25,15.75,15.75,15.75,15.75,15.75,15.75,17.25,15.75,16.33,19,15.75,17.1,19.75,15.75,18.34,0,-0.028846154,-0.144230769,0.115384615,15.75,15.75,0,94.88844959,0,0,15.75
2006-05-24,15.75,0,0,0,-8.7,-17.11,-20.25,15.75,15.75,15.75,15.75,15.75,15.75,17.25,15.75,16.3,19,15.75,17.08,19.75,15.75,18.32,0,0,-0.115384615,0.115384615,15.75,15.75,0,94.96354078,0,0,15.75
2006-05-25,15.75,0,0,0,-8.7,-17.11,-20.25,15.75,15.75,15.75,15.75,15.75,15.75,17.25,15.75,16.28,18.5,15.75,17.05,19.75,15.75,18.31,0,0,-0.08974359,0.08974359,15.75,15.75,0,95.03337482,0,0,15.75
2006-05-26,15.75,0,0,0,-8.7,-14.86,-20.25,15.75,15.75,15.75,15.75,15.75,15.75,17.25,15.75,16.26,18.5,15.75,17.03,19.75,15.75,18.29,0,0,-0.067307692,0.067307692,15.75,15.75,0,95.09792822,0,0,15.75
2006-05-29,15.75,0,0,0,-8.7,-14.86,-20.25,15.75,15.75,15.75,15.75,15.75,15.75,17.25,15.75,16.23,18.5,15.75,17.01,19.75,15.75,18.28,0,0,-0.048076923,0.048076923,15.75,15.75,0,95.15717927,0,0,15.75
2006-05-30,15.75,0,0,0,-8.7,-14.86,-20.25,15.75,15.75,15.75,15.75,15.75,15.75,17.25,15.75,16.21,18.5,15.75,16.99,19.75,15.75,18.26,0,0,-0.032051282,0.032051282,15.75,15.75,0,95.21110796,0,0,15.75
2006-05-31,15.25,-3.17,-3.17,-3.17,-11.59,-17.57,-22.78,15.75,15.25,15.65,15.75,15.25,15.73,17.25,15.25,16.18,18.5,15.25,16.97,19.75,15.25,18.24,0,-0.022435897,-0.021723647,-0.000712251,15.9486068,15.5013932,0,95.11208559,0.114059372,0.028439656,15.25
2006-06-01,15.25,0,-3.17,-3.17,-11.59,-17.57,-22.78,15.75,15.25,15.55,15.75,15.25,15.7,17.25,15.25,16.15,18.5,15.25,16.94,19.75,15.25,18.23,0,-0.044871795,-0.017094017,-0.027777778,16.00779351,15.39220649,0,95.01115776,0.114059372,0.039209364,15.25
2006-06-02,15.25,0,-3.17,-3.17,-11.59,-17.57,-22.78,15.75,15.25,15.45,15.75,15.25,15.68,17.25,15.25,16.12,18.5,15.25,16.92,19.75,15.25,18.21,0,-0.067307692,-0.018162393,-0.049145299,16.04134755,15.30865245,0,94.90832718,0.114059372,0.046742909,15.25
2006-06-05,15.25,0,-3.17,-3.17,-11.59,-17.57,-22.78,15.75,15.25,15.35,15.75,15.25,15.65,17.25,15.25,16.09,18.5,15.25,16.89,19.75,15.25,18.19,0,-0.08974359,-0.024928775,-0.064814815,16.06039134,15.23960866,0,94.80359678,0.114059372,0.052446178,15.25
2006-06-06,15.25,0,-3.17,-3.17,-11.59,-17.57,-22.78,15.25,15.25,15.25,15.75,15.25,15.63,16.5,15.25,16.06,18.5,15.25,16.87,19.75,15.25,18.17,0,-0.112179487,-0.037393162,-0.074786325,16.06926166,15.18073834,0,94.80470231,0.114059372,0.056865492,15.25
2006-06-07,15.25,0,0,-3.17,-7.58,-17.57,-22.78,15.25,15.25,15.25,15.75,15.25,15.6,16.5,15.25,16.04,18.5,15.25,16.84,19.75,15.25,18.16,0,-0.134615385,-0.052350427,-0.082264957,16.07016235,15.12983765,0,94.80401094,0.114059372,0.060277224,15.25
2006-06-08,15.25,0,0,-3.17,-7.58,-17.57,-22.78,15.25,15.25,15.25,15.75,15.25,15.58,16.5,15.25,16.02,18.5,15.25,16.82,19.75,15.25,18.14,0,-0.157051282,-0.06980057,-0.087250712,16.06436048,15.08563952,0,94.80151409,0.114059372,0.062839228,15.25
2006-06-09,15.25,0,0,-3.17,-7.58,-17.57,-22.78,15.25,15.25,15.25,15.75,15.25,15.55,16.5,15.25,16,18.5,15.25,16.79,19.75,15.25,18.12,0,-0.179487179,-0.08974359,-0.08974359,16.05262469,15.04737531,0,94.79720333,0.114059372,0.064646262,15.25
2006-06-12,15.25,0,0,-3.17,-7.58,-17.57,-22.78,15.25,15.25,15.25,15.75,15.25,15.53,16.5,15.25,15.98,18.5,15.25,16.77,19.75,15.25,18.1,0,-0.201923077,-0.112179487,-0.08974359,16.03541779,15.01458221,0,94.79107041,0.114059372,0.065754304,15.25
2006-06-13,15.25,0,0,-3.17,-7.58,-17.57,-22.78,15.25,15.25,15.25,15.75,15.25,15.5,16.5,15.25,15.96,18.5,15.25,16.74,19.75,15.25,18.09,0,-0.224358974,-0.134615385,-0.08974359,16.01298918,14.98701082,0,94.7831072,0.114059372,0.066192152,15.25
2006-06-14,15.25,0,0,-3.17,-7.58,-17.57,-22.78,15.25,15.25,15.25,15.75,15.25,15.48,16.5,15.25,15.94,18.5,15.25,16.72,19.75,15.25,18.07,0,-0.246794872,-0.157051282,-0.08974359,15.98541779,14.96458221,0,94.77874751,0.114059372,0.065966757,15.25
2006-06-15,15.25,0,0,-3.17,-7.58,-17.57,-22.78,15.25,15.25,15.25,15.75,15.25,15.45,16.5,15.25,15.92,18,15.25,16.69,19.75,15.25,18.05,0,-0.269230769,-0.179487179,-0.08974359,15.95262469,14.94737531,0,94.77800782,0.114059372,0.065064685,15.25
2006-06-16,15.25,0,0,-3.17,-7.58,-15.28,-22.78,15.25,15.25,15.25,15.75,15.25,15.43,16.5,15.25,15.9,18,15.25,16.67,19.75,15.25,18.03,0,-0.25,-0.197293447,-0.052706553,15.91436048,14.93563952,0,94.78090556,0.114059372,0.063450306,15.25
2006-06-19,15.25,0,0,-3.17,-7.58,-15.28,-22.78,15.25,15.25,15.25,15.75,15.25,15.4,16.5,15.25,15.88,18,15.25,16.65,19.75,15.25,18.02,0,-0.230769231,-0.210470085,-0.020299145,15.87016235,14.92983765,0,94.78745913,0.114059372,0.061060045,15.25
2006-06-20,15.25,0,0,-3.17,-7.58,-15.28,-22.78,15.25,15.25,15.25,15.75,15.25,15.38,16.5,15.25,15.87,18,15.25,16.63,19.75,15.25,18,0,-0.211538462,-0.219017094,0.007478632,15.81926166,14.93073834,0,94.79768786,0.114059372,0.057790134,15.25
2006-06-21,15.25,0,0,-3.17,-7.58,-15.28,-22.78,15.25,15.25,15.25,15.75,15.25,15.35,16.5,15.25,15.85,18,15.25,16.61,19.75,15.25,17.98,0,-0.192307692,-0.222934473,0.030626781,15.76039134,14.93960866,0,94.81161211,0.114059372,0.053471184,15.25
2006-06-22,15.25,0,0,-3.17,-7.58,-15.28,-22.78,15.25,15.25,15.25,15.75,15.25,15.33,16.5,15.25,15.83,18,15.25,16.58,19.75,15.25,17.97,0,-0.173076923,-0.222222222,0.049145299,15.69134755,14.95865245,0,94.8292532,0.114059372,0.047810447,15.25
2006-06-23,15.25,0,0,-3.17,-7.58,-15.28,-22.78,15.25,15.25,15.25,15.75,15.25,15.3,16.5,15.25,15.81,18,15.25,16.56,19.75,15.25,17.95,0,-0.153846154,-0.216880342,0.063034188,15.60779351,14.99220649,0,94.8506335,0.114059372,0.040234445,15.25
2006-06-26,15.25,0,0,-3.17,-7.58,-15.28,-22.78,15.25,15.25,15.25,15.75,15.25,15.28,16.5,15.25,15.79,18,15.25,16.54,19.75,15.25,17.93,0,-0.134615385,-0.206908832,0.072293447,15.4986068,15.0513932,0,94.8757764,0.114059372,0.029277486,15.25
2006-06-27,15.25,0,0,-3.17,-7.58,-15.28,-22.78,15.25,15.25,15.25,15.25,15.25,15.25,16.5,15.25,15.77,18,15.25,16.52,19.75,15.25,17.91,0,-0.115384615,-0.192307692,0.076923077,15.25,15.25,0,94.90470634,0.114059372,0,15.25
2006-06-28,15.25,0,0,0,-7.58,-15.28,-22.78,15.25,15.25,15.25,15.25,15.25,15.25,16.5,15.25,15.75,18,15.25,16.5,19.75,15.25,17.9,0,-0.096153846,-0.173076923,0.076923077,15.25,15.25,0,95.08592806,0,0,15.25
2006-06-29,15.25,0,0,0,-7.58,-15.28,-22.78,15.25,15.25,15.25,15.25,15.25,15.25,16.5,15.25,15.73,18,15.25,16.48,19.75,15.25,17.88,0,-0.076923077,-0.153846154,0.076923077,15.25,15.25,0,95.26412369,0,0,15.25
2006-06-30,15.25,0,0,0,-7.58,-15.28,-22.78,15.25,15.25,15.25,15.25,15.25,15.25,16.5,15.25,15.71,18,15.25,16.46,19.75,15.25,17.86,0,-0.057692308,-0.134615385,0.076923077,15.25,15.25,0,95.43925526,0,0,15.25
2006-07-03,15.25,0,0,0,-7.58,-15.28,-22.78,15.25,15.25,15.25,15.25,15.25,15.25,16.5,15.25,15.69,18,15.25,16.44,19.75,15.25,17.84,0,-0.038461538,-0.115384615,0.076923077,15.25,15.25,0,95.61128527,0,0,15.25
2006-07-04,15.25,0,0,0,-7.58,-15.28,-22.78,15.25,15.25,15.25,15.25,15.25,15.25,16.5,15.25,15.67,18,15.25,16.42,19.75,15.25,17.83,0,-0.019230769,-0.096153846,0.076923077,15.25,15.25,0,95.66751617,0,0,15.25
2006-07-05,15.25,0,0,0,-7.58,-15.28,-22.78,15.25,15.25,15.25,15.25,15.25,15.25,16.5,15.25,15.65,18,15.25,16.39,19.75,15.25,17.81,0,0,-0.076923077,0.076923077,15.25,15.25,0,95.72005806,0,0,15.25
2006-07-06,15.25,0,0,0,-7.58,-15.28,-22.78,15.25,15.25,15.25,15.25,15.25,15.25,16.5,15.25,15.63,18,15.25,16.37,19.75,15.25,17.79,0,0,-0.05982906,0.05982906,15.25,15.25,0,95.76889866,0,0,15.25
2006-07-07,15.25,0,0,0,-7.58,-15.28,-22.78,15.25,15.25,15.25,15.25,15.25,15.25,16.5,15.25,15.62,18,15.25,16.35,19.75,15.25,17.78,0,0,-0.044871795,0.044871795,15.25,15.25,0,95.81402655,0,0,15.25
2006-07-10,15.25,0,0,0,-7.58,-15.28,-22.78,15.25,15.25,15.25,15.25,15.25,15.25,16.5,15.25,15.6,18,15.25,16.33,19.75,15.25,17.76,0,0,-0.032051282,0.032051282,15.25,15.25,0,95.85543115,0,0,15.25
2006-07-11,15.25,0,0,0,-7.58,-15.28,-22.78,15.25,15.25,15.25,15.25,15.25,15.25,16.5,15.25,15.58,18,15.25,16.31,19.75,15.25,17.74,0,0,-0.021367521,0.021367521,15.25,15.25,0,95.89310277,0,0,15.25
2006-07-12,15.25,0,0,0,-7.58,-15.28,-22.78,15.25,15.25,15.25,15.25,15.25,15.25,16.5,15.25,15.56,18,15.25,16.29,19.75,15.25,17.72,0,0,-0.012820513,0.012820513,15.25,15.25,0,95.92703255,0,0,15.25
2006-07-13,15.25,0,0,0,-7.58,-15.28,-22.78,15.25,15.25,15.25,15.25,15.25,15.25,16.5,15.25,15.54,18,15.25,16.27,19.75,15.25,17.71,0,0,-0.006410256,0.006410256,15.25,15.25,0,95.95721252,0,0,15.25
2006-07-14,15.25,0,0,0,-7.58,-15.28,-22.78,15.25,15.25,15.25,15.25,15.25,15.25,16.5,15.25,15.52,18,15.25,16.25,19.75,15.25,17.69,0,0,-0.002136752,0.002136752,15.25,15.25,0,95.98363558,0,0,15.25
2006-07-17,15.25,0,0,0,-7.58,-15.28,-22.78,15.25,15.25,15.25,15.25,15.25,15.25,16.5,15.25,15.5,18,15.25,16.23,19.75,15.25,17.67,0,0,0,0,15.25,15.25,0,96.00629549,0,0,15.25
2006-07-18,15.25,0,0,0,-7.58,-15.28,-22.78,15.25,15.25,15.25,15.25,15.25,15.25,15.75,15.25,15.48,18,15.25,16.2,19.75,15.25,17.65,0,0,0,0,15.25,15.25,0,96.13869188,0,0,15.25
2006-07-19,14.75,-3.28,-3.28,-3.28,-6.35,-18.06,-25.32,15.25,14.75,15.15,15.25,14.75,15.23,15.75,14.75,15.47,18,14.75,16.18,19.75,14.75,17.63,0,-0.022435897,-0.002492877,-0.01994302,15.4486068,15.0013932,0,96.11363188,0.117862044,0.029373635,14.75
2006-07-20,14.75,0,-3.28,-3.28,-6.35,-18.06,-25.32,15.25,14.75,15.05,15.25,14.75,15.2,15.75,14.75,15.45,17.25,14.75,16.15,19.75,14.75,17.62,0,-0.044871795,-0.007478632,-0.037393162,15.50779351,14.89220649,0,96.08850257,0.117862044,0.040499145,14.75
2006-07-21,14.75,0,-3.28,-3.28,-6.35,-14.49,-25.32,15.25,14.75,14.95,15.25,14.75,15.18,15.75,14.75,15.43,17.25,14.75,16.13,19.75,14.75,17.6,0,-0.067307692,-0.014957265,-0.052350427,15.54134755,14.80865245,0,96.06330366,0.117862044,0.048283038,14.75
2006-07-24,14.75,0,-3.28,-3.28,-6.35,-14.49,-25.32,15.25,14.75,14.85,15.25,14.75,15.15,15.75,14.75,15.42,17.25,14.75,16.12,19.75,14.75,17.58,0,-0.08974359,-0.024928775,-0.064814815,15.56039134,14.73960866,0,96.03803487,0.117862044,0.054177075,14.75
2006-07-25,14.75,0,-3.28,-3.28,-6.35,-14.49,-25.32,14.75,14.75,14.75,15.25,14.75,15.13,15.75,14.75,15.4,17.25,14.75,16.1,19.75,14.75,17.56,0,-0.112179487,-0.037393162,-0.074786325,15.56926166,14.68073834,0,96.01269589,0.117862044,0.058745343,14.75
2006-07-26,14.75,0,0,-3.28,-6.35,-14.49,-25.32,14.75,14.75,14.75,15.25,14.75,15.1,15.75,14.75,15.39,17.25,14.75,16.08,19.75,14.75,17.54,0,-0.134615385,-0.052350427,-0.082264957,15.57016235,14.62983765,0,95.99110016,0.117862044,0.062273158,14.75
2006-07-27,14.75,0,0,-3.28,-6.35,-14.49,-25.32,14.75,14.75,14.75,15.25,14.75,15.08,15.75,14.75,15.37,17.25,14.75,16.06,19.75,14.75,17.52,0,-0.157051282,-0.06980057,-0.087250712,15.56436048,14.58563952,0,95.97326118,0.117862044,0.064923447,14.75
2006-07-28,14.75,0,0,-3.28,-6.35,-14.49,-25.32,14.75,14.75,14.75,15.25,14.75,15.05,15.75,14.75,15.36,17.25,14.75,16.04,19.75,14.75,17.5,0,-0.179487179,-0.08974359,-0.08974359,15.55262469,14.54737531,0,95.95919343,0.117862044,0.066793979,14.75
2006-07-31,14.75,0,0,-3.28,-6.35,-14.49,-25.32,14.75,14.75,14.75,15.25,14.75,15.03,15.75,14.75,15.34,17.25,14.75,16.02,19.75,14.75,17.48,0,-0.201923077,-0.112179487,-0.08974359,15.53541779,14.51458221,0,95.94891239,0.117862044,0.067942467,14.75
2006-08-01,14.75,0,0,-3.28,-6.35,-14.49,-25.32,14.75,14.75,14.75,15.25,14.75,15,15.75,14.75,15.33,17.25,14.75,16,19.75,14.75,17.46,0,-0.224358974,-0.134615385,-0.08974359,15.51298918,14.48701082,0,95.94243454,0.117862044,0.068398557,14.75
2006-08-02,14.75,0,0,-3.28,-6.35,-14.49,-25.32,14.75,14.75,14.75,15.25,14.75,14.98,15.75,14.75,15.31,17.25,14.75,15.98,19.75,14.75,17.44,0,-0.246794872,-0.157051282,-0.08974359,15.48541779,14.46458221,0,95.93977737,0.117862044,0.06816932,14.75
2006-08-03,14.75,0,0,-3.28,-6.35,-14.49,-25.32,14.75,14.75,14.75,15.25,14.75,14.95,15.75,14.75,15.3,17.25,14.75,15.96,19.75,14.75,17.42,0,-0.269230769,-0.179487179,-0.08974359,15.45262469,14.44737531,0,95.94095941,0.117862044,0.067240761,14.75
2006-08-04,14.75,0,0,-3.28,-6.35,-14.49,-25.32,14.75,14.75,14.75,15.25,14.75,14.93,15.75,14.75,15.28,17.25,14.75,15.94,19.75,14.75,17.4,0,-0.25,-0.197293447,-0.052706553,15.41436048,14.43563952,0,95.94600024,0.117862044,0.065575944,14.75
2006-08-07,14.75,0,0,-3.28,-6.35,-14.49,-25.32,14.75,14.75,14.75,15.25,14.75,14.9,15.75,14.75,15.27,17.25,14.75,15.92,19.75,14.75,17.38,0,-0.230769231,-0.210470085,-0.020299145,15.37016235,14.42983765,0,95.95492051,0.117862044,0.06310904,14.75
2006-08-08,14.75,0,0,-3.28,-6.35,-14.49,-25.32,14.75,14.75,14.75,15.25,14.75,14.88,15.75,14.75,15.25,17.25,14.75,15.9,19.75,14.75,17.37,0,-0.211538462,-0.219017094,0.007478632,15.31926166,14.43073834,0,95.96774194,0.117862044,0.05973266,14.75
2006-08-09,14.75,0,0,-3.28,-6.35,-14.49,-25.32,14.75,14.75,14.75,15.25,14.75,14.85,15.75,14.75,15.23,17.25,14.75,15.88,19.75,14.75,17.35,0,-0.192307692,-0.222934473,0.030626781,15.26039134,14.43960866,0,95.98448736,0.117862044,0.055271561,14.75
2006-08-10,14.75,0,0,-3.28,-6.35,-14.49,-25.32,14.75,14.75,14.75,15.25,14.75,14.83,15.75,14.75,15.22,17.25,14.75,15.87,19.75,14.75,17.33,0,-0.173076923,-0.222222222,0.049145299,15.19134755,14.45865245,0,96.00518072,0.117862044,0.049422941,14.75
2006-08-11,14.75,0,0,-3.28,-6.35,-14.49,-25.32,14.75,14.75,14.75,15.25,14.75,14.8,15.75,14.75,15.2,17.25,14.75,15.85,19.75,14.75,17.31,0,-0.153846154,-0.216880342,0.063034188,15.10779351,14.49220649,0,96.02984711,0.117862044,0.041593717,14.75
2006-08-14,14.75,0,0,-3.28,-6.35,-14.49,-25.32,14.75,14.75,14.75,15.25,14.75,14.78,15.75,14.75,15.19,17.25,14.75,15.83,19.75,14.75,17.29,0,-0.134615385,-0.206908832,0.072293447,14.9986068,14.5513932,0,96.0585128,0.117862044,0.030268264,14.75
2006-08-15,14.75,0,0,-3.28,-6.35,-14.49,-25.32,14.75,14.75,14.75,14.75,14.75,14.75,15.75,14.75,15.17,17.25,14.75,15.81,19.75,14.75,17.27,0,-0.115384615,-0.192307692,0.076923077,14.75,14.75,0,95.97397316,0.117862044,0,14.75
2006-08-16,14.75,0,0,0,-6.35,-14.49,-25.32,14.75,14.75,14.75,14.75,14.75,14.75,15.75,14.75,15.16,17.25,14.75,15.79,19.75,14.75,17.25,0,-0.096153846,-0.173076923,0.076923077,14.75,14.75,0,96.04818689,0,0,14.75
2006-08-17,14.75,0,0,0,-6.35,-14.49,-25.32,14.75,14.75,14.75,14.75,14.75,14.75,15.75,14.75,15.14,17.25,14.75,15.77,19.75,14.75,17.23,0,-0.076923077,-0.153846154,0.076923077,14.75,14.75,0,96.11860058,0,0,14.75
2006-08-18,14.75,0,0,0,-6.35,-14.49,-25.32,14.75,14.75,14.75,14.75,14.75,14.75,15.75,14.75,15.13,17.25,14.75,15.75,19.75,14.75,17.21,0,-0.057692308,-0.134615385,0.076923077,14.75,14.75,0,96.18519726,0,0,14.75
2006-08-21,14.75,0,0,0,-6.35,-14.49,-25.32,14.75,14.75,14.75,14.75,14.75,14.75,15.75,14.75,15.11,17.25,14.75,15.73,19.75,14.75,17.19,0,-0.038461538,-0.115384615,0.076923077,14.75,14.75,0,96.24796085,0,0,14.75
2006-08-22,14.75,0,0,0,-6.35,-14.49,-25.32,14.75,14.75,14.75,14.75,14.75,14.75,15.75,14.75,15.1,17.25,14.75,15.71,19.75,14.75,17.17,0,-0.019230769,-0.096153846,0.076923077,14.75,14.75,0,96.30687615,0,0,14.75
2006-08-23,14.75,0,0,0,-6.35,-14.49,-25.32,14.75,14.75,14.75,14.75,14.75,14.75,15.75,14.75,15.08,17.25,14.75,15.69,19.75,14.75,17.15,0,0,-0.076923077,0.076923077,14.75,14.75,0,96.36192887,0,0,14.75
2006-08-24,14.75,0,0,0,-6.35,-14.49,-25.32,14.75,14.75,14.75,14.75,14.75,14.75,15.75,14.75,15.07,17.25,14.75,15.67,19.75,14.75,17.13,0,0,-0.05982906,0.05982906,14.75,14.75,0,96.41310565,0,0,14.75
2006-08-25,14.75,0,0,0,-6.35,-14.49,-25.32,14.75,14.75,14.75,14.75,14.75,14.75,15.75,14.75,15.05,17.25,14.75,15.65,19.75,14.75,17.12,0,0,-0.044871795,0.044871795,14.75,14.75,0,96.46039402,0,0,14.75
2006-08-28,14.75,0,0,0,-6.35,-14.49,-25.32,14.75,14.75,14.75,14.75,14.75,14.75,15.75,14.75,15.03,17.25,14.75,15.63,19.75,14.75,17.1,0,0,-0.032051282,0.032051282,14.75,14.75,0,96.50378246,0,0,14.75
2006-08-29,14.75,0,0,0,-6.35,-14.49,-25.32,14.75,14.75,14.75,14.75,14.75,14.75,15.25,14.75,15.02,17.25,14.75,15.62,19.75,14.75,17.08,0,0,-0.021367521,0.021367521,14.75,14.75,0,96.6223132,0,0,14.75
2006-08-30,14.25,-3.39,-3.39,-3.39,-6.56,-17.39,-27.85,14.75,14.25,14.65,14.75,14.25,14.73,15.25,14.25,15,17.25,14.25,15.59,19.75,14.25,17.06,0,-0.022435897,-0.01531339,-0.007122507,14.9486068,14.5013932,0,96.57716745,0.121927045,0.030371042,14.25
2006-08-31,14.25,0,-3.39,-3.39,-6.56,-17.39,-27.85,14.75,14.25,14.55,14.75,14.25,14.7,15.25,14.25,14.99,17.25,14.25,15.57,19.75,14.25,17.03,0,-0.044871795,-0.013888889,-0.030982906,15.00779351,14.39220649,0,96.53191053,0.121927045,0.041876667,14.25
2006-09-01,14.25,0,-3.39,-3.39,-6.56,-17.39,-27.85,14.75,14.25,14.45,14.75,14.25,14.68,15.25,14.25,14.97,17.25,14.25,15.55,19.75,14.25,17.01,0,-0.067307692,-0.017094017,-0.050213675,15.04134755,14.30865245,0,96.48654202,0.121927045,0.049928116,14.25
2006-09-04,14.25,0,-3.39,-3.39,-6.56,-17.39,-27.85,14.75,14.25,14.35,14.75,14.25,14.65,15.25,14.25,14.96,17.25,14.25,15.52,19.75,14.25,16.99,0,-0.08974359,-0.024928775,-0.064814815,15.06039134,14.23960866,0,96.44106151,0.121927045,0.056026122,14.25
2006-09-05,14.25,0,-3.39,-3.39,-6.56,-17.39,-27.85,14.25,14.25,14.25,14.75,14.25,14.63,15.25,14.25,14.94,16.5,14.25,15.5,19.75,14.25,16.97,0,-0.112179487,-0.037393162,-0.074786325,15.06926166,14.18073834,0,96.39546859,0.121927045,0.060753731,14.25
2006-09-06,14.25,0,0,-3.39,-6.56,-13.64,-27.85,14.25,14.25,14.25,14.75,14.25,14.6,15.25,14.25,14.93,16.5,14.25,15.48,19.75,14.25,16.95,0,-0.134615385,-0.052350427,-0.082264957,15.07016235,14.12983765,0,96.34976284,0.121927045,0.064405801,14.25
2006-09-07,14.25,0,0,-3.39,-6.56,-13.64,-27.85,14.25,14.25,14.25,14.75,14.25,14.58,15.25,14.25,14.91,16.5,14.25,15.47,19.75,14.25,16.93,0,-0.157051282,-0.06980057,-0.087250712,15.06436048,14.08563952,0,96.30394384,0.121927045,0.067150667,14.25
2006-09-08,14.25,0,0,-3.39,-6.56,-13.64,-27.85,14.25,14.25,14.25,14.75,14.25,14.55,15.25,14.25,14.9,16.5,14.25,15.45,19.75,14.25,16.91,0,-0.179487179,-0.08974359,-0.08974359,15.05262469,14.04737531,0,96.25801116,0.121927045,0.069089304,14.25
2006-09-11,14.25,0,0,-3.39,-6.56,-13.64,-27.85,14.25,14.25,14.25,14.75,14.25,14.53,15.25,14.25,14.88,16.5,14.25,15.43,19.75,14.25,16.89,0,-0.201923077,-0.112179487,-0.08974359,15.03541779,14.01458221,0,96.2119644,0.121927045,0.070281279,14.25
2006-09-12,14.25,0,0,-3.39,-6.56,-13.64,-27.85,14.25,14.25,14.25,14.75,14.25,14.5,15.25,14.25,14.87,16.5,14.25,15.41,19.75,14.25,16.87,0,-0.224358974,-0.134615385,-0.08974359,15.01298918,13.98701082,0,96.16580311,0.121927045,0.070757128,14.25
2006-09-13,14.25,0,0,-3.39,-6.56,-13.64,-27.85,14.25,14.25,14.25,14.75,14.25,14.48,15.25,14.25,14.85,16.5,14.25,15.4,19.75,14.25,16.84,0,-0.246794872,-0.157051282,-0.08974359,14.98541779,13.96458221,0,96.12351623,0.121927045,0.070524046,14.25
2006-09-14,14.25,0,0,-3.39,-6.56,-13.64,-27.85,14.25,14.25,14.25,14.75,14.25,14.45,15.25,14.25,14.83,16.5,14.25,15.38,19.5,14.25,16.82,0,-0.269230769,-0.179487179,-0.08974359,14.95262469,13.94737531,0,96.08511346,0.121927045,0.069567431,14.25
2006-09-15,14.25,0,0,-3.39,-6.56,-13.64,-26.92,14.25,14.25,14.25,14.75,14.25,14.43,15.25,14.25,14.82,16.5,14.25,15.36,19.5,14.25,16.8,0,-0.25,-0.197293447,-0.052706553,14.91436048,13.93563952,0,96.05060552,0.121927045,0.067848941,14.25
2006-09-18,14.25,0,0,-3.39,-6.56,-13.64,-26.92,14.25,14.25,14.25,14.75,14.25,14.4,15.25,14.25,14.8,16.5,14.25,15.34,19.5,14.25,16.78,0,-0.230769231,-0.210470085,-0.020299145,14.87016235,13.92983765,0,96.02000417,0.121927045,0.065300326,14.25
2006-09-19,14.25,0,0,-3.39,-6.56,-13.64,-26.92,14.25,14.25,14.25,14.75,14.25,14.38,15.25,14.25,14.79,16.5,14.25,15.33,19.5,14.25,16.76,0,-0.211538462,-0.219017094,0.007478632,14.81926166,13.93073834,0,95.9933222,0.121927045,0.061810318,14.25
2006-09-20,14.25,0,0,-3.39,-6.56,-13.64,-26.92,14.25,14.25,14.25,14.75,14.25,14.35,15.25,14.25,14.77,16.5,14.25,15.31,19.5,14.25,16.74,0,-0.192307692,-0.222934473,0.030626781,14.76039134,13.93960866,0,95.97057348,0.121927045,0.057197399,14.25
2006-09-21,14.25,0,0,-3.39,-6.56,-13.64,-26.92,14.25,14.25,14.25,14.75,14.25,14.33,15.25,14.25,14.76,16.5,14.25,15.29,19.5,14.25,16.72,0,-0.173076923,-0.222222222,0.049145299,14.69134755,13.95865245,0,95.95177293,0.121927045,0.051148,14.25
2006-09-22,14.25,0,0,-3.39,-6.56,-13.64,-26.92,14.25,14.25,14.25,14.75,14.25,14.3,15.25,14.25,14.74,16.5,14.25,15.28,19.5,14.25,16.7,0,-0.153846154,-0.216880342,0.063034188,14.60779351,13.99220649,0,95.93693656,0.121927045,0.043048043,14.25
2006-09-25,14.25,0,0,-3.39,-6.56,-13.64,-26.92,14.25,14.25,14.25,14.75,14.25,14.28,15.25,14.25,14.73,16.5,14.25,15.26,19.5,14.25,16.68,0,-0.134615385,-0.206908832,0.072293447,14.4986068,14.0513932,0,95.92608148,0.121927045,0.031328448,14.25
2006-09-26,14.25,0,0,-3.39,-6.56,-13.64,-26.92,14.25,14.25,14.25,14.25,14.25,14.25,15.25,14.25,14.71,16.5,14.25,15.24,19.5,14.25,16.66,0,-0.115384615,-0.192307692,0.076923077,14.25,14.25,0,95.83858764,0.121927045,0,14.25
2006-09-27,14.25,0,0,0,-6.56,-13.64,-26.92,14.25,14.25,14.25,14.25,14.25,14.25,15.25,14.25,14.7,16.5,14.25,15.22,19.5,14.25,16.64,0,-0.096153846,-0.173076923,0.076923077,14.25,14.25,0,95.91519078,0,0,14.25
2006-09-28,14.25,0,0,0,-6.56,-13.64,-26.92,14.25,14.25,14.25,14.25,14.25,14.25,15.25,14.25,14.68,16.5,14.25,15.21,19.5,14.25,16.62,0,-0.076923077,-0.153846154,0.076923077,14.25,14.25,0,95.98787522,0,0,14.25
2006-09-29,14.25,0,0,0,-6.56,-13.64,-26.92,14.25,14.25,14.25,14.25,14.25,14.25,15.25,14.25,14.67,16.5,14.25,15.19,19.5,14.25,16.6,0,-0.057692308,-0.134615385,0.076923077,14.25,14.25,0,96.05662285,0,0,14.25
2006-10-02,14.25,0,0,0,-6.56,-13.64,-26.92,14.25,14.25,14.25,14.25,14.25,14.25,15.25,14.25,14.65,16.5,14.25,15.17,19.5,14.25,16.58,0,-0.038461538,-0.115384615,0.076923077,14.25,14.25,0,96.12141653,0,0,14.25
2006-10-03,14.25,0,0,0,-6.56,-13.64,-26.92,14.25,14.25,14.25,14.25,14.25,14.25,15.25,14.25,14.63,16.5,14.25,15.15,19.5,14.25,16.56,0,-0.019230769,-0.096153846,0.076923077,14.25,14.25,0,96.18224003,0,0,14.25
2006-10-04,14.25,0,0,0,-6.56,-13.64,-26.92,14.25,14.25,14.25,14.25,14.25,14.25,15.25,14.25,14.62,16.5,14.25,15.14,19.5,14.25,16.54,0,0,-0.076923077,0.076923077,14.25,14.25,0,96.23907813,0,0,14.25
2006-10-05,14.25,0,0,0,-6.56,-13.64,-26.92,14.25,14.25,14.25,14.25,14.25,14.25,15.25,14.25,14.6,16.5,14.25,15.12,19.5,14.25,16.52,0,0,-0.05982906,0.05982906,14.25,14.25,0,96.29191655,0,0,14.25
2006-10-06,14.25,0,0,0,-6.56,-13.64,-26.92,14.25,14.25,14.25,14.25,14.25,14.25,15.25,14.25,14.59,16.5,14.25,15.1,19.5,14.25,16.5,0,0,-0.044871795,0.044871795,14.25,14.25,0,96.34074199,0,0,14.25
2006-10-09,14.25,0,0,0,-6.56,-13.64,-26.92,14.25,14.25,14.25,14.25,14.25,14.25,15.25,14.25,14.57,16.5,14.25,15.08,19.5,14.25,16.48,0,0,-0.032051282,0.032051282,14.25,14.25,0,96.38554217,0,0,14.25
2006-10-10,14.25,0,0,0,-6.56,-13.64,-26.92,14.25,14.25,14.25,14.25,14.25,14.25,15.25,14.25,14.56,16.5,14.25,15.07,19.5,14.25,16.46,0,0,-0.021367521,0.021367521,14.25,14.25,0,96.42630577,0,0,14.25
2006-10-11,14.25,0,0,0,-6.56,-13.64,-26.92,14.25,14.25,14.25,14.25,14.25,14.25,15.25,14.25,14.54,16.5,14.25,15.05,19.5,14.25,16.44,0,0,-0.012820513,0.012820513,14.25,14.25,0,96.46302251,0,0,14.25
2006-10-12,14.25,0,0,0,-6.56,-13.64,-26.92,14.25,14.25,14.25,14.25,14.25,14.25,15.25,14.25,14.53,16.5,14.25,15.03,19.5,14.25,16.42,0,0,-0.006410256,0.006410256,14.25,14.25,0,96.49568309,0,0,14.25
2006-10-13,14.25,0,0,0,-6.56,-13.64,-26.92,14.25,14.25,14.25,14.25,14.25,14.25,15.25,14.25,14.51,16.5,14.25,15.02,19.5,14.25,16.4,0,0,-0.002136752,0.002136752,14.25,14.25,0,96.52427924,0,0,14.25
2006-10-16,14.25,0,0,0,-6.56,-13.64,-26.92,14.25,14.25,14.25,14.25,14.25,14.25,15.25,14.25,14.5,16.5,14.25,15,19.5,14.25,16.38,0,0,0,0,14.25,14.25,0,96.54880373,0,0,14.25
2006-10-17,14.25,0,0,0,-6.56,-13.64,-26.92,14.25,14.25,14.25,14.25,14.25,14.25,14.75,14.25,14.48,15.75,14.25,14.98,19.5,14.25,16.36,0,0,0,0,14.25,14.25,0,96.65112336,0,0,14.25
2006-10-18,13.75,-3.51,-3.51,-3.51,-6.78,-12.7,-29.49,14.25,13.75,14.15,14.25,13.75,14.23,14.75,13.75,14.47,15.75,13.75,14.97,19.5,13.75,16.34,0,-0.022435897,-0.002492877,-0.01994302,14.4486068,14.0013932,0,96.58391683,0.126282492,0.031438566,13.75
2006-10-19,13.75,0,-3.51,-3.51,-6.78,-12.7,-29.49,14.25,13.75,14.05,14.25,13.75,14.2,14.75,13.75,14.45,15.75,13.75,14.95,19,13.75,16.31,0,-0.044871795,-0.007478632,-0.037393162,14.50779351,13.89220649,0,96.51656754,0.126282492,0.043351198,13.75
2006-10-20,13.75,0,-3.51,-3.51,-6.78,-12.7,-27.63,14.25,13.75,13.95,14.25,13.75,14.18,14.75,13.75,14.43,15.75,13.75,14.93,19,13.75,16.29,0,-0.067307692,-0.014957265,-0.052350427,14.54134755,13.80865245,0,96.44907506,0.126282492,0.051689248,13.75
2006-10-23,13.75,0,-3.51,-3.51,-6.78,-12.7,-27.63,14.25,13.75,13.85,14.25,13.75,14.15,14.75,13.75,14.42,15.75,13.75,14.92,19,13.75,16.27,0,-0.08974359,-0.024928775,-0.064814815,14.56039134,13.73960866,0,96.38143891,0.126282492,0.058005843,13.75
2006-10-24,13.75,0,-3.51,-3.51,-6.78,-12.7,-27.63,13.75,13.75,13.75,14.25,13.75,14.13,14.75,13.75,14.4,15.75,13.75,14.9,19,13.75,16.25,0,-0.112179487,-0.037393162,-0.074786325,14.56926166,13.68073834,0,96.31365864,0.126282492,0.062904306,13.75
2006-10-25,13.75,0,0,-3.51,-6.78,-12.7,-27.63,13.75,13.75,13.75,14.25,13.75,14.1,14.75,13.75,14.39,15.75,13.75,14.89,19,13.75,16.23,0,-0.134615385,-0.052350427,-0.082264957,14.57016235,13.62983765,0,96.24984001,0.126282492,0.066689694,13.75
2006-10-26,13.75,0,0,-3.51,-6.78,-12.7,-27.63,13.75,13.75,13.75,14.25,13.75,14.08,14.75,13.75,14.37,15.75,13.75,14.87,19,13.75,16.21,0,-0.157051282,-0.06980057,-0.087250712,14.56436048,13.58563952,0,96.18998804,0.126282492,0.069536126,13.75
2006-10-27,13.75,0,0,-3.51,-6.78,-12.7,-27.63,13.75,13.75,13.75,14.25,13.75,14.05,14.75,13.75,14.36,15.75,13.75,14.86,19,13.75,16.19,0,-0.179487179,-0.08974359,-0.08974359,14.55262469,13.54737531,0,96.13410879,0.126282492,0.071547999,13.75
2006-10-30,13.75,0,0,-3.51,-6.78,-12.7,-27.63,13.75,13.75,13.75,14.25,13.75,14.03,14.75,13.75,14.34,15.75,13.75,14.84,19,13.75,16.17,0,-0.201923077,-0.112179487,-0.08974359,14.53541779,13.51458221,0,96.08220938,0.126282492,0.07278685,13.75
2006-10-31,13.75,0,0,-3.51,-6.78,-12.7,-27.63,13.75,13.75,13.75,14.25,13.75,14,14.75,13.75,14.33,15.75,13.75,14.83,19,13.75,16.15,0,-0.224358974,-0.134615385,-0.08974359,14.51298918,13.48701082,0,96.03429796,0.126282492,0.073284168,13.75
2006-11-01,13.75,0,0,-3.51,-6.78,-12.7,-27.63,13.75,13.75,13.75,14.25,13.75,13.98,14.75,13.75,14.31,15.75,13.75,14.81,19,13.75,16.13,0,-0.246794872,-0.157051282,-0.08974359,14.48541779,13.46458221,0,95.99038379,0.126282492,0.073047268,13.75
2006-11-02,13.75,0,0,-3.51,-6.78,-12.7,-27.63,13.75,13.75,13.75,14.25,13.75,13.95,14.75,13.75,14.3,15.75,13.75,14.8,19,13.75,16.11,0,-0.269230769,-0.179487179,-0.08974359,14.45262469,13.44737531,0,95.95047717,0.126282492,0.072060887,13.75
2006-11-03,13.75,0,0,-3.51,-6.78,-12.7,-27.63,13.75,13.75,13.75,14.25,13.75,13.93,14.75,13.75,14.28,15.75,13.75,14.78,19,13.75,16.09,0,-0.25,-0.197293447,-0.052706553,14.41436048,13.43563952,0,95.91458952,0.126282492,0.070285168,13.75
2006-11-06,13.75,0,0,-3.51,-6.78,-12.7,-27.63,13.75,13.75,13.75,14.25,13.75,13.9,14.75,13.75,14.27,15.75,13.75,14.77,19,13.75,16.07,0,-0.230769231,-0.210470085,-0.020299145,14.37016235,13.42983765,0,95.88273335,0.126282492,0.067649258,13.75
2006-11-07,13.75,0,0,-3.51,-6.78,-12.7,-27.63,13.75,13.75,13.75,14.25,13.75,13.88,14.75,13.75,14.25,15.75,13.75,14.75,19,13.75,16.05,0,-0.211538462,-0.219017094,0.007478632,14.31926166,13.43073834,0,95.85492228,0.126282492,0.064037717,13.75
2006-11-08,13.75,0,0,-3.51,-6.78,-12.7,-27.63,13.75,13.75,13.75,14.25,13.75,13.85,14.75,13.75,14.23,15.75,13.75,14.73,19,13.75,16.03,0,-0.192307692,-0.222934473,0.030626781,14.26039134,13.43960866,0,95.83117108,0.126282492,0.059262287,13.75
2006-11-09,13.75,0,0,-3.51,-6.78,-12.7,-27.63,13.75,13.75,13.75,14.25,13.75,13.83,14.75,13.75,14.22,15.75,13.75,14.72,19,13.75,16.01,0,-0.173076923,-0.222222222,0.049145299,14.19134755,13.45865245,0,95.81149565,0.126282492,0.052997837,13.75
2006-11-10,13.75,0,0,-3.51,-6.78,-12.7,-27.63,13.75,13.75,13.75,14.25,13.75,13.8,14.75,13.75,14.2,15.75,13.75,14.7,19,13.75,15.99,0,-0.153846154,-0.216880342,0.063034188,14.10779351,13.49220649,0,95.79591305,0.126282492,0.044607754,13.75
2006-11-13,13.75,0,0,-3.51,-6.78,-12.7,-27.63,13.75,13.75,13.75,14.25,13.75,13.78,14.75,13.75,14.19,15.75,13.75,14.69,19,13.75,15.97,0,-0.134615385,-0.206908832,0.072293447,13.9986068,13.5513932,0,95.78444155,0.126282492,0.032465597,13.75
2006-11-14,13.75,0,0,-3.51,-6.78,-12.7,-27.63,13.75,13.75,13.75,13.75,13.75,13.75,14.75,13.75,14.17,15.75,13.75,14.67,19,13.75,15.95,0,-0.115384615,-0.192307692,0.076923077,13.75,13.75,0,95.6937799,0.126282492,0,13.75
2006-11-15,13.75,0,0,0,-6.78,-12.7,-27.63,13.75,13.75,13.75,13.75,13.75,13.75,14.75,13.75,14.16,15.75,13.75,14.66,19,13.75,15.93,0,-0.096153846,-0.173076923,0.076923077,13.75,13.75,0,95.77293109,0,0,13.75
2006-11-16,13.75,0,0,0,-6.78,-12.7,-27.63,13.75,13.75,13.75,13.75,13.75,13.75,14.75,13.75,14.14,15.75,13.75,14.64,19,13.75,15.91,0,-0.076923077,-0.153846154,0.076923077,13.75,13.75,0,95.84803729,0,0,13.75
2006-11-17,13.75,0,0,0,-6.78,-12.7,-27.63,13.75,13.75,13.75,13.75,13.75,13.75,14.75,13.75,14.13,15.75,13.75,14.63,19,13.75,15.89,0,-0.057692308,-0.134615385,0.076923077,13.75,13.75,0,95.91907918,0,0,13.75
2006-11-20,13.75,0,0,0,-6.78,-12.7,-27.63,13.75,13.75,13.75,13.75,13.75,13.75,14.75,13.75,14.11,15.75,13.75,14.61,19,13.75,15.87,0,-0.038461538,-0.115384615,0.076923077,13.75,13.75,0,95.98603839,0,0,13.75
2006-11-21,13.75,0,0,0,-6.78,-12.7,-27.63,13.75,13.75,13.75,13.75,13.75,13.75,14.75,13.75,14.1,15.75,13.75,14.6,19,13.75,15.85,0,-0.019230769,-0.096153846,0.076923077,13.75,13.75,0,96.04889762,0,0,13.75
2006-11-22,13.75,0,0,0,-6.78,-12.7,-27.63,13.75,13.75,13.75,13.75,13.75,13.75,14.75,13.75,14.08,15.75,13.75,14.58,19,13.75,15.83,0,0,-0.076923077,0.076923077,13.75,13.75,0,96.10764056,0,0,13.75
2006-11-23,13.75,0,0,0,-6.78,-12.7,-27.63,13.75,13.75,13.75,13.75,13.75,13.75,14.75,13.75,14.07,15.75,13.75,14.57,18.5,13.75,15.81,0,0,-0.05982906,0.05982906,13.75,13.75,0,96.16225195,0,0,13.75
2006-11-24,13.75,0,0,0,-6.78,-12.7,-25.68,13.75,13.75,13.75,13.75,13.75,13.75,14.75,13.75,14.05,15.75,13.75,14.55,18.5,13.75,15.79,0,0,-0.044871795,0.044871795,13.75,13.75,0,96.21271757,0,0,13.75
2006-11-27,13.75,0,0,0,-6.78,-12.7,-25.68,13.75,13.75,13.75,13.75,13.75,13.75,14.75,13.75,14.03,15.75,13.75,14.53,18.5,13.75,15.77,0,0,-0.032051282,0.032051282,13.75,13.75,0,96.25902428,0,0,13.75
2006-11-28,13.75,0,0,0,-6.78,-12.7,-25.68,13.75,13.75,13.75,13.75,13.75,13.75,14.25,13.75,14.02,15.25,13.75,14.52,18.5,13.75,15.75,0,0,-0.021367521,0.021367521,13.75,13.75,0,96.38554217,0,0,13.75
2006-11-29,13.25,-3.64,-3.64,-3.64,-7.02,-13.11,-28.38,13.75,13.25,13.65,13.75,13.25,13.73,14.25,13.25,14,15.25,13.25,14.5,18.5,13.25,15.73,0,-0.022435897,-0.01531339,-0.007122507,13.9486068,13.5013932,0,96.33691599,0.130960672,0.032583869,13.25
2006-11-30,13.25,0,-3.64,-3.64,-7.02,-13.11,-28.38,13.75,13.25,13.55,13.75,13.25,13.7,14.25,13.25,13.99,15.25,13.25,14.49,18.5,13.25,15.71,0,-0.044871795,-0.013888889,-0.030982906,14.00779351,13.39220649,0,96.28816165,0.130960672,0.044933358,13.25
2006-12-01,13.25,0,-3.64,-3.64,-7.02,-13.11,-28.38,13.75,13.25,13.45,13.75,13.25,13.68,14.25,13.25,13.97,15.25,13.25,14.47,18.5,13.25,15.69,0,-0.067307692,-0.017094017,-0.050213675,14.04134755,13.30865245,0,96.23927865,0.130960672,0.053579166,13.25
2006-12-04,13.25,0,-3.64,-3.64,-7.02,-13.11,-28.38,13.75,13.25,13.35,13.75,13.25,13.65,14.25,13.25,13.96,15.25,13.25,14.46,18.5,13.25,15.67,0,-0.08974359,-0.024928775,-0.064814815,14.06039134,13.23960866,0,96.19026646,0.130960672,0.060130599,13.25
2006-12-05,13.25,0,-3.64,-3.64,-7.02,-13.11,-28.38,13.25,13.25,13.25,13.75,13.25,13.63,14.25,13.25,13.94,15.25,13.25,14.44,18.5,13.25,15.65,0,-0.112179487,-0.037393162,-0.074786325,14.06926166,13.18073834,0,96.14112459,0.130960672,0.06521272,13.25
2006-12-06,13.25,0,0,-3.64,-7.02,-13.11,-28.38,13.25,13.25,13.25,13.75,13.25,13.6,14.25,13.25,13.93,15.25,13.25,14.43,18.5,13.25,15.63,0,-0.134615385,-0.052350427,-0.082264957,14.07016235,13.12983765,0,96.09185251,0.130960672,0.069141521,13.25
2006-12-07,13.25,0,0,-3.64,-7.02,-13.11,-28.38,13.25,13.25,13.25,13.75,13.25,13.58,14.25,13.25,13.91,15.25,13.25,14.41,18.5,13.25,15.61,0,-0.157051282,-0.06980057,-0.087250712,14.06436048,13.08563952,0,96.0424497,0.130960672,0.072097309,13.25
2006-12-08,13.25,0,0,-3.64,-7.02,-13.11,-28.38,13.25,13.25,13.25,13.75,13.25,13.55,14.25,13.25,13.9,15.25,13.25,14.4,18.5,13.25,15.59,0,-0.179487179,-0.08974359,-0.08974359,14.05262469,13.04737531,0,95.99291565,0.130960672,0.074188146,13.25
2006-12-11,13.25,0,0,-3.64,-7.02,-13.11,-28.38,13.25,13.25,13.25,13.75,13.25,13.53,14.25,13.25,13.88,15.25,13.25,14.38,18.5,13.25,15.57,0,-0.201923077,-0.112179487,-0.08974359,14.03541779,13.01458221,0,95.94324983,0.130960672,0.075477676,13.25
2006-12-12,13.25,0,0,-3.64,-7.02,-13.11,-28.38,13.25,13.25,13.25,13.75,13.25,13.5,14.25,13.25,13.87,15.25,13.25,14.37,18.5,13.25,15.55,0,-0.224358974,-0.134615385,-0.08974359,14.01298918,12.98701082,0,95.89345172,0.130960672,0.075998396,13.25
2006-12-13,13.25,0,0,-3.64,-7.02,-13.11,-28.38,13.25,13.25,13.25,13.75,13.25,13.48,14.25,13.25,13.85,15.25,13.25,14.35,18.5,13.25,15.53,0,-0.246794872,-0.157051282,-0.08974359,13.98541779,12.96458221,0,95.84778163,0.130960672,0.075757742,13.25
2006-12-14,13.25,0,0,-3.64,-7.02,-13.11,-28.38,13.25,13.25,13.25,13.75,13.25,13.45,14.25,13.25,13.83,15.25,13.25,14.33,18,13.25,15.51,0,-0.269230769,-0.179487179,-0.08974359,13.95262469,12.94737531,0,95.80625056,0.130960672,0.074739731,13.25
2006-12-15,13.25,0,0,-3.64,-7.02,-13.11,-26.39,13.25,13.25,13.25,13.75,13.25,13.43,14.25,13.25,13.82,15.25,13.25,14.32,18,13.25,15.49,0,-0.25,-0.197293447,-0.052706553,13.91436048,12.93563952,0,95.76887066,0.130960672,0.072902866,13.25
2006-12-18,13.25,0,0,-3.64,-7.02,-13.11,-26.39,13.25,13.25,13.25,13.75,13.25,13.4,14.25,13.25,13.8,15.25,13.25,14.3,18,13.25,15.48,0,-0.230769231,-0.210470085,-0.020299145,13.87016235,12.92983765,0,95.73565528,0.130960672,0.070173484,13.25
2006-12-19,13.25,0,0,-3.64,-7.02,-13.11,-26.39,13.25,13.25,13.25,13.75,13.25,13.38,14.25,13.25,13.79,15.25,13.25,14.29,18,13.25,15.46,0,-0.211538462,-0.219017094,0.007478632,13.81926166,12.93073834,0,95.70661896,0.130960672,0.06643165,13.25
2006-12-20,13.25,0,0,-3.64,-7.02,-13.11,-26.39,13.25,13.25,13.25,13.75,13.25,13.35,14.25,13.25,13.77,15.25,13.25,14.27,18,13.25,15.44,0,-0.192307692,-0.222934473,0.030626781,13.76039134,12.93960866,0,95.68177746,0.130960672,0.061481849,13.25
2006-12-21,13.25,0,0,-3.64,-7.02,-13.11,-26.39,13.25,13.25,13.25,13.75,13.25,13.33,14.25,13.25,13.76,15.25,13.25,14.26,18,13.25,15.42,0,-0.173076923,-0.222222222,0.049145299,13.69134755,12.95865245,0,95.66114775,0.130960672,0.054986499,13.25
2006-12-22,13.25,0,0,-3.64,-7.02,-13.11,-26.39,13.25,13.25,13.25,13.75,13.25,13.3,14.25,13.25,13.74,15.25,13.25,14.24,18,13.25,15.4,0,-0.153846154,-0.216880342,0.063034188,13.60779351,12.99220649,0,95.64474808,0.130960672,0.046284738,13.25
2006-12-25,13.25,0,0,-3.64,-7.02,-13.11,-26.39,13.25,13.25,13.25,13.75,13.25,13.28,14.25,13.25,13.73,15.25,13.25,14.23,18,13.25,15.38,0,-0.134615385,-0.206908832,0.072293447,13.4986068,13.0513932,0,95.63259793,0.130960672,0.033688406,13.25
2006-12-26,13.25,0,0,-3.64,-7.02,-13.11,-26.39,13.25,13.25,13.25,13.25,13.25,13.25,14.25,13.25,13.71,15.25,13.25,14.21,18,13.25,15.37,0,-0.115384615,-0.192307692,0.076923077,13.25,13.25,0,95.53853087,0.130960672,0,13.25
2006-12-27,13.25,0,0,0,-7.02,-13.11,-26.39,13.25,13.25,13.25,13.25,13.25,13.25,14.25,13.25,13.7,15.25,13.25,14.2,18,13.25,15.35,0,-0.096153846,-0.173076923,0.076923077,13.25,13.25,0,95.62040503,0,0,13.25
2006-12-28,13.25,0,0,0,-7.02,-13.11,-26.39,13.25,13.25,13.25,13.25,13.25,13.25,14.25,13.25,13.68,15.25,13.25,14.18,18,13.25,15.33,0,-0.076923077,-0.153846154,0.076923077,13.25,13.25,0,95.69809958,0,0,13.25
2006-12-29,13.25,0,0,0,-7.02,-13.11,-26.39,13.25,13.25,13.25,13.25,13.25,13.25,14.25,13.25,13.67,15.25,13.25,14.17,18,13.25,15.31,0,-0.057692308,-0.134615385,0.076923077,13.25,13.25,0,95.77159378,0,0,13.25
2007-01-01,13.25,0,0,0,-7.02,-13.11,-26.39,13.25,13.25,13.25,13.25,13.25,13.25,14.25,13.25,13.65,15.25,13.25,14.15,18,13.25,15.29,0,-0.038461538,-0.115384615,0.076923077,13.25,13.25,0,95.84086799,0,0,13.25
2007-01-02,13.25,0,0,0,-7.02,-13.11,-26.39,13.25,13.25,13.25,13.25,13.25,13.25,14.25,13.25,13.63,15.25,13.25,14.13,18,13.25,15.28,0,-0.019230769,-0.096153846,0.076923077,13.25,13.25,0,95.90590364,0,0,13.25
2007-01-03,13.25,0,0,0,-7.02,-13.11,-26.39,13.25,13.25,13.25,13.25,13.25,13.25,14.25,13.25,13.62,15.25,13.25,14.12,18,13.25,15.26,0,0,-0.076923077,0.076923077,13.25,13.25,0,95.96668326,0,0,13.25
2007-01-04,13.25,0,0,0,-7.02,-13.11,-26.39,13.25,13.25,13.25,13.25,13.25,13.25,14.25,13.25,13.6,15.25,13.25,14.1,18,13.25,15.24,0,0,-0.05982906,0.05982906,13.25,13.25,0,96.02319051,0,0,13.25
2007-01-05,13.25,0,0,0,-7.02,-13.11,-26.39,13.25,13.25,13.25,13.25,13.25,13.25,14.25,13.25,13.59,15.25,13.25,14.09,18,13.25,15.22,0,0,-0.044871795,0.044871795,13.25,13.25,0,96.07541013,0,0,13.25
2007-01-08,13.25,0,0,0,-7.02,-13.11,-26.39,13.25,13.25,13.25,13.25,13.25,13.25,14.25,13.25,13.57,15.25,13.25,14.07,18,13.25,15.2,0,0,-0.032051282,0.032051282,13.25,13.25,0,96.12332804,0,0,13.25
2007-01-09,13.25,0,0,0,-7.02,-13.11,-26.39,13.25,13.25,13.25,13.25,13.25,13.25,14.25,13.25,13.56,15.25,13.25,14.06,18,13.25,15.18,0,0,-0.021367521,0.021367521,13.25,13.25,0,96.16693128,0,0,13.25
2007-01-10,13.25,0,0,0,-7.02,-13.11,-26.39,13.25,13.25,13.25,13.25,13.25,13.25,14.25,13.25,13.54,15.25,13.25,14.04,18,13.25,15.17,0,0,-0.012820513,0.012820513,13.25,13.25,0,96.20620802,0,0,13.25
2007-01-11,13.25,0,0,0,-7.02,-13.11,-26.39,13.25,13.25,13.25,13.25,13.25,13.25,14.25,13.25,13.53,15.25,13.25,14.03,18,13.25,15.15,0,0,-0.006410256,0.006410256,13.25,13.25,0,96.24114763,0,0,13.25
2007-01-12,13.25,0,0,0,-7.02,-13.11,-26.39,13.25,13.25,13.25,13.25,13.25,13.25,14.25,13.25,13.51,15.25,13.25,14.01,18,13.25,15.13,0,0,-0.002136752,0.002136752,13.25,13.25,0,96.27174061,0,0,13.25
2007-01-15,13.25,0,0,0,-7.02,-13.11,-26.39,13.25,13.25,13.25,13.25,13.25,13.25,14.25,13.25,13.5,15.25,13.25,14,18,13.25,15.11,0,0,0,0,13.25,13.25,0,96.29797865,0,0,13.25
2007-01-16,13.25,0,0,0,-7.02,-13.11,-26.39,13.25,13.25,13.25,13.25,13.25,13.25,13.75,13.25,13.48,14.75,13.25,13.98,18,13.25,15.09,0,0,0,0,13.25,13.25,0,96.40745794,0,0,13.25
2007-01-17,13.25,0,0,0,-3.64,-10.17,-26.39,13.25,13.25,13.25,13.25,13.25,13.25,13.75,13.25,13.47,14.75,13.25,13.97,18,13.25,15.07,0,0,0,0,13.25,13.25,0,96.5127925,0,0,13.25
2007-01-18,13.25,0,0,0,-3.64,-10.17,-26.39,13.25,13.25,13.25,13.25,13.25,13.25,13.75,13.25,13.47,14.75,13.25,13.96,17.25,13.25,15.06,0,0,0,0,13.25,13.25,0,96.61395434,0,0,13.25
2007-01-19,13.25,0,0,0,-3.64,-10.17,-23.19,13.25,13.25,13.25,13.25,13.25,13.25,13.75,13.25,13.46,14.75,13.25,13.95,17.25,13.25,15.04,0,0,0,0,13.25,13.25,0,96.71091647,0,0,13.25
2007-01-22,13.25,0,0,0,-3.64,-10.17,-23.19,13.25,13.25,13.25,13.25,13.25,13.25,13.75,13.25,13.45,14.75,13.25,13.93,17.25,13.25,15.03,0,0,0,0,13.25,13.25,0,96.80365297,0,0,13.25
2007-01-23,13.25,0,0,0,-3.64,-10.17,-23.19,13.25,13.25,13.25,13.25,13.25,13.25,13.75,13.25,13.44,14.75,13.25,13.92,17.25,13.25,15.01,0,0,0,0,13.25,13.25,0,96.89213894,0,0,13.25
2007-01-24,13,-1.89,-1.89,-1.89,-5.45,-11.86,-24.64,13.25,13,13.2,13.25,13,13.24,13.75,13,13.43,14.75,13,13.91,17.25,13,14.99,0,-0.011217949,-0.001246439,-0.00997151,13.3493034,13.1256966,0,96.8915117,0.067345539,0.016891921,13
2007-01-25,13,0,-1.89,-1.89,-5.45,-11.86,-24.64,13.25,13,13.15,13.25,13,13.23,13.75,13,13.42,14.75,13,13.9,17.25,13,14.98,0,-0.022435897,-0.003739316,-0.018696581,13.37889675,13.07110325,0,96.89310163,0.067345539,0.023273611,13
2007-01-26,13,0,-1.89,-1.89,-5.45,-11.86,-24.64,13.25,13,13.1,13.25,13,13.21,13.75,13,13.41,14.75,13,13.88,17.25,13,14.96,0,-0.033653846,-0.007478632,-0.026175214,13.39567377,13.02932623,0,96.89691525,0.067345539,0.027727345,13
2007-01-29,13,0,-1.89,-1.89,-5.45,-11.86,-24.64,13.25,13,13.05,13.25,13,13.2,13.75,13,13.4,14.75,13,13.87,17.25,13,14.94,0,-0.044871795,-0.012464387,-0.032407407,13.40519567,12.99480433,0,96.90295939,0.067345539,0.031090253,13
2007-01-30,13,0,-1.89,-1.89,-5.45,-11.86,-24.64,13,13,13,13.25,13,13.19,13.75,13,13.38,14.75,13,13.86,17.25,13,14.93,0,-0.056089744,-0.018696581,-0.037393162,13.40963083,12.96536917,0,96.91124124,0.067345539,0.033688088,13
2007-01-31,13,0,0,-1.89,-5.45,-11.86,-24.64,13,13,13,13.25,13,13.18,13.75,13,13.37,14.75,13,13.84,17.25,13,14.91,0,-0.067307692,-0.026175214,-0.041132479,13.41008117,12.93991883,0,96.92176832,0.067345539,0.035685947,13
2007-02-01,13,0,0,-1.89,-5.45,-11.86,-24.64,13,13,13,13.25,13,13.16,13.75,13,13.36,14.75,13,13.83,17.25,13,14.9,0,-0.078525641,-0.034900285,-0.043625356,13.40718024,12.91781976,0,96.93454847,0.067345539,0.037178384,13
2007-02-02,13,0,0,-1.89,-5.45,-11.86,-24.64,13,13,13,13.25,13,13.15,13.75,13,13.35,14.75,13,13.82,17.25,13,14.88,0,-0.08974359,-0.044871795,-0.044871795,13.40131234,12.89868766,0,96.9495899,0.067345539,0.03822241,13
2007-02-05,13,0,0,-1.89,-5.45,-11.86,-24.64,13,13,13,13.25,13,13.14,13.75,13,13.34,14.75,13,13.8,17.25,13,14.86,0,-0.100961538,-0.056089744,-0.044871795,13.39270889,12.88229111,0,96.96690116,0.067345539,0.038851972,13
2007-02-06,13,0,0,-1.89,-5.45,-11.86,-24.64,13,13,13,13.25,13,13.13,13.75,13,13.33,14.75,13,13.79,17.25,13,14.85,0,-0.112179487,-0.067307692,-0.044871795,13.38149459,12.86850541,0,96.98649117,0.067345539,0.03908489,13
2007-02-07,13,0,0,-1.89,-5.45,-11.86,-24.64,13,13,13,13.25,13,13.11,13.75,13,13.32,14.75,13,13.78,17.25,13,14.83,0,-0.123397436,-0.078525641,-0.044871795,13.36770889,12.85729111,0,97.00836917,0.067345539,0.038926047,13
2007-02-08,13,0,0,-1.89,-5.45,-11.86,-24.64,13,13,13,13.25,13,13.1,13.75,13,13.3,14.75,13,13.76,17.25,13,14.81,0,-0.134615385,-0.08974359,-0.044871795,13.35131234,12.84868766,0,97.03254479,0.067345539,0.038368297,13
2007-02-09,13,0,0,-1.89,-5.45,-11.86,-24.64,13,13,13,13.25,13,13.09,13.75,13,13.29,14.75,13,13.75,17.25,13,14.8,0,-0.125,-0.098646724,-0.026353276,13.33218024,12.84281976,0,97.05902802,0.067345539,0.037391441,13
2007-02-12,13,0,0,-1.89,-5.45,-11.86,-24.64,13,13,13,13.25,13,13.08,13.75,13,13.28,14.75,13,13.73,17.25,13,14.78,0,-0.115384615,-0.105235043,-0.010149573,13.31008117,12.83991883,0,97.08782921,0.067345539,0.035958879,13
2007-02-13,13,0,0,-1.89,-5.45,-11.86,-24.64,13,13,13,13.25,13,13.06,13.75,13,13.27,14.75,13,13.72,17.25,13,14.76,0,-0.105769231,-0.109508547,0.003739316,13.28463083,12.84036917,0,97.02878366,0.067345539,0.034010462,13
2007-02-14,13,0,0,-1.89,-5.45,-11.86,-24.64,13,13,13,13.25,13,13.05,13.75,13,13.26,14.75,13,13.71,17.25,13,14.75,0,-0.096153846,-0.111467236,0.01531339,13.25519567,12.84480433,0,96.97194873,0.067345539,0.031447612,13
2007-02-15,13,0,0,-1.89,-5.45,-11.86,-24.64,13,13,13,13.25,13,13.04,13.75,13,13.25,14.75,13,13.69,17.25,13,14.73,0,-0.086538462,-0.111111111,0.02457265,13.22067377,12.85432623,0,96.91732293,0.067345539,0.028099524,13
2007-02-16,13,0,0,-1.89,-5.45,-11.86,-24.64,13,13,13,13.25,13,13.03,13.75,13,13.23,14.75,13,13.68,17.25,13,14.72,0,-0.076923077,-0.108440171,0.031517094,13.17889675,12.87110325,0,96.86490506,0.067345539,0.023630979,13
2007-02-19,13,0,0,-1.89,-5.45,-11.86,-24.64,13,13,13,13.25,13,13.01,13.75,13,13.22,14.75,13,13.67,17.25,13,14.7,0,-0.067307692,-0.103454416,0.036146724,13.1243034,12.9006966,0,96.81469426,0.067345539,0.017184,13
2007-02-20,13,0,0,-1.89,-5.45,-11.86,-24.64,13,13,13,13,13,13,13.75,13,13.21,14.75,13,13.65,17.25,13,14.68,0,-0.057692308,-0.096153846,0.038461538,13,13,0,96.76668993,0.067345539,0,13
2007-02-21,13,0,0,0,-5.45,-11.86,-24.64,13,13,13,13,13,13,13.75,13,13.2,14.75,13,13.64,17.25,13,14.67,0,-0.048076923,-0.086538462,0.038461538,13,13,0,96.80947616,0,0,13
2007-02-22,13,0,0,0,-5.45,-11.86,-24.64,13,13,13,13,13,13,13.75,13,13.19,14.75,13,13.63,17.25,13,14.65,0,-0.038461538,-0.076923077,0.038461538,13,13,0,96.8500454,0,0,13
2007-02-23,13,0,0,0,-5.45,-11.86,-24.64,13,13,13,13,13,13,13.75,13,13.18,14.75,13,13.61,17.25,13,14.63,0,-0.028846154,-0.067307692,0.038461538,13,13,0,96.88839203,0,0,13
2007-02-26,13,0,0,0,-5.45,-11.86,-24.64,13,13,13,13,13,13,13.75,13,13.17,14.75,13,13.6,17.25,13,14.62,0,-0.019230769,-0.057692308,0.038461538,13,13,0,96.92451072,0,0,13
2007-02-27,13,0,0,0,-5.45,-11.86,-24.64,13,13,13,13,13,13,13.25,13,13.15,14.25,13,13.59,17.25,13,14.6,0,-0.009615385,-0.048076923,0.038461538,13,13,0,97.04887437,0,0,13
2007-02-28,13,0,0,0,-1.89,-8.77,-24.64,13,13,13,13,13,13,13.25,13,13.15,14.25,13,13.58,17.25,13,14.58,0,0,-0.038461538,0.038461538,13,13,0,97.17128775,0,0,13
2007-03-01,13,0,0,0,-1.89,-8.77,-24.64,13,13,13,13,13,13,13.25,13,13.15,14.25,13,13.57,17.25,13,14.57,0,0,-0.02991453,0.02991453,13,13,0,97.29173488,0,0,13
2007-03-02,13,0,0,0,-1.89,-8.77,-24.64,13,13,13,13,13,13,13.25,13,13.14,14.25,13,13.56,17.25,13,14.55,0,0,-0.022435897,0.022435897,13,13,0,97.41019997,0,0,13
2007-03-05,13,0,0,0,-1.89,-8.77,-24.64,13,13,13,13,13,13,13.25,13,13.14,14.25,13,13.55,17.25,13,14.54,0,0,-0.016025641,0.016025641,13,13,0,97.52666745,0,0,13
2007-03-06,13,0,0,0,-1.89,-8.77,-24.64,13,13,13,13,13,13,13.25,13,13.13,14.25,13,13.54,16.5,13,14.52,0,0,-0.010683761,0.010683761,13,13,0,97.64112193,0,0,13
2007-03-07,12.75,-1.92,-1.92,-1.92,-3.77,-10.53,-22.73,13,12.75,12.95,13,12.75,12.99,13.25,12.75,13.13,14.25,12.75,13.53,16.5,12.75,14.5,0,-0.011217949,-0.007656695,-0.003561254,13.0993034,12.8756966,0,97.66184937,0.068653301,0.017217078,12.75
2007-03-08,12.75,0,-1.92,-1.92,-3.77,-10.53,-22.73,13,12.75,12.9,13,12.75,12.98,13.25,12.75,13.12,14.25,12.75,13.52,16.5,12.75,14.49,0,-0.022435897,-0.006944444,-0.015491453,13.12889675,12.82110325,0,97.68262557,0.068653301,0.023722043,12.75
2007-03-09,12.75,0,-1.92,-1.92,-3.77,-10.53,-22.73,13,12.75,12.85,13,12.75,12.96,13.25,12.75,13.11,14.25,12.75,13.5,16.5,12.75,14.48,0,-0.033653846,-0.008547009,-0.025106838,13.14567377,12.77932623,0,97.70345071,0.068653301,0.028262106,12.75
2007-03-12,12.75,0,-1.92,-1.92,-3.77,-10.53,-22.73,13,12.75,12.8,13,12.75,12.95,13.25,12.75,13.1,14.25,12.75,13.49,16.5,12.75,14.46,0,-0.044871795,-0.012464387,-0.032407407,13.15519567,12.74480433,0,97.72432496,0.068653301,0.031690451,12.75
2007-03-13,12.75,0,-1.92,-1.92,-3.77,-10.53,-22.73,12.75,12.75,12.75,13,12.75,12.94,13.25,12.75,13.1,14.25,12.75,13.48,16.5,12.75,14.45,0,-0.056089744,-0.018696581,-0.037393162,13.15963083,12.71536917,0,97.74524849,0.068653301,0.034339065,12.75
2007-03-14,12.75,0,0,-1.92,-3.77,-10.53,-22.73,12.75,12.75,12.75,13,12.75,12.93,13.25,12.75,13.09,14.25,12.75,13.47,16.5,12.75,14.43,0,-0.067307692,-0.026175214,-0.041132479,13.16008117,12.68991883,0,97.76622149,0.068653301,0.036376197,12.75
2007-03-15,12.75,0,0,-1.92,-3.77,-10.53,-22.73,12.75,12.75,12.75,13,12.75,12.91,13.25,12.75,13.08,14.25,12.75,13.46,16.5,12.75,14.42,0,-0.078525641,-0.034900285,-0.043625356,13.15718024,12.66781976,0,97.78724411,0.068653301,0.037898198,12.75
2007-03-16,12.75,0,0,-1.92,-3.77,-10.53,-22.73,12.75,12.75,12.75,13,12.75,12.9,13.25,12.75,13.07,14.25,12.75,13.45,16.5,12.75,14.4,0,-0.08974359,-0.044871795,-0.044871795,13.15131234,12.64868766,0,97.80831655,0.068653301,0.038963154,12.75
2007-03-19,12.75,0,0,-1.92,-3.77,-10.53,-22.73,12.75,12.75,12.75,13,12.75,12.89,13.25,12.75,13.07,14.25,12.75,13.43,16.5,12.75,14.39,0,-0.100961538,-0.056089744,-0.044871795,13.14270889,12.63229111,0,97.82943898,0.068653301,0.039605648,12.75
2007-03-20,12.75,0,0,-1.92,-3.77,-10.53,-22.73,12.75,12.75,12.75,13,12.75,12.88,13.25,12.75,13.06,14.25,12.75,13.42,16.5,12.75,14.38,0,-0.112179487,-0.067307692,-0.044871795,13.13149459,12.61850541,0,97.85061157,0.068653301,0.039843819,12.75
2007-03-21,12.75,0,0,-1.92,-3.77,-10.53,-22.73,12.75,12.75,12.75,13,12.75,12.86,13.25,12.75,13.05,14.25,12.75,13.41,16.5,12.75,14.36,0,-0.123397436,-0.078525641,-0.044871795,13.11770889,12.60729111,0,97.87416179,0.068653301,0.039682627,12.75
2007-03-22,12.75,0,0,-1.92,-3.77,-10.53,-22.73,12.75,12.75,12.75,13,12.75,12.85,13.25,12.75,13.04,14.25,12.75,13.4,16.5,12.75,14.35,0,-0.134615385,-0.08974359,-0.044871795,13.10131234,12.59868766,0,97.9001,0.068653301,0.039114762,12.75
2007-03-23,12.75,0,0,-1.92,-3.77,-10.53,-22.73,12.75,12.75,12.75,13,12.75,12.84,13.25,12.75,13.03,14.25,12.75,13.39,16.5,12.75,14.33,0,-0.125,-0.098646724,-0.026353276,13.08218024,12.59281976,0,97.92843691,0.068653301,0.038119609,12.75
2007-03-26,12.75,0,0,-1.92,-3.77,-10.53,-22.73,12.75,12.75,12.75,13,12.75,12.83,13.25,12.75,13.03,14.25,12.75,13.38,16.5,12.75,14.32,0,-0.115384615,-0.105235043,-0.010149573,13.06008117,12.58991883,0,97.95918367,0.068653301,0.036659832,12.75
2007-03-27,12.75,0,0,-1.92,-3.77,-10.53,-22.73,12.75,12.75,12.75,13,12.75,12.81,13.25,12.75,13.02,14.25,12.75,13.37,16.5,12.75,14.3,0,-0.105769231,-0.109508547,0.003739316,13.03463083,12.59036917,0,97.89875836,0.068653301,0.034674081,12.75
2007-03-28,12.75,0,0,-1.92,-3.77,-10.53,-22.73,12.75,12.75,12.75,13,12.75,12.8,13.25,12.75,13.01,14.25,12.75,13.35,16.5,12.75,14.29,0,-0.096153846,-0.111467236,0.01531339,13.00519567,12.59480433,0,97.84062679,0.068653301,0.032061824,12.75
2007-03-29,12.75,0,0,-1.92,-3.77,-10.53,-22.73,12.75,12.75,12.75,13,12.75,12.79,13.25,12.75,13,14.25,12.75,13.34,16.5,12.75,14.27,0,-0.086538462,-0.111111111,0.02457265,12.97067377,12.60432623,0,97.78478744,0.068653301,0.02864888,12.75
2007-03-30,12.75,0,0,-1.92,-3.77,-10.53,-22.73,12.75,12.75,12.75,13,12.75,12.78,13.25,12.75,13,14.25,12.75,13.33,16.5,12.75,14.26,0,-0.076923077,-0.108440171,0.031517094,12.92889675,12.62110325,0,97.73123909,0.068653301,0.024093425,12.75
2007-04-02,12.75,0,0,-1.92,-3.77,-10.53,-22.73,12.75,12.75,12.75,13,12.75,12.76,13.25,12.75,12.99,14.25,12.75,13.32,16.5,12.75,14.25,0,-0.067307692,-0.103454416,0.036146724,12.8743034,12.6506966,0,97.67998087,0.068653301,0.017520611,12.75
2007-04-03,12.75,0,0,-1.92,-3.77,-10.53,-22.73,12.75,12.75,12.75,12.75,12.75,12.75,13.25,12.75,12.98,14.25,12.75,13.31,16.5,12.75,14.23,0,-0.057692308,-0.096153846,0.038461538,12.75,12.75,0,97.6310122,0.068653301,0,12.75
2007-04-04,12.75,0,0,0,-3.77,-10.53,-22.73,12.75,12.75,12.75,12.75,12.75,12.75,13.25,12.75,12.97,14.25,12.75,13.3,16.5,12.75,14.22,0,-0.048076923,-0.086538462,0.038461538,12.75,12.75,0,97.67542075,0,0,12.75
2007-04-05,12.75,0,0,0,-3.77,-10.53,-22.73,12.75,12.75,12.75,12.75,12.75,12.75,13.25,12.75,12.97,14.25,12.75,13.28,16.5,12.75,14.2,0,-0.038461538,-0.076923077,0.038461538,12.75,12.75,0,97.71752928,0,0,12.75
2007-04-06,12.75,0,0,0,-3.77,-10.53,-22.73,12.75,12.75,12.75,12.75,12.75,12.75,13.25,12.75,12.96,14.25,12.75,13.27,16.5,12.75,14.19,0,-0.028846154,-0.067307692,0.038461538,12.75,12.75,0,97.7573318,0,0,12.75
2007-04-09,12.75,0,0,0,-3.77,-10.53,-22.73,12.75,12.75,12.75,12.75,12.75,12.75,13.25,12.75,12.95,14.25,12.75,13.26,16.5,12.75,14.17,0,-0.019230769,-0.057692308,0.038461538,12.75,12.75,0,97.79482263,0,0,12.75
2007-04-10,12.75,0,0,0,-3.77,-10.53,-22.73,12.75,12.75,12.75,12.75,12.75,12.75,13.25,12.75,12.94,14.25,12.75,13.25,16.5,12.75,14.16,0,-0.009615385,-0.048076923,0.038461538,12.75,12.75,0,97.8299964,0,0,12.75
2007-04-11,12.75,0,0,0,-3.77,-10.53,-22.73,12.75,12.75,12.75,12.75,12.75,12.75,13.25,12.75,12.93,14.25,12.75,13.24,16.5,12.75,14.14,0,0,-0.038461538,0.038461538,12.75,12.75,0,97.8628481,0,0,12.75
2007-04-12,12.75,0,0,0,-3.77,-10.53,-22.73,12.75,12.75,12.75,12.75,12.75,12.75,13.25,12.75,12.93,14.25,12.75,13.23,16.5,12.75,14.13,0,0,-0.02991453,0.02991453,12.75,12.75,0,97.893373,0,0,12.75
2007-04-13,12.75,0,0,0,-3.77,-10.53,-22.73,12.75,12.75,12.75,12.75,12.75,12.75,13.25,12.75,12.92,14.25,12.75,13.22,16.5,12.75,14.12,0,0,-0.022435897,0.022435897,12.75,12.75,0,97.92156675,0,0,12.75
2007-04-16,12.75,0,0,0,-3.77,-10.53,-22.73,12.75,12.75,12.75,12.75,12.75,12.75,13.25,12.75,12.91,14.25,12.75,13.2,16.5,12.75,14.1,0,0,-0.016025641,0.016025641,12.75,12.75,0,97.94742528,0,0,12.75
2007-04-17,12.75,0,0,0,-3.77,-10.53,-22.73,12.75,12.75,12.75,12.75,12.75,12.75,13.25,12.75,12.9,13.75,12.75,13.19,15.75,12.75,14.09,0,0,-0.010683761,0.010683761,12.75,12.75,0,97.97094489,0,0,12.75
2007-04-18,12.5,-1.96,-1.96,-1.96,-5.66,-9.09,-20.63,12.75,12.5,12.7,12.75,12.5,12.74,13.25,12.5,12.89,13.75,12.5,13.18,15.75,12.5,14.07,0,-0.011217949,-0.007656695,-0.003561254,12.8493034,12.6256966,0,97.89840279,0.07001286,0.017554999,12.5
2007-04-19,12.5,0,-1.96,-1.96,-5.66,-9.09,-20.63,12.75,12.5,12.65,12.75,12.5,12.73,13.25,12.5,12.88,13.75,12.5,13.17,15.75,12.5,14.06,0,-0.022435897,-0.006944444,-0.015491453,12.87889675,12.57110325,0,97.82582583,0.07001286,0.024188095,12.5
2007-04-20,12.5,0,-1.96,-1.96,-5.66,-9.09,-20.63,12.75,12.5,12.6,12.75,12.5,12.71,13.25,12.5,12.87,13.75,12.5,13.16,15.75,12.5,14.05,0,-0.033653846,-0.008547009,-0.025106838,12.89567377,12.52932623,0,97.75321399,0.07001286,0.0288179,12.5
2007-04-23,12.5,0,-1.96,-1.96,-5.66,-9.09,-20.63,12.75,12.5,12.55,12.75,12.5,12.7,13.25,12.5,12.86,13.75,12.5,13.15,15.75,12.5,14.04,0,-0.044871795,-0.012464387,-0.032407407,12.90519567,12.49480433,0,97.68056724,0.07001286,0.032314279,12.5
2007-04-24,12.5,0,-1.96,-1.96,-5.66,-9.09,-20.63,12.5,12.5,12.5,12.75,12.5,12.69,13,12.5,12.85,13.75,12.5,13.14,15.75,12.5,14.02,0,-0.056089744,-0.018696581,-0.037393162,12.90963083,12.46536917,0,97.65484065,0.07001286,0.035015697,12.5
2007-04-25,12.5,0,0,-1.96,-3.85,-9.09,-20.63,12.5,12.5,12.5,12.75,12.5,12.68,13,12.5,12.84,13.75,12.5,13.13,15.75,12.5,14.01,0,-0.067307692,-0.026175214,-0.041132479,12.91008117,12.43991883,0,97.6290769,0.07001286,0.037093676,12.5
2007-04-26,12.5,0,0,-1.96,-3.85,-9.09,-20.63,12.5,12.5,12.5,12.75,12.5,12.66,13,12.5,12.83,13.75,12.5,13.13,15.75,12.5,14,0,-0.078525641,-0.034900285,-0.043625356,12.90718024,12.41781976,0,97.60327592,0.07001286,0.038646435,12.5
2007-04-27,12.5,0,0,-1.96,-3.85,-9.09,-20.63,12.5,12.5,12.5,12.75,12.5,12.65,13,12.5,12.82,13.75,12.5,13.12,15.75,12.5,13.99,0,-0.08974359,-0.044871795,-0.044871795,12.90131234,12.39868766,0,97.57743763,0.07001286,0.039733177,12.5
2007-04-30,12.5,0,0,-1.96,-3.85,-9.09,-20.63,12.5,12.5,12.5,12.75,12.5,12.64,13,12.5,12.82,13.75,12.5,13.11,15.75,12.5,13.97,0,-0.100961538,-0.056089744,-0.044871795,12.89270889,12.38229111,0,97.55156193,0.07001286,0.040389142,12.5
2007-05-01,12.5,0,0,-1.96,-3.85,-9.09,-20.63,12.5,12.5,12.5,12.75,12.5,12.63,13,12.5,12.81,13.75,12.5,13.1,15.75,12.5,13.96,0,-0.112179487,-0.067307692,-0.044871795,12.88149459,12.36850541,0,97.52564876,0.07001286,0.040632806,12.5
2007-05-02,12.5,0,0,-1.96,-3.85,-9.09,-20.63,12.5,12.5,12.5,12.75,12.5,12.61,13,12.5,12.8,13.75,12.5,13.09,15.75,12.5,13.95,0,-0.123397436,-0.078525641,-0.044871795,12.86770889,12.35729111,0,97.50205344,0.07001286,0.0404692,12.5
2007-05-03,12.5,0,0,-1.96,-3.85,-9.09,-20.63,12.5,12.5,12.5,12.75,12.5,12.6,13,12.5,12.79,13.75,12.5,13.08,15.75,12.5,13.94,0,-0.134615385,-0.08974359,-0.044871795,12.85131234,12.34868766,0,97.48077946,0.07001286,0.039890848,12.5
2007-05-04,12.5,0,0,-1.96,-3.85,-9.09,-20.63,12.5,12.5,12.5,12.75,12.5,12.59,13,12.5,12.78,13.75,12.5,13.07,15.75,12.5,13.92,0,-0.125,-0.098646724,-0.026353276,12.83218024,12.34281976,0,97.46183068,0.07001286,0.038876702,12.5
2007-05-07,12.5,0,0,-1.96,-3.85,-9.09,-20.63,12.5,12.5,12.5,12.75,12.5,12.58,13,12.5,12.78,13.75,12.5,13.06,15.75,12.5,13.91,0,-0.115384615,-0.105235043,-0.010149573,12.81008117,12.33991883,0,97.44521128,0.07001286,0.037388656,12.5
2007-05-08,12.5,0,0,-1.96,-3.85,-9.09,-20.63,12.5,12.5,12.5,12.75,12.5,12.56,13,12.5,12.77,13.75,12.5,13.05,15.75,12.5,13.9,0,-0.105769231,-0.109508547,0.003739316,12.78463083,12.34036917,0,97.43092584,0.07001286,0.035364112,12.5
2007-05-09,12.5,0,0,-1.96,-3.85,-9.09,-20.63,12.5,12.5,12.5,12.75,12.5,12.55,13,12.5,12.76,13.75,12.5,13.04,15.75,12.5,13.89,0,-0.096153846,-0.111467236,0.01531339,12.75519567,12.34480433,0,97.41897924,0.07001286,0.032700505,12.5
2007-05-10,12.5,0,0,-1.96,-3.85,-9.09,-20.63,12.5,12.5,12.5,12.75,12.5,12.54,13,12.5,12.75,13.75,12.5,13.03,15.75,12.5,13.87,0,-0.086538462,-0.111111111,0.02457265,12.72067377,12.35432623,0,97.40937675,0.07001286,0.029220143,12.5
2007-05-11,12.5,0,0,-1.96,-3.85,-9.09,-20.63,12.5,12.5,12.5,12.75,12.5,12.53,13,12.5,12.75,13.75,12.5,13.02,15.75,12.5,13.86,0,-0.076923077,-0.108440171,0.031517094,12.67889675,12.37110325,0,97.40212399,0.07001286,0.024574332,12.5
2007-05-14,12.5,0,0,-1.96,-3.85,-9.09,-20.63,12.5,12.5,12.5,12.75,12.5,12.51,13,12.5,12.74,13.75,12.5,13.01,15.75,12.5,13.85,0,-0.067307692,-0.103454416,0.036146724,12.6243034,12.4006966,0,97.39722695,0.07001286,0.017870673,12.5
2007-05-15,12.5,0,0,-1.96,-3.85,-9.09,-20.63,12.5,12.5,12.5,12.5,12.5,12.5,13,12.5,12.73,13.75,12.5,13,15.75,12.5,13.84,0,-0.057692308,-0.096153846,0.038461538,12.5,12.5,0,97.39469199,0.07001286,0,12.5
2007-05-16,12.5,0,0,0,-3.85,-9.09,-20.63,12.5,12.5,12.5,12.5,12.5,12.5,13,12.5,12.72,13.75,12.5,12.99,15.75,12.5,13.82,0,-0.048076923,-0.086538462,0.038461538,12.5,12.5,0,97.48726573,0,0,12.5
2007-05-17,12.5,0,0,0,-3.85,-9.09,-20.63,12.5,12.5,12.5,12.5,12.5,12.5,13,12.5,12.72,13.75,12.5,12.98,15.75,12.5,13.81,0,-0.038461538,-0.076923077,0.038461538,12.5,12.5,0,97.57763521,0,0,12.5
2007-05-18,12.5,0,0,0,-3.85,-9.09,-20.63,12.5,12.5,12.5,12.5,12.5,12.5,13,12.5,12.71,13.75,12.5,12.97,15.75,12.5,13.8,0,-0.028846154,-0.067307692,0.038461538,12.5,12.5,0,97.66578767,0,0,12.5
2007-05-21,12.5,0,0,0,-3.85,-9.09,-20.63,12.5,12.5,12.5,12.5,12.5,12.5,13,12.5,12.7,13.75,12.5,12.96,15.75,12.5,13.79,0,-0.019230769,-0.057692308,0.038461538,12.5,12.5,0,97.75171065,0,0,12.5
2007-05-22,12.5,0,0,0,-3.85,-9.09,-20.63,12.5,12.5,12.5,12.5,12.5,12.5,13,12.5,12.69,13.75,12.5,12.95,15.75,12.5,13.77,0,-0.009615385,-0.048076923,0.038461538,12.5,12.5,0,97.78755653,0,0,12.5
2007-05-23,12.5,0,0,0,-3.85,-9.09,-20.63,12.5,12.5,12.5,12.5,12.5,12.5,13,12.5,12.68,13.75,12.5,12.94,15.75,12.5,13.76,0,0,-0.038461538,0.038461538,12.5,12.5,0,97.82103641,0,0,12.5
2007-05-24,12.5,0,0,0,-3.85,-9.09,-20.63,12.5,12.5,12.5,12.5,12.5,12.5,13,12.5,12.68,13.75,12.5,12.93,15.75,12.5,13.75,0,0,-0.02991453,0.02991453,12.5,12.5,0,97.85214541,0,0,12.5
2007-05-25,12.5,0,0,0,-3.85,-9.09,-20.63,12.5,12.5,12.5,12.5,12.5,12.5,13,12.5,12.67,13.75,12.5,12.92,15.75,12.5,13.74,0,0,-0.022435897,0.022435897,12.5,12.5,0,97.88087897,0,0,12.5
2007-05-28,12.5,0,0,0,-3.85,-9.09,-20.63,12.5,12.5,12.5,12.5,12.5,12.5,13,12.5,12.66,13.75,12.5,12.91,15.75,12.5,13.72,0,0,-0.016025641,0.016025641,12.5,12.5,0,97.9072329,0,0,12.5
2007-05-29,12.5,0,0,0,-3.85,-9.09,-20.63,12.5,12.5,12.5,12.5,12.5,12.5,13,12.5,12.65,13.25,12.5,12.9,15.25,12.5,13.71,0,0,-0.010683761,0.010683761,12.5,12.5,0,97.93120333,0,0,12.5
2007-05-30,12.5,0,0,0,-3.85,-5.66,-18.03,12.5,12.5,12.5,12.5,12.5,12.5,13,12.5,12.65,13.25,12.5,12.9,15.25,12.5,13.7,0,0,-0.006410256,0.006410256,12.5,12.5,0,97.95278676,0,0,12.5
2007-05-31,12.5,0,0,0,-3.85,-5.66,-18.03,12.5,12.5,12.5,12.5,12.5,12.5,13,12.5,12.64,13.25,12.5,12.89,15.25,12.5,13.69,0,0,-0.003205128,0.003205128,12.5,12.5,0,97.97198001,0,0,12.5
2007-06-01,12.5,0,0,0,-3.85,-5.66,-18.03,12.5,12.5,12.5,12.5,12.5,12.5,13,12.5,12.63,13.25,12.5,12.89,15.25,12.5,13.68,0,0,-0.001068376,0.001068376,12.5,12.5,0,97.98878028,0,0,12.5
2007-06-04,12.5,0,0,0,-3.85,-5.66,-18.03,12.5,12.5,12.5,12.5,12.5,12.5,13,12.5,12.62,13.25,12.5,12.88,15.25,12.5,13.67,0,0,0,0,12.5,12.5,0,98.0031851,0,0,12.5
2007-06-05,12.5,0,0,0,-3.85,-5.66,-18.03,12.5,12.5,12.5,12.5,12.5,12.5,12.75,12.5,12.62,13.25,12.5,12.88,15.25,12.5,13.66,0,0,0,0,12.5,12.5,0,98.0632508,0,0,12.5
2007-06-06,12,-4,-4,-4,-5.88,-9.43,-21.31,12.5,12,12.4,12.5,12,12.48,12.75,12,12.6,13.25,12,12.87,15.25,12,13.65,0,-0.022435897,-0.002492877,-0.01994302,12.6986068,12.2513932,0,97.92954568,0.144327546,0.035848785,12
2007-06-07,12,0,-4,-4,-5.88,-9.43,-21.31,12.5,12,12.3,12.5,12,12.45,12.75,12,12.59,13.25,12,12.86,15.25,12,13.63,0,-0.044871795,-0.007478632,-0.037393162,12.75779351,12.14220649,0,97.79807055,0.144327546,0.04944474,12
2007-06-08,12,0,-4,-4,-5.88,-9.43,-21.31,12.5,12,12.2,12.5,12,12.43,12.75,12,12.58,13.25,12,12.85,15.25,12,13.62,0,-0.067307692,-0.014957265,-0.052350427,12.79134755,12.05865245,0,97.66882016,0.144327546,0.058969424,12
2007-06-11,12,0,-4,-4,-5.88,-9.43,-21.31,12.5,12,12.1,12.5,12,12.4,12.75,12,12.57,13.25,12,12.84,15.25,12,13.61,0,-0.08974359,-0.024928775,-0.064814815,12.81039134,11.98960866,0,97.54178958,0.144327546,0.066192152,12
2007-06-12,12,0,-4,-4,-5.88,-9.43,-21.31,12,12,12,12.5,12,12.38,12.75,12,12.56,13.25,12,12.83,15.25,12,13.6,0,-0.112179487,-0.037393162,-0.074786325,12.81926166,11.93073834,0,97.41697417,0.144327546,0.071799864,12
2007-06-13,12,0,0,-4,-5.88,-9.43,-21.31,12,12,12,12.5,12,12.35,12.75,12,12.55,13.25,12,12.82,15.25,12,13.58,0,-0.134615385,-0.052350427,-0.082264957,12.82016235,11.87983765,0,97.29676498,0.144327546,0.076139651,12
2007-06-14,12,0,0,-4,-5.88,-9.43,-21.31,12,12,12,12.5,12,12.33,12.75,12,12.53,13.25,12,12.81,15.25,12,13.57,0,-0.157051282,-0.06980057,-0.087250712,12.81436048,11.83563952,0,97.18115514,0.144327546,0.079409409,12
2007-06-15,12,0,0,-4,-5.88,-9.43,-21.31,12,12,12,12.5,12,12.3,12.75,12,12.52,13.25,12,12.8,15.25,12,13.56,0,-0.179487179,-0.08974359,-0.08974359,12.80262469,11.79737531,0,97.07013909,0.144327546,0.081727592,12
2007-06-18,12,0,0,-4,-5.88,-9.43,-21.31,12,12,12,12.5,12,12.28,12.75,12,12.51,13.25,12,12.79,15.25,12,13.55,0,-0.201923077,-0.112179487,-0.08974359,12.78541779,11.76458221,0,96.96371266,0.144327546,0.083163794,12
2007-06-19,12,0,0,-4,-5.88,-9.43,-21.31,12,12,12,12.5,12,12.25,12.75,12,12.5,13.25,12,12.78,15.25,12,13.53,0,-0.224358974,-0.134615385,-0.08974359,12.76298918,11.73701082,0,96.86187299,0.144327546,0.083753335,12
2007-06-20,12,0,0,-4,-5.88,-9.43,-21.31,12,12,12,12.5,12,12.23,12.75,12,12.49,13.25,12,12.77,15.25,12,13.52,0,-0.246794872,-0.157051282,-0.08974359,12.73541779,11.71458221,0,96.76461858,0.144327546,0.083503932,12
2007-06-21,12,0,0,-4,-5.88,-9.43,-21.31,12,12,12,12.5,12,12.2,12.75,12,12.48,13.25,12,12.76,15.25,12,13.51,0,-0.269230769,-0.179487179,-0.08974359,12.70262469,11.69737531,0,96.67194929,0.144327546,0.08239749,12
2007-06-22,12,0,0,-4,-5.88,-9.43,-21.31,12,12,12,12.5,12,12.18,12.75,12,12.47,13.25,12,12.75,15.25,12,13.5,0,-0.25,-0.197293447,-0.052706553,12.66436048,11.68563952,0,96.58386633,0.144327546,0.080387759,12
2007-06-25,12,0,0,-4,-5.88,-9.43,-21.31,12,12,12,12.5,12,12.15,12.75,12,12.45,13.25,12,12.74,15.25,12,13.48,0,-0.230769231,-0.210470085,-0.020299145,12.62016235,11.67983765,0,96.5003723,0.144327546,0.077392979,12
2007-06-26,12,0,0,-4,-5.88,-9.43,-21.31,12,12,12,12.5,12,12.13,12.75,12,12.44,13.25,12,12.73,15.25,12,13.47,0,-0.211538462,-0.219017094,0.007478632,12.56926166,11.68073834,0,96.42147117,0.144327546,0.073280274,12
2007-06-27,12,0,0,-4,-5.88,-9.43,-21.31,12,12,12,12.5,12,12.1,12.75,12,12.43,13.25,12,12.72,15.25,12,13.46,0,-0.192307692,-0.222934473,0.030626781,12.51039134,11.68960866,0,96.34716831,0.144327546,0.067833279,12
2007-06-28,12,0,0,-4,-5.88,-9.43,-21.31,12,12,12,12.5,12,12.08,12.75,12,12.42,13.25,12,12.71,15.25,12,13.45,0,-0.173076923,-0.222222222,0.049145299,12.44134755,11.70865245,0,96.27747047,0.144327546,0.060678683,12
2007-06-29,12,0,0,-4,-5.88,-9.43,-21.31,12,12,12,12.5,12,12.05,12.75,12,12.41,13.25,12,12.7,15.25,12,13.43,0,-0.153846154,-0.216880342,0.063034188,12.35779351,11.74220649,0,96.21238585,0.144327546,0.051086059,12
2007-07-02,12,0,0,-4,-5.88,-9.43,-21.31,12,12,12,12.5,12,12.03,12.75,12,12.4,13.25,12,12.69,15.25,12,13.42,0,-0.134615385,-0.206908832,0.072293447,12.2486068,11.8013932,0,96.15192404,0.144327546,0.03719032,12
2007-07-03,12,0,0,-4,-5.88,-9.43,-21.31,12,12,12,12,12,12,12.75,12,12.38,13.25,12,12.68,15.25,12,13.41,0,-0.115384615,-0.192307692,0.076923077,12,12,0,96.04802401,0.144327546,0,12
2007-07-04,12,0,0,0,-5.88,-9.43,-21.31,12,12,12,12,12,12,12.75,12,12.37,13.25,12,12.67,15.25,12,13.4,0,-0.096153846,-0.173076923,0.076923077,12,12,0,96.13940213,0,0,12
2007-07-05,12,0,0,0,-5.88,-9.43,-21.31,12,12,12,12,12,12,12.75,12,12.36,13.25,12,12.66,15.25,12,13.38,0,-0.076923077,-0.153846154,0.076923077,12,12,0,96.22613141,0,0,12
2007-07-06,12,0,0,0,-5.88,-9.43,-21.31,12,12,12,12,12,12,12.75,12,12.35,13.25,12,12.65,15.25,12,13.37,0,-0.057692308,-0.134615385,0.076923077,12,12,0,96.3081862,0,0,12
2007-07-09,12,0,0,0,-5.88,-9.43,-21.31,12,12,12,12,12,12,12.75,12,12.34,13.25,12,12.64,15.25,12,13.36,0,-0.038461538,-0.115384615,0.076923077,12,12,0,96.38554217,0,0,12
2007-07-10,12,0,0,0,-5.88,-9.43,-21.31,12,12,12,12,12,12,12.75,12,12.33,13.25,12,12.63,15.25,12,13.35,0,-0.019230769,-0.096153846,0.076923077,12,12,0,96.45817634,0,0,12
2007-07-11,12,0,0,0,-5.88,-9.43,-21.31,12,12,12,12,12,12,12.75,12,12.32,13.25,12,12.63,15.25,12,13.33,0,0,-0.076923077,0.076923077,12,12,0,96.52606707,0,0,12
2007-07-12,12,0,0,0,-5.88,-9.43,-21.31,12,12,12,12,12,12,12.75,12,12.3,13.25,12,12.62,15.25,12,13.32,0,0,-0.05982906,0.05982906,12,12,0,96.58919408,0,0,12
2007-07-13,12,0,0,0,-5.88,-9.43,-21.31,12,12,12,12,12,12,12.75,12,12.29,13.25,12,12.61,15.25,12,13.31,0,0,-0.044871795,0.044871795,12,12,0,96.64753851,0,0,12
2007-07-16,12,0,0,0,-5.88,-9.43,-21.31,12,12,12,12,12,12,12.75,12,12.28,13.25,12,12.6,15.25,12,13.3,0,0,-0.032051282,0.032051282,12,12,0,96.70108285,0,0,12
2007-07-17,12,0,0,0,-5.88,-9.43,-21.31,12,12,12,12,12,12,12.5,12,12.27,13.25,12,12.59,14.75,12,13.28,0,0,-0.021367521,0.021367521,12,12,0,96.79858835,0,0,12
2007-07-18,11.5,-4.17,-4.17,-4.17,-8,-13.21,-22.03,12,11.5,11.9,12,11.5,11.98,12.5,11.5,12.25,13.25,11.5,12.57,14.75,11.5,13.27,0,-0.022435897,-0.01531339,-0.007122507,12.1986068,11.7513932,0,96.69442342,0.15047096,0.037345603,11.5
2007-07-19,11.5,0,-4.17,-4.17,-8,-13.21,-22.03,12,11.5,11.8,12,11.5,11.95,12.5,11.5,12.24,13.25,11.5,12.56,14.75,11.5,13.26,0,-0.044871795,-0.013888889,-0.030982906,12.25779351,11.64220649,0,96.59004799,0.15047096,0.051513557,11.5
2007-07-20,11.5,0,-4.17,-4.17,-8,-13.21,-22.03,12,11.5,11.7,12,11.5,11.93,12.5,11.5,12.22,13.25,11.5,12.55,14.75,11.5,13.25,0,-0.067307692,-0.017094017,-0.050213675,12.29134755,11.55865245,0,96.48546144,0.15047096,0.061441937,11.5
2007-07-23,11.5,0,-4.17,-4.17,-8,-13.21,-22.03,12,11.5,11.6,12,11.5,11.9,12.5,11.5,12.21,13.25,11.5,12.53,14.75,11.5,13.23,0,-0.08974359,-0.024928775,-0.064814815,12.31039134,11.48960866,0,96.38066312,0.15047096,0.068973335,11.5
2007-07-24,11.5,0,-4.17,-4.17,-8,-13.21,-22.03,11.5,11.5,11.5,12,11.5,11.88,12.5,11.5,12.19,13,11.5,12.52,14.75,11.5,13.22,0,-0.112179487,-0.037393162,-0.074786325,12.31926166,11.43073834,0,96.27565239,0.15047096,0.074823016,11.5
2007-07-25,11.5,0,0,-4.17,-8,-11.54,-22.03,11.5,11.5,11.5,12,11.5,11.85,12.5,11.5,12.18,13,11.5,12.51,14.75,11.5,13.21,0,-0.134615385,-0.052350427,-0.082264957,12.32016235,11.37983765,0,96.17042861,0.15047096,0.079352295,11.5
2007-07-26,11.5,0,0,-4.17,-8,-11.54,-22.03,11.5,11.5,11.5,12,11.5,11.83,12.5,11.5,12.16,13,11.5,12.5,14.75,11.5,13.2,0,-0.157051282,-0.06980057,-0.087250712,12.31436048,11.33563952,0,96.06499111,0.15047096,0.082767101,11.5
2007-07-27,11.5,0,0,-4.17,-8,-11.54,-22.03,11.5,11.5,11.5,12,11.5,11.8,12.5,11.5,12.15,13,11.5,12.48,14.75,11.5,13.18,0,-0.179487179,-0.08974359,-0.08974359,12.30262469,11.29737531,0,95.95933926,0.15047096,0.085190625,11.5
2007-07-30,11.5,0,0,-4.17,-8,-11.54,-22.03,11.5,11.5,11.5,12,11.5,11.78,12.5,11.5,12.13,13,11.5,12.47,14.75,11.5,13.17,0,-0.201923077,-0.112179487,-0.08974359,12.28541779,11.26458221,0,95.8534724,0.15047096,0.086695165,11.5
2007-07-31,11.5,0,0,-4.17,-8,-11.54,-22.03,11.5,11.5,11.5,12,11.5,11.75,12.5,11.5,12.12,13,11.5,12.46,14.75,11.5,13.16,0,-0.224358974,-0.134615385,-0.08974359,12.26298918,11.23701082,0,95.74738987,0.15047096,0.087317307,11.5
2007-08-01,11.5,0,0,-4.17,-8,-11.54,-22.03,11.5,11.5,11.5,12,11.5,11.73,12.5,11.5,12.1,13,11.5,12.45,14.75,11.5,13.15,0,-0.246794872,-0.157051282,-0.08974359,12.23541779,11.21458221,0,95.64596717,0.15047096,0.087064867,11.5
2007-08-02,11.5,0,0,-4.17,-8,-11.54,-22.03,11.5,11.5,11.5,12,11.5,11.7,12.5,11.5,12.08,13,11.5,12.44,14.75,11.5,13.13,0,-0.269230769,-0.179487179,-0.08974359,12.20262469,11.19737531,0,95.54920376,0.15047096,0.08591875,11.5
2007-08-03,11.5,0,0,-4.17,-8,-11.54,-22.03,11.5,11.5,11.5,12,11.5,11.68,12.5,11.5,12.07,13,11.5,12.43,14.75,11.5,13.12,0,-0.25,-0.197293447,-0.052706553,12.16436048,11.18563952,0,95.45710052,0.15047096,0.08383049,11.5
2007-08-06,11.5,0,0,-4.17,-8,-11.54,-22.03,11.5,11.5,11.5,12,11.5,11.65,12.5,11.5,12.05,13,11.5,12.42,14.75,11.5,13.11,0,-0.230769231,-0.210470085,-0.020299145,12.12016235,11.17983765,0,95.36965976,0.15047096,0.080714566,11.5
2007-08-07,11.5,0,0,-4.17,-8,-11.54,-22.03,11.5,11.5,11.5,12,11.5,11.63,12.5,11.5,12.04,13,11.5,12.4,14.75,11.5,13.1,0,-0.211538462,-0.219017094,0.007478632,12.06926166,11.18073834,0,95.28688525,0.15047096,0.076432113,11.5
2007-08-08,11.5,0,0,-4.17,-8,-11.54,-22.03,11.5,11.5,11.5,12,11.5,11.6,12.5,11.5,12.02,13,11.5,12.39,14.75,11.5,13.08,0,-0.192307692,-0.222934473,0.030626781,12.01039134,11.18960866,0,95.20878219,0.15047096,0.070757128,11.5
2007-08-09,11.5,0,0,-4.17,-8,-11.54,-22.03,11.5,11.5,11.5,12,11.5,11.58,12.5,11.5,12.01,13,11.5,12.38,14.75,11.5,13.07,0,-0.173076923,-0.222222222,0.049145299,11.94134755,11.20865245,0,95.13535727,0.15047096,0.063299792,11.5
2007-08-10,11.5,0,0,-4.17,-8,-11.54,-22.03,11.5,11.5,11.5,12,11.5,11.55,12.5,11.5,11.99,13,11.5,12.37,14.75,11.5,13.06,0,-0.153846154,-0.216880342,0.063034188,11.85779351,11.24220649,0,95.06661865,0.15047096,0.053297577,11.5
2007-08-13,11.5,0,0,-4.17,-8,-11.54,-22.03,11.5,11.5,11.5,12,11.5,11.53,12.5,11.5,11.98,13,11.5,12.36,14.75,11.5,13.05,0,-0.134615385,-0.206908832,0.072293447,11.7486068,11.3013932,0,95.00257599,0.15047096,0.038803783,11.5
2007-08-14,11.5,0,0,-4.17,-8,-11.54,-22.03,11.5,11.5,11.5,11.5,11.5,11.5,12.5,11.5,11.96,13,11.5,12.35,14.75,11.5,13.03,0,-0.115384615,-0.192307692,0.076923077,11.5,11.5,0,94.8942754,0.15047096,0,11.5
2007-08-15,11.5,0,0,0,-8,-11.54,-22.03,11.5,11.5,11.5,11.5,11.5,11.5,12.5,11.5,11.95,13,11.5,12.33,14.75,11.5,13.02,0,-0.096153846,-0.173076923,0.076923077,11.5,11.5,0,94.98735223,0,0,11.5
2007-08-16,11.5,0,0,0,-8,-11.54,-22.03,11.5,11.5,11.5,11.5,11.5,11.5,12.5,11.5,11.93,13,11.5,12.32,14.75,11.5,13.01,0,-0.076923077,-0.153846154,0.076923077,11.5,11.5,0,95.07569886,0,0,11.5
2007-08-17,11.5,0,0,0,-8,-11.54,-22.03,11.5,11.5,11.5,11.5,11.5,11.5,12.5,11.5,11.92,13,11.5,12.31,14.75,11.5,13,0,-0.057692308,-0.134615385,0.076923077,11.5,11.5,0,95.15928837,0,0,11.5
2007-08-20,11.5,0,0,0,-8,-11.54,-22.03,11.5,11.5,11.5,11.5,11.5,11.5,12.5,11.5,11.9,13,11.5,12.3,14.75,11.5,12.98,0,-0.038461538,-0.115384615,0.076923077,11.5,11.5,0,95.23809524,0,0,11.5
2007-08-21,11.5,0,0,0,-8,-11.54,-22.03,11.5,11.5,11.5,11.5,11.5,11.5,12.5,11.5,11.88,13,11.5,12.29,14.75,11.5,12.97,0,-0.019230769,-0.096153846,0.076923077,11.5,11.5,0,95.31209531,0,0,11.5
2007-08-22,11.5,0,0,0,-8,-11.54,-22.03,11.5,11.5,11.5,11.5,11.5,11.5,12.5,11.5,11.87,13,11.5,12.28,14.75,11.5,12.96,0,0,-0.076923077,0.076923077,11.5,11.5,0,95.38126588,0,0,11.5
2007-08-23,11.5,0,0,0,-8,-11.54,-22.03,11.5,11.5,11.5,11.5,11.5,11.5,12.5,11.5,11.85,13,11.5,12.27,14.75,11.5,12.95,0,0,-0.05982906,0.05982906,11.5,11.5,0,95.44558564,0,0,11.5
2007-08-24,11.5,0,0,0,-8,-11.54,-22.03,11.5,11.5,11.5,11.5,11.5,11.5,12.5,11.5,11.84,13,11.5,12.25,14.75,11.5,12.93,0,0,-0.044871795,0.044871795,11.5,11.5,0,95.50503478,0,0,11.5
2007-08-27,11.5,0,0,0,-8,-11.54,-22.03,11.5,11.5,11.5,11.5,11.5,11.5,12.5,11.5,11.82,13,11.5,12.24,14.75,11.5,12.92,0,0,-0.032051282,0.032051282,11.5,11.5,0,95.55959491,0,0,11.5
2007-08-28,11.5,0,0,0,-8,-11.54,-22.03,11.5,11.5,11.5,11.5,11.5,11.5,12.5,11.5,11.81,13,11.5,12.23,14.25,11.5,12.91,0,0,-0.021367521,0.021367521,11.5,11.5,0,95.60924916,0,0,11.5
2007-08-29,11.5,0,0,0,-8,-11.54,-19.3,11.5,11.5,11.5,11.5,11.5,11.5,12.5,11.5,11.79,13,11.5,12.22,14.25,11.5,12.9,0,0,-0.012820513,0.012820513,11.5,11.5,0,95.65398212,0,0,11.5
2007-08-30,11.5,0,0,0,-8,-11.54,-19.3,11.5,11.5,11.5,11.5,11.5,11.5,12.5,11.5,11.78,13,11.5,12.21,14.25,11.5,12.89,0,0,-0.006410256,0.006410256,11.5,11.5,0,95.6937799,0,0,11.5
2007-08-31,11.5,0,0,0,-8,-11.54,-19.3,11.5,11.5,11.5,11.5,11.5,11.5,12.5,11.5,11.76,13,11.5,12.2,14.25,11.5,12.88,0,0,-0.002136752,0.002136752,11.5,11.5,0,95.72863014,0,0,11.5
2007-09-03,11.5,0,0,0,-8,-11.54,-19.3,11.5,11.5,11.5,11.5,11.5,11.5,12.5,11.5,11.75,13,11.5,12.18,14.25,11.5,12.87,0,0,0,0,11.5,11.5,0,95.75852199,0,0,11.5
2007-09-04,11.5,0,0,0,-8,-11.54,-19.3,11.5,11.5,11.5,11.5,11.5,11.5,12,11.5,11.73,12.75,11.5,12.17,14.25,11.5,12.86,0,0,0,0,11.5,11.5,0,95.88327254,0,0,11.5
2007-09-05,11.5,0,0,0,-4.17,-9.8,-19.3,11.5,11.5,11.5,11.5,11.5,11.5,12,11.5,11.72,12.75,11.5,12.16,14.25,11.5,12.85,0,0,0,0,11.5,11.5,0,96.00333925,0,0,11.5
2007-09-06,11.5,0,0,0,-4.17,-9.8,-19.3,11.5,11.5,11.5,11.5,11.5,11.5,12,11.5,11.72,12.75,11.5,12.15,14.25,11.5,12.83,0,0,0,0,11.5,11.5,0,96.11868568,0,0,11.5
2007-09-07,11.5,0,0,0,-4.17,-9.8,-19.3,11.5,11.5,11.5,11.5,11.5,11.5,12,11.5,11.71,12.75,11.5,12.14,14.25,11.5,12.82,0,0,0,0,11.5,11.5,0,96.22927671,0,0,11.5
2007-09-10,11.5,0,0,0,-4.17,-9.8,-19.3,11.5,11.5,11.5,11.5,11.5,11.5,12,11.5,11.7,12.75,11.5,12.13,14.25,11.5,12.81,0,0,0,0,11.5,11.5,0,96.33507853,0,0,11.5
2007-09-11,11.5,0,0,0,-4.17,-9.8,-19.3,11.5,11.5,11.5,11.5,11.5,11.5,12,11.5,11.69,12.75,11.5,12.13,14.25,11.5,12.8,0,0,0,0,11.5,11.5,0,96.4360587,0,0,11.5
2007-09-12,11.5,0,0,0,-4.17,-9.8,-19.3,11.5,11.5,11.5,11.5,11.5,11.5,12,11.5,11.68,12.75,11.5,12.12,14.25,11.5,12.79,0,0,0,0,11.5,11.5,0,96.53725079,0,0,11.5
2007-09-13,11.5,0,0,0,-4.17,-9.8,-19.3,11.5,11.5,11.5,11.5,11.5,11.5,12,11.5,11.68,12.75,11.5,12.11,14.25,11.5,12.78,0,0,0,0,11.5,11.5,0,96.63865546,0,0,11.5
2007-09-14,11.5,0,0,0,-4.17,-9.8,-19.3,11.5,11.5,11.5,11.5,11.5,11.5,12,11.5,11.67,12.75,11.5,12.1,14.25,11.5,12.77,0,0,0,0,11.5,11.5,0,96.7402734,0,0,11.5
2007-09-17,11.5,0,0,0,-4.17,-9.8,-19.3,11.5,11.5,11.5,11.5,11.5,11.5,12,11.5,11.66,12.75,11.5,12.09,14.25,11.5,12.76,0,0,0,0,11.5,11.5,0,96.84210526,0,0,11.5
2007-09-18,11.5,0,0,0,-4.17,-9.8,-19.3,11.5,11.5,11.5,11.5,11.5,11.5,12,11.5,11.65,12.75,11.5,12.08,14.25,11.5,12.75,0,0,0,0,11.5,11.5,0,96.94415174,0,0,11.5
2007-09-19,11.5,0,0,0,-4.17,-9.8,-19.3,11.5,11.5,11.5,11.5,11.5,11.5,12,11.5,11.65,12.75,11.5,12.07,14.25,11.5,12.74,0,0,0,0,11.5,11.5,0,97.0464135,0,0,11.5
2007-09-20,11.5,0,0,0,-4.17,-9.8,-19.3,11.5,11.5,11.5,11.5,11.5,11.5,12,11.5,11.64,12.75,11.5,12.06,14.25,11.5,12.73,0,0,0,0,11.5,11.5,0,97.14889124,0,0,11.5
2007-09-21,11.5,0,0,0,-4.17,-9.8,-19.3,11.5,11.5,11.5,11.5,11.5,11.5,12,11.5,11.63,12.75,11.5,12.05,14.25,11.5,12.72,0,0,0,0,11.5,11.5,0,97.25158562,0,0,11.5
2007-09-24,11.5,0,0,0,-4.17,-9.8,-19.3,11.5,11.5,11.5,11.5,11.5,11.5,12,11.5,11.62,12.75,11.5,12.04,14.25,11.5,12.71,0,0,0,0,11.5,11.5,0,97.35449735,0,0,11.5
2007-09-25,11.5,0,0,0,-4.17,-9.8,-19.3,11.5,11.5,11.5,11.5,11.5,11.5,12,11.5,11.62,12.75,11.5,12.03,14.25,11.5,12.7,0,0,0,0,11.5,11.5,0,97.45762712,0,0,11.5
2007-09-26,11.5,0,0,0,-4.17,-9.8,-19.3,11.5,11.5,11.5,11.5,11.5,11.5,12,11.5,11.61,12.75,11.5,12.02,14.25,11.5,12.69,0,0,0,0,11.5,11.5,0,97.56097561,0,0,11.5
2007-09-27,11.5,0,0,0,-4.17,-9.8,-19.3,11.5,11.5,11.5,11.5,11.5,11.5,12,11.5,11.6,12.75,11.5,12.01,14.25,11.5,12.68,0,0,0,0,11.5,11.5,0,97.66454352,0,0,11.5
2007-09-28,11.5,0,0,0,-4.17,-9.8,-19.3,11.5,11.5,11.5,11.5,11.5,11.5,12,11.5,11.59,12.75,11.5,12,14.25,11.5,12.67,0,0,0,0,11.5,11.5,0,97.76833156,0,0,11.5
2007-10-01,11.5,0,0,0,-4.17,-9.8,-19.3,11.5,11.5,11.5,11.5,11.5,11.5,12,11.5,11.58,12.75,11.5,11.99,14.25,11.5,12.65,0,0,0,0,11.5,11.5,0,97.87234043,0,0,11.5
2007-10-02,11.5,0,0,0,-4.17,-9.8,-19.3,11.5,11.5,11.5,11.5,11.5,11.5,12,11.5,11.58,12.75,11.5,11.98,14.25,11.5,12.64,0,0,0,0,11.5,11.5,0,97.87234043,0,0,11.5
2007-10-03,11.5,0,0,0,-4.17,-9.8,-19.3,11.5,11.5,11.5,11.5,11.5,11.5,12,11.5,11.57,12.75,11.5,11.97,14.25,11.5,12.63,0,0,0,0,11.5,11.5,0,97.87234043,0,0,11.5
2007-10-04,11.5,0,0,0,-4.17,-9.8,-19.3,11.5,11.5,11.5,11.5,11.5,11.5,12,11.5,11.56,12.75,11.5,11.96,14.25,11.5,12.62,0,0,0,0,11.5,11.5,0,97.87234043,0,0,11.5
2007-10-05,11.5,0,0,0,-4.17,-9.8,-19.3,11.5,11.5,11.5,11.5,11.5,11.5,12,11.5,11.55,12.75,11.5,11.95,14.25,11.5,12.61,0,0,0,0,11.5,11.5,0,97.87234043,0,0,11.5
2007-10-08,11.5,0,0,0,-4.17,-9.8,-19.3,11.5,11.5,11.5,11.5,11.5,11.5,12,11.5,11.55,12.75,11.5,11.94,14.25,11.5,12.6,0,0,0,0,11.5,11.5,0,97.87234043,0,0,11.5
2007-10-09,11.5,0,0,0,-4.17,-9.8,-19.3,11.5,11.5,11.5,11.5,11.5,11.5,12,11.5,11.54,12.75,11.5,11.93,14.25,11.5,12.59,0,0,0,0,11.5,11.5,0,97.87234043,0,0,11.5
2007-10-10,11.5,0,0,0,-4.17,-9.8,-19.3,11.5,11.5,11.5,11.5,11.5,11.5,12,11.5,11.53,12.75,11.5,11.92,14.25,11.5,12.58,0,0,0,0,11.5,11.5,0,97.87234043,0,0,11.5
2007-10-11,11.5,0,0,0,-4.17,-9.8,-19.3,11.5,11.5,11.5,11.5,11.5,11.5,12,11.5,11.52,12.75,11.5,11.91,14.25,11.5,12.57,0,0,0,0,11.5,11.5,0,97.87234043,0,0,11.5
2007-10-12,11.5,0,0,0,-4.17,-9.8,-19.3,11.5,11.5,11.5,11.5,11.5,11.5,12,11.5,11.52,12.75,11.5,11.9,14.25,11.5,12.56,0,0,0,0,11.5,11.5,0,97.87234043,0,0,11.5
2007-10-15,11.5,0,0,0,-4.17,-9.8,-19.3,11.5,11.5,11.5,11.5,11.5,11.5,12,11.5,11.51,12.75,11.5,11.89,14.25,11.5,12.55,0,0,0,0,11.5,11.5,0,97.87234043,0,0,11.5
2007-10-16,11.5,0,0,0,-4.17,-9.8,-19.3,11.5,11.5,11.5,11.5,11.5,11.5,11.5,11.5,11.5,12.5,11.5,11.88,13.75,11.5,12.54,0,0,0,0,11.5,11.5,0,97.97657082,0,0,11.5
2007-10-17,11.5,0,0,0,0,-8,-16.36,11.5,11.5,11.5,11.5,11.5,11.5,11.5,11.5,11.5,12.5,11.5,11.88,13.75,11.5,12.53,0,0,0,0,11.5,11.5,0,98.08102345,0,0,11.5
2007-10-18,11.5,0,0,0,0,-8,-16.36,11.5,11.5,11.5,11.5,11.5,11.5,11.5,11.5,11.5,12.5,11.5,11.87,13.75,11.5,12.52,0,0,0,0,11.5,11.5,0,98.18569904,0,0,11.5
2007-10-19,11.5,0,0,0,0,-8,-16.36,11.5,11.5,11.5,11.5,11.5,11.5,11.5,11.5,11.5,12.5,11.5,11.86,13.75,11.5,12.51,0,0,0,0,11.5,11.5,0,98.29059829,0,0,11.5
2007-10-22,11.5,0,0,0,0,-8,-16.36,11.5,11.5,11.5,11.5,11.5,11.5,11.5,11.5,11.5,12.5,11.5,11.85,13.75,11.5,12.5,0,0,0,0,11.5,11.5,0,98.39572193,0,0,11.5
2007-10-23,11.5,0,0,0,0,-8,-16.36,11.5,11.5,11.5,11.5,11.5,11.5,11.5,11.5,11.5,12.5,11.5,11.85,13.75,11.5,12.5,0,0,0,0,11.5,11.5,0,98.50107066,0,0,11.5
2007-10-24,11.5,0,0,0,0,-8,-16.36,11.5,11.5,11.5,11.5,11.5,11.5,11.5,11.5,11.5,12.5,11.5,11.84,13.75,11.5,12.49,0,0,0,0,11.5,11.5,0,98.60664523,0,0,11.5
2007-10-25,11.5,0,0,0,0,-8,-16.36,11.5,11.5,11.5,11.5,11.5,11.5,11.5,11.5,11.5,12.5,11.5,11.83,13.75,11.5,12.48,0,0,0,0,11.5,11.5,0,98.71244635,0,0,11.5
2007-10-26,11.5,0,0,0,0,-8,-16.36,11.5,11.5,11.5,11.5,11.5,11.5,11.5,11.5,11.5,12.5,11.5,11.82,13.75,11.5,12.47,0,0,0,0,11.5,11.5,0,98.81847476,0,0,11.5
2007-10-29,11.5,0,0,0,0,-8,-16.36,11.5,11.5,11.5,11.5,11.5,11.5,11.5,11.5,11.5,12.5,11.5,11.82,13.75,11.5,12.46,0,0,0,0,11.5,11.5,0,98.92473118,0,0,11.5
2007-10-30,11.5,0,0,0,0,-8,-16.36,11.5,11.5,11.5,11.5,11.5,11.5,11.5,11.5,11.5,12.5,11.5,11.81,13.75,11.5,12.45,0,0,0,0,11.5,11.5,0,99.03121636,0,0,11.5
2007-10-31,11.5,0,0,0,0,-8,-16.36,11.5,11.5,11.5,11.5,11.5,11.5,11.5,11.5,11.5,12.5,11.5,11.8,13.75,11.5,12.44,0,0,0,0,11.5,11.5,0,99.13793103,0,0,11.5
2007-11-01,11.5,0,0,0,0,-8,-16.36,11.5,11.5,11.5,11.5,11.5,11.5,11.5,11.5,11.5,12.5,11.5,11.79,13.75,11.5,12.43,0,0,0,0,11.5,11.5,0,99.24487594,0,0,11.5
2007-11-02,11.5,0,0,0,0,-8,-16.36,11.5,11.5,11.5,11.5,11.5,11.5,11.5,11.5,11.5,12.5,11.5,11.78,13.75,11.5,12.43,0,0,0,0,11.5,11.5,0,99.35205184,0,0,11.5
2007-11-05,11.5,0,0,0,0,-8,-16.36,11.5,11.5,11.5,11.5,11.5,11.5,11.5,11.5,11.5,12.5,11.5,11.78,13.75,11.5,12.42,0,0,0,0,11.5,11.5,0,99.45945946,0,0,11.5
2007-11-06,11.5,0,0,0,0,-8,-16.36,11.5,11.5,11.5,11.5,11.5,11.5,11.5,11.5,11.5,12.5,11.5,11.77,13.75,11.5,12.41,0,0,0,0,11.5,11.5,0,99.56709957,0,0,11.5
2007-11-07,11.5,0,0,0,0,-8,-16.36,11.5,11.5,11.5,11.5,11.5,11.5,11.5,11.5,11.5,12.5,11.5,11.76,13.75,11.5,12.4,0,0,0,0,11.5,11.5,0,99.67497291,0,0,11.5
2007-11-08,11.5,0,0,0,0,-8,-16.36,11.5,11.5,11.5,11.5,11.5,11.5,11.5,11.5,11.5,12.5,11.5,11.75,13.75,11.5,12.39,0,0,0,0,11.5,11.5,0,99.78308026,0,0,11.5
2007-11-09,11.5,0,0,0,0,-8,-16.36,11.5,11.5,11.5,11.5,11.5,11.5,11.5,11.5,11.5,12.5,11.5,11.75,13.75,11.5,12.38,0,0,0,0,11.5,11.5,0,99.89142237,0,0,11.5
2007-11-12,11.5,0,0,0,0,-8,-16.36,11.5,11.5,11.5,11.5,11.5,11.5,11.5,11.5,11.5,12.5,11.5,11.74,13.75,11.5,12.37,0,0,0,0,11.5,11.5,0,100,0,0,11.5
2007-11-13,11.5,0,0,0,0,-8,-16.36,11.5,11.5,11.5,11.5,11.5,11.5,11.5,11.5,11.5,12.5,11.5,11.73,13.75,11.5,12.37,0,0,0,0,11.5,11.5,0,100,0,0,11.5
2007-11-14,11.5,0,0,0,0,-8,-16.36,11.5,11.5,11.5,11.5,11.5,11.5,11.5,11.5,11.5,12.5,11.5,11.72,13.75,11.5,12.36,0,0,0,0,11.5,11.5,0,100,0,0,11.5
2007-11-15,11.5,0,0,0,0,-8,-16.36,11.5,11.5,11.5,11.5,11.5,11.5,11.5,11.5,11.5,12.5,11.5,11.72,13.75,11.5,12.35,0,0,0,0,11.5,11.5,0,100,0,0,11.5
2007-11-16,11.5,0,0,0,0,-8,-16.36,11.5,11.5,11.5,11.5,11.5,11.5,11.5,11.5,11.5,12.5,11.5,11.71,13.75,11.5,12.34,0,0,0,0,11.5,11.5,0,100,0,0,11.5
2007-11-19,11.5,0,0,0,0,-8,-16.36,11.5,11.5,11.5,11.5,11.5,11.5,11.5,11.5,11.5,12.5,11.5,11.7,13.75,11.5,12.33,0,0,0,0,11.5,11.5,0,100,0,0,11.5
2007-11-20,11.5,0,0,0,0,-8,-16.36,11.5,11.5,11.5,11.5,11.5,11.5,11.5,11.5,11.5,12.5,11.5,11.69,13.75,11.5,12.32,0,0,0,0,11.5,11.5,0,100,0,0,11.5
2007-11-21,11.5,0,0,0,0,-8,-16.36,11.5,11.5,11.5,11.5,11.5,11.5,11.5,11.5,11.5,12.5,11.5,11.68,13.75,11.5,12.31,0,0,0,0,11.5,11.5,0,100,0,0,11.5
2007-11-22,11.5,0,0,0,0,-8,-16.36,11.5,11.5,11.5,11.5,11.5,11.5,11.5,11.5,11.5,12.5,11.5,11.68,13.75,11.5,12.3,0,0,0,0,11.5,11.5,0,100,0,0,11.5
2007-11-23,11.5,0,0,0,0,-8,-16.36,11.5,11.5,11.5,11.5,11.5,11.5,11.5,11.5,11.5,12.5,11.5,11.67,13.75,11.5,12.3,0,0,0,0,11.5,11.5,0,100,0,0,11.5
2007-11-26,11.5,0,0,0,0,-8,-16.36,11.5,11.5,11.5,11.5,11.5,11.5,11.5,11.5,11.5,12.5,11.5,11.66,13.75,11.5,12.29,0,0,0,0,11.5,11.5,0,100,0,0,11.5
2007-11-27,11.5,0,0,0,0,-8,-16.36,11.5,11.5,11.5,11.5,11.5,11.5,11.5,11.5,11.5,12.5,11.5,11.65,13.25,11.5,12.28,0,0,0,0,11.5,11.5,0,100,0,0,11.5
2007-11-28,11.5,0,0,0,0,-8,-13.21,11.5,11.5,11.5,11.5,11.5,11.5,11.5,11.5,11.5,12.5,11.5,11.65,13.25,11.5,12.27,0,0,0,0,11.5,11.5,0,100,0,0,11.5
2007-11-29,11.5,0,0,0,0,-8,-13.21,11.5,11.5,11.5,11.5,11.5,11.5,11.5,11.5,11.5,12.5,11.5,11.64,13.25,11.5,12.27,0,0,0,0,11.5,11.5,0,100,0,0,11.5
2007-11-30,11.5,0,0,0,0,-8,-13.21,11.5,11.5,11.5,11.5,11.5,11.5,11.5,11.5,11.5,12.5,11.5,11.63,13.25,11.5,12.26,0,0,0,0,11.5,11.5,0,100,0,0,11.5
2007-12-03,11.5,0,0,0,0,-8,-13.21,11.5,11.5,11.5,11.5,11.5,11.5,11.5,11.5,11.5,12.5,11.5,11.62,13.25,11.5,12.25,0,0,0,0,11.5,11.5,0,100,0,0,11.5
2007-12-04,11.5,0,0,0,0,-8,-13.21,11.5,11.5,11.5,11.5,11.5,11.5,11.5,11.5,11.5,12,11.5,11.62,13.25,11.5,12.25,0,0,0,0,11.5,11.5,0,100,0,0,11.5
2007-12-05,11.5,0,0,0,0,-4.17,-13.21,11.5,11.5,11.5,11.5,11.5,11.5,11.5,11.5,11.5,12,11.5,11.61,13.25,11.5,12.24,0,0,0,0,11.5,11.5,0,100,0,0,11.5
2007-12-06,11.5,0,0,0,0,-4.17,-13.21,11.5,11.5,11.5,11.5,11.5,11.5,11.5,11.5,11.5,12,11.5,11.61,13.25,11.5,12.23,0,0,0,0,11.5,11.5,0,100,0,0,11.5
2007-12-07,11.5,0,0,0,0,-4.17,-13.21,11.5,11.5,11.5,11.5,11.5,11.5,11.5,11.5,11.5,12,11.5,11.6,13.25,11.5,12.23,0,0,0,0,11.5,11.5,0,100,0,0,11.5
2007-12-10,11.5,0,0,0,0,-4.17,-13.21,11.5,11.5,11.5,11.5,11.5,11.5,11.5,11.5,11.5,12,11.5,11.6,13.25,11.5,12.22,0,0,0,0,11.5,11.5,0,100,0,0,11.5
2007-12-11,11.5,0,0,0,0,-4.17,-13.21,11.5,11.5,11.5,11.5,11.5,11.5,11.5,11.5,11.5,12,11.5,11.6,13.25,11.5,12.21,0,0,0,0,11.5,11.5,0,100,0,0,11.5
2007-12-12,11.5,0,0,0,0,-4.17,-13.21,11.5,11.5,11.5,11.5,11.5,11.5,11.5,11.5,11.5,12,11.5,11.59,13.25,11.5,12.2,0,0,0,0,11.5,11.5,0,100,0,0,11.5
2007-12-13,11.5,0,0,0,0,-4.17,-13.21,11.5,11.5,11.5,11.5,11.5,11.5,11.5,11.5,11.5,12,11.5,11.59,13.25,11.5,12.2,0,0,0,0,11.5,11.5,0,100,0,0,11.5
2007-12-14,11.5,0,0,0,0,-4.17,-13.21,11.5,11.5,11.5,11.5,11.5,11.5,11.5,11.5,11.5,12,11.5,11.58,13.25,11.5,12.19,0,0,0,0,11.5,11.5,0,100,0,0,11.5
2007-12-17,11.5,0,0,0,0,-4.17,-13.21,11.5,11.5,11.5,11.5,11.5,11.5,11.5,11.5,11.5,12,11.5,11.58,13.25,11.5,12.18,0,0,0,0,11.5,11.5,0,100,0,0,11.5
2007-12-18,11.5,0,0,0,0,-4.17,-13.21,11.5,11.5,11.5,11.5,11.5,11.5,11.5,11.5,11.5,12,11.5,11.58,13.25,11.5,12.18,0,0,0,0,11.5,11.5,0,100,0,0,11.5
2007-12-19,11.5,0,0,0,0,-4.17,-13.21,11.5,11.5,11.5,11.5,11.5,11.5,11.5,11.5,11.5,12,11.5,11.57,13.25,11.5,12.17,0,0,0,0,11.5,11.5,0,100,0,0,11.5
2007-12-20,11.5,0,0,0,0,-4.17,-13.21,11.5,11.5,11.5,11.5,11.5,11.5,11.5,11.5,11.5,12,11.5,11.57,13.25,11.5,12.16,0,0,0,0,11.5,11.5,0,100,0,0,11.5
2007-12-21,11.5,0,0,0,0,-4.17,-13.21,11.5,11.5,11.5,11.5,11.5,11.5,11.5,11.5,11.5,12,11.5,11.57,13.25,11.5,12.16,0,0,0,0,11.5,11.5,0,100,0,0,11.5
2007-12-24,11.5,0,0,0,0,-4.17,-13.21,11.5,11.5,11.5,11.5,11.5,11.5,11.5,11.5,11.5,12,11.5,11.56,13.25,11.5,12.15,0,0,0,0,11.5,11.5,0,100,0,0,11.5
2007-12-25,11.5,0,0,0,0,-4.17,-13.21,11.5,11.5,11.5,11.5,11.5,11.5,11.5,11.5,11.5,12,11.5,11.56,13.25,11.5,12.14,0,0,0,0,11.5,11.5,0,100,0,0,11.5
2007-12-26,11.5,0,0,0,0,-4.17,-13.21,11.5,11.5,11.5,11.5,11.5,11.5,11.5,11.5,11.5,12,11.5,11.55,13.25,11.5,12.14,0,0,0,0,11.5,11.5,0,100,0,0,11.5
2007-12-27,11.5,0,0,0,0,-4.17,-13.21,11.5,11.5,11.5,11.5,11.5,11.5,11.5,11.5,11.5,12,11.5,11.55,13.25,11.5,12.13,0,0,0,0,11.5,11.5,0,100,0,0,11.5
2007-12-28,11.5,0,0,0,0,-4.17,-13.21,11.5,11.5,11.5,11.5,11.5,11.5,11.5,11.5,11.5,12,11.5,11.55,13.25,11.5,12.12,0,0,0,0,11.5,11.5,0,100,0,0,11.5
2007-12-31,11.5,0,0,0,0,-4.17,-13.21,11.5,11.5,11.5,11.5,11.5,11.5,11.5,11.5,11.5,12,11.5,11.54,13.25,11.5,12.12,0,0,0,0,11.5,11.5,0,100,0,0,11.5
2008-01-01,11.5,0,0,0,0,-4.17,-13.21,11.5,11.5,11.5,11.5,11.5,11.5,11.5,11.5,11.5,12,11.5,11.54,13.25,11.5,12.11,0,0,0,0,11.5,11.5,0,100,0,0,11.5
2008-01-02,11.5,0,0,0,0,-4.17,-13.21,11.5,11.5,11.5,11.5,11.5,11.5,11.5,11.5,11.5,12,11.5,11.53,13.25,11.5,12.1,0,0,0,0,11.5,11.5,0,100,0,0,11.5
2008-01-03,11.5,0,0,0,0,-4.17,-13.21,11.5,11.5,11.5,11.5,11.5,11.5,11.5,11.5,11.5,12,11.5,11.53,13.25,11.5,12.1,0,0,0,0,11.5,11.5,0,100,0,0,11.5
2008-01-04,11.5,0,0,0,0,-4.17,-13.21,11.5,11.5,11.5,11.5,11.5,11.5,11.5,11.5,11.5,12,11.5,11.53,13.25,11.5,12.09,0,0,0,0,11.5,11.5,0,100,0,0,11.5
2008-01-07,11.5,0,0,0,0,-4.17,-13.21,11.5,11.5,11.5,11.5,11.5,11.5,11.5,11.5,11.5,12,11.5,11.52,13.25,11.5,12.08,0,0,0,0,11.5,11.5,0,100,0,0,11.5
2008-01-08,11.5,0,0,0,0,-4.17,-13.21,11.5,11.5,11.5,11.5,11.5,11.5,11.5,11.5,11.5,12,11.5,11.52,13.25,11.5,12.08,0,0,0,0,11.5,11.5,0,100,0,0,11.5
2008-01-09,11.5,0,0,0,0,-4.17,-13.21,11.5,11.5,11.5,11.5,11.5,11.5,11.5,11.5,11.5,12,11.5,11.52,13.25,11.5,12.07,0,0,0,0,11.5,11.5,0,100,0,0,11.5
2008-01-10,11.5,0,0,0,0,-4.17,-13.21,11.5,11.5,11.5,11.5,11.5,11.5,11.5,11.5,11.5,12,11.5,11.51,13.25,11.5,12.06,0,0,0,0,11.5,11.5,0,100,0,0,11.5
2008-01-11,11.5,0,0,0,0,-4.17,-13.21,11.5,11.5,11.5,11.5,11.5,11.5,11.5,11.5,11.5,12,11.5,11.51,13.25,11.5,12.06,0,0,0,0,11.5,11.5,0,100,0,0,11.5
2008-01-14,11.5,0,0,0,0,-4.17,-13.21,11.5,11.5,11.5,11.5,11.5,11.5,11.5,11.5,11.5,12,11.5,11.5,13.25,11.5,12.05,0,0,0,0,11.5,11.5,0,100,0,0,11.5
2008-01-15,11.5,0,0,0,0,-4.17,-13.21,11.5,11.5,11.5,11.5,11.5,11.5,11.5,11.5,11.5,11.5,11.5,11.5,13.25,11.5,12.04,0,0,0,0,11.5,11.5,0,100,0,0,11.5
2008-01-16,11.5,0,0,0,0,0,-13.21,11.5,11.5,11.5,11.5,11.5,11.5,11.5,11.5,11.5,11.5,11.5,11.5,13.25,11.5,12.04,0,0,0,0,11.5,11.5,0,100,0,0,11.5
2008-01-17,11.5,0,0,0,0,0,-13.21,11.5,11.5,11.5,11.5,11.5,11.5,11.5,11.5,11.5,11.5,11.5,11.5,13.25,11.5,12.03,0,0,0,0,11.5,11.5,0,100,0,0,11.5
2008-01-18,11.5,0,0,0,0,0,-13.21,11.5,11.5,11.5,11.5,11.5,11.5,11.5,11.5,11.5,11.5,11.5,11.5,13.25,11.5,12.02,0,0,0,0,11.5,11.5,0,100,0,0,11.5
2008-01-21,11.5,0,0,0,0,0,-13.21,11.5,11.5,11.5,11.5,11.5,11.5,11.5,11.5,11.5,11.5,11.5,11.5,13.25,11.5,12.02,0,0,0,0,11.5,11.5,0,100,0,0,11.5
2008-01-22,11.5,0,0,0,0,0,-13.21,11.5,11.5,11.5,11.5,11.5,11.5,11.5,11.5,11.5,11.5,11.5,11.5,13,11.5,12.01,0,0,0,0,11.5,11.5,0,100,0,0,11.5
2008-01-23,11.5,0,0,0,0,0,-11.54,11.5,11.5,11.5,11.5,11.5,11.5,11.5,11.5,11.5,11.5,11.5,11.5,13,11.5,12,0,0,0,0,11.5,11.5,0,100,0,0,11.5
2008-01-24,11.5,0,0,0,0,0,-11.54,11.5,11.5,11.5,11.5,11.5,11.5,11.5,11.5,11.5,11.5,11.5,11.5,13,11.5,12,0,0,0,0,11.5,11.5,0,100,0,0,11.5
2008-01-25,11.5,0,0,0,0,0,-11.54,11.5,11.5,11.5,11.5,11.5,11.5,11.5,11.5,11.5,11.5,11.5,11.5,13,11.5,11.99,0,0,0,0,11.5,11.5,0,100,0,0,11.5
2008-01-28,11.5,0,0,0,0,0,-11.54,11.5,11.5,11.5,11.5,11.5,11.5,11.5,11.5,11.5,11.5,11.5,11.5,13,11.5,11.99,0,0,0,0,11.5,11.5,0,100,0,0,11.5
2008-01-29,11.5,0,0,0,0,0,-11.54,11.5,11.5,11.5,11.5,11.5,11.5,11.5,11.5,11.5,11.5,11.5,11.5,13,11.5,11.98,0,0,0,0,11.5,11.5,0,100,0,0,11.5
2008-01-30,11.5,0,0,0,0,0,-11.54,11.5,11.5,11.5,11.5,11.5,11.5,11.5,11.5,11.5,11.5,11.5,11.5,13,11.5,11.98,0,0,0,0,11.5,11.5,0,100,0,0,11.5
2008-01-31,11.5,0,0,0,0,0,-11.54,11.5,11.5,11.5,11.5,11.5,11.5,11.5,11.5,11.5,11.5,11.5,11.5,13,11.5,11.97,0,0,0,0,11.5,11.5,0,100,0,0,11.5
2008-02-01,11.5,0,0,0,0,0,-11.54,11.5,11.5,11.5,11.5,11.5,11.5,11.5,11.5,11.5,11.5,11.5,11.5,13,11.5,11.96,0,0,0,0,11.5,11.5,0,100,0,0,11.5
2008-02-04,11.5,0,0,0,0,0,-11.54,11.5,11.5,11.5,11.5,11.5,11.5,11.5,11.5,11.5,11.5,11.5,11.5,13,11.5,11.96,0,0,0,0,11.5,11.5,0,100,0,0,11.5
2008-02-05,11.5,0,0,0,0,0,-11.54,11.5,11.5,11.5,11.5,11.5,11.5,11.5,11.5,11.5,11.5,11.5,11.5,13,11.5,11.95,0,0,0,0,11.5,11.5,0,100,0,0,11.5
2008-02-06,11.5,0,0,0,0,0,-11.54,11.5,11.5,11.5,11.5,11.5,11.5,11.5,11.5,11.5,11.5,11.5,11.5,13,11.5,11.95,0,0,0,0,11.5,11.5,0,100,0,0,11.5
2008-02-07,11.5,0,0,0,0,0,-11.54,11.5,11.5,11.5,11.5,11.5,11.5,11.5,11.5,11.5,11.5,11.5,11.5,13,11.5,11.94,0,0,0,0,11.5,11.5,0,100,0,0,11.5
2008-02-08,11.5,0,0,0,0,0,-11.54,11.5,11.5,11.5,11.5,11.5,11.5,11.5,11.5,11.5,11.5,11.5,11.5,13,11.5,11.93,0,0,0,0,11.5,11.5,0,100,0,0,11.5
2008-02-11,11.5,0,0,0,0,0,-11.54,11.5,11.5,11.5,11.5,11.5,11.5,11.5,11.5,11.5,11.5,11.5,11.5,13,11.5,11.93,0,0,0,0,11.5,11.5,0,100,0,0,11.5
2008-02-12,11.5,0,0,0,0,0,-11.54,11.5,11.5,11.5,11.5,11.5,11.5,11.5,11.5,11.5,11.5,11.5,11.5,13,11.5,11.92,0,0,0,0,11.5,11.5,0,100,0,0,11.5
2008-02-13,11.5,0,0,0,0,0,-11.54,11.5,11.5,11.5,11.5,11.5,11.5,11.5,11.5,11.5,11.5,11.5,11.5,13,11.5,11.92,0,0,0,0,11.5,11.5,0,100,0,0,11.5
2008-02-14,11.5,0,0,0,0,0,-11.54,11.5,11.5,11.5,11.5,11.5,11.5,11.5,11.5,11.5,11.5,11.5,11.5,13,11.5,11.91,0,0,0,0,11.5,11.5,0,100,0,0,11.5
2008-02-15,11.5,0,0,0,0,0,-11.54,11.5,11.5,11.5,11.5,11.5,11.5,11.5,11.5,11.5,11.5,11.5,11.5,13,11.5,11.91,0,0,0,0,11.5,11.5,0,100,0,0,11.5
2008-02-18,11.5,0,0,0,0,0,-11.54,11.5,11.5,11.5,11.5,11.5,11.5,11.5,11.5,11.5,11.5,11.5,11.5,13,11.5,11.9,0,0,0,0,11.5,11.5,0,100,0,0,11.5
2008-02-19,11.5,0,0,0,0,0,-11.54,11.5,11.5,11.5,11.5,11.5,11.5,11.5,11.5,11.5,11.5,11.5,11.5,13,11.5,11.89,0,0,0,0,11.5,11.5,0,100,0,0,11.5
2008-02-20,11.5,0,0,0,0,0,-11.54,11.5,11.5,11.5,11.5,11.5,11.5,11.5,11.5,11.5,11.5,11.5,11.5,13,11.5,11.89,0,0,0,0,11.5,11.5,0,100,0,0,11.5
2008-02-21,11.5,0,0,0,0,0,-11.54,11.5,11.5,11.5,11.5,11.5,11.5,11.5,11.5,11.5,11.5,11.5,11.5,13,11.5,11.88,0,0,0,0,11.5,11.5,0,100,0,0,11.5
2008-02-22,11.5,0,0,0,0,0,-11.54,11.5,11.5,11.5,11.5,11.5,11.5,11.5,11.5,11.5,11.5,11.5,11.5,13,11.5,11.88,0,0,0,0,11.5,11.5,0,100,0,0,11.5
2008-02-25,11.5,0,0,0,0,0,-11.54,11.5,11.5,11.5,11.5,11.5,11.5,11.5,11.5,11.5,11.5,11.5,11.5,13,11.5,11.87,0,0,0,0,11.5,11.5,0,100,0,0,11.5
2008-02-26,11.5,0,0,0,0,0,-11.54,11.5,11.5,11.5,11.5,11.5,11.5,11.5,11.5,11.5,11.5,11.5,11.5,13,11.5,11.87,0,0,0,0,11.5,11.5,0,100,0,0,11.5
2008-02-27,11.5,0,0,0,0,0,-11.54,11.5,11.5,11.5,11.5,11.5,11.5,11.5,11.5,11.5,11.5,11.5,11.5,13,11.5,11.86,0,0,0,0,11.5,11.5,0,100,0,0,11.5
2008-02-28,11.5,0,0,0,0,0,-11.54,11.5,11.5,11.5,11.5,11.5,11.5,11.5,11.5,11.5,11.5,11.5,11.5,13,11.5,11.85,0,0,0,0,11.5,11.5,0,100,0,0,11.5
2008-02-29,11.5,0,0,0,0,0,-11.54,11.5,11.5,11.5,11.5,11.5,11.5,11.5,11.5,11.5,11.5,11.5,11.5,13,11.5,11.85,0,0,0,0,11.5,11.5,0,100,0,0,11.5
2008-03-03,11.5,0,0,0,0,0,-11.54,11.5,11.5,11.5,11.5,11.5,11.5,11.5,11.5,11.5,11.5,11.5,11.5,13,11.5,11.84,0,0,0,0,11.5,11.5,0,100,0,0,11.5
2008-03-04,11.5,0,0,0,0,0,-11.54,11.5,11.5,11.5,11.5,11.5,11.5,11.5,11.5,11.5,11.5,11.5,11.5,12.75,11.5,11.84,0,0,0,0,11.5,11.5,0,100,0,0,11.5
2008-03-05,11.5,0,0,0,0,0,-9.8,11.5,11.5,11.5,11.5,11.5,11.5,11.5,11.5,11.5,11.5,11.5,11.5,12.75,11.5,11.83,0,0,0,0,11.5,11.5,0,100,0,0,11.5
2008-03-06,11.5,0,0,0,0,0,-9.8,11.5,11.5,11.5,11.5,11.5,11.5,11.5,11.5,11.5,11.5,11.5,11.5,12.75,11.5,11.83,0,0,0,0,11.5,11.5,0,100,0,0,11.5
2008-03-07,11.5,0,0,0,0,0,-9.8,11.5,11.5,11.5,11.5,11.5,11.5,11.5,11.5,11.5,11.5,11.5,11.5,12.75,11.5,11.82,0,0,0,0,11.5,11.5,0,100,0,0,11.5
2008-03-10,11.5,0,0,0,0,0,-9.8,11.5,11.5,11.5,11.5,11.5,11.5,11.5,11.5,11.5,11.5,11.5,11.5,12.75,11.5,11.82,0,0,0,0,11.5,11.5,0,100,0,0,11.5
2008-03-11,11.5,0,0,0,0,0,-9.8,11.5,11.5,11.5,11.5,11.5,11.5,11.5,11.5,11.5,11.5,11.5,11.5,12.75,11.5,11.81,0,0,0,0,11.5,11.5,0,100,0,0,11.5
2008-03-12,11.5,0,0,0,0,0,-9.8,11.5,11.5,11.5,11.5,11.5,11.5,11.5,11.5,11.5,11.5,11.5,11.5,12.75,11.5,11.81,0,0,0,0,11.5,11.5,0,100,0,0,11.5
2008-03-13,11.5,0,0,0,0,0,-9.8,11.5,11.5,11.5,11.5,11.5,11.5,11.5,11.5,11.5,11.5,11.5,11.5,12.75,11.5,11.8,0,0,0,0,11.5,11.5,0,100,0,0,11.5
2008-03-14,11.5,0,0,0,0,0,-9.8,11.5,11.5,11.5,11.5,11.5,11.5,11.5,11.5,11.5,11.5,11.5,11.5,12.75,11.5,11.8,0,0,0,0,11.5,11.5,0,100,0,0,11.5
2008-03-17,11.5,0,0,0,0,0,-9.8,11.5,11.5,11.5,11.5,11.5,11.5,11.5,11.5,11.5,11.5,11.5,11.5,12.75,11.5,11.79,0,0,0,0,11.5,11.5,0,100,0,0,11.5
2008-03-18,11.5,0,0,0,0,0,-9.8,11.5,11.5,11.5,11.5,11.5,11.5,11.5,11.5,11.5,11.5,11.5,11.5,12.75,11.5,11.79,0,0,0,0,11.5,11.5,0,100,0,0,11.5
2008-03-19,11.5,0,0,0,0,0,-9.8,11.5,11.5,11.5,11.5,11.5,11.5,11.5,11.5,11.5,11.5,11.5,11.5,12.75,11.5,11.78,0,0,0,0,11.5,11.5,0,100,0,0,11.5
2008-03-20,11.5,0,0,0,0,0,-9.8,11.5,11.5,11.5,11.5,11.5,11.5,11.5,11.5,11.5,11.5,11.5,11.5,12.75,11.5,11.78,0,0,0,0,11.5,11.5,0,100,0,0,11.5
2008-03-21,11.5,0,0,0,0,0,-9.8,11.5,11.5,11.5,11.5,11.5,11.5,11.5,11.5,11.5,11.5,11.5,11.5,12.75,11.5,11.77,0,0,0,0,11.5,11.5,0,100,0,0,11.5
2008-03-24,11.5,0,0,0,0,0,-9.8,11.5,11.5,11.5,11.5,11.5,11.5,11.5,11.5,11.5,11.5,11.5,11.5,12.75,11.5,11.77,0,0,0,0,11.5,11.5,0,100,0,0,11.5
2008-03-25,11.5,0,0,0,0,0,-9.8,11.5,11.5,11.5,11.5,11.5,11.5,11.5,11.5,11.5,11.5,11.5,11.5,12.75,11.5,11.76,0,0,0,0,11.5,11.5,0,100,0,0,11.5
2008-03-26,11.5,0,0,0,0,0,-9.8,11.5,11.5,11.5,11.5,11.5,11.5,11.5,11.5,11.5,11.5,11.5,11.5,12.75,11.5,11.76,0,0,0,0,11.5,11.5,0,100,0,0,11.5
2008-03-27,11.5,0,0,0,0,0,-9.8,11.5,11.5,11.5,11.5,11.5,11.5,11.5,11.5,11.5,11.5,11.5,11.5,12.75,11.5,11.75,0,0,0,0,11.5,11.5,0,100,0,0,11.5
2008-03-28,11.5,0,0,0,0,0,-9.8,11.5,11.5,11.5,11.5,11.5,11.5,11.5,11.5,11.5,11.5,11.5,11.5,12.75,11.5,11.75,0,0,0,0,11.5,11.5,0,100,0,0,11.5
2008-03-31,11.5,0,0,0,0,0,-9.8,11.5,11.5,11.5,11.5,11.5,11.5,11.5,11.5,11.5,11.5,11.5,11.5,12.75,11.5,11.75,0,0,0,0,11.5,11.5,0,100,0,0,11.5
2008-04-01,11.5,0,0,0,0,0,-9.8,11.5,11.5,11.5,11.5,11.5,11.5,11.5,11.5,11.5,11.5,11.5,11.5,12.75,11.5,11.74,0,0,0,0,11.5,11.5,0,100,0,0,11.5
2008-04-02,11.5,0,0,0,0,0,-9.8,11.5,11.5,11.5,11.5,11.5,11.5,11.5,11.5,11.5,11.5,11.5,11.5,12.75,11.5,11.74,0,0,0,0,11.5,11.5,0,100,0,0,11.5
2008-04-03,11.5,0,0,0,0,0,-9.8,11.5,11.5,11.5,11.5,11.5,11.5,11.5,11.5,11.5,11.5,11.5,11.5,12.75,11.5,11.73,0,0,0,0,11.5,11.5,0,100,0,0,11.5
2008-04-04,11.5,0,0,0,0,0,-9.8,11.5,11.5,11.5,11.5,11.5,11.5,11.5,11.5,11.5,11.5,11.5,11.5,12.75,11.5,11.73,0,0,0,0,11.5,11.5,0,100,0,0,11.5
2008-04-07,11.5,0,0,0,0,0,-9.8,11.5,11.5,11.5,11.5,11.5,11.5,11.5,11.5,11.5,11.5,11.5,11.5,12.75,11.5,11.72,0,0,0,0,11.5,11.5,0,100,0,0,11.5
2008-04-08,11.5,0,0,0,0,0,-9.8,11.5,11.5,11.5,11.5,11.5,11.5,11.5,11.5,11.5,11.5,11.5,11.5,12.75,11.5,11.72,0,0,0,0,11.5,11.5,0,100,0,0,11.5
2008-04-09,11.5,0,0,0,0,0,-9.8,11.5,11.5,11.5,11.5,11.5,11.5,11.5,11.5,11.5,11.5,11.5,11.5,12.75,11.5,11.71,0,0,0,0,11.5,11.5,0,100,0,0,11.5
2008-04-10,11.5,0,0,0,0,0,-9.8,11.5,11.5,11.5,11.5,11.5,11.5,11.5,11.5,11.5,11.5,11.5,11.5,12.75,11.5,11.71,0,0,0,0,11.5,11.5,0,100,0,0,11.5
2008-04-11,11.5,0,0,0,0,0,-9.8,11.5,11.5,11.5,11.5,11.5,11.5,11.5,11.5,11.5,11.5,11.5,11.5,12.75,11.5,11.7,0,0,0,0,11.5,11.5,0,100,0,0,11.5
2008-04-14,11.5,0,0,0,0,0,-9.8,11.5,11.5,11.5,11.5,11.5,11.5,11.5,11.5,11.5,11.5,11.5,11.5,12.75,11.5,11.7,0,0,0,0,11.5,11.5,0,100,0,0,11.5
2008-04-15,11.5,0,0,0,0,0,-9.8,11.5,11.5,11.5,11.5,11.5,11.5,11.5,11.5,11.5,11.5,11.5,11.5,12.5,11.5,11.69,0,0,0,0,11.5,11.5,0,100,0,0,11.5
2008-04-16,11.75,2.17,2.17,2.17,2.17,2.17,-6,11.75,11.5,11.55,11.75,11.5,11.51,11.75,11.5,11.5,11.75,11.5,11.5,12.5,11.5,11.69,0,0.011217949,0.001246439,0.00997151,11.6243034,11.4006966,1,100.051601,0.076035918,0.019422957,11.75
2008-04-17,11.75,0,2.17,2.17,2.17,2.17,-6,11.75,11.5,11.6,11.75,11.5,11.53,11.75,11.5,11.51,11.75,11.5,11.5,12.5,11.5,11.69,0,0.022435897,0.003739316,0.018696581,11.67889675,11.37110325,1,100.1004261,0.076035918,0.026706595,11.75
2008-04-18,11.75,0,2.17,2.17,2.17,2.17,-6,11.75,11.5,11.65,11.75,11.5,11.54,11.75,11.5,11.51,11.75,11.5,11.51,12.5,11.5,11.68,0,0.033653846,0.007478632,0.026175214,11.72067377,11.35432623,1,100.1464764,0.076035918,0.031752767,11.75
2008-04-21,11.75,0,2.17,2.17,2.17,2.17,-6,11.75,11.5,11.7,11.75,11.5,11.55,11.75,11.5,11.52,11.75,11.5,11.51,12.5,11.5,11.68,0,0.044871795,0.012464387,0.032407407,11.75519567,11.34480433,1,100.1897533,0.076035918,0.035531718,11.75
2008-04-22,11.75,0,2.17,2.17,2.17,2.17,-6,11.75,11.75,11.75,11.75,11.5,11.56,11.75,11.5,11.52,11.75,11.5,11.51,12.5,11.5,11.68,0,0.056089744,0.018696581,0.037393162,11.78463083,11.34036917,1,100.2302587,0.076035918,0.03842263,11.75
2008-04-23,11.75,0,0,2.17,2.17,2.17,-6,11.75,11.75,11.75,11.75,11.5,11.58,11.75,11.5,11.52,11.75,11.5,11.51,12.5,11.5,11.68,0,0.067307692,0.026175214,0.041132479,11.81008117,11.33991883,1,100.2679949,0.076035918,0.040618777,11.75
2008-04-24,11.75,0,0,2.17,2.17,2.17,-6,11.75,11.75,11.75,11.75,11.5,11.59,11.75,11.5,11.53,11.75,11.5,11.51,12.5,11.5,11.67,0,0.078525641,0.034900285,0.043625356,11.83218024,11.34281976,1,100.3029647,0.076035918,0.042231757,11.75
2008-04-25,11.75,0,0,2.17,2.17,2.17,-6,11.75,11.75,11.75,11.75,11.5,11.6,11.75,11.5,11.53,11.75,11.5,11.52,12.5,11.5,11.67,0,0.08974359,0.044871795,0.044871795,11.85131234,11.34868766,1,100.3351714,0.076035918,0.043329715,11.75
2008-04-28,11.75,0,0,2.17,2.17,2.17,-6,11.75,11.75,11.75,11.75,11.5,11.61,11.75,11.5,11.53,11.75,11.5,11.52,12.5,11.5,11.67,0,0.100961538,0.056089744,0.044871795,11.86770889,11.35729111,1,100.3646185,0.076035918,0.043954169,11.75
2008-04-29,11.75,0,0,2.17,2.17,2.17,-6,11.75,11.75,11.75,11.75,11.5,11.63,11.75,11.5,11.54,11.75,11.5,11.52,12.5,11.5,11.66,0,0.112179487,0.067307692,0.044871795,11.88149459,11.36850541,1,100.3913102,0.076035918,0.044128101,11.75
2008-04-30,11.75,0,0,2.17,2.17,2.17,-6,11.75,11.75,11.75,11.75,11.5,11.64,11.75,11.5,11.54,11.75,11.5,11.52,12.5,11.5,11.66,0,0.123397436,0.078525641,0.044871795,11.89270889,11.38229111,1,100.415251,0.076035918,0.043859745,11.75
2008-05-01,11.75,0,0,2.17,2.17,2.17,-6,11.75,11.75,11.75,11.75,11.5,11.65,11.75,11.5,11.55,11.75,11.5,11.52,12.5,11.5,11.66,0,0.134615385,0.08974359,0.044871795,11.90131234,11.39868766,1,100.4364459,0.076035918,0.04314375,11.75
2008-05-02,11.75,0,0,2.17,2.17,2.17,-6,11.75,11.75,11.75,11.75,11.5,11.66,11.75,11.5,11.55,11.75,11.5,11.53,12.5,11.5,11.65,0,0.125,0.098646724,0.026353276,11.90718024,11.41781976,1,100.4549003,0.076035918,0.04196017,11.75
2008-05-05,11.75,0,0,2.17,2.17,2.17,-6,11.75,11.75,11.75,11.75,11.5,11.68,11.75,11.5,11.55,11.75,11.5,11.53,12.5,11.5,11.65,0,0.115384615,0.105235043,0.010149573,11.91008117,11.43991883,1,100.4706199,0.076035918,0.040270865,11.75
2008-05-06,11.75,0,0,2.17,2.17,2.17,-6,11.75,11.75,11.75,11.75,11.5,11.69,11.75,11.5,11.56,11.75,11.5,11.53,12.5,11.5,11.65,0,0.105769231,0.109508547,-0.003739316,11.90963083,11.46536917,1,100.483611,0.076035918,0.038011693,11.75
2008-05-07,11.75,0,0,2.17,2.17,2.17,-6,11.75,11.75,11.75,11.75,11.5,11.7,11.75,11.5,11.56,11.75,11.5,11.53,12.5,11.5,11.65,0,0.096153846,0.111467236,-0.01531339,11.90519567,11.49480433,1,100.4938802,0.076035918,0.035076183,11.75
2008-05-08,11.75,0,0,2.17,2.17,2.17,-6,11.75,11.75,11.75,11.75,11.5,11.71,11.75,11.5,11.57,11.75,11.5,11.53,12.5,11.5,11.64,0,0.086538462,0.111111111,-0.02457265,11.89567377,11.52932623,1,100.5014346,0.076035918,0.031278339,11.75
2008-05-09,11.75,0,0,2.17,2.17,2.17,-6,11.75,11.75,11.75,11.75,11.5,11.73,11.75,11.5,11.57,11.75,11.5,11.53,12.5,11.5,11.64,0,0.076923077,0.108440171,-0.031517094,11.87889675,11.57110325,1,100.5062816,0.076035918,0.026251045,11.75
2008-05-12,11.75,0,0,2.17,2.17,2.17,-6,11.75,11.75,11.75,11.75,11.5,11.74,11.75,11.5,11.57,11.75,11.5,11.54,12.5,11.5,11.64,0,0.067307692,0.103454416,-0.036146724,11.8493034,11.6256966,1,100.5084292,0.076035918,0.019050632,11.75
2008-05-13,11.75,0,0,2.17,2.17,2.17,-6,11.75,11.75,11.75,11.75,11.75,11.75,11.75,11.5,11.58,11.75,11.5,11.54,12.5,11.5,11.63,0,0.057692308,0.096153846,-0.038461538,11.75,11.75,0,100.5078856,0.076035918,0,11.75
2008-05-14,11.75,0,0,0,2.17,2.17,-6,11.75,11.75,11.75,11.75,11.75,11.75,11.75,11.5,11.58,11.75,11.5,11.54,12.5,11.5,11.63,0,0.048076923,0.086538462,-0.038461538,11.75,11.75,0,100.456865,0,0,11.75
2008-05-15,11.75,0,0,0,2.17,2.17,-6,11.75,11.75,11.75,11.75,11.75,11.75,11.75,11.5,11.58,11.75,11.5,11.54,12.5,11.5,11.63,0,0.038461538,0.076923077,-0.038461538,11.75,11.75,0,100.4085775,0,0,11.75
2008-05-16,11.75,0,0,0,2.17,2.17,-6,11.75,11.75,11.75,11.75,11.75,11.75,11.75,11.5,11.59,11.75,11.5,11.54,12.5,11.5,11.63,0,0.028846154,0.067307692,-0.038461538,11.75,11.75,0,100.3630152,0,0,11.75
2008-05-19,11.75,0,0,0,2.17,2.17,-6,11.75,11.75,11.75,11.75,11.75,11.75,11.75,11.5,11.59,11.75,11.5,11.55,12.5,11.5,11.62,0,0.019230769,0.057692308,-0.038461538,11.75,11.75,0,100.3201708,0,0,11.75
2008-05-20,11.75,0,0,0,2.17,2.17,-6,11.75,11.75,11.75,11.75,11.75,11.75,11.75,11.5,11.6,11.75,11.5,11.55,12.5,11.5,11.62,0,0.009615385,0.048076923,-0.038461538,11.75,11.75,0,100.2800373,0,0,11.75
2008-05-21,11.75,0,0,0,2.17,2.17,-6,11.75,11.75,11.75,11.75,11.75,11.75,11.75,11.5,11.6,11.75,11.5,11.55,12.5,11.5,11.62,0,0,0.038461538,-0.038461538,11.75,11.75,0,100.2426084,0,0,11.75
2008-05-22,11.75,0,0,0,2.17,2.17,-6,11.75,11.75,11.75,11.75,11.75,11.75,11.75,11.5,11.6,11.75,11.5,11.55,12.5,11.5,11.61,0,0,0.02991453,-0.02991453,11.75,11.75,0,100.207878,0,0,11.75
2008-05-23,11.75,0,0,0,2.17,2.17,-6,11.75,11.75,11.75,11.75,11.75,11.75,11.75,11.5,11.61,11.75,11.5,11.55,12.5,11.5,11.61,0,0,0.022435897,-0.022435897,11.75,11.75,0,100.1758406,0,0,11.75
2008-05-26,11.75,0,0,0,2.17,2.17,-6,11.75,11.75,11.75,11.75,11.75,11.75,11.75,11.5,11.61,11.75,11.5,11.56,12.5,11.5,11.61,0,0,0.016025641,-0.016025641,11.75,11.75,0,100.1464909,0,0,11.75
2008-05-27,11.75,0,0,0,2.17,2.17,-6,11.75,11.75,11.75,11.75,11.75,11.75,11.75,11.5,11.62,11.75,11.5,11.56,12.5,11.5,11.61,0,0,0.010683761,-0.010683761,11.75,11.75,0,100.1198243,0,0,11.75
2008-05-28,11.75,0,0,0,2.17,2.17,-6,11.75,11.75,11.75,11.75,11.75,11.75,11.75,11.5,11.62,11.75,11.5,11.56,12.5,11.5,11.6,0,0,0.006410256,-0.006410256,11.75,11.75,0,100.0958364,0,0,11.75
2008-05-29,11.75,0,0,0,2.17,2.17,-6,11.75,11.75,11.75,11.75,11.75,11.75,11.75,11.5,11.62,11.75,11.5,11.56,12.5,11.5,11.6,0,0,0.003205128,-0.003205128,11.75,11.75,0,100.0745236,0,0,11.75
2008-05-30,11.75,0,0,0,2.17,2.17,-6,11.75,11.75,11.75,11.75,11.75,11.75,11.75,11.5,11.63,11.75,11.5,11.56,12.5,11.5,11.6,0,0,0.001068376,-0.001068376,11.75,11.75,0,100.0558823,0,0,11.75
2008-06-02,11.75,0,0,0,2.17,2.17,-6,11.75,11.75,11.75,11.75,11.75,11.75,11.75,11.5,11.63,11.75,11.5,11.57,12.5,11.5,11.59,0,0,0,0,11.75,11.75,0,100.0399095,0,0,11.75
2008-06-03,11.75,0,0,0,2.17,2.17,-6,11.75,11.75,11.75,11.75,11.75,11.75,11.75,11.5,11.63,11.75,11.5,11.57,12,11.5,11.59,0,0,0,0,11.75,11.75,0,100.0266028,0,0,11.75
2008-06-04,12.25,4.26,4.26,4.26,6.52,6.52,2.08,12.25,11.75,11.85,12.25,11.75,11.78,12.25,11.5,11.65,12.25,11.5,11.57,12.25,11.5,11.59,0,0.022435897,0.002492877,0.01994302,11.9986068,11.5513932,1,100.1169093,0.147335231,0.037979923,12.25
2008-06-05,12.25,0,4.26,4.26,6.52,6.52,2.08,12.25,11.75,11.95,12.25,11.75,11.8,12.25,11.5,11.66,12.25,11.5,11.58,12.25,11.5,11.59,0,0.044871795,0.007478632,0.037393162,12.10779351,11.49220649,1,100.2043362,0.147335231,0.052168391,12.25
2008-06-06,12.25,0,4.26,4.26,6.52,6.52,2.08,12.25,11.75,12.05,12.25,11.75,11.83,12.25,11.5,11.67,12.25,11.5,11.58,12.25,11.5,11.59,0,0.067307692,0.014957265,0.052350427,12.19134755,11.45865245,1,100.2888871,0.147335231,0.06196153,12.25
2008-06-09,12.25,0,4.26,4.26,6.52,6.52,2.08,12.25,11.75,12.15,12.25,11.75,11.85,12.25,11.5,11.68,12.25,11.5,11.59,12.25,11.5,11.6,0,0.08974359,0.024928775,0.064814815,12.26039134,11.43960866,1,100.3705664,0.147335231,0.069264361,12.25
2008-06-10,12.25,0,4.26,4.26,6.52,6.52,2.08,12.25,12.25,12.25,12.25,11.75,11.88,12.25,11.5,11.69,12.25,11.5,11.6,12.25,11.5,11.6,0,0.112179487,0.037393162,0.074786325,12.31926166,11.43073834,1,100.4493788,0.147335231,0.074823016,12.25
2008-06-11,12.25,0,0,4.26,6.52,6.52,2.08,12.25,12.25,12.25,12.25,11.75,11.9,12.25,11.5,11.7,12.25,11.5,11.6,12.25,11.5,11.6,0,0.134615385,0.052350427,0.082264957,12.37016235,11.42983765,1,100.5226757,0.147335231,0.079018882,12.25
2008-06-12,12.25,0,0,4.26,6.52,6.52,2.08,12.25,12.25,12.25,12.25,11.75,11.93,12.25,11.5,11.72,12.25,11.5,11.61,12.25,11.5,11.6,0,0.157051282,0.06980057,0.087250712,12.41436048,11.43563952,1,100.5904682,0.147335231,0.082073037,12.25
2008-06-13,12.25,0,0,4.26,6.52,6.52,2.08,12.25,12.25,12.25,12.25,11.75,11.95,12.25,11.5,11.73,12.25,11.5,11.61,12.25,11.5,11.6,0,0.179487179,0.08974359,0.08974359,12.45262469,11.44737531,1,100.652769,0.147335231,0.084121287,12.25
2008-06-16,12.25,0,0,4.26,6.52,6.52,2.08,12.25,12.25,12.25,12.25,11.75,11.98,12.25,11.5,11.74,12.25,11.5,11.62,12.25,11.5,11.6,0,0.201923077,0.112179487,0.08974359,12.48541779,11.46458221,1,100.7095926,0.147335231,0.085247229,12.25
2008-06-17,12.25,0,0,4.26,6.52,6.52,2.08,12.25,12.25,12.25,12.25,11.75,12,12.25,11.5,11.75,12.25,11.5,11.63,12.25,11.5,11.6,0,0.224358974,0.134615385,0.08974359,12.51298918,11.48701082,1,100.7609551,0.147335231,0.085498196,12.25
2008-06-18,12.25,0,0,4.26,6.52,6.52,2.08,12.25,12.25,12.25,12.25,11.75,12.03,12.25,11.5,11.76,12.25,11.5,11.63,12.25,11.5,11.6,0,0.246794872,0.157051282,0.08974359,12.53541779,11.51458221,1,100.8068741,0.147335231,0.084892771,12.25
2008-06-19,12.25,0,0,4.26,6.52,6.52,2.08,12.25,12.25,12.25,12.25,11.75,12.05,12.25,11.5,11.77,12.25,11.5,11.64,12.25,11.5,11.6,0,0.269230769,0.179487179,0.08974359,12.55262469,11.54737531,1,100.847369,0.147335231,0.083423185,12.25
2008-06-20,12.25,0,0,4.26,6.52,6.52,2.08,12.25,12.25,12.25,12.25,11.75,12.08,12.25,11.5,11.78,12.25,11.5,11.64,12.25,11.5,11.6,0,0.25,0.197293447,0.052706553,12.56436048,11.58563952,1,100.8824604,0.147335231,0.081053496,12.25
2008-06-23,12.25,0,0,4.26,6.52,6.52,2.08,12.25,12.25,12.25,12.25,11.75,12.1,12.25,11.5,11.8,12.25,11.5,11.65,12.25,11.5,11.6,0,0.230769231,0.210470085,0.020299145,12.57016235,11.62983765,1,100.912171,0.147335231,0.077712784,12.25
2008-06-24,12.25,0,0,4.26,6.52,6.52,2.08,12.25,12.25,12.25,12.25,11.75,12.13,12.25,11.5,11.81,12.25,11.5,11.65,12.25,11.5,11.61,0,0.211538462,0.219017094,-0.007478632,12.56926166,11.68073834,1,100.9365245,0.147335231,0.073280274,12.25
2008-06-25,12.25,0,0,4.26,6.52,6.52,2.08,12.25,12.25,12.25,12.25,11.75,12.15,12.25,11.5,11.82,12.25,11.5,11.66,12.25,11.5,11.61,0,0.192307692,0.222934473,-0.030626781,12.56039134,11.73960866,1,100.9555463,0.147335231,0.06755413,12.25
2008-06-26,12.25,0,0,4.26,6.52,6.52,2.08,12.25,12.25,12.25,12.25,11.75,12.18,12.25,11.5,11.83,12.25,11.5,11.67,12.25,11.5,11.61,0,0.173076923,0.222222222,-0.049145299,12.54134755,11.80865245,1,100.9692635,0.147335231,0.060180295,12.25
2008-06-27,12.25,0,0,4.26,6.52,6.52,2.08,12.25,12.25,12.25,12.25,11.75,12.2,12.25,11.5,11.84,12.25,11.5,11.67,12.25,11.5,11.61,0,0.153846154,0.216880342,-0.063034188,12.50779351,11.89220649,1,100.9777042,0.147335231,0.050457952,12.25
2008-06-30,12.25,0,0,4.26,6.52,6.52,2.08,12.25,12.25,12.25,12.25,11.75,12.23,12.25,11.5,11.85,12.25,11.5,11.68,12.25,11.5,11.61,0,0.134615385,0.206908832,-0.072293447,12.4486068,12.0013932,1,100.9808983,0.147335231,0.036581889,12.25
2008-07-01,12.25,0,0,4.26,6.52,6.52,2.08,12.25,12.25,12.25,12.25,12.25,12.25,12.25,11.5,11.87,12.25,11.5,11.68,12.25,11.5,11.61,0,0.115384615,0.192307692,-0.076923077,12.25,12.25,0,100.9788769,0.147335231,0,12.25
2008-07-02,12.25,0,0,0,6.52,6.52,2.08,12.25,12.25,12.25,12.25,12.25,12.25,12.25,11.5,11.88,12.25,11.5,11.69,12.25,11.5,11.61,0,0.096153846,0.173076923,-0.076923077,12.25,12.25,0,100.8801276,0,0,12.25
2008-07-03,12.25,0,0,0,6.52,6.52,2.08,12.25,12.25,12.25,12.25,12.25,12.25,12.25,11.5,11.89,12.25,11.5,11.69,12.25,11.5,11.61,0,0.076923077,0.153846154,-0.076923077,12.25,12.25,0,100.7867537,0,0,12.25
2008-07-04,12.25,0,0,0,6.52,6.52,2.08,12.25,12.25,12.25,12.25,12.25,12.25,12.25,11.5,11.9,12.25,11.5,11.7,12.25,11.5,11.61,0,0.057692308,0.134615385,-0.076923077,12.25,12.25,0,100.6987259,0,0,12.25
2008-07-07,12.25,0,0,0,6.52,6.52,2.08,12.25,12.25,12.25,12.25,12.25,12.25,12.25,11.5,11.91,12.25,11.5,11.71,12.25,11.5,11.61,0,0.038461538,0.115384615,-0.076923077,12.25,12.25,0,100.6160164,0,0,12.25
2008-07-08,12.25,0,0,0,6.52,6.52,2.08,12.25,12.25,12.25,12.25,12.25,12.25,12.25,11.5,11.92,12.25,11.5,11.71,12.25,11.5,11.62,0,0.019230769,0.096153846,-0.076923077,12.25,12.25,0,100.5385996,0,0,12.25
2008-07-09,12.25,0,0,0,6.52,6.52,2.08,12.25,12.25,12.25,12.25,12.25,12.25,12.25,11.5,11.93,12.25,11.5,11.72,12.25,11.5,11.62,0,0,0.076923077,-0.076923077,12.25,12.25,0,100.4664514,0,0,12.25
2008-07-10,12.25,0,0,0,6.52,6.52,2.08,12.25,12.25,12.25,12.25,12.25,12.25,12.25,11.5,11.95,12.25,11.5,11.72,12.25,11.5,11.62,0,0,0.05982906,-0.05982906,12.25,12.25,0,100.3995492,0,0,12.25
2008-07-11,12.25,0,0,0,6.52,6.52,2.08,12.25,12.25,12.25,12.25,12.25,12.25,12.25,11.5,11.96,12.25,11.5,11.73,12.25,11.5,11.62,0,0,0.044871795,-0.044871795,12.25,12.25,0,100.3378724,0,0,12.25
2008-07-14,12.25,0,0,0,6.52,6.52,2.08,12.25,12.25,12.25,12.25,12.25,12.25,12.25,11.5,11.97,12.25,11.5,11.73,12.25,11.5,11.62,0,0,0.032051282,-0.032051282,12.25,12.25,0,100.2814019,0,0,12.25
2008-07-15,12.25,0,0,0,6.52,6.52,2.08,12.25,12.25,12.25,12.25,12.25,12.25,12.25,11.75,11.98,12.25,11.5,11.74,12.25,11.5,11.62,0,0,0.021367521,-0.021367521,12.25,12.25,0,100.2301202,0,0,12.25
2008-07-16,12.25,0,0,0,4.26,6.52,6.52,12.25,12.25,12.25,12.25,12.25,12.25,12.25,11.75,11.99,12.25,11.5,11.75,12.25,11.5,11.62,0,0,0.012820513,-0.012820513,12.25,12.25,0,100.1840114,0,0,12.25
2008-07-17,12.25,0,0,0,4.26,6.52,6.52,12.25,12.25,12.25,12.25,12.25,12.25,12.25,11.75,12,12.25,11.5,11.75,12.25,11.5,11.63,0,0,0.006410256,-0.006410256,12.25,12.25,0,100.1430615,0,0,12.25
2008-07-18,12.25,0,0,0,4.26,6.52,6.52,12.25,12.25,12.25,12.25,12.25,12.25,12.25,11.75,12,12.25,11.5,11.76,12.25,11.5,11.63,0,0,0.002136752,-0.002136752,12.25,12.25,0,100.1072578,0,0,12.25
2008-07-21,12.25,0,0,0,4.26,6.52,6.52,12.25,12.25,12.25,12.25,12.25,12.25,12.25,11.75,12.01,12.25,11.5,11.76,12.25,11.5,11.63,0,0,0,0,12.25,12.25,0,100.0765892,0,0,12.25
2008-07-22,12.25,0,0,0,4.26,6.52,6.52,12.25,12.25,12.25,12.25,12.25,12.25,12.25,11.75,12.02,12.25,11.5,11.77,12.25,11.5,11.63,0,0,0,0,12.25,12.25,0,100.0510465,0,0,12.25
2008-07-23,13,6.12,6.12,6.12,10.64,13.04,13.04,13,12.25,12.4,13,12.25,12.29,13,11.75,12.04,13,11.5,11.78,13,11.5,11.64,0,0.033653846,0.003739316,0.02991453,12.6229102,11.9520898,1,100.1757917,0.210093518,0.054593725,13
2008-07-24,13,0,6.12,6.12,10.64,13.04,13.04,13,12.25,12.55,13,12.25,12.33,13,11.75,12.06,13,11.5,11.79,13,11.5,11.65,0,0.067307692,0.011217949,0.056089744,12.78669026,11.86330974,1,100.2975358,0.210093518,0.074919312,13
2008-07-25,13,0,6.12,6.12,10.64,13.04,13.04,13,12.25,12.7,13,12.25,12.36,13,11.75,12.08,13,11.5,11.8,13,11.5,11.65,0,0.100961538,0.022435897,0.078525641,12.91202132,11.81297868,1,100.4162859,0.210093518,0.088901326,13
2008-07-28,13,0,6.12,6.12,10.64,13.04,13.04,13,12.25,12.85,13,12.25,12.4,13,11.75,12.1,13,11.5,11.82,13,11.5,11.66,0,0.134615385,0.037393162,0.097222222,13.01558701,11.78441299,1,100.5320497,0.210093518,0.099288228,13
2008-07-29,13,0,6.12,6.12,10.64,13.04,13.04,13,13,13,13,12.25,12.44,13,11.75,12.12,13,11.5,11.83,13,11.5,11.66,0,0.168269231,0.056089744,0.112179487,13.10389249,11.77110751,1,100.644835,0.210093518,0.107158591,13
2008-07-30,13,0,0,6.12,10.64,13.04,13.04,13,13,13,13,12.25,12.48,13,11.75,12.13,13,11.5,11.84,13,11.5,11.67,0,0.201923077,0.078525641,0.123397436,13.18024352,11.76975648,1,100.7495646,0.210093518,0.113065093,13
2008-07-31,13,0,0,6.12,10.64,13.04,13.04,13,13,13,13,12.25,12.51,13,11.75,12.15,13,11.5,11.85,13,11.5,11.68,0,0.235576923,0.104700855,0.130876068,13.24654073,11.77845927,1,100.8462623,0.210093518,0.117329187,13
2008-08-01,13,0,0,6.12,10.64,13.04,13.04,13,13,13,13,12.25,12.55,13,11.75,12.17,13,11.5,11.86,13,11.5,11.68,0,0.269230769,0.134615385,0.134615385,13.30393703,11.79606297,1,100.9349553,0.210093518,0.120149328,13
2008-08-04,13,0,0,6.12,10.64,13.04,13.04,13,13,13,13,12.25,12.59,13,11.75,12.19,13,11.5,11.87,13,11.5,11.69,0,0.302884615,0.168269231,0.134615385,13.35312668,11.82187332,1,101.015674,0.210093518,0.121648727,13
2008-08-05,13,0,0,6.12,10.64,13.04,13.04,13,13,13,13,12.25,12.63,13,11.75,12.21,13,11.5,11.88,13,11.5,11.69,0,0.336538462,0.201923077,0.134615385,13.39448376,11.85551624,1,101.0884524,0.210093518,0.121898418,13
2008-08-06,13,0,0,6.12,10.64,13.04,13.04,13,13,13,13,12.25,12.66,13,11.75,12.23,13,11.5,11.9,13,11.5,11.7,0,0.370192308,0.235576923,0.134615385,13.42812668,11.89687332,1,101.1533277,0.210093518,0.120928202,13
2008-08-07,13,0,0,6.12,10.64,13.04,13.04,13,13,13,13,12.25,12.7,13,11.75,12.25,13,11.5,11.91,13,11.5,11.7,0,0.403846154,0.269230769,0.134615385,13.45393703,11.94606297,1,101.2103402,0.210093518,0.118730242,13
2008-08-08,13,0,0,6.12,10.64,13.04,13.04,13,13,13,13,12.25,12.74,13,11.75,12.27,13,11.5,11.92,13,11.5,11.71,0,0.375,0.295940171,0.079059829,13.47154073,12.00345927,1,101.2595335,0.210093518,0.11525664,13
2008-08-11,13,0,0,6.12,10.64,13.04,13.04,13,13,13,13,12.25,12.78,13,11.75,12.29,13,11.5,11.93,13,11.5,11.72,0,0.346153846,0.315705128,0.030448718,13.48024352,12.06975648,1,101.300954,0.210093518,0.110409944,13
2008-08-12,13,0,0,6.12,10.64,13.04,13.04,13,13,13,13,12.25,12.81,13,11.75,12.31,13,11.5,11.94,13,11.5,11.72,0,0.317307692,0.328525641,-0.011217949,13.47889249,12.14610751,1,101.3346515,0.210093518,0.104022242,13
2008-08-13,13,0,0,6.12,10.64,13.04,13.04,13,13,13,13,12.25,12.85,13,11.75,12.33,13,11.5,11.95,13,11.5,11.73,0,0.288461538,0.334401709,-0.045940171,13.46558701,12.23441299,1,101.3606784,0.210093518,0.095811208,13
2008-08-14,13,0,0,6.12,10.64,13.04,13.04,13,13,13,13,12.25,12.89,13,11.75,12.35,13,11.5,11.97,13,11.5,11.73,0,0.259615385,0.333333333,-0.073717949,13.43702132,12.33797868,1,101.3790899,0.210093518,0.08527974,13
2008-08-15,13,0,0,6.12,10.64,13.04,13.04,13,13,13,13,12.25,12.93,13,11.75,12.37,13,11.5,11.98,13,11.5,11.74,0,0.230769231,0.325320513,-0.094551282,13.38669026,12.46330974,1,101.3899444,0.210093518,0.071441433,13
2008-08-18,13,0,0,6.12,10.64,13.04,13.04,13,13,13,13,12.25,12.96,13,11.75,12.38,13,11.5,11.99,13,11.5,11.74,0,0.201923077,0.310363248,-0.108440171,13.2979102,12.6270898,1,101.3933024,0.210093518,0.05175085,13
2008-08-19,13,0,0,6.12,10.64,13.04,13.04,13,13,13,13,13,13,13,11.75,12.4,13,11.5,12,13,11.5,11.75,0,0.173076923,0.288461538,-0.115384615,13,13,0,101.3892274,0.210093518,0,13
2008-08-20,13,0,0,0,10.64,13.04,13.04,13,13,13,13,13,13,13,11.75,12.42,13,11.5,12.01,13,11.5,11.76,0,0.144230769,0.259615385,-0.115384615,13,13,0,101.2485701,0,0,13
2008-08-21,13,0,0,0,10.64,13.04,13.04,13,13,13,13,13,13,13,11.75,12.44,13,11.5,12.02,13,11.5,11.76,0,0.115384615,0.230769231,-0.115384615,13,13,0,101.1156754,0,0,13
2008-08-22,13,0,0,0,10.64,13.04,13.04,13,13,13,13,13,13,13,11.75,12.46,13,11.5,12.03,13,11.5,11.77,0,0.086538462,0.201923077,-0.115384615,13,13,0,100.9904836,0,0,13
2008-08-25,13,0,0,0,10.64,13.04,13.04,13,13,13,13,13,13,13,11.75,12.48,13,11.5,12.05,13,11.5,11.77,0,0.057692308,0.173076923,-0.115384615,13,13,0,100.8729389,0,0,13
2008-08-26,13,0,0,0,10.64,13.04,13.04,13,13,13,13,13,13,13,11.75,12.5,13,11.5,12.06,13,11.5,11.78,0,0.028846154,0.144230769,-0.115384615,13,13,0,100.762989,0,0,13
2008-08-27,13,0,0,0,10.64,13.04,13.04,13,13,13,13,13,13,13,11.75,12.52,13,11.5,12.07,13,11.5,11.78,0,0,0.115384615,-0.115384615,13,13,0,100.6605851,0,0,13
2008-08-28,13,0,0,0,10.64,13.04,13.04,13,13,13,13,13,13,13,11.75,12.54,13,11.5,12.08,13,11.5,11.79,0,0,0.08974359,-0.08974359,13,13,0,100.565682,0,0,13
2008-08-29,13,0,0,0,10.64,13.04,13.04,13,13,13,13,13,13,13,11.75,12.56,13,11.5,12.09,13,11.5,11.8,0,0,0.067307692,-0.067307692,13,13,0,100.4782378,0,0,13
2008-09-01,13,0,0,0,10.64,13.04,13.04,13,13,13,13,13,13,13,11.75,12.58,13,11.5,12.1,13,11.5,11.8,0,0,0.048076923,-0.048076923,13,13,0,100.3982141,0,0,13
2008-09-02,13,0,0,0,10.64,13.04,13.04,13,13,13,13,13,13,13,12.25,12.6,13,11.5,12.12,13,11.5,11.81,0,0,0.032051282,-0.032051282,13,13,0,100.3255758,0,0,13
2008-09-03,13,0,0,0,6.12,13.04,13.04,13,13,13,13,13,13,13,12.25,12.61,13,11.5,12.13,13,11.5,11.81,0,0,0.019230769,-0.019230769,13,13,0,100.2602911,0,0,13
2008-09-04,13,0,0,0,6.12,13.04,13.04,13,13,13,13,13,13,13,12.25,12.62,13,11.5,12.14,13,11.5,11.82,0,0,0.009615385,-0.009615385,13,13,0,100.2023316,0,0,13
2008-09-05,13,0,0,0,6.12,13.04,13.04,13,13,13,13,13,13,13,12.25,12.63,13,11.5,12.15,13,11.5,11.83,0,0,0.003205128,-0.003205128,13,13,0,100.151672,0,0,13
2008-09-08,13,0,0,0,6.12,13.04,13.04,13,13,13,13,13,13,13,12.25,12.64,13,11.5,12.16,13,11.5,11.83,0,0,0,0,13,13,0,100.1082902,0,0,13
2008-09-09,13,0,0,0,6.12,13.04,13.04,13,13,13,13,13,13,13,12.25,12.65,13,11.5,12.17,13,11.5,11.84,0,0,0,0,13,13,0,100.0721674,0,0,13
2008-09-10,13.75,5.77,5.77,5.77,12.24,19.57,19.57,13.75,13,13.15,13.75,13,13.04,13.75,12.25,12.68,13.75,11.5,12.19,13.75,11.5,11.85,0,0.033653846,0.003739316,0.02991453,13.3729102,12.7020898,1,100.1800936,0.198306211,0.051453146,13.75
2008-09-11,13.75,0,5.77,5.77,12.24,19.57,19.57,13.75,13,13.3,13.75,13,13.08,13.75,12.25,12.7,13.75,11.5,12.21,13.75,11.5,11.85,0,0.067307692,0.011217949,0.056089744,13.53669026,12.61330974,1,100.2876318,0.198306211,0.070621837,13.75
2008-09-12,13.75,0,5.77,5.77,12.24,19.57,19.57,13.75,13,13.45,13.75,13,13.11,13.75,12.25,12.72,13.75,11.5,12.23,13.75,11.5,11.86,0,0.100961538,0.022435897,0.078525641,13.66202132,12.56297868,1,100.3947841,0.198306211,0.083816408,13.75
2008-09-15,13.75,0,5.77,5.77,12.24,19.57,19.57,13.75,13,13.6,13.75,13,13.15,13.75,12.25,12.75,13.75,11.5,12.24,13.75,11.5,11.87,0,0.134615385,0.037393162,0.097222222,13.76558701,12.53441299,1,100.5015524,0.198306211,0.093625401,13.75
2008-09-16,13.75,0,5.77,5.77,12.24,19.57,19.57,13.75,13.75,13.75,13.75,13,13.19,13.75,12.25,12.77,13.75,11.5,12.26,13.75,11.5,11.88,0,0.168269231,0.056089744,0.112179487,13.85389249,12.52110751,1,100.607939,0.198306211,0.101064264,13.75
2008-09-17,13.75,0,0,5.77,12.24,19.57,19.57,13.75,13.75,13.75,13.75,13,13.23,13.75,12.25,12.79,13.75,11.5,12.28,13.75,11.5,11.89,0,0.201923077,0.078525641,0.123397436,13.93024352,12.51975648,1,100.7067558,0.198306211,0.106653084,13.75
2008-09-18,13.75,0,0,5.77,12.24,19.57,19.57,13.75,13.75,13.75,13.75,13,13.26,13.75,12.25,12.82,13.75,11.5,12.29,13.75,11.5,11.9,0,0.235576923,0.104700855,0.130876068,13.99654073,12.52845927,1,100.7980239,0.198306211,0.110694172,13.75
2008-09-19,13.75,0,0,5.77,12.24,19.57,19.57,13.75,13.75,13.75,13.75,13,13.3,13.75,12.25,12.84,13.75,11.5,12.31,13.75,11.5,11.91,0,0.269230769,0.134615385,0.134615385,14.05393703,12.54606297,1,100.8817673,0.198306211,0.11337399,13.75
2008-09-22,13.75,0,0,5.77,12.24,19.57,19.57,13.75,13.75,13.75,13.75,13,13.34,13.75,12.25,12.86,13.75,11.5,12.33,13.75,11.5,11.91,0,0.302884615,0.168269231,0.134615385,14.10312668,12.57187332,1,100.958013,0.198306211,0.114808124,13.75
2008-09-23,13.75,0,0,5.77,12.24,19.57,19.57,13.75,13.75,13.75,13.75,13,13.38,13.75,12.25,12.88,13.75,11.5,12.35,13.75,11.5,11.92,0,0.336538462,0.201923077,0.134615385,14.14448376,12.60551624,1,101.026791,0.198306211,0.115062993,13.75
2008-09-24,13.75,0,0,5.77,12.24,19.57,19.57,13.75,13.75,13.75,13.75,13,13.41,13.75,12.25,12.91,13.75,11.5,12.36,13.75,11.5,11.93,0,0.370192308,0.235576923,0.134615385,14.17812668,12.64687332,1,101.0881342,0.198306211,0.11416614,13.75
2008-09-25,13.75,0,0,5.77,12.24,19.57,19.57,13.75,13.75,13.75,13.75,13,13.45,13.75,12.25,12.93,13.75,11.5,12.38,13.75,11.5,11.94,0,0.403846154,0.269230769,0.134615385,14.20393703,12.69606297,1,101.1420783,0.198306211,0.112109596,13.75
2008-09-26,13.75,0,0,5.77,12.24,19.57,19.57,13.75,13.75,13.75,13.75,13,13.49,13.75,12.25,12.95,13.75,11.5,12.4,13.75,11.5,11.95,0,0.375,0.295940171,0.079059829,14.22154073,12.75345927,1,101.188662,0.198306211,0.108847559,13.75
2008-09-29,13.75,0,0,5.77,12.24,19.57,19.57,13.75,13.75,13.75,13.75,13,13.53,13.75,12.25,12.98,13.75,11.5,12.42,13.75,11.5,11.96,0,0.346153846,0.315705128,0.030448718,14.23024352,12.81975648,1,101.2279266,0.198306211,0.104287397,13.75
2008-09-30,13.75,0,0,5.77,12.24,19.57,19.57,13.75,13.75,13.75,13.75,13,13.56,13.75,12.25,13,13.75,11.5,12.43,13.75,11.5,11.97,0,0.317307692,0.328525641,-0.011217949,14.22889249,12.89610751,1,101.259916,0.198306211,0.09826986,13.75
2008-10-01,13.75,0,0,5.77,12.24,19.57,19.57,13.75,13.75,13.75,13.75,13,13.6,13.75,12.25,13.02,13.75,11.5,12.45,13.75,11.5,11.98,0,0.288461538,0.334401709,-0.045940171,14.21558701,12.98441299,1,101.284677,0.198306211,0.090527502,13.75
2008-10-02,13.75,0,0,5.77,12.24,19.57,19.57,13.75,13.75,13.75,13.75,13,13.64,13.75,12.25,13.05,13.75,11.5,12.47,13.75,11.5,11.98,0,0.259615385,0.333333333,-0.073717949,14.18702132,13.08797868,1,101.3022586,0.198306211,0.080589745,13.75
2008-10-03,13.75,0,0,5.77,12.24,19.57,19.57,13.75,13.75,13.75,13.75,13,13.68,13.75,12.25,13.07,13.75,11.5,12.48,13.75,11.5,11.99,0,0.230769231,0.325320513,-0.094551282,14.13669026,13.21330974,1,101.3127127,0.198306211,0.067523255,13.75
2008-10-06,13.75,0,0,5.77,12.24,19.57,19.57,13.75,13.75,13.75,13.75,13,13.71,13.75,12.25,13.09,13.75,11.5,12.5,13.75,11.5,12,0,0.201923077,0.310363248,-0.108440171,14.0479102,13.3770898,1,101.3160933,0.198306211,0.048920357,13.75
2008-10-07,13.75,0,0,5.77,12.24,19.57,19.57,13.75,13.75,13.75,13.75,13.75,13.75,13.75,12.25,13.12,13.75,11.5,12.52,13.75,11.5,12.01,0,0.173076923,0.288461538,-0.115384615,13.75,13.75,0,101.3124568,0.198306211,0,13.75
2008-10-08,13.75,0,0,0,12.24,19.57,19.57,13.75,13.75,13.75,13.75,13.75,13.75,13.75,12.25,13.14,13.75,11.5,12.54,13.75,11.5,12.02,0,0.144230769,0.259615385,-0.115384615,13.75,13.75,0,101.1796629,0,0,13.75
2008-10-09,13.75,0,0,0,12.24,19.57,19.57,13.75,13.75,13.75,13.75,13.75,13.75,13.75,12.25,13.16,13.75,11.5,12.55,13.75,11.5,12.03,0,0.115384615,0.230769231,-0.115384615,13.75,13.75,0,101.0541788,0,0,13.75
2008-10-10,13.75,0,0,0,12.24,19.57,19.57,13.75,13.75,13.75,13.75,13.75,13.75,13.75,12.25,13.18,13.75,11.5,12.57,13.75,11.5,12.04,0,0.086538462,0.201923077,-0.115384615,13.75,13.75,0,100.9359516,0,0,13.75
2008-10-13,13.75,0,0,0,12.24,19.57,19.57,13.75,13.75,13.75,13.75,13.75,13.75,13.75,12.25,13.21,13.75,11.5,12.59,13.75,11.5,12.04,0,0.057692308,0.173076923,-0.115384615,13.75,13.75,0,100.8249313,0,0,13.75
2008-10-14,13.75,0,0,0,12.24,19.57,19.57,13.75,13.75,13.75,13.75,13.75,13.75,13.75,12.25,13.23,13.75,11.75,12.61,13.75,11.5,12.05,0,0.028846154,0.144230769,-0.115384615,13.75,13.75,0,100.7210713,0,0,13.75
2008-10-15,13.75,0,0,0,12.24,17.02,19.57,13.75,13.75,13.75,13.75,13.75,13.75,13.75,12.25,13.25,13.75,11.75,12.62,13.75,11.5,12.06,0,0,0.115384615,-0.115384615,13.75,13.75,0,100.6243282,0,0,13.75
2008-10-16,13.75,0,0,0,12.24,17.02,19.57,13.75,13.75,13.75,13.75,13.75,13.75,13.75,12.25,13.28,13.75,11.75,12.64,13.75,11.5,12.07,0,0,0.08974359,-0.08974359,13.75,13.75,0,100.5346616,0,0,13.75
2008-10-17,13.75,0,0,0,12.24,17.02,19.57,13.75,13.75,13.75,13.75,13.75,13.75,13.75,12.25,13.3,13.75,11.75,12.65,13.75,11.5,12.08,0,0,0.067307692,-0.067307692,13.75,13.75,0,100.4520342,0,0,13.75
2008-10-20,13.75,0,0,0,12.24,17.02,19.57,13.75,13.75,13.75,13.75,13.75,13.75,13.75,12.25,13.32,13.75,11.75,12.67,13.75,11.5,12.09,0,0,0.048076923,-0.048076923,13.75,13.75,0,100.3764115,0,0,13.75
2008-10-21,13.75,0,0,0,12.24,17.02,19.57,13.75,13.75,13.75,13.75,13.75,13.75,13.75,13,13.35,13.75,11.75,12.68,13.75,11.5,12.1,0,0,0.032051282,-0.032051282,13.75,13.75,0,100.3077625,0,0,13.75
2008-10-22,13.75,0,0,0,5.77,17.02,19.57,13.75,13.75,13.75,13.75,13.75,13.75,13.75,13,13.36,13.75,11.75,12.7,13.75,11.5,12.1,0,0,0.019230769,-0.019230769,13.75,13.75,0,100.2460585,0,0,13.75
2008-10-23,13.75,0,0,0,5.77,17.02,19.57,13.75,13.75,13.75,13.75,13.75,13.75,13.75,13,13.37,13.75,11.75,12.71,13.75,11.5,12.11,0,0,0.009615385,-0.009615385,13.75,13.75,0,100.1912743,0,0,13.75
2008-10-24,13.75,0,0,0,5.77,17.02,19.57,13.75,13.75,13.75,13.75,13.75,13.75,13.75,13,13.38,13.75,11.75,12.73,13.75,11.5,12.12,0,0,0.003205128,-0.003205128,13.75,13.75,0,100.1433871,0,0,13.75
2008-10-27,13.75,0,0,0,5.77,17.02,19.57,13.75,13.75,13.75,13.75,13.75,13.75,13.75,13,13.39,13.75,11.75,12.74,13.75,11.5,12.13,0,0,0,0,13.75,13.75,0,100.1023774,0,0,13.75
2008-10-28,13.75,0,0,0,5.77,17.02,19.57,13.75,13.75,13.75,13.75,13.75,13.75,13.75,13,13.4,13.75,11.75,12.76,13.75,11.5,12.14,0,0,0,0,13.75,13.75,0,100.0682283,0,0,13.75
2008-10-29,13.75,0,0,0,5.77,17.02,19.57,13.75,13.75,13.75,13.75,13.75,13.75,13.75,13,13.42,13.75,11.75,12.78,13.75,11.5,12.15,0,0,0,0,13.75,13.75,0,100.0409258,0,0,13.75
2008-10-30,13.75,0,0,0,5.77,17.02,19.57,13.75,13.75,13.75,13.75,13.75,13.75,13.75,13,13.43,13.75,11.75,12.79,13.75,11.5,12.16,0,0,0,0,13.75,13.75,0,100.0204587,0,0,13.75
2008-10-31,13.75,0,0,0,5.77,17.02,19.57,13.75,13.75,13.75,13.75,13.75,13.75,13.75,13,13.44,13.75,11.75,12.81,13.75,11.5,12.17,0,0,0,0,13.75,13.75,0,100.0068186,0,0,13.75
2008-11-03,13.75,0,0,0,5.77,17.02,19.57,13.75,13.75,13.75,13.75,13.75,13.75,13.75,13,13.45,13.75,11.75,12.82,13.75,11.5,12.17,0,0,0,0,13.75,13.75,0,100,0,0,13.75
2008-11-04,13.75,0,0,0,5.77,17.02,19.57,13.75,13.75,13.75,13.75,13.75,13.75,13.75,13,13.46,13.75,11.75,12.84,13.75,11.5,12.18,0,0,0,0,13.75,13.75,0,100,0,0,13.75
2008-11-05,13.75,0,0,0,5.77,17.02,19.57,13.75,13.75,13.75,13.75,13.75,13.75,13.75,13,13.47,13.75,11.75,12.85,13.75,11.5,12.19,0,0,0,0,13.75,13.75,0,100,0,0,13.75
2008-11-06,13.75,0,0,0,5.77,17.02,19.57,13.75,13.75,13.75,13.75,13.75,13.75,13.75,13,13.48,13.75,11.75,12.87,13.75,11.5,12.2,0,0,0,0,13.75,13.75,0,100,0,0,13.75
2008-11-07,13.75,0,0,0,5.77,17.02,19.57,13.75,13.75,13.75,13.75,13.75,13.75,13.75,13,13.5,13.75,11.75,12.88,13.75,11.5,12.21,0,0,0,0,13.75,13.75,0,100,0,0,13.75
2008-11-10,13.75,0,0,0,5.77,17.02,19.57,13.75,13.75,13.75,13.75,13.75,13.75,13.75,13,13.51,13.75,11.75,12.9,13.75,11.5,12.22,0,0,0,0,13.75,13.75,0,100,0,0,13.75
2008-11-11,13.75,0,0,0,5.77,17.02,19.57,13.75,13.75,13.75,13.75,13.75,13.75,13.75,13,13.52,13.75,11.75,12.91,13.75,11.5,12.23,0,0,0,0,13.75,13.75,0,100,0,0,13.75
2008-11-12,13.75,0,0,0,5.77,17.02,19.57,13.75,13.75,13.75,13.75,13.75,13.75,13.75,13,13.53,13.75,11.75,12.93,13.75,11.5,12.23,0,0,0,0,13.75,13.75,0,100,0,0,13.75
2008-11-13,13.75,0,0,0,5.77,17.02,19.57,13.75,13.75,13.75,13.75,13.75,13.75,13.75,13,13.54,13.75,11.75,12.94,13.75,11.5,12.24,0,0,0,0,13.75,13.75,0,100,0,0,13.75
2008-11-14,13.75,0,0,0,5.77,17.02,19.57,13.75,13.75,13.75,13.75,13.75,13.75,13.75,13,13.55,13.75,11.75,12.96,13.75,11.5,12.25,0,0,0,0,13.75,13.75,0,100,0,0,13.75
2008-11-17,13.75,0,0,0,5.77,17.02,19.57,13.75,13.75,13.75,13.75,13.75,13.75,13.75,13,13.57,13.75,11.75,12.98,13.75,11.5,12.26,0,0,0,0,13.75,13.75,0,100,0,0,13.75
2008-11-18,13.75,0,0,0,5.77,17.02,19.57,13.75,13.75,13.75,13.75,13.75,13.75,13.75,13,13.58,13.75,11.75,12.99,13.75,11.5,12.27,0,0,0,0,13.75,13.75,0,100,0,0,13.75
2008-11-19,13.75,0,0,0,5.77,17.02,19.57,13.75,13.75,13.75,13.75,13.75,13.75,13.75,13,13.59,13.75,11.75,13.01,13.75,11.5,12.28,0,0,0,0,13.75,13.75,0,100,0,0,13.75
2008-11-20,13.75,0,0,0,5.77,17.02,19.57,13.75,13.75,13.75,13.75,13.75,13.75,13.75,13,13.6,13.75,11.75,13.02,13.75,11.5,12.29,0,0,0,0,13.75,13.75,0,100,0,0,13.75
2008-11-21,13.75,0,0,0,5.77,17.02,19.57,13.75,13.75,13.75,13.75,13.75,13.75,13.75,13,13.61,13.75,11.75,13.04,13.75,11.5,12.3,0,0,0,0,13.75,13.75,0,100,0,0,13.75
2008-11-24,13.75,0,0,0,5.77,17.02,19.57,13.75,13.75,13.75,13.75,13.75,13.75,13.75,13,13.62,13.75,11.75,13.05,13.75,11.5,12.3,0,0,0,0,13.75,13.75,0,100,0,0,13.75
2008-11-25,13.75,0,0,0,5.77,17.02,19.57,13.75,13.75,13.75,13.75,13.75,13.75,13.75,13,13.63,13.75,11.75,13.07,13.75,11.5,12.31,0,0,0,0,13.75,13.75,0,100,0,0,13.75
2008-11-26,13.75,0,0,0,5.77,17.02,19.57,13.75,13.75,13.75,13.75,13.75,13.75,13.75,13,13.65,13.75,11.75,13.08,13.75,11.5,12.32,0,0,0,0,13.75,13.75,0,100,0,0,13.75
2008-11-27,13.75,0,0,0,5.77,17.02,19.57,13.75,13.75,13.75,13.75,13.75,13.75,13.75,13,13.66,13.75,11.75,13.1,13.75,11.5,12.33,0,0,0,0,13.75,13.75,0,100,0,0,13.75
2008-11-28,13.75,0,0,0,5.77,17.02,19.57,13.75,13.75,13.75,13.75,13.75,13.75,13.75,13,13.67,13.75,11.75,13.11,13.75,11.5,12.34,0,0,0,0,13.75,13.75,0,100,0,0,13.75
2008-12-01,13.75,0,0,0,5.77,17.02,19.57,13.75,13.75,13.75,13.75,13.75,13.75,13.75,13,13.68,13.75,11.75,13.13,13.75,11.5,12.35,0,0,0,0,13.75,13.75,0,100,0,0,13.75
2008-12-02,13.75,0,0,0,5.77,17.02,19.57,13.75,13.75,13.75,13.75,13.75,13.75,13.75,13,13.69,13.75,12.25,13.14,13.75,11.5,12.36,0,0,0,0,13.75,13.75,0,100,0,0,13.75
2008-12-03,13.75,0,0,0,5.77,12.24,19.57,13.75,13.75,13.75,13.75,13.75,13.75,13.75,13,13.7,13.75,12.25,13.16,13.75,11.5,12.36,0,0,0,0,13.75,13.75,0,100,0,0,13.75
2008-12-04,13.75,0,0,0,5.77,12.24,19.57,13.75,13.75,13.75,13.75,13.75,13.75,13.75,13,13.72,13.75,12.25,13.17,13.75,11.5,12.37,0,0,0,0,13.75,13.75,0,100,0,0,13.75
2008-12-05,13.75,0,0,0,5.77,12.24,19.57,13.75,13.75,13.75,13.75,13.75,13.75,13.75,13,13.73,13.75,12.25,13.18,13.75,11.5,12.38,0,0,0,0,13.75,13.75,0,100,0,0,13.75
2008-12-08,13.75,0,0,0,5.77,12.24,19.57,13.75,13.75,13.75,13.75,13.75,13.75,13.75,13,13.74,13.75,12.25,13.19,13.75,11.5,12.39,0,0,0,0,13.75,13.75,0,100,0,0,13.75
2008-12-09,13.75,0,0,0,5.77,12.24,19.57,13.75,13.75,13.75,13.75,13.75,13.75,13.75,13.75,13.75,13.75,12.25,13.2,13.75,11.5,12.4,0,0,0,0,13.75,13.75,0,100,0,0,13.75
2008-12-10,13.75,0,0,0,0,12.24,19.57,13.75,13.75,13.75,13.75,13.75,13.75,13.75,13.75,13.75,13.75,12.25,13.21,13.75,11.5,12.41,0,0,0,0,13.75,13.75,0,100,0,0,13.75
2008-12-11,13.75,0,0,0,0,12.24,19.57,13.75,13.75,13.75,13.75,13.75,13.75,13.75,13.75,13.75,13.75,12.25,13.23,13.75,11.5,12.42,0,0,0,0,13.75,13.75,0,100,0,0,13.75
2008-12-12,13.75,0,0,0,0,12.24,19.57,13.75,13.75,13.75,13.75,13.75,13.75,13.75,13.75,13.75,13.75,12.25,13.24,13.75,11.5,12.43,0,0,0,0,13.75,13.75,0,100,0,0,13.75
2008-12-15,13.75,0,0,0,0,12.24,19.57,13.75,13.75,13.75,13.75,13.75,13.75,13.75,13.75,13.75,13.75,12.25,13.25,13.75,11.5,12.43,0,0,0,0,13.75,13.75,0,100,0,0,13.75
2008-12-16,13.75,0,0,0,0,12.24,19.57,13.75,13.75,13.75,13.75,13.75,13.75,13.75,13.75,13.75,13.75,12.25,13.26,13.75,11.5,12.44,0,0,0,0,13.75,13.75,0,100,0,0,13.75
2008-12-17,13.75,0,0,0,0,12.24,19.57,13.75,13.75,13.75,13.75,13.75,13.75,13.75,13.75,13.75,13.75,12.25,13.27,13.75,11.5,12.45,0,0,0,0,13.75,13.75,0,100,0,0,13.75
2008-12-18,13.75,0,0,0,0,12.24,19.57,13.75,13.75,13.75,13.75,13.75,13.75,13.75,13.75,13.75,13.75,12.25,13.28,13.75,11.5,12.46,0,0,0,0,13.75,13.75,0,100,0,0,13.75
2008-12-19,13.75,0,0,0,0,12.24,19.57,13.75,13.75,13.75,13.75,13.75,13.75,13.75,13.75,13.75,13.75,12.25,13.29,13.75,11.5,12.47,0,0,0,0,13.75,13.75,0,100,0,0,13.75
2008-12-22,13.75,0,0,0,0,12.24,19.57,13.75,13.75,13.75,13.75,13.75,13.75,13.75,13.75,13.75,13.75,12.25,13.31,13.75,11.5,12.48,0,0,0,0,13.75,13.75,0,100,0,0,13.75
2008-12-23,13.75,0,0,0,0,12.24,19.57,13.75,13.75,13.75,13.75,13.75,13.75,13.75,13.75,13.75,13.75,12.25,13.32,13.75,11.5,12.49,0,0,0,0,13.75,13.75,0,100,0,0,13.75
2008-12-24,13.75,0,0,0,0,12.24,19.57,13.75,13.75,13.75,13.75,13.75,13.75,13.75,13.75,13.75,13.75,12.25,13.33,13.75,11.5,12.49,0,0,0,0,13.75,13.75,0,100,0,0,13.75
2008-12-25,13.75,0,0,0,0,12.24,19.57,13.75,13.75,13.75,13.75,13.75,13.75,13.75,13.75,13.75,13.75,12.25,13.34,13.75,11.5,12.5,0,0,0,0,13.75,13.75,0,100,0,0,13.75
2008-12-26,13.75,0,0,0,0,12.24,19.57,13.75,13.75,13.75,13.75,13.75,13.75,13.75,13.75,13.75,13.75,12.25,13.35,13.75,11.5,12.51,0,0,0,0,13.75,13.75,0,100,0,0,13.75
2008-12-29,13.75,0,0,0,0,12.24,19.57,13.75,13.75,13.75,13.75,13.75,13.75,13.75,13.75,13.75,13.75,12.25,13.36,13.75,11.5,12.52,0,0,0,0,13.75,13.75,0,100,0,0,13.75
2008-12-30,13.75,0,0,0,0,12.24,19.57,13.75,13.75,13.75,13.75,13.75,13.75,13.75,13.75,13.75,13.75,12.25,13.38,13.75,11.5,12.53,0,0,0,0,13.75,13.75,0,100,0,0,13.75
2008-12-31,13.75,0,0,0,0,12.24,19.57,13.75,13.75,13.75,13.75,13.75,13.75,13.75,13.75,13.75,13.75,12.25,13.39,13.75,11.5,12.54,0,0,0,0,13.75,13.75,0,100,0,0,13.75
2009-01-01,13.75,0,0,0,0,12.24,19.57,13.75,13.75,13.75,13.75,13.75,13.75,13.75,13.75,13.75,13.75,12.25,13.4,13.75,11.5,12.55,0,0,0,0,13.75,13.75,0,100,0,0,13.75
2009-01-02,13.75,0,0,0,0,12.24,19.57,13.75,13.75,13.75,13.75,13.75,13.75,13.75,13.75,13.75,13.75,12.25,13.41,13.75,11.5,12.55,0,0,0,0,13.75,13.75,0,100,0,0,13.75
2009-01-05,13.75,0,0,0,0,12.24,19.57,13.75,13.75,13.75,13.75,13.75,13.75,13.75,13.75,13.75,13.75,12.25,13.42,13.75,11.5,12.56,0,0,0,0,13.75,13.75,0,100,0,0,13.75
2009-01-06,13.75,0,0,0,0,12.24,19.57,13.75,13.75,13.75,13.75,13.75,13.75,13.75,13.75,13.75,13.75,12.25,13.43,13.75,11.5,12.57,0,0,0,0,13.75,13.75,0,100,0,0,13.75
2009-01-07,13.75,0,0,0,0,12.24,19.57,13.75,13.75,13.75,13.75,13.75,13.75,13.75,13.75,13.75,13.75,12.25,13.44,13.75,11.5,12.58,0,0,0,0,13.75,13.75,0,100,0,0,13.75
2009-01-08,13.75,0,0,0,0,12.24,19.57,13.75,13.75,13.75,13.75,13.75,13.75,13.75,13.75,13.75,13.75,12.25,13.46,13.75,11.5,12.59,0,0,0,0,13.75,13.75,0,100,0,0,13.75
2009-01-09,13.75,0,0,0,0,12.24,19.57,13.75,13.75,13.75,13.75,13.75,13.75,13.75,13.75,13.75,13.75,12.25,13.47,13.75,11.5,12.6,0,0,0,0,13.75,13.75,0,100,0,0,13.75
2009-01-12,13.75,0,0,0,0,12.24,19.57,13.75,13.75,13.75,13.75,13.75,13.75,13.75,13.75,13.75,13.75,12.25,13.48,13.75,11.5,12.61,0,0,0,0,13.75,13.75,0,100,0,0,13.75
2009-01-13,13.75,0,0,0,0,12.24,19.57,13.75,13.75,13.75,13.75,13.75,13.75,13.75,13.75,13.75,13.75,12.25,13.49,13.75,11.5,12.62,0,0,0,0,13.75,13.75,0,100,0,0,13.75
2009-01-14,13.75,0,0,0,0,12.24,19.57,13.75,13.75,13.75,13.75,13.75,13.75,13.75,13.75,13.75,13.75,12.25,13.5,13.75,11.5,12.62,0,0,0,0,13.75,13.75,0,100,0,0,13.75
2009-01-15,13.75,0,0,0,0,12.24,19.57,13.75,13.75,13.75,13.75,13.75,13.75,13.75,13.75,13.75,13.75,12.25,13.51,13.75,11.5,12.63,0,0,0,0,13.75,13.75,0,100,0,0,13.75
2009-01-16,13.75,0,0,0,0,12.24,19.57,13.75,13.75,13.75,13.75,13.75,13.75,13.75,13.75,13.75,13.75,12.25,13.53,13.75,11.5,12.64,0,0,0,0,13.75,13.75,0,100,0,0,13.75
2009-01-19,13.75,0,0,0,0,12.24,19.57,13.75,13.75,13.75,13.75,13.75,13.75,13.75,13.75,13.75,13.75,12.25,13.54,13.75,11.5,12.65,0,0,0,0,13.75,13.75,0,100,0,0,13.75
2009-01-20,13.75,0,0,0,0,12.24,19.57,13.75,13.75,13.75,13.75,13.75,13.75,13.75,13.75,13.75,13.75,13,13.55,13.75,11.5,12.66,0,0,0,0,13.75,13.75,0,100,0,0,13.75
2009-01-21,12.75,-7.27,-7.27,-7.27,-7.27,-1.92,10.87,13.75,12.75,13.55,13.75,12.75,13.7,13.75,12.75,13.73,13.75,12.75,13.55,13.75,11.5,12.66,0,-0.044871795,-0.004985755,-0.03988604,14.1472136,13.2527864,0,99.64542231,0.266959512,0.065286656,12.75
2009-01-22,12.75,0,-7.27,-7.27,-7.27,-1.92,10.87,13.75,12.75,13.35,13.75,12.75,13.65,13.75,12.75,13.72,13.75,12.75,13.54,13.75,11.5,12.67,0,-0.08974359,-0.014957265,-0.074786325,14.26558701,13.03441299,0,99.29980904,0.266959512,0.090195899,12.75
2009-01-23,12.75,0,-7.27,-7.27,-7.27,-1.92,10.87,13.75,12.75,13.15,13.75,12.75,13.6,13.75,12.75,13.7,13.75,12.75,13.54,13.75,11.5,12.67,0,-0.134615385,-0.02991453,-0.104700855,14.3326951,12.8673049,0,98.96307077,0.266959512,0.107749279,12.75
2009-01-26,12.75,0,-7.27,-7.27,-7.27,-1.92,10.87,13.75,12.75,12.95,13.75,12.75,13.55,13.75,12.75,13.69,13.75,12.75,13.54,13.75,11.5,12.68,0,-0.179487179,-0.04985755,-0.12962963,14.37078268,12.72921732,0,98.63512284,0.266959512,0.121148735,12.75
2009-01-27,12.75,0,-7.27,-7.27,-7.27,-1.92,10.87,12.75,12.75,12.75,13.75,12.75,13.5,13.75,12.75,13.67,13.75,12.75,13.54,13.75,11.5,12.68,0,-0.224358974,-0.074786325,-0.14957265,14.38852332,12.61147668,0,98.3158853,0.266959512,0.131633084,12.75
2009-01-28,12.75,0,0,-7.27,-7.27,-1.92,10.87,12.75,12.75,12.75,13.75,12.75,13.45,13.75,12.75,13.66,13.75,12.75,13.54,13.75,11.5,12.69,0,-0.269230769,-0.104700855,-0.164529915,14.39032469,12.50967531,0,98.00528281,0.266959512,0.139825233,12.75
2009-01-29,12.75,0,0,-7.27,-7.27,-1.92,10.87,12.75,12.75,12.75,13.75,12.75,13.4,13.75,12.75,13.64,13.75,12.75,13.53,13.75,11.5,12.69,0,-0.314102564,-0.13960114,-0.174501425,14.37872097,12.42127903,0,97.70324462,0.266959512,0.146077757,12.75
2009-01-30,12.75,0,0,-7.27,-7.27,-1.92,10.87,12.75,12.75,12.75,13.75,12.75,13.35,13.75,12.75,13.63,13.75,12.75,13.53,13.75,11.5,12.7,0,-0.358974359,-0.179487179,-0.179487179,14.35524938,12.34475062,0,97.40970449,0.266959512,0.150599158,12.75
2009-02-02,12.75,0,0,-7.27,-7.27,-1.92,10.87,12.75,12.75,12.75,13.75,12.75,13.3,13.75,12.75,13.61,13.75,12.75,13.53,13.75,11.5,12.7,0,-0.403846154,-0.224358974,-0.179487179,14.32083557,12.27916443,0,97.12460064,0.266959512,0.153509108,12.75
2009-02-03,12.75,0,0,-7.27,-7.27,-1.92,10.87,12.75,12.75,12.75,13.75,12.75,13.25,13.75,12.75,13.6,13.75,12.75,13.53,13.75,11.5,12.71,0,-0.448717949,-0.269230769,-0.179487179,14.27597835,12.22402165,0,96.84787574,0.266959512,0.154864657,12.75
2009-02-04,12.75,0,0,-7.27,-7.27,-1.92,10.87,12.75,12.75,12.75,13.75,12.75,13.2,13.75,12.75,13.58,13.75,12.75,13.53,13.75,11.5,12.71,0,-0.493589744,-0.314102564,-0.179487179,14.22083557,12.17916443,0,96.57947686,0.266959512,0.154672056,12.75
2009-02-05,12.75,0,0,-7.27,-7.27,-1.92,10.87,12.75,12.75,12.75,13.75,12.75,13.15,13.75,12.75,13.57,13.75,12.75,13.53,13.75,11.5,12.72,0,-0.538461538,-0.358974359,-0.179487179,14.15524938,12.14475062,0,96.31935543,0.266959512,0.15288964,12.75
2009-02-06,12.75,0,0,-7.27,-7.27,-1.92,10.87,12.75,12.75,12.75,13.75,12.75,13.1,13.75,12.75,13.55,13.75,12.75,13.52,13.75,11.5,12.72,0,-0.5,-0.394586895,-0.105413105,14.07872097,12.12127903,0,96.06746723,0.266959512,0.149423049,12.75
2009-02-09,12.75,0,0,-7.27,-7.27,-1.92,10.87,12.75,12.75,12.75,13.75,12.75,13.05,13.75,12.75,13.53,13.75,12.75,13.52,13.75,11.5,12.73,0,-0.461538462,-0.420940171,-0.040598291,13.99032469,12.10967531,0,95.82377237,0.266959512,0.144111064,12.75
2009-02-10,12.75,0,0,-7.27,-7.27,-1.92,10.87,12.75,12.75,12.75,13.75,12.75,13,13.75,12.75,13.52,13.75,12.75,13.52,13.75,11.5,12.73,0,-0.423076923,-0.438034188,0.014957265,13.88852332,12.11147668,0,95.58823529,0.266959512,0.136695895,12.75
2009-02-11,12.75,0,0,-7.27,-7.27,-1.92,10.87,12.75,12.75,12.75,13.75,12.75,12.95,13.75,12.75,13.5,13.75,12.75,13.52,13.75,11.5,12.74,0,-0.384615385,-0.445868946,0.061253561,13.77078268,12.12921732,0,95.36082474,0.266959512,0.126761804,12.75
2009-02-12,12.75,0,0,-7.27,-7.27,-1.92,10.87,12.75,12.75,12.75,13.75,12.75,12.9,13.75,12.75,13.49,13.75,12.75,13.52,13.75,11.5,12.74,0,-0.346153846,-0.444444444,0.098290598,13.6326951,12.1673049,0,95.14151378,0.266959512,0.113596139,12.75
2009-02-13,12.75,0,0,-7.27,-7.27,-1.92,10.87,12.75,12.75,12.75,13.75,12.75,12.85,13.75,12.75,13.47,13.75,12.75,13.51,13.75,11.5,12.75,0,-0.307692308,-0.433760684,0.126068376,13.46558701,12.23441299,0,94.9302798,0.266959512,0.095811208,12.75
2009-02-16,12.75,0,0,-7.27,-7.27,-1.92,10.87,12.75,12.75,12.75,13.75,12.75,12.8,13.75,12.75,13.46,13.75,12.75,13.51,13.75,11.5,12.75,0,-0.269230769,-0.413817664,0.144586895,13.2472136,12.3527864,0,94.72710453,0.266959512,0.069877124,12.75
2009-02-17,12.75,0,0,-7.27,-7.27,-1.92,10.87,12.75,12.75,12.75,12.75,12.75,12.75,13.75,12.75,13.44,13.75,12.75,13.51,13.75,11.5,12.75,0,-0.230769231,-0.384615385,0.153846154,12.75,12.75,0,94.53197405,0.266959512,0,12.75
2009-02-18,12.75,0,0,0,-7.27,-1.92,10.87,12.75,12.75,12.75,12.75,12.75,12.75,13.75,12.75,13.43,13.75,12.75,13.51,13.75,11.5,12.76,0,-0.192307692,-0.346153846,0.153846154,12.75,12.75,0,94.69872807,0,0,12.75
2009-02-19,12.75,0,0,0,-7.27,-1.92,10.87,12.75,12.75,12.75,12.75,12.75,12.75,13.75,12.75,13.41,13.75,12.75,13.51,13.75,11.5,12.76,0,-0.153846154,-0.307692308,0.153846154,12.75,12.75,0,94.85724914,0,0,12.75
2009-02-20,12.75,0,0,0,-7.27,-1.92,10.87,12.75,12.75,12.75,12.75,12.75,12.75,13.75,12.75,13.4,13.75,12.75,13.5,13.75,11.5,12.77,0,-0.115384615,-0.269230769,0.153846154,12.75,12.75,0,95.00745156,0,0,12.75
2009-02-23,12.75,0,0,0,-7.27,-1.92,10.87,12.75,12.75,12.75,12.75,12.75,12.75,13.75,12.75,13.38,13.75,12.75,13.5,13.75,11.5,12.77,0,-0.076923077,-0.230769231,0.153846154,12.75,12.75,0,95.14925373,0,0,12.75
2009-02-24,12.75,0,0,0,-7.27,-1.92,10.87,12.75,12.75,12.75,12.75,12.75,12.75,13.75,12.75,13.37,13.75,12.75,13.5,13.75,11.5,12.78,0,-0.038461538,-0.192307692,0.153846154,12.75,12.75,0,95.28257823,0,0,12.75
2009-02-25,12.75,0,0,0,-7.27,-1.92,10.87,12.75,12.75,12.75,12.75,12.75,12.75,13.75,12.75,13.35,13.75,12.75,13.5,13.75,11.5,12.78,0,0,-0.153846154,0.153846154,12.75,12.75,0,95.40735198,0,0,12.75
2009-02-26,12.75,0,0,0,-7.27,-1.92,10.87,12.75,12.75,12.75,12.75,12.75,12.75,13.75,12.75,13.33,13.75,12.75,13.5,13.75,11.5,12.79,0,0,-0.11965812,0.11965812,12.75,12.75,0,95.52350627,0,0,12.75
2009-02-27,12.75,0,0,0,-7.27,-1.92,10.87,12.75,12.75,12.75,12.75,12.75,12.75,13.75,12.75,13.32,13.75,12.75,13.49,13.75,11.5,12.79,0,0,-0.08974359,0.08974359,12.75,12.75,0,95.63097694,0,0,12.75
2009-03-02,12.75,0,0,0,-7.27,-1.92,10.87,12.75,12.75,12.75,12.75,12.75,12.75,13.75,12.75,13.3,13.75,12.75,13.49,13.75,11.5,12.8,0,0,-0.064102564,0.064102564,12.75,12.75,0,95.72970436,0,0,12.75
2009-03-03,12.75,0,0,0,-7.27,-1.92,10.87,12.75,12.75,12.75,12.75,12.75,12.75,13.75,12.75,13.29,13.75,12.75,13.49,13.75,11.5,12.8,0,0,-0.042735043,0.042735043,12.75,12.75,0,95.81963363,0,0,12.75
2009-03-04,12.75,0,0,0,-7.27,-1.92,10.87,12.75,12.75,12.75,12.75,12.75,12.75,13.75,12.75,13.27,13.75,12.75,13.49,13.75,11.5,12.81,0,0,-0.025641026,0.025641026,12.75,12.75,0,95.90071455,0,0,12.75
2009-03-05,12.75,0,0,0,-7.27,-1.92,10.87,12.75,12.75,12.75,12.75,12.75,12.75,13.75,12.75,13.26,13.75,12.75,13.49,13.75,11.5,12.81,0,0,-0.012820513,0.012820513,12.75,12.75,0,95.97290177,0,0,12.75
2009-03-06,12.75,0,0,0,-7.27,-1.92,10.87,12.75,12.75,12.75,12.75,12.75,12.75,13.75,12.75,13.24,13.75,12.75,13.48,13.75,11.5,12.82,0,0,-0.004273504,0.004273504,12.75,12.75,0,96.03615479,0,0,12.75
2009-03-09,12.75,0,0,0,-7.27,-1.92,10.87,12.75,12.75,12.75,12.75,12.75,12.75,13.75,12.75,13.23,13.75,12.75,13.48,13.75,11.5,12.82,0,0,0,0,12.75,12.75,0,96.09043806,0,0,12.75
2009-03-10,12.75,0,0,0,-7.27,-1.92,10.87,12.75,12.75,12.75,12.75,12.75,12.75,13.75,12.75,13.21,13.75,12.75,13.48,13.75,11.5,12.83,0,0,0,0,12.75,12.75,0,96.13572102,0,0,12.75
2009-03-11,11.25,-11.76,-11.76,-11.76,-18.18,-18.18,-2.17,12.75,11.25,12.45,12.75,11.25,12.68,13.75,11.25,13.17,13.75,11.25,13.46,13.75,11.25,12.83,0,-0.067307692,-0.007478632,-0.05982906,13.34582039,12.00417961,0,95.61978405,0.442518536,0.105849372,11.25
2009-03-12,11.25,0,-11.76,-11.76,-18.18,-18.18,-2.17,12.75,11.25,12.15,12.75,11.25,12.6,13.75,11.25,13.13,13.75,11.25,13.44,13.75,11.25,12.83,0,-0.134615385,-0.022435897,-0.112179487,13.52338052,11.67661948,0,95.10779827,0.442518536,0.146568336,11.25
2009-03-13,11.25,0,-11.76,-11.76,-18.18,-18.18,-2.17,12.75,11.25,11.85,12.75,11.25,12.53,13.75,11.25,13.1,13.75,11.25,13.42,13.75,11.25,12.82,0,-0.201923077,-0.044871795,-0.157051282,13.62404265,11.42595735,0,94.59969789,0.442518536,0.175495832,11.25
2009-03-16,11.25,0,-11.76,-11.76,-18.18,-18.18,-2.17,12.75,11.25,11.55,12.75,11.25,12.45,13.75,11.25,13.06,13.75,11.25,13.4,13.75,11.25,12.82,0,-0.269230769,-0.074786325,-0.194444444,13.68117402,11.21882598,0,94.09541804,0.442518536,0.197778959,11.25
2009-03-17,11.25,0,-11.76,-11.76,-18.18,-18.18,-2.17,11.25,11.25,11.25,12.75,11.25,12.38,13.75,11.25,13.02,13.75,11.25,13.38,13.75,11.25,12.82,0,-0.336538462,-0.112179487,-0.224358974,13.70778497,11.04221503,0,93.59489482,0.442518536,0.215399592,11.25
2009-03-18,11.25,0,0,-11.76,-18.18,-18.18,-2.17,11.25,11.25,11.25,12.75,11.25,12.3,13.75,11.25,12.98,13.75,11.25,13.37,13.75,11.25,12.82,0,-0.403846154,-0.157051282,-0.246794872,13.71048704,10.88951296,0,93.1068742,0.442518536,0.229347486,11.25
2009-03-19,11.25,0,0,-11.76,-18.18,-18.18,-2.17,11.25,11.25,11.25,12.75,11.25,12.23,13.75,11.25,12.94,13.75,11.25,13.35,13.75,11.25,12.82,0,-0.471153846,-0.209401709,-0.261752137,13.69308145,10.75691855,0,92.63118015,0.442518536,0.240176925,11.25
2009-03-20,11.25,0,0,-11.76,-18.18,-18.18,-2.17,11.25,11.25,11.25,12.75,11.25,12.15,13.75,11.25,12.9,13.75,11.25,13.33,13.75,11.25,12.82,0,-0.538461538,-0.269230769,-0.269230769,13.65787407,10.64212593,0,92.1676465,0.442518536,0.248209723,11.25
2009-03-23,11.25,0,0,-11.76,-18.18,-18.18,-2.17,11.25,11.25,11.25,12.75,11.25,12.08,13.75,11.25,12.87,13.75,11.25,13.31,13.75,11.25,12.82,0,-0.605769231,-0.336538462,-0.269230769,13.60625336,10.54374664,0,91.71611678,0.442518536,0.253623744,11.25
2009-03-24,11.25,0,0,-11.76,-18.18,-18.18,-2.17,11.25,11.25,11.25,12.75,11.25,12,13.75,11.25,12.83,13.75,11.25,13.29,13.75,11.25,12.82,0,-0.673076923,-0.403846154,-0.269230769,13.53896753,10.46103247,0,91.27644402,0.442518536,0.256494588,11.25
2009-03-25,11.25,0,0,-11.76,-18.18,-18.18,-2.17,11.25,11.25,11.25,12.75,11.25,11.93,13.75,11.25,12.79,13.75,11.25,13.27,13.75,11.25,12.82,0,-0.740384615,-0.471153846,-0.269230769,13.45625336,10.39374664,0,90.84849062,0.442518536,0.25681398,11.25
2009-03-26,11.25,0,0,-11.76,-18.18,-18.18,-2.17,11.25,11.25,11.25,12.75,11.25,11.85,13.75,11.25,12.75,13.75,11.25,13.25,13.75,11.25,12.82,0,-0.807692308,-0.538461538,-0.269230769,13.35787407,10.34212593,0,90.43212821,0.442518536,0.254493514,11.25
2009-03-27,11.25,0,0,-11.76,-18.18,-18.18,-2.17,11.25,11.25,11.25,12.75,11.25,11.78,13.75,11.25,12.71,13.75,11.25,13.23,13.75,11.25,12.81,0,-0.75,-0.591880342,-0.158119658,13.24308145,10.30691855,0,90.02723754,0.442518536,0.249355661,11.25
2009-03-30,11.25,0,0,-11.76,-18.18,-18.18,-2.17,11.25,11.25,11.25,12.75,11.25,11.7,13.75,11.25,12.67,13.75,11.25,13.21,13.75,11.25,12.81,0,-0.692307692,-0.631410256,-0.060897436,13.11048704,10.28951296,0,89.6337084,0.442518536,0.241108895,11.25
2009-03-31,11.25,0,0,-11.76,-18.18,-18.18,-2.17,11.25,11.25,11.25,12.75,11.25,11.63,13.75,11.25,12.63,13.75,11.25,13.19,13.75,11.25,12.81,0,-0.634615385,-0.657051282,0.022435897,12.95778497,10.29221503,0,89.25143954,0.442518536,0.22929634,11.25
2009-04-01,11.25,0,0,-11.76,-18.18,-18.18,-2.17,11.25,11.25,11.25,12.75,11.25,11.55,13.75,11.25,12.6,13.75,11.25,13.17,13.75,11.25,12.81,0,-0.576923077,-0.668803419,0.091880342,12.78117402,10.31882598,0,88.88033859,0.442518536,0.213190307,11.25
2009-04-02,11.25,0,0,-11.76,-18.18,-18.18,-2.17,11.25,11.25,11.25,12.75,11.25,11.48,13.75,11.25,12.56,13.75,11.25,13.15,13.75,11.25,12.81,0,-0.519230769,-0.666666667,0.147435897,12.57404265,10.37595735,0,88.52032207,0.442518536,0.191554274,11.25
2009-04-03,11.25,0,0,-11.76,-18.18,-18.18,-2.17,11.25,11.25,11.25,12.75,11.25,11.4,13.75,11.25,12.52,13.75,11.25,13.13,13.75,11.25,12.81,0,-0.461538462,-0.650641026,0.189102564,12.32338052,10.47661948,0,88.17131532,0.442518536,0.161996582,11.25
2009-04-06,11.25,0,0,-11.76,-18.18,-18.18,-2.17,11.25,11.25,11.25,12.75,11.25,11.33,13.75,11.25,12.48,13.75,11.25,13.12,13.75,11.25,12.81,0,-0.403846154,-0.620726496,0.216880342,11.99582039,10.65417961,0,87.83325254,0.442518536,0.118467178,11.25
2009-04-07,11.25,0,0,-11.76,-18.18,-18.18,-2.17,11.25,11.25,11.25,11.25,11.25,11.25,13.75,11.25,12.44,13.75,11.25,13.1,13.75,11.25,12.81,0,-0.346153846,-0.576923077,0.230769231,11.25,11.25,0,87.50607681,0.442518536,0,11.25
2009-04-08,11.25,0,0,0,-18.18,-18.18,-2.17,11.25,11.25,11.25,11.25,11.25,11.25,13.75,11.25,12.4,13.75,11.25,13.08,13.75,11.25,12.81,0,-0.288461538,-0.519230769,0.230769231,11.25,11.25,0,87.74923219,0,0,11.25
2009-04-09,11.25,0,0,0,-18.18,-18.18,-2.17,11.25,11.25,11.25,11.25,11.25,11.25,13.75,11.25,12.37,13.75,11.25,13.06,13.75,11.25,12.81,0,-0.230769231,-0.461538462,0.230769231,11.25,11.25,0,87.98083973,0,0,11.25
2009-04-10,11.25,0,0,0,-18.18,-18.18,-2.17,11.25,11.25,11.25,11.25,11.25,11.25,13.75,11.25,12.33,13.75,11.25,13.04,13.75,11.25,12.8,0,-0.173076923,-0.403846154,0.230769231,11.25,11.25,0,88.20070561,0,0,11.25
2009-04-13,11.25,0,0,0,-18.18,-18.18,-2.17,11.25,11.25,11.25,11.25,11.25,11.25,13.75,11.25,12.29,13.75,11.25,13.02,13.75,11.25,12.8,0,-0.115384615,-0.346153846,0.230769231,11.25,11.25,0,88.4086444,0,0,11.25
2009-04-14,11.25,0,0,0,-18.18,-18.18,-2.17,11.25,11.25,11.25,11.25,11.25,11.25,13.75,11.25,12.25,13.75,11.25,13,13.75,11.25,12.8,0,-0.057692308,-0.288461538,0.230769231,11.25,11.25,0,88.60447945,0,0,11.25
2009-04-15,11.25,0,0,0,-18.18,-18.18,-4.26,11.25,11.25,11.25,11.25,11.25,11.25,13.75,11.25,12.21,13.75,11.25,12.98,13.75,11.25,12.8,0,0,-0.230769231,0.230769231,11.25,11.25,0,88.78804321,0,0,11.25
2009-04-16,11.25,0,0,0,-18.18,-18.18,-4.26,11.25,11.25,11.25,11.25,11.25,11.25,13.75,11.25,12.17,13.75,11.25,12.96,13.75,11.25,12.8,0,0,-0.179487179,0.179487179,11.25,11.25,0,88.95917762,0,0,11.25
2009-04-17,11.25,0,0,0,-18.18,-18.18,-4.26,11.25,11.25,11.25,11.25,11.25,11.25,13.75,11.25,12.13,13.75,11.25,12.94,13.75,11.25,12.8,0,0,-0.134615385,0.134615385,11.25,11.25,0,89.11773443,0,0,11.25
2009-04-20,11.25,0,0,0,-18.18,-18.18,-4.26,11.25,11.25,11.25,11.25,11.25,11.25,13.75,11.25,12.1,13.75,11.25,12.92,13.75,11.25,12.8,0,0,-0.096153846,0.096153846,11.25,11.25,0,89.2635755,0,0,11.25
2009-04-21,11.25,0,0,0,-18.18,-18.18,-4.26,11.25,11.25,11.25,11.25,11.25,11.25,12.75,11.25,12.06,13.75,11.25,12.9,13.75,11.25,12.79,0,0,-0.064102564,0.064102564,11.25,11.25,0,89.57452103,0,0,11.25
2009-04-22,11.25,0,0,0,-11.76,-18.18,-4.26,11.25,11.25,11.25,11.25,11.25,11.25,12.75,11.25,12.03,13.75,11.25,12.88,13.75,11.25,12.79,0,0,-0.038461538,0.038461538,11.25,11.25,0,89.87417615,0,0,11.25
2009-04-23,11.25,0,0,0,-11.76,-18.18,-4.26,11.25,11.25,11.25,11.25,11.25,11.25,12.75,11.25,12.01,13.75,11.25,12.87,13.75,11.25,12.79,0,0,-0.019230769,0.019230769,11.25,11.25,0,90.16229213,0,0,11.25
2009-04-24,11.25,0,0,0,-11.76,-18.18,-4.26,11.25,11.25,11.25,11.25,11.25,11.25,12.75,11.25,11.99,13.75,11.25,12.85,13.75,11.25,12.79,0,0,-0.006410256,0.006410256,11.25,11.25,0,90.43862734,0,0,11.25
2009-04-27,11.25,0,0,0,-11.76,-18.18,-4.26,11.25,11.25,11.25,11.25,11.25,11.25,12.75,11.25,11.97,13.75,11.25,12.83,13.75,11.25,12.79,0,0,0,0,11.25,11.25,0,90.70294785,0,0,11.25
2009-04-28,11.25,0,0,0,-11.76,-18.18,-4.26,11.25,11.25,11.25,11.25,11.25,11.25,12.75,11.25,11.94,13.75,11.25,12.81,13.75,11.25,12.78,0,0,0,0,11.25,11.25,0,90.95502779,0,0,11.25
2009-04-29,10.25,-8.89,-8.89,-8.89,-19.61,-25.45,-12.77,11.25,10.25,11.05,11.25,10.25,11.2,12.75,10.25,11.9,13.75,10.25,12.78,13.75,10.25,12.78,0,-0.044871795,-0.004985755,-0.03988604,11.6472136,10.7527864,0,90.79854074,0.329124347,0.079859571,10.25
2009-04-30,10.25,0,-8.89,-8.89,-19.61,-25.45,-12.77,11.25,10.25,10.85,11.25,10.25,11.15,12.75,10.25,11.87,13.75,10.25,12.75,13.75,10.25,12.77,0,-0.08974359,-0.014957265,-0.074786325,11.76558701,10.53441299,0,90.63658995,0.329124347,0.110419195,10.25
2009-05-01,10.25,0,-8.89,-8.89,-19.61,-25.45,-12.77,11.25,10.25,10.65,11.25,10.25,11.1,12.75,10.25,11.83,13.75,10.25,12.73,13.75,10.25,12.77,0,-0.134615385,-0.02991453,-0.104700855,11.8326951,10.3673049,0,90.46915593,0.329124347,0.132017135,10.25
2009-05-04,10.25,0,-8.89,-8.89,-19.61,-25.45,-12.77,11.25,10.25,10.45,11.25,10.25,11.05,12.75,10.25,11.79,13.75,10.25,12.7,13.75,10.25,12.76,0,-0.179487179,-0.04985755,-0.12962963,11.87078268,10.22921732,0,90.29622063,0.329124347,0.148557951,10.25
2009-05-05,10.25,0,-8.89,-8.89,-19.61,-25.45,-12.77,10.25,10.25,10.25,11.25,10.25,11,12.75,10.25,11.75,13.75,10.25,12.67,13.75,10.25,12.75,0,-0.224358974,-0.074786325,-0.14957265,11.88852332,10.11147668,0,90.11776754,0.329124347,0.161549694,10.25
2009-05-06,10.25,0,0,-8.89,-19.61,-25.45,-12.77,10.25,10.25,10.25,11.25,10.25,10.95,12.75,10.25,11.71,13.75,10.25,12.65,13.75,10.25,12.75,0,-0.269230769,-0.104700855,-0.164529915,11.89032469,10.00967531,0,89.94763323,0.329124347,0.171748802,10.25
2009-05-07,10.25,0,0,-8.89,-19.61,-25.45,-12.77,10.25,10.25,10.25,11.25,10.25,10.9,12.75,10.25,11.67,13.75,10.25,12.62,13.75,10.25,12.74,0,-0.314102564,-0.13960114,-0.174501425,11.87872097,9.92127903,0,89.78583196,0.329124347,0.179581829,10.25
2009-05-08,10.25,0,0,-8.89,-19.61,-25.45,-12.77,10.25,10.25,10.25,11.25,10.25,10.85,12.75,10.25,11.63,13.75,10.25,12.59,13.75,10.25,12.74,0,-0.358974359,-0.179487179,-0.179487179,11.85524938,9.84475062,0,89.63238331,0.329124347,0.185299425,10.25
2009-05-11,10.25,0,0,-8.89,-19.61,-25.45,-12.77,10.25,10.25,10.25,11.25,10.25,10.8,12.75,10.25,11.6,13.75,10.25,12.57,13.75,10.25,12.73,0,-0.403846154,-0.224358974,-0.179487179,11.82083557,9.779164429,0,89.48731227,0.329124347,0.189043624,10.25
2009-05-12,10.25,0,0,-8.89,-19.61,-25.45,-12.77,10.25,10.25,10.25,11.25,10.25,10.75,12.75,10.25,11.56,13.75,10.25,12.54,13.75,10.25,12.73,0,-0.448717949,-0.269230769,-0.179487179,11.77597835,9.724021648,0,89.35064935,0.329124347,0.190879693,10.25
2009-05-13,10.25,0,0,-8.89,-19.61,-25.45,-12.77,10.25,10.25,10.25,11.25,10.25,10.7,12.75,10.25,11.52,13.75,10.25,12.51,13.75,10.25,12.72,0,-0.493589744,-0.314102564,-0.179487179,11.72083557,9.679164429,0,89.22243069,0.329124347,0.190810387,10.25
2009-05-14,10.25,0,0,-8.89,-19.61,-25.45,-12.77,10.25,10.25,10.25,11.25,10.25,10.65,12.75,10.25,11.48,13.75,10.25,12.48,13.75,10.25,12.71,0,-0.538461538,-0.358974359,-0.179487179,11.65524938,9.64475062,0,89.10269818,0.329124347,0.188779226,10.25
2009-05-15,10.25,0,0,-8.89,-19.61,-25.45,-12.77,10.25,10.25,10.25,11.25,10.25,10.6,12.75,10.25,11.44,13.75,10.25,12.46,13.75,10.25,12.71,0,-0.5,-0.394586895,-0.105413105,11.57872097,9.62127903,0,88.99149963,0.329124347,0.184664334,10.25
2009-05-18,10.25,0,0,-8.89,-19.61,-25.45,-12.77,10.25,10.25,10.25,11.25,10.25,10.55,12.75,10.25,11.4,13.75,10.25,12.43,13.75,10.25,12.7,0,-0.461538462,-0.420940171,-0.040598291,11.49032469,9.609675308,0,88.88888889,0.329124347,0.178260605,10.25
2009-05-19,10.25,0,0,-8.89,-19.61,-25.45,-12.77,10.25,10.25,10.25,11.25,10.25,10.5,12.75,10.25,11.37,13.75,10.25,12.4,13.75,10.25,12.7,0,-0.423076923,-0.438034188,0.014957265,11.38852332,9.611476683,0,88.60759494,0.329124347,0.169242537,10.25
2009-05-20,10.25,0,0,-8.89,-19.61,-25.45,-12.77,10.25,10.25,10.25,11.25,10.25,10.45,12.75,10.25,11.33,13.75,10.25,12.38,13.75,10.25,12.69,0,-0.384615385,-0.445868946,0.061253561,11.27078268,9.629217318,0,88.33474218,0.329124347,0.157087595,10.25
2009-05-21,10.25,0,0,-8.89,-19.61,-25.45,-12.77,10.25,10.25,10.25,11.25,10.25,10.4,12.75,10.25,11.29,13.75,10.25,12.35,13.75,10.25,12.69,0,-0.346153846,-0.444444444,0.098290598,11.1326951,9.667304903,0,88.07028686,0.329124347,0.140902903,10.25
2009-05-22,10.25,0,0,-8.89,-19.61,-25.45,-12.77,10.25,10.25,10.25,11.25,10.25,10.35,12.75,10.25,11.25,13.75,10.25,12.32,13.75,10.25,12.68,0,-0.307692308,-0.433760684,0.126068376,10.96558701,9.734412989,0,87.81419026,0.329124347,0.118954012,10.25
2009-05-25,10.25,0,0,-8.89,-19.61,-25.45,-12.77,10.25,10.25,10.25,11.25,10.25,10.3,12.75,10.25,11.21,13.75,10.25,12.3,13.75,10.25,12.67,0,-0.269230769,-0.413817664,0.144586895,10.7472136,9.852786405,0,87.5664187,0.329124347,0.086837591,10.25
2009-05-26,10.25,0,0,-8.89,-19.61,-25.45,-12.77,10.25,10.25,10.25,10.25,10.25,10.25,12.75,10.25,11.17,13.75,10.25,12.27,13.75,10.25,12.67,0,-0.230769231,-0.384615385,0.153846154,10.25,10.25,0,87.32694356,0.329124347,0,10.25
2009-05-27,10.25,0,0,0,-19.61,-25.45,-12.77,10.25,10.25,10.25,10.25,10.25,10.25,12.75,10.25,11.13,13.75,10.25,12.24,13.75,10.25,12.66,0,-0.192307692,-0.346153846,0.153846154,10.25,10.25,0,87.50400171,0,0,10.25
2009-05-28,10.25,0,0,0,-19.61,-25.45,-12.77,10.25,10.25,10.25,10.25,10.25,10.25,12.75,10.25,11.1,13.75,10.25,12.22,13.75,10.25,12.66,0,-0.153846154,-0.307692308,0.153846154,10.25,10.25,0,87.67240458,0,0,10.25
2009-05-29,10.25,0,0,0,-19.61,-25.45,-12.77,10.25,10.25,10.25,10.25,10.25,10.25,12.75,10.25,11.06,13.75,10.25,12.19,13.75,10.25,12.65,0,-0.115384615,-0.269230769,0.153846154,10.25,10.25,0,87.83204799,0,0,10.25
2009-06-01,10.25,0,0,0,-19.61,-25.45,-12.77,10.25,10.25,10.25,10.25,10.25,10.25,12.75,10.25,11.02,13.75,10.25,12.16,13.75,10.25,12.65,0,-0.076923077,-0.230769231,0.153846154,10.25,10.25,0,87.98283262,0,0,10.25
2009-06-02,10.25,0,0,0,-19.61,-25.45,-12.77,10.25,10.25,10.25,10.25,10.25,10.25,12.75,10.25,10.98,13.75,10.25,12.13,13.75,10.25,12.64,0,-0.038461538,-0.192307692,0.153846154,10.25,10.25,0,88.12466416,0,0,10.25
2009-06-03,10.25,0,0,0,-19.61,-25.45,-16.33,10.25,10.25,10.25,10.25,10.25,10.25,12.75,10.25,10.94,13.75,10.25,12.11,13.75,10.25,12.63,0,0,-0.153846154,0.153846154,10.25,10.25,0,88.25745345,0,0,10.25
2009-06-04,10.25,0,0,0,-19.61,-25.45,-16.33,10.25,10.25,10.25,10.25,10.25,10.25,12.75,10.25,10.9,13.75,10.25,12.08,13.75,10.25,12.62,0,0,-0.11965812,0.11965812,10.25,10.25,0,88.38111662,0,0,10.25
2009-06-05,10.25,0,0,0,-19.61,-25.45,-16.33,10.25,10.25,10.25,10.25,10.25,10.25,12.75,10.25,10.87,13.75,10.25,12.05,13.75,10.25,12.62,0,0,-0.08974359,0.08974359,10.25,10.25,0,88.49557522,0,0,10.25
2009-06-08,10.25,0,0,0,-19.61,-25.45,-16.33,10.25,10.25,10.25,10.25,10.25,10.25,12.75,10.25,10.83,13.75,10.25,12.03,13.75,10.25,12.61,0,0,-0.064102564,0.064102564,10.25,10.25,0,88.60075635,0,0,10.25
2009-06-09,10.25,0,0,0,-19.61,-25.45,-16.33,10.25,10.25,10.25,10.25,10.25,10.25,11.25,10.25,10.79,13.75,10.25,12,13.75,10.25,12.6,0,0,-0.042735043,0.042735043,10.25,10.25,0,88.98534997,0,0,10.25
2009-06-10,9.25,-9.76,-9.76,-9.76,-17.78,-32.73,-24.49,10.25,9.25,10.05,10.25,9.25,10.2,11.25,9.25,10.76,13.75,9.25,11.97,13.75,9.25,12.59,0,-0.044871795,-0.030626781,-0.014245014,10.6472136,9.752786405,0,88.9373297,0.362937242,0.08768894,9.25
2009-06-11,9.25,0,-9.76,-9.76,-17.78,-32.73,-24.49,10.25,9.25,9.85,10.25,9.25,10.15,11.25,9.25,10.73,13.75,9.25,11.93,13.75,9.25,12.58,0,-0.08974359,-0.027777778,-0.061965812,10.76558701,9.534412989,0,88.88888889,0.362937242,0.121297933,9.25
2009-06-12,9.25,0,-9.76,-9.76,-17.78,-32.73,-24.49,10.25,9.25,9.65,10.25,9.25,10.1,11.25,9.25,10.7,13.75,9.25,11.9,13.75,9.25,12.57,0,-0.134615385,-0.034188034,-0.10042735,10.8326951,9.367304903,0,88.84002199,0.362937242,0.145088138,9.25
2009-06-15,9.25,0,-9.76,-9.76,-17.78,-32.73,-24.49,10.25,9.25,9.45,10.25,9.25,10.05,11.25,9.25,10.67,13.75,9.25,11.86,13.75,9.25,12.55,0,-0.179487179,-0.04985755,-0.12962963,10.87078268,9.229217318,0,88.79072336,0.362937242,0.163339837,9.25
2009-06-16,9.25,0,-9.76,-9.76,-17.78,-32.73,-24.49,9.25,9.25,9.25,10.25,9.25,10,11.25,9.25,10.63,13.75,9.25,11.83,13.75,9.25,12.54,0,-0.224358974,-0.074786325,-0.14957265,10.88852332,9.111476683,0,88.74098724,0.362937242,0.177704663,9.25
2009-06-17,9.25,0,0,-9.76,-17.78,-32.73,-24.49,9.25,9.25,9.25,10.25,9.25,9.95,11.25,9.25,10.6,13.75,9.25,11.79,13.75,9.25,12.53,0,-0.269230769,-0.104700855,-0.164529915,10.89032469,9.009675308,0,88.6908078,0.362937242,0.189009988,9.25
2009-06-18,9.25,0,0,-9.76,-17.78,-32.73,-24.49,9.25,9.25,9.25,10.25,9.25,9.9,11.25,9.25,10.57,13.75,9.25,11.76,13.75,9.25,12.52,0,-0.314102564,-0.13960114,-0.174501425,10.87872097,8.92127903,0,88.64017907,0.362937242,0.197721408,9.25
2009-06-19,9.25,0,0,-9.76,-17.78,-32.73,-24.49,9.25,9.25,9.25,10.25,9.25,9.85,11.25,9.25,10.54,13.75,9.25,11.72,13.75,9.25,12.51,0,-0.358974359,-0.179487179,-0.179487179,10.85524938,8.84475062,0,88.589095,0.362937242,0.204111549,9.25
2009-06-22,9.25,0,0,-9.76,-17.78,-32.73,-24.49,9.25,9.25,9.25,10.25,9.25,9.8,11.25,9.25,10.51,13.75,9.25,11.69,13.75,9.25,12.5,0,-0.403846154,-0.224358974,-0.179487179,10.82083557,8.779164429,0,88.53754941,0.362937242,0.20833379,9.25
2009-06-23,9.25,0,0,-9.76,-17.78,-32.73,-24.49,9.25,9.25,9.25,10.25,9.25,9.75,11.25,9.25,10.48,13.75,9.25,11.65,13.75,9.25,12.49,0,-0.448717949,-0.269230769,-0.179487179,10.77597835,8.724021648,0,88.48553602,0.362937242,0.210457098,9.25
2009-06-24,9.25,0,0,-9.76,-17.78,-32.73,-24.49,9.25,9.25,9.25,10.25,9.25,9.7,11.25,9.25,10.45,13.75,9.25,11.62,13.75,9.25,12.47,0,-0.493589744,-0.314102564,-0.179487179,10.72083557,8.679164429,0,88.44312742,0.362937242,0.210481561,9.25
2009-06-25,9.25,0,0,-9.76,-17.78,-32.73,-24.49,9.25,9.25,9.25,10.25,9.25,9.65,11.25,9.25,10.42,13.75,9.25,11.58,13.75,9.25,12.46,0,-0.538461538,-0.358974359,-0.179487179,10.65524938,8.64475062,0,88.41044434,0.362937242,0.20834184,9.25
2009-06-26,9.25,0,0,-9.76,-17.78,-32.73,-24.49,9.25,9.25,9.25,10.25,9.25,9.6,11.25,9.25,10.39,13.75,9.25,11.55,13.75,9.25,12.45,0,-0.5,-0.394586895,-0.105413105,10.57872097,8.62127903,0,88.38761653,0.362937242,0.203900202,9.25
2009-06-29,9.25,0,0,-9.76,-17.78,-32.73,-24.49,9.25,9.25,9.25,10.25,9.25,9.55,11.25,9.25,10.36,13.75,9.25,11.52,13.75,9.25,12.44,0,-0.461538462,-0.420940171,-0.040598291,10.49032469,8.609675308,0,88.37478311,0.362937242,0.196926637,9.25
2009-06-30,9.25,0,0,-9.76,-17.78,-32.73,-24.49,9.25,9.25,9.25,10.25,9.25,9.5,11.25,9.25,10.33,13.75,9.25,11.48,13.75,9.25,12.43,0,-0.423076923,-0.438034188,0.014957265,10.38852332,8.611476683,0,88.37209302,0.362937242,0.18705754,9.25
2009-07-01,9.25,0,0,-9.76,-17.78,-32.73,-24.49,9.25,9.25,9.25,10.25,9.25,9.45,11.25,9.25,10.3,13.75,9.25,11.45,13.75,9.25,12.42,0,-0.384615385,-0.445868946,0.061253561,10.27078268,8.629217318,0,88.3797054,0.362937242,0.17371062,9.25
2009-07-02,9.25,0,0,-9.76,-17.78,-32.73,-24.49,9.25,9.25,9.25,10.25,9.25,9.4,11.25,9.25,10.27,13.75,9.25,11.41,13.75,9.25,12.4,0,-0.346153846,-0.444444444,0.098290598,10.1326951,8.667304903,0,88.39779006,0.362937242,0.155892574,9.25
2009-07-03,9.25,0,0,-9.76,-17.78,-32.73,-24.49,9.25,9.25,9.25,10.25,9.25,9.35,11.25,9.25,10.23,13.75,9.25,11.38,13.75,9.25,12.39,0,-0.307692308,-0.433760684,0.126068376,9.965587011,8.734412989,0,88.42652796,0.362937242,0.131676366,9.25
2009-07-06,9.25,0,0,-9.76,-17.78,-32.73,-24.49,9.25,9.25,9.25,10.25,9.25,9.3,11.25,9.25,10.2,13.75,9.25,11.34,13.75,9.25,12.38,0,-0.269230769,-0.413817664,0.144586895,9.747213595,8.852786405,0,88.46611177,0.362937242,0.096174967,9.25
2009-07-07,9.25,0,0,-9.76,-17.78,-32.73,-24.49,9.25,9.25,9.25,9.25,9.25,9.25,11.25,9.25,10.17,13.75,9.25,11.31,13.75,9.25,12.37,0,-0.230769231,-0.384615385,0.153846154,9.25,9.25,0,88.20023838,0.362937242,0,9.25
2009-07-08,9.25,0,0,0,-17.78,-32.73,-24.49,9.25,9.25,9.25,9.25,9.25,9.25,11.25,9.25,10.14,13.75,9.25,11.27,13.75,9.25,12.36,0,-0.192307692,-0.346153846,0.153846154,9.25,9.25,0,88.40043006,0,0,9.25
2009-07-09,9.25,0,0,0,-17.78,-32.73,-24.49,9.25,9.25,9.25,9.25,9.25,9.25,11.25,9.25,10.11,13.75,9.25,11.24,13.75,9.25,12.35,0,-0.153846154,-0.307692308,0.153846154,9.25,9.25,0,88.59092542,0,0,9.25
2009-07-10,9.25,0,0,0,-17.78,-32.73,-24.49,9.25,9.25,9.25,9.25,9.25,9.25,11.25,9.25,10.08,13.75,9.25,11.2,13.75,9.25,12.34,0,-0.115384615,-0.269230769,0.153846154,9.25,9.25,0,88.77159309,0,0,9.25
2009-07-13,9.25,0,0,0,-17.78,-32.73,-24.49,9.25,9.25,9.25,9.25,9.25,9.25,11.25,9.25,10.05,13.75,9.25,11.17,13.75,9.25,12.32,0,-0.076923077,-0.230769231,0.153846154,9.25,9.25,0,88.94230769,0,0,9.25
2009-07-14,9.25,0,0,0,-17.78,-32.73,-24.49,9.25,9.25,9.25,9.25,9.25,9.25,11.25,9.25,10.02,13.75,9.25,11.13,13.75,9.25,12.31,0,-0.038461538,-0.192307692,0.153846154,9.25,9.25,0,89.10295003,0,0,9.25
2009-07-15,9.25,0,0,0,-17.78,-32.73,-24.49,9.25,9.25,9.25,9.25,9.25,9.25,11.25,9.25,9.99,13.75,9.25,11.1,13.75,9.25,12.3,0,0,-0.153846154,0.153846154,9.25,9.25,0,89.25340731,0,0,9.25
2009-07-16,9.25,0,0,0,-17.78,-32.73,-24.49,9.25,9.25,9.25,9.25,9.25,9.25,11.25,9.25,9.96,13.75,9.25,11.07,13.75,9.25,12.29,0,0,-0.11965812,0.11965812,9.25,9.25,0,89.39357333,0,0,9.25
2009-07-17,9.25,0,0,0,-17.78,-32.73,-24.49,9.25,9.25,9.25,9.25,9.25,9.25,11.25,9.25,9.93,13.75,9.25,11.03,13.75,9.25,12.28,0,0,-0.08974359,0.08974359,9.25,9.25,0,89.52334866,0,0,9.25
2009-07-20,9.25,0,0,0,-17.78,-32.73,-24.49,9.25,9.25,9.25,9.25,9.25,9.25,11.25,9.25,9.9,13.75,9.25,11,13.75,9.25,12.27,0,0,-0.064102564,0.064102564,9.25,9.25,0,89.64264082,0,0,9.25
2009-07-21,9.25,0,0,0,-17.78,-32.73,-24.49,9.25,9.25,9.25,9.25,9.25,9.25,11.25,9.25,9.87,12.75,9.25,10.96,13.75,9.25,12.25,0,0,-0.042735043,0.042735043,9.25,9.25,0,89.75136446,0,0,9.25
2009-07-22,8.75,-5.41,-5.41,-5.41,-22.22,-31.37,-32.69,9.25,8.75,9.15,9.25,8.75,9.23,11.25,8.75,9.83,12.75,8.75,10.93,13.75,8.75,12.24,0,-0.022435897,-0.028133903,0.005698006,9.448606798,9.001393202,0,89.61204541,0.196469093,0.048478439,8.75
2009-07-23,8.75,0,-5.41,-5.41,-22.22,-31.37,-32.69,9.25,8.75,9.05,9.25,8.75,9.2,11.25,8.75,9.79,12.75,8.75,10.9,13.75,8.75,12.22,0,-0.044871795,-0.020299145,-0.02457265,9.507793506,8.892206494,0,89.46696651,0.196469093,0.066911632,8.75
2009-07-24,8.75,0,-5.41,-5.41,-22.22,-31.37,-32.69,9.25,8.75,8.95,9.25,8.75,9.18,11.25,8.75,9.75,12.75,8.75,10.87,13.75,8.75,12.21,0,-0.067307692,-0.019230769,-0.048076923,9.541347549,8.808652451,0,89.31613531,0.196469093,0.079857776,8.75
2009-07-27,8.75,0,-5.41,-5.41,-22.22,-31.37,-32.69,9.25,8.75,8.85,9.25,8.75,9.15,11.25,8.75,9.71,12.75,8.75,10.84,13.75,8.75,12.19,0,-0.08974359,-0.024928775,-0.064814815,9.560391341,8.739608659,0,89.15956151,0.196469093,0.089703025,8.75
2009-07-28,8.75,0,-5.41,-5.41,-22.22,-31.37,-32.69,8.75,8.75,8.75,9.25,8.75,9.13,10.25,8.75,9.67,12.75,8.75,10.81,13.75,8.75,12.17,0,-0.112179487,-0.037393162,-0.074786325,9.569261658,8.680738342,0,89.21478766,0.196469093,0.097372418,8.75
2009-07-29,8.75,0,0,-5.41,-14.63,-31.37,-32.69,8.75,8.75,8.75,9.25,8.75,9.1,10.25,8.75,9.65,12.75,8.75,10.78,13.75,8.75,12.16,0,-0.134615385,-0.052350427,-0.082264957,9.570162346,8.629837654,0,89.26491325,0.196469093,0.103332384,8.75
2009-07-30,8.75,0,0,-5.41,-14.63,-31.37,-32.69,8.75,8.75,8.75,9.25,8.75,9.08,10.25,8.75,9.63,12.75,8.75,10.75,13.75,8.75,12.14,0,-0.157051282,-0.06980057,-0.087250712,9.564360485,8.585639515,0,89.30987821,0.196469093,0.107848041,8.75
2009-07-31,8.75,0,0,-5.41,-14.63,-31.37,-32.69,8.75,8.75,8.75,9.25,8.75,9.05,10.25,8.75,9.6,12.75,8.75,10.72,13.75,8.75,12.12,0,-0.179487179,-0.08974359,-0.08974359,9.55262469,8.54737531,0,89.3496236,0.196469093,0.11107728,8.75
2009-08-03,8.75,0,0,-5.41,-14.63,-31.37,-32.69,8.75,8.75,8.75,9.25,8.75,9.03,10.25,8.75,9.58,12.75,8.75,10.68,13.75,8.75,12.11,0,-0.201923077,-0.112179487,-0.08974359,9.535417786,8.514582214,0,89.38409161,0.196469093,0.113111975,8.75
2009-08-04,8.75,0,0,-5.41,-14.63,-31.37,-32.69,8.75,8.75,8.75,9.25,8.75,9,10.25,8.75,9.56,12.75,8.75,10.65,13.75,8.75,12.09,0,-0.224358974,-0.134615385,-0.08974359,9.512989176,8.487010824,0,89.41322571,0.196469093,0.113997595,8.75
2009-08-05,8.75,0,0,-5.41,-14.63,-31.37,-32.69,8.75,8.75,8.75,9.25,8.75,8.98,10.25,8.75,9.53,12.75,8.75,10.62,13.75,8.75,12.08,0,-0.246794872,-0.157051282,-0.08974359,9.485417786,8.464582214,0,89.44811262,0.196469093,0.113742125,8.75
2009-08-06,8.75,0,0,-5.41,-14.63,-31.37,-32.69,8.75,8.75,8.75,9.25,8.75,8.95,10.25,8.75,9.51,12.75,8.75,10.59,13.75,8.75,12.06,0,-0.269230769,-0.179487179,-0.08974359,9.45262469,8.44737531,0,89.4888139,0.196469093,0.112318366,8.75
2009-08-07,8.75,0,0,-5.41,-14.63,-31.37,-32.69,8.75,8.75,8.75,9.25,8.75,8.93,10.25,8.75,9.49,12.75,8.75,10.56,13.75,8.75,12.04,0,-0.25,-0.197293447,-0.052706553,9.414360485,8.435639515,0,89.53539407,0.196469093,0.109660613,8.75
2009-08-10,8.75,0,0,-5.41,-14.63,-31.37,-32.69,8.75,8.75,8.75,9.25,8.75,8.9,10.25,8.75,9.47,12.75,8.75,10.53,13.75,8.75,12.03,0,-0.230769231,-0.210470085,-0.020299145,9.370162346,8.429837654,0,89.58792073,0.196469093,0.10565446,8.75
2009-08-11,8.75,0,0,-5.41,-14.63,-31.37,-32.69,8.75,8.75,8.75,9.25,8.75,8.88,10.25,8.75,9.44,12.75,8.75,10.5,13.75,8.75,12.01,0,-0.211538462,-0.219017094,0.007478632,9.319261658,8.430738342,0,89.64646465,0.196469093,0.100115303,8.75
2009-08-12,8.75,0,0,-5.41,-14.63,-31.37,-32.69,8.75,8.75,8.75,9.25,8.75,8.85,10.25,8.75,9.42,12.75,8.75,10.47,13.75,8.75,11.99,0,-0.192307692,-0.222934473,0.030626781,9.260391341,8.439608659,0,89.71109985,0.196469093,0.092743806,8.75
2009-08-13,8.75,0,0,-5.41,-14.63,-31.37,-32.69,8.75,8.75,8.75,9.25,8.75,8.83,10.25,8.75,9.4,12.75,8.75,10.44,13.75,8.75,11.98,0,-0.173076923,-0.222222222,0.049145299,9.191347549,8.458652451,0,89.78190373,0.196469093,0.08302494,8.75
2009-08-14,8.75,0,0,-5.41,-14.63,-31.37,-32.69,8.75,8.75,8.75,9.25,8.75,8.8,10.25,8.75,9.37,12.75,8.75,10.41,13.75,8.75,11.96,0,-0.153846154,-0.216880342,0.063034188,9.107793506,8.492206494,0,89.85895718,0.196469093,0.069953069,8.75
2009-08-17,8.75,0,0,-5.41,-14.63,-31.37,-32.69,8.75,8.75,8.75,9.25,8.75,8.78,10.25,8.75,9.35,12.75,8.75,10.38,13.75,8.75,11.94,0,-0.134615385,-0.206908832,0.072293447,8.998606798,8.551393202,0,89.94234465,0.196469093,0.050964512,8.75
2009-08-18,8.75,0,0,-5.41,-14.63,-31.37,-32.69,8.75,8.75,8.75,8.75,8.75,8.75,10.25,8.75,9.33,12.75,8.75,10.35,13.75,8.75,11.93,0,-0.115384615,-0.192307692,0.076923077,8.75,8.75,0,90.03215434,0.196469093,0,8.75
2009-08-19,8.75,0,0,0,-14.63,-31.37,-32.69,8.75,8.75,8.75,8.75,8.75,8.75,10.25,8.75,9.3,12.75,8.75,10.32,13.75,8.75,11.91,0,-0.096153846,-0.173076923,0.076923077,8.75,8.75,0,90.37505648,0,0,8.75
2009-08-20,8.75,0,0,0,-14.63,-31.37,-32.69,8.75,8.75,8.75,8.75,8.75,8.75,10.25,8.75,9.28,12.75,8.75,10.28,13.75,8.75,11.9,0,-0.076923077,-0.153846154,0.076923077,8.75,8.75,0,90.71470226,0,0,8.75
2009-08-21,8.75,0,0,0,-14.63,-31.37,-32.69,8.75,8.75,8.75,8.75,8.75,8.75,10.25,8.75,9.26,12.75,8.75,10.25,13.75,8.75,11.88,0,-0.057692308,-0.134615385,0.076923077,8.75,8.75,0,91.05098855,0,0,8.75
2009-08-24,8.75,0,0,0,-14.63,-31.37,-32.69,8.75,8.75,8.75,8.75,8.75,8.75,10.25,8.75,9.23,12.75,8.75,10.22,13.75,8.75,11.86,0,-0.038461538,-0.115384615,0.076923077,8.75,8.75,0,91.38381201,0,0,8.75
2009-08-25,8.75,0,0,0,-14.63,-31.37,-32.69,8.75,8.75,8.75,8.75,8.75,8.75,10.25,8.75,9.21,12.75,8.75,10.19,13.75,8.75,11.85,0,-0.019230769,-0.096153846,0.076923077,8.75,8.75,0,91.47337471,0,0,8.75
2009-08-26,8.75,0,0,0,-14.63,-31.37,-32.69,8.75,8.75,8.75,8.75,8.75,8.75,10.25,8.75,9.19,12.75,8.75,10.16,13.75,8.75,11.83,0,0,-0.076923077,0.076923077,8.75,8.75,0,91.55712511,0,0,8.75
2009-08-27,8.75,0,0,0,-14.63,-31.37,-32.69,8.75,8.75,8.75,8.75,8.75,8.75,10.25,8.75,9.17,12.75,8.75,10.13,13.75,8.75,11.81,0,0,-0.05982906,0.05982906,8.75,8.75,0,91.63503076,0,0,8.75
2009-08-28,8.75,0,0,0,-14.63,-31.37,-32.69,8.75,8.75,8.75,8.75,8.75,8.75,10.25,8.75,9.14,12.75,8.75,10.1,13.75,8.75,11.8,0,0,-0.044871795,0.044871795,8.75,8.75,0,91.70706144,0,0,8.75
2009-08-31,8.75,0,0,0,-14.63,-31.37,-32.69,8.75,8.75,8.75,8.75,8.75,8.75,10.25,8.75,9.12,12.75,8.75,10.07,13.75,8.75,11.78,0,0,-0.032051282,0.032051282,8.75,8.75,0,91.77318912,0,0,8.75
2009-09-01,8.75,0,0,0,-14.63,-31.37,-32.69,8.75,8.75,8.75,8.75,8.75,8.75,10.25,8.75,9.1,12.75,8.75,10.04,13.75,8.75,11.76,0,0,-0.021367521,0.021367521,8.75,8.75,0,91.833388,0,0,8.75
2009-09-02,8.75,0,0,0,-14.63,-31.37,-32.69,8.75,8.75,8.75,8.75,8.75,8.75,10.25,8.75,9.07,12.75,8.75,10.01,13.75,8.75,11.75,0,0,-0.012820513,0.012820513,8.75,8.75,0,91.88763455,0,0,8.75
2009-09-03,8.75,0,0,0,-14.63,-31.37,-32.69,8.75,8.75,8.75,8.75,8.75,8.75,10.25,8.75,9.05,12.75,8.75,9.98,13.75,8.75,11.73,0,0,-0.006410256,0.006410256,8.75,8.75,0,91.93590754,0,0,8.75
2009-09-04,8.75,0,0,0,-14.63,-31.37,-32.69,8.75,8.75,8.75,8.75,8.75,8.75,10.25,8.75,9.03,12.75,8.75,9.95,13.75,8.75,11.72,0,0,-0.002136752,0.002136752,8.75,8.75,0,91.97818803,0,0,8.75
2009-09-07,8.75,0,0,0,-14.63,-31.37,-32.69,8.75,8.75,8.75,8.75,8.75,8.75,10.25,8.75,9,12.75,8.75,9.92,13.75,8.75,11.7,0,0,0,0,8.75,8.75,0,92.01445942,0,0,8.75
2009-09-08,8.75,0,0,0,-14.63,-31.37,-32.69,8.75,8.75,8.75,8.75,8.75,8.75,9.25,8.75,8.98,11.25,8.75,9.88,13.75,8.75,11.68,0,0,0,0,8.75,8.75,0,92.28740936,0,0,8.75
2009-09-09,8.75,0,0,0,-5.41,-22.22,-36.36,8.75,8.75,8.75,8.75,8.75,8.75,9.25,8.75,8.97,11.25,8.75,9.87,13.75,8.75,11.66,0,0,0,0,8.75,8.75,0,92.55586408,0,0,8.75
2009-09-10,8.75,0,0,0,-5.41,-22.22,-36.36,8.75,8.75,8.75,8.75,8.75,8.75,9.25,8.75,8.97,11.25,8.75,9.85,13.75,8.75,11.64,0,0,0,0,8.75,8.75,0,92.81973082,0,0,8.75
2009-09-11,8.75,0,0,0,-5.41,-22.22,-36.36,8.75,8.75,8.75,8.75,8.75,8.75,9.25,8.75,8.96,11.25,8.75,9.83,13.75,8.75,11.63,0,0,0,0,8.75,8.75,0,93.07891763,0,0,8.75
2009-09-14,8.75,0,0,0,-5.41,-22.22,-36.36,8.75,8.75,8.75,8.75,8.75,8.75,9.25,8.75,8.95,11.25,8.75,9.81,13.75,8.75,11.61,0,0,0,0,8.75,8.75,0,93.33333333,0,0,8.75
2009-09-15,8.75,0,0,0,-5.41,-22.22,-36.36,8.75,8.75,8.75,8.75,8.75,8.75,9.25,8.75,8.94,11.25,8.75,9.79,13.75,8.75,11.59,0,0,0,0,8.75,8.75,0,93.5828877,0,0,8.75
2009-09-16,8.75,0,0,0,-5.41,-22.22,-36.36,8.75,8.75,8.75,8.75,8.75,8.75,9.25,8.75,8.93,11.25,8.75,9.77,13.75,8.75,11.57,0,0,0,0,8.75,8.75,0,93.83378016,0,0,8.75
2009-09-17,8.75,0,0,0,-5.41,-22.22,-36.36,8.75,8.75,8.75,8.75,8.75,8.75,9.25,8.75,8.93,11.25,8.75,9.75,13.75,8.75,11.55,0,0,0,0,8.75,8.75,0,94.08602151,0,0,8.75
2009-09-18,8.75,0,0,0,-5.41,-22.22,-36.36,8.75,8.75,8.75,8.75,8.75,8.75,9.25,8.75,8.92,11.25,8.75,9.73,13.75,8.75,11.53,0,0,0,0,8.75,8.75,0,94.33962264,0,0,8.75
2009-09-21,8.75,0,0,0,-5.41,-22.22,-36.36,8.75,8.75,8.75,8.75,8.75,8.75,9.25,8.75,8.91,11.25,8.75,9.71,13.75,8.75,11.51,0,0,0,0,8.75,8.75,0,94.59459459,0,0,8.75
2009-09-22,8.75,0,0,0,-5.41,-22.22,-36.36,8.75,8.75,8.75,8.75,8.75,8.75,9.25,8.75,8.9,11.25,8.75,9.69,13.75,8.75,11.49,0,0,0,0,8.75,8.75,0,94.85094851,0,0,8.75
2009-09-23,8.75,0,0,0,-5.41,-22.22,-36.36,8.75,8.75,8.75,8.75,8.75,8.75,9.25,8.75,8.9,11.25,8.75,9.67,13.75,8.75,11.47,0,0,0,0,8.75,8.75,0,95.10869565,0,0,8.75
2009-09-24,8.75,0,0,0,-5.41,-22.22,-36.36,8.75,8.75,8.75,8.75,8.75,8.75,9.25,8.75,8.89,11.25,8.75,9.65,13.75,8.75,11.45,0,0,0,0,8.75,8.75,0,95.36784741,0,0,8.75
2009-09-25,8.75,0,0,0,-5.41,-22.22,-36.36,8.75,8.75,8.75,8.75,8.75,8.75,9.25,8.75,8.88,11.25,8.75,9.63,13.75,8.75,11.43,0,0,0,0,8.75,8.75,0,95.6284153,0,0,8.75
2009-09-28,8.75,0,0,0,-5.41,-22.22,-36.36,8.75,8.75,8.75,8.75,8.75,8.75,9.25,8.75,8.87,11.25,8.75,9.62,13.75,8.75,11.41,0,0,0,0,8.75,8.75,0,95.89041096,0,0,8.75
2009-09-29,8.75,0,0,0,-5.41,-22.22,-36.36,8.75,8.75,8.75,8.75,8.75,8.75,9.25,8.75,8.87,11.25,8.75,9.6,13.75,8.75,11.39,0,0,0,0,8.75,8.75,0,96.15384615,0,0,8.75
2009-09-30,8.75,0,0,0,-5.41,-22.22,-36.36,8.75,8.75,8.75,8.75,8.75,8.75,9.25,8.75,8.86,11.25,8.75,9.58,13.75,8.75,11.38,0,0,0,0,8.75,8.75,0,96.41873278,0,0,8.75
2009-10-01,8.75,0,0,0,-5.41,-22.22,-36.36,8.75,8.75,8.75,8.75,8.75,8.75,9.25,8.75,8.85,11.25,8.75,9.56,13.75,8.75,11.36,0,0,0,0,8.75,8.75,0,96.68508287,0,0,8.75
2009-10-02,8.75,0,0,0,-5.41,-22.22,-36.36,8.75,8.75,8.75,8.75,8.75,8.75,9.25,8.75,8.84,11.25,8.75,9.54,13.75,8.75,11.34,0,0,0,0,8.75,8.75,0,96.95290859,0,0,8.75
2009-10-05,8.75,0,0,0,-5.41,-22.22,-36.36,8.75,8.75,8.75,8.75,8.75,8.75,9.25,8.75,8.83,11.25,8.75,9.52,13.75,8.75,11.32,0,0,0,0,8.75,8.75,0,97.22222222,0,0,8.75
2009-10-06,8.75,0,0,0,-5.41,-22.22,-36.36,8.75,8.75,8.75,8.75,8.75,8.75,9.25,8.75,8.83,11.25,8.75,9.5,13.75,8.75,11.3,0,0,0,0,8.75,8.75,0,97.22222222,0,0,8.75
2009-10-07,8.75,0,0,0,-5.41,-22.22,-36.36,8.75,8.75,8.75,8.75,8.75,8.75,9.25,8.75,8.82,11.25,8.75,9.48,13.75,8.75,11.28,0,0,0,0,8.75,8.75,0,97.22222222,0,0,8.75
2009-10-08,8.75,0,0,0,-5.41,-22.22,-36.36,8.75,8.75,8.75,8.75,8.75,8.75,9.25,8.75,8.81,11.25,8.75,9.46,13.75,8.75,11.26,0,0,0,0,8.75,8.75,0,97.22222222,0,0,8.75
2009-10-09,8.75,0,0,0,-5.41,-22.22,-36.36,8.75,8.75,8.75,8.75,8.75,8.75,9.25,8.75,8.8,11.25,8.75,9.44,13.75,8.75,11.24,0,0,0,0,8.75,8.75,0,97.22222222,0,0,8.75
2009-10-12,8.75,0,0,0,-5.41,-22.22,-36.36,8.75,8.75,8.75,8.75,8.75,8.75,9.25,8.75,8.8,11.25,8.75,9.42,13.75,8.75,11.22,0,0,0,0,8.75,8.75,0,97.22222222,0,0,8.75
2009-10-13,8.75,0,0,0,-5.41,-22.22,-36.36,8.75,8.75,8.75,8.75,8.75,8.75,9.25,8.75,8.79,11.25,8.75,9.4,13.75,8.75,11.2,0,0,0,0,8.75,8.75,0,97.22222222,0,0,8.75
2009-10-14,8.75,0,0,0,-5.41,-22.22,-36.36,8.75,8.75,8.75,8.75,8.75,8.75,9.25,8.75,8.78,11.25,8.75,9.38,13.75,8.75,11.18,0,0,0,0,8.75,8.75,0,97.22222222,0,0,8.75
2009-10-15,8.75,0,0,0,-5.41,-22.22,-36.36,8.75,8.75,8.75,8.75,8.75,8.75,9.25,8.75,8.77,11.25,8.75,9.37,13.75,8.75,11.16,0,0,0,0,8.75,8.75,0,97.22222222,0,0,8.75
2009-10-16,8.75,0,0,0,-5.41,-22.22,-36.36,8.75,8.75,8.75,8.75,8.75,8.75,9.25,8.75,8.77,11.25,8.75,9.35,13.75,8.75,11.14,0,0,0,0,8.75,8.75,0,97.22222222,0,0,8.75
2009-10-19,8.75,0,0,0,-5.41,-22.22,-36.36,8.75,8.75,8.75,8.75,8.75,8.75,9.25,8.75,8.76,11.25,8.75,9.33,13.75,8.75,11.13,0,0,0,0,8.75,8.75,0,97.22222222,0,0,8.75
2009-10-20,8.75,0,0,0,-5.41,-22.22,-36.36,8.75,8.75,8.75,8.75,8.75,8.75,8.75,8.75,8.75,11.25,8.75,9.31,13.75,8.75,11.11,0,0,0,0,8.75,8.75,0,97.35744089,0,0,8.75
2009-10-21,8.75,0,0,0,0,-22.22,-36.36,8.75,8.75,8.75,8.75,8.75,8.75,8.75,8.75,8.75,11.25,8.75,9.29,13.75,8.75,11.09,0,0,0,0,8.75,8.75,0,97.49303621,0,0,8.75
2009-10-22,8.75,0,0,0,0,-22.22,-36.36,8.75,8.75,8.75,8.75,8.75,8.75,8.75,8.75,8.75,11.25,8.75,9.27,13.75,8.75,11.07,0,0,0,0,8.75,8.75,0,97.62900976,0,0,8.75
2009-10-23,8.75,0,0,0,0,-22.22,-36.36,8.75,8.75,8.75,8.75,8.75,8.75,8.75,8.75,8.75,11.25,8.75,9.25,13.75,8.75,11.05,0,0,0,0,8.75,8.75,0,97.76536313,0,0,8.75
2009-10-26,8.75,0,0,0,0,-22.22,-36.36,8.75,8.75,8.75,8.75,8.75,8.75,8.75,8.75,8.75,11.25,8.75,9.23,13.75,8.75,11.03,0,0,0,0,8.75,8.75,0,97.9020979,0,0,8.75
2009-10-27,8.75,0,0,0,0,-22.22,-36.36,8.75,8.75,8.75,8.75,8.75,8.75,8.75,8.75,8.75,10.25,8.75,9.21,13.75,8.75,11.01,0,0,0,0,8.75,8.75,0,98.03921569,0,0,8.75
2009-10-28,8.75,0,0,0,0,-14.63,-36.36,8.75,8.75,8.75,8.75,8.75,8.75,8.75,8.75,8.75,10.25,8.75,9.2,13.75,8.75,10.99,0,0,0,0,8.75,8.75,0,98.17671809,0,0,8.75
2009-10-29,8.75,0,0,0,0,-14.63,-36.36,8.75,8.75,8.75,8.75,8.75,8.75,8.75,8.75,8.75,10.25,8.75,9.19,13.75,8.75,10.97,0,0,0,0,8.75,8.75,0,98.31460674,0,0,8.75
2009-10-30,8.75,0,0,0,0,-14.63,-36.36,8.75,8.75,8.75,8.75,8.75,8.75,8.75,8.75,8.75,10.25,8.75,9.18,13.75,8.75,10.95,0,0,0,0,8.75,8.75,0,98.45288326,0,0,8.75
2009-11-02,8.75,0,0,0,0,-14.63,-36.36,8.75,8.75,8.75,8.75,8.75,8.75,8.75,8.75,8.75,10.25,8.75,9.17,13.75,8.75,10.93,0,0,0,0,8.75,8.75,0,98.5915493,0,0,8.75
2009-11-03,8.75,0,0,0,0,-14.63,-36.36,8.75,8.75,8.75,8.75,8.75,8.75,8.75,8.75,8.75,10.25,8.75,9.15,13.75,8.75,10.91,0,0,0,0,8.75,8.75,0,98.73060649,0,0,8.75
2009-11-04,8.75,0,0,0,0,-14.63,-36.36,8.75,8.75,8.75,8.75,8.75,8.75,8.75,8.75,8.75,10.25,8.75,9.14,13.75,8.75,10.89,0,0,0,0,8.75,8.75,0,98.8700565,0,0,8.75
2009-11-05,8.75,0,0,0,0,-14.63,-36.36,8.75,8.75,8.75,8.75,8.75,8.75,8.75,8.75,8.75,10.25,8.75,9.13,13.75,8.75,10.88,0,0,0,0,8.75,8.75,0,99.00990099,0,0,8.75
2009-11-06,8.75,0,0,0,0,-14.63,-36.36,8.75,8.75,8.75,8.75,8.75,8.75,8.75,8.75,8.75,10.25,8.75,9.12,13.75,8.75,10.86,0,0,0,0,8.75,8.75,0,99.15014164,0,0,8.75
2009-11-09,8.75,0,0,0,0,-14.63,-36.36,8.75,8.75,8.75,8.75,8.75,8.75,8.75,8.75,8.75,10.25,8.75,9.11,13.75,8.75,10.84,0,0,0,0,8.75,8.75,0,99.29078014,0,0,8.75
2009-11-10,8.75,0,0,0,0,-14.63,-36.36,8.75,8.75,8.75,8.75,8.75,8.75,8.75,8.75,8.75,10.25,8.75,9.1,13.75,8.75,10.82,0,0,0,0,8.75,8.75,0,99.43181818,0,0,8.75
2009-11-11,8.75,0,0,0,0,-14.63,-36.36,8.75,8.75,8.75,8.75,8.75,8.75,8.75,8.75,8.75,10.25,8.75,9.08,13.75,8.75,10.8,0,0,0,0,8.75,8.75,0,99.57325747,0,0,8.75
2009-11-12,8.75,0,0,0,0,-14.63,-36.36,8.75,8.75,8.75,8.75,8.75,8.75,8.75,8.75,8.75,10.25,8.75,9.07,13.75,8.75,10.78,0,0,0,0,8.75,8.75,0,99.71509972,0,0,8.75
2009-11-13,8.75,0,0,0,0,-14.63,-36.36,8.75,8.75,8.75,8.75,8.75,8.75,8.75,8.75,8.75,10.25,8.75,9.06,13.75,8.75,10.76,0,0,0,0,8.75,8.75,0,99.85734665,0,0,8.75
2009-11-16,8.75,0,0,0,0,-14.63,-36.36,8.75,8.75,8.75,8.75,8.75,8.75,8.75,8.75,8.75,10.25,8.75,9.05,13.75,8.75,10.74,0,0,0,0,8.75,8.75,0,100,0,0,8.75
2009-11-17,8.75,0,0,0,0,-14.63,-36.36,8.75,8.75,8.75,8.75,8.75,8.75,8.75,8.75,8.75,10.25,8.75,9.04,13.75,8.75,10.72,0,0,0,0,8.75,8.75,0,100,0,0,8.75
2009-11-18,8.75,0,0,0,0,-14.63,-36.36,8.75,8.75,8.75,8.75,8.75,8.75,8.75,8.75,8.75,10.25,8.75,9.03,13.75,8.75,10.7,0,0,0,0,8.75,8.75,0,100,0,0,8.75
2009-11-19,8.75,0,0,0,0,-14.63,-36.36,8.75,8.75,8.75,8.75,8.75,8.75,8.75,8.75,8.75,10.25,8.75,9.02,13.75,8.75,10.68,0,0,0,0,8.75,8.75,0,100,0,0,8.75
2009-11-20,8.75,0,0,0,0,-14.63,-36.36,8.75,8.75,8.75,8.75,8.75,8.75,8.75,8.75,8.75,10.25,8.75,9,13.75,8.75,10.66,0,0,0,0,8.75,8.75,0,100,0,0,8.75
2009-11-23,8.75,0,0,0,0,-14.63,-36.36,8.75,8.75,8.75,8.75,8.75,8.75,8.75,8.75,8.75,10.25,8.75,8.99,13.75,8.75,10.64,0,0,0,0,8.75,8.75,0,100,0,0,8.75
2009-11-24,8.75,0,0,0,0,-14.63,-36.36,8.75,8.75,8.75,8.75,8.75,8.75,8.75,8.75,8.75,10.25,8.75,8.98,13.75,8.75,10.63,0,0,0,0,8.75,8.75,0,100,0,0,8.75
2009-11-25,8.75,0,0,0,0,-14.63,-36.36,8.75,8.75,8.75,8.75,8.75,8.75,8.75,8.75,8.75,10.25,8.75,8.97,13.75,8.75,10.61,0,0,0,0,8.75,8.75,0,100,0,0,8.75
2009-11-26,8.75,0,0,0,0,-14.63,-36.36,8.75,8.75,8.75,8.75,8.75,8.75,8.75,8.75,8.75,10.25,8.75,8.96,13.75,8.75,10.59,0,0,0,0,8.75,8.75,0,100,0,0,8.75
2009-11-27,8.75,0,0,0,0,-14.63,-36.36,8.75,8.75,8.75,8.75,8.75,8.75,8.75,8.75,8.75,10.25,8.75,8.95,13.75,8.75,10.57,0,0,0,0,8.75,8.75,0,100,0,0,8.75
2009-11-30,8.75,0,0,0,0,-14.63,-36.36,8.75,8.75,8.75,8.75,8.75,8.75,8.75,8.75,8.75,10.25,8.75,8.93,13.75,8.75,10.55,0,0,0,0,8.75,8.75,0,100,0,0,8.75
2009-12-01,8.75,0,0,0,0,-14.63,-36.36,8.75,8.75,8.75,8.75,8.75,8.75,8.75,8.75,8.75,10.25,8.75,8.92,13.75,8.75,10.53,0,0,0,0,8.75,8.75,0,100,0,0,8.75
2009-12-02,8.75,0,0,0,0,-14.63,-36.36,8.75,8.75,8.75,8.75,8.75,8.75,8.75,8.75,8.75,10.25,8.75,8.91,13.75,8.75,10.51,0,0,0,0,8.75,8.75,0,100,0,0,8.75
2009-12-03,8.75,0,0,0,0,-14.63,-36.36,8.75,8.75,8.75,8.75,8.75,8.75,8.75,8.75,8.75,10.25,8.75,8.9,13.75,8.75,10.49,0,0,0,0,8.75,8.75,0,100,0,0,8.75
2009-12-04,8.75,0,0,0,0,-14.63,-36.36,8.75,8.75,8.75,8.75,8.75,8.75,8.75,8.75,8.75,10.25,8.75,8.89,13.75,8.75,10.47,0,0,0,0,8.75,8.75,0,100,0,0,8.75
2009-12-07,8.75,0,0,0,0,-14.63,-36.36,8.75,8.75,8.75,8.75,8.75,8.75,8.75,8.75,8.75,10.25,8.75,8.88,13.75,8.75,10.45,0,0,0,0,8.75,8.75,0,100,0,0,8.75
2009-12-08,8.75,0,0,0,0,-14.63,-36.36,8.75,8.75,8.75,8.75,8.75,8.75,8.75,8.75,8.75,9.25,8.75,8.87,13.75,8.75,10.43,0,0,0,0,8.75,8.75,0,100,0,0,8.75
2009-12-09,8.75,0,0,0,0,-5.41,-36.36,8.75,8.75,8.75,8.75,8.75,8.75,8.75,8.75,8.75,9.25,8.75,8.86,13.75,8.75,10.41,0,0,0,0,8.75,8.75,0,100,0,0,8.75
2009-12-10,8.75,0,0,0,0,-5.41,-36.36,8.75,8.75,8.75,8.75,8.75,8.75,8.75,8.75,8.75,9.25,8.75,8.86,13.75,8.75,10.39,0,0,0,0,8.75,8.75,0,100,0,0,8.75
2009-12-11,8.75,0,0,0,0,-5.41,-36.36,8.75,8.75,8.75,8.75,8.75,8.75,8.75,8.75,8.75,9.25,8.75,8.85,13.75,8.75,10.38,0,0,0,0,8.75,8.75,0,100,0,0,8.75
2009-12-14,8.75,0,0,0,0,-5.41,-36.36,8.75,8.75,8.75,8.75,8.75,8.75,8.75,8.75,8.75,9.25,8.75,8.85,13.75,8.75,10.36,0,0,0,0,8.75,8.75,0,100,0,0,8.75
2009-12-15,8.75,0,0,0,0,-5.41,-36.36,8.75,8.75,8.75,8.75,8.75,8.75,8.75,8.75,8.75,9.25,8.75,8.85,13.75,8.75,10.34,0,0,0,0,8.75,8.75,0,100,0,0,8.75
2009-12-16,8.75,0,0,0,0,-5.41,-36.36,8.75,8.75,8.75,8.75,8.75,8.75,8.75,8.75,8.75,9.25,8.75,8.84,13.75,8.75,10.32,0,0,0,0,8.75,8.75,0,100,0,0,8.75
2009-12-17,8.75,0,0,0,0,-5.41,-36.36,8.75,8.75,8.75,8.75,8.75,8.75,8.75,8.75,8.75,9.25,8.75,8.84,13.75,8.75,10.3,0,0,0,0,8.75,8.75,0,100,0,0,8.75
2009-12-18,8.75,0,0,0,0,-5.41,-36.36,8.75,8.75,8.75,8.75,8.75,8.75,8.75,8.75,8.75,9.25,8.75,8.83,13.75,8.75,10.28,0,0,0,0,8.75,8.75,0,100,0,0,8.75
2009-12-21,8.75,0,0,0,0,-5.41,-36.36,8.75,8.75,8.75,8.75,8.75,8.75,8.75,8.75,8.75,9.25,8.75,8.83,13.75,8.75,10.26,0,0,0,0,8.75,8.75,0,100,0,0,8.75
2009-12-22,8.75,0,0,0,0,-5.41,-36.36,8.75,8.75,8.75,8.75,8.75,8.75,8.75,8.75,8.75,9.25,8.75,8.83,13.75,8.75,10.24,0,0,0,0,8.75,8.75,0,100,0,0,8.75
2009-12-23,8.75,0,0,0,0,-5.41,-36.36,8.75,8.75,8.75,8.75,8.75,8.75,8.75,8.75,8.75,9.25,8.75,8.82,13.75,8.75,10.22,0,0,0,0,8.75,8.75,0,100,0,0,8.75
2009-12-24,8.75,0,0,0,0,-5.41,-36.36,8.75,8.75,8.75,8.75,8.75,8.75,8.75,8.75,8.75,9.25,8.75,8.82,13.75,8.75,10.2,0,0,0,0,8.75,8.75,0,100,0,0,8.75
2009-12-25,8.75,0,0,0,0,-5.41,-36.36,8.75,8.75,8.75,8.75,8.75,8.75,8.75,8.75,8.75,9.25,8.75,8.82,13.75,8.75,10.18,0,0,0,0,8.75,8.75,0,100,0,0,8.75
2009-12-28,8.75,0,0,0,0,-5.41,-36.36,8.75,8.75,8.75,8.75,8.75,8.75,8.75,8.75,8.75,9.25,8.75,8.81,13.75,8.75,10.16,0,0,0,0,8.75,8.75,0,100,0,0,8.75
2009-12-29,8.75,0,0,0,0,-5.41,-36.36,8.75,8.75,8.75,8.75,8.75,8.75,8.75,8.75,8.75,9.25,8.75,8.81,13.75,8.75,10.14,0,0,0,0,8.75,8.75,0,100,0,0,8.75
2009-12-30,8.75,0,0,0,0,-5.41,-36.36,8.75,8.75,8.75,8.75,8.75,8.75,8.75,8.75,8.75,9.25,8.75,8.8,13.75,8.75,10.13,0,0,0,0,8.75,8.75,0,100,0,0,8.75
2009-12-31,8.75,0,0,0,0,-5.41,-36.36,8.75,8.75,8.75,8.75,8.75,8.75,8.75,8.75,8.75,9.25,8.75,8.8,13.75,8.75,10.11,0,0,0,0,8.75,8.75,0,100,0,0,8.75
2010-01-01,8.75,0,0,0,0,-5.41,-36.36,8.75,8.75,8.75,8.75,8.75,8.75,8.75,8.75,8.75,9.25,8.75,8.8,13.75,8.75,10.09,0,0,0,0,8.75,8.75,0,100,0,0,8.75
2010-01-04,8.75,0,0,0,0,-5.41,-36.36,8.75,8.75,8.75,8.75,8.75,8.75,8.75,8.75,8.75,9.25,8.75,8.79,13.75,8.75,10.07,0,0,0,0,8.75,8.75,0,100,0,0,8.75
2010-01-05,8.75,0,0,0,0,-5.41,-36.36,8.75,8.75,8.75,8.75,8.75,8.75,8.75,8.75,8.75,9.25,8.75,8.79,13.75,8.75,10.05,0,0,0,0,8.75,8.75,0,100,0,0,8.75
2010-01-06,8.75,0,0,0,0,-5.41,-36.36,8.75,8.75,8.75,8.75,8.75,8.75,8.75,8.75,8.75,9.25,8.75,8.78,13.75,8.75,10.03,0,0,0,0,8.75,8.75,0,100,0,0,8.75
2010-01-07,8.75,0,0,0,0,-5.41,-36.36,8.75,8.75,8.75,8.75,8.75,8.75,8.75,8.75,8.75,9.25,8.75,8.78,13.75,8.75,10.01,0,0,0,0,8.75,8.75,0,100,0,0,8.75
2010-01-08,8.75,0,0,0,0,-5.41,-36.36,8.75,8.75,8.75,8.75,8.75,8.75,8.75,8.75,8.75,9.25,8.75,8.78,13.75,8.75,9.99,0,0,0,0,8.75,8.75,0,100,0,0,8.75
2010-01-11,8.75,0,0,0,0,-5.41,-36.36,8.75,8.75,8.75,8.75,8.75,8.75,8.75,8.75,8.75,9.25,8.75,8.77,13.75,8.75,9.97,0,0,0,0,8.75,8.75,0,100,0,0,8.75
2010-01-12,8.75,0,0,0,0,-5.41,-36.36,8.75,8.75,8.75,8.75,8.75,8.75,8.75,8.75,8.75,9.25,8.75,8.77,13.75,8.75,9.95,0,0,0,0,8.75,8.75,0,100,0,0,8.75
2010-01-13,8.75,0,0,0,0,-5.41,-36.36,8.75,8.75,8.75,8.75,8.75,8.75,8.75,8.75,8.75,9.25,8.75,8.77,13.75,8.75,9.93,0,0,0,0,8.75,8.75,0,100,0,0,8.75
2010-01-14,8.75,0,0,0,0,-5.41,-36.36,8.75,8.75,8.75,8.75,8.75,8.75,8.75,8.75,8.75,9.25,8.75,8.76,13.75,8.75,9.91,0,0,0,0,8.75,8.75,0,100,0,0,8.75
2010-01-15,8.75,0,0,0,0,-5.41,-36.36,8.75,8.75,8.75,8.75,8.75,8.75,8.75,8.75,8.75,9.25,8.75,8.76,13.75,8.75,9.89,0,0,0,0,8.75,8.75,0,100,0,0,8.75
2010-01-18,8.75,0,0,0,0,-5.41,-36.36,8.75,8.75,8.75,8.75,8.75,8.75,8.75,8.75,8.75,9.25,8.75,8.75,13.75,8.75,9.88,0,0,0,0,8.75,8.75,0,100,0,0,8.75
2010-01-19,8.75,0,0,0,0,-5.41,-36.36,8.75,8.75,8.75,8.75,8.75,8.75,8.75,8.75,8.75,8.75,8.75,8.75,12.75,8.75,9.86,0,0,0,0,8.75,8.75,0,100,0,0,8.75
2010-01-20,8.75,0,0,0,0,0,-31.37,8.75,8.75,8.75,8.75,8.75,8.75,8.75,8.75,8.75,8.75,8.75,8.75,12.75,8.75,9.84,0,0,0,0,8.75,8.75,0,100,0,0,8.75
2010-01-21,8.75,0,0,0,0,0,-31.37,8.75,8.75,8.75,8.75,8.75,8.75,8.75,8.75,8.75,8.75,8.75,8.75,12.75,8.75,9.83,0,0,0,0,8.75,8.75,0,100,0,0,8.75
2010-01-22,8.75,0,0,0,0,0,-31.37,8.75,8.75,8.75,8.75,8.75,8.75,8.75,8.75,8.75,8.75,8.75,8.75,12.75,8.75,9.81,0,0,0,0,8.75,8.75,0,100,0,0,8.75
2010-01-25,8.75,0,0,0,0,0,-31.37,8.75,8.75,8.75,8.75,8.75,8.75,8.75,8.75,8.75,8.75,8.75,8.75,12.75,8.75,9.79,0,0,0,0,8.75,8.75,0,100,0,0,8.75
2010-01-26,8.75,0,0,0,0,0,-31.37,8.75,8.75,8.75,8.75,8.75,8.75,8.75,8.75,8.75,8.75,8.75,8.75,12.75,8.75,9.78,0,0,0,0,8.75,8.75,0,100,0,0,8.75
2010-01-27,8.75,0,0,0,0,0,-31.37,8.75,8.75,8.75,8.75,8.75,8.75,8.75,8.75,8.75,8.75,8.75,8.75,12.75,8.75,9.76,0,0,0,0,8.75,8.75,0,100,0,0,8.75
2010-01-28,8.75,0,0,0,0,0,-31.37,8.75,8.75,8.75,8.75,8.75,8.75,8.75,8.75,8.75,8.75,8.75,8.75,12.75,8.75,9.75,0,0,0,0,8.75,8.75,0,100,0,0,8.75
2010-01-29,8.75,0,0,0,0,0,-31.37,8.75,8.75,8.75,8.75,8.75,8.75,8.75,8.75,8.75,8.75,8.75,8.75,12.75,8.75,9.73,0,0,0,0,8.75,8.75,0,100,0,0,8.75
2010-02-01,8.75,0,0,0,0,0,-31.37,8.75,8.75,8.75,8.75,8.75,8.75,8.75,8.75,8.75,8.75,8.75,8.75,12.75,8.75,9.72,0,0,0,0,8.75,8.75,0,100,0,0,8.75
2010-02-02,8.75,0,0,0,0,0,-31.37,8.75,8.75,8.75,8.75,8.75,8.75,8.75,8.75,8.75,8.75,8.75,8.75,12.75,8.75,9.7,0,0,0,0,8.75,8.75,0,100,0,0,8.75
2010-02-03,8.75,0,0,0,0,0,-31.37,8.75,8.75,8.75,8.75,8.75,8.75,8.75,8.75,8.75,8.75,8.75,8.75,12.75,8.75,9.69,0,0,0,0,8.75,8.75,0,100,0,0,8.75
2010-02-04,8.75,0,0,0,0,0,-31.37,8.75,8.75,8.75,8.75,8.75,8.75,8.75,8.75,8.75,8.75,8.75,8.75,12.75,8.75,9.67,0,0,0,0,8.75,8.75,0,100,0,0,8.75
2010-02-05,8.75,0,0,0,0,0,-31.37,8.75,8.75,8.75,8.75,8.75,8.75,8.75,8.75,8.75,8.75,8.75,8.75,12.75,8.75,9.66,0,0,0,0,8.75,8.75,0,100,0,0,8.75
2010-02-08,8.75,0,0,0,0,0,-31.37,8.75,8.75,8.75,8.75,8.75,8.75,8.75,8.75,8.75,8.75,8.75,8.75,12.75,8.75,9.64,0,0,0,0,8.75,8.75,0,100,0,0,8.75
2010-02-09,8.75,0,0,0,0,0,-31.37,8.75,8.75,8.75,8.75,8.75,8.75,8.75,8.75,8.75,8.75,8.75,8.75,12.75,8.75,9.63,0,0,0,0,8.75,8.75,0,100,0,0,8.75
2010-02-10,8.75,0,0,0,0,0,-31.37,8.75,8.75,8.75,8.75,8.75,8.75,8.75,8.75,8.75,8.75,8.75,8.75,12.75,8.75,9.61,0,0,0,0,8.75,8.75,0,100,0,0,8.75
2010-02-11,8.75,0,0,0,0,0,-31.37,8.75,8.75,8.75,8.75,8.75,8.75,8.75,8.75,8.75,8.75,8.75,8.75,12.75,8.75,9.59,0,0,0,0,8.75,8.75,0,100,0,0,8.75
2010-02-12,8.75,0,0,0,0,0,-31.37,8.75,8.75,8.75,8.75,8.75,8.75,8.75,8.75,8.75,8.75,8.75,8.75,12.75,8.75,9.58,0,0,0,0,8.75,8.75,0,100,0,0,8.75
2010-02-15,8.75,0,0,0,0,0,-31.37,8.75,8.75,8.75,8.75,8.75,8.75,8.75,8.75,8.75,8.75,8.75,8.75,12.75,8.75,9.56,0,0,0,0,8.75,8.75,0,100,0,0,8.75
2010-02-16,8.75,0,0,0,0,0,-31.37,8.75,8.75,8.75,8.75,8.75,8.75,8.75,8.75,8.75,8.75,8.75,8.75,12.75,8.75,9.55,0,0,0,0,8.75,8.75,0,100,0,0,8.75
2010-02-17,8.75,0,0,0,0,0,-31.37,8.75,8.75,8.75,8.75,8.75,8.75,8.75,8.75,8.75,8.75,8.75,8.75,12.75,8.75,9.53,0,0,0,0,8.75,8.75,0,100,0,0,8.75
2010-02-18,8.75,0,0,0,0,0,-31.37,8.75,8.75,8.75,8.75,8.75,8.75,8.75,8.75,8.75,8.75,8.75,8.75,12.75,8.75,9.52,0,0,0,0,8.75,8.75,0,100,0,0,8.75
2010-02-19,8.75,0,0,0,0,0,-31.37,8.75,8.75,8.75,8.75,8.75,8.75,8.75,8.75,8.75,8.75,8.75,8.75,12.75,8.75,9.5,0,0,0,0,8.75,8.75,0,100,0,0,8.75
2010-02-22,8.75,0,0,0,0,0,-31.37,8.75,8.75,8.75,8.75,8.75,8.75,8.75,8.75,8.75,8.75,8.75,8.75,12.75,8.75,9.49,0,0,0,0,8.75,8.75,0,100,0,0,8.75
2010-02-23,8.75,0,0,0,0,0,-31.37,8.75,8.75,8.75,8.75,8.75,8.75,8.75,8.75,8.75,8.75,8.75,8.75,12.75,8.75,9.47,0,0,0,0,8.75,8.75,0,100,0,0,8.75
2010-02-24,8.75,0,0,0,0,0,-31.37,8.75,8.75,8.75,8.75,8.75,8.75,8.75,8.75,8.75,8.75,8.75,8.75,12.75,8.75,9.46,0,0,0,0,8.75,8.75,0,100,0,0,8.75
2010-02-25,8.75,0,0,0,0,0,-31.37,8.75,8.75,8.75,8.75,8.75,8.75,8.75,8.75,8.75,8.75,8.75,8.75,12.75,8.75,9.44,0,0,0,0,8.75,8.75,0,100,0,0,8.75
2010-02-26,8.75,0,0,0,0,0,-31.37,8.75,8.75,8.75,8.75,8.75,8.75,8.75,8.75,8.75,8.75,8.75,8.75,12.75,8.75,9.43,0,0,0,0,8.75,8.75,0,100,0,0,8.75
2010-03-01,8.75,0,0,0,0,0,-31.37,8.75,8.75,8.75,8.75,8.75,8.75,8.75,8.75,8.75,8.75,8.75,8.75,12.75,8.75,9.41,0,0,0,0,8.75,8.75,0,100,0,0,8.75
2010-03-02,8.75,0,0,0,0,0,-31.37,8.75,8.75,8.75,8.75,8.75,8.75,8.75,8.75,8.75,8.75,8.75,8.75,12.75,8.75,9.39,0,0,0,0,8.75,8.75,0,100,0,0,8.75
2010-03-03,8.75,0,0,0,0,0,-31.37,8.75,8.75,8.75,8.75,8.75,8.75,8.75,8.75,8.75,8.75,8.75,8.75,12.75,8.75,9.38,0,0,0,0,8.75,8.75,0,100,0,0,8.75
2010-03-04,8.75,0,0,0,0,0,-31.37,8.75,8.75,8.75,8.75,8.75,8.75,8.75,8.75,8.75,8.75,8.75,8.75,12.75,8.75,9.36,0,0,0,0,8.75,8.75,0,100,0,0,8.75
2010-03-05,8.75,0,0,0,0,0,-31.37,8.75,8.75,8.75,8.75,8.75,8.75,8.75,8.75,8.75,8.75,8.75,8.75,12.75,8.75,9.35,0,0,0,0,8.75,8.75,0,100,0,0,8.75
2010-03-08,8.75,0,0,0,0,0,-31.37,8.75,8.75,8.75,8.75,8.75,8.75,8.75,8.75,8.75,8.75,8.75,8.75,12.75,8.75,9.33,0,0,0,0,8.75,8.75,0,100,0,0,8.75
2010-03-09,8.75,0,0,0,0,0,-31.37,8.75,8.75,8.75,8.75,8.75,8.75,8.75,8.75,8.75,8.75,8.75,8.75,11.25,8.75,9.32,0,0,0,0,8.75,8.75,0,100,0,0,8.75
2010-03-10,8.75,0,0,0,0,0,-22.22,8.75,8.75,8.75,8.75,8.75,8.75,8.75,8.75,8.75,8.75,8.75,8.75,11.25,8.75,9.31,0,0,0,0,8.75,8.75,0,100,0,0,8.75
2010-03-11,8.75,0,0,0,0,0,-22.22,8.75,8.75,8.75,8.75,8.75,8.75,8.75,8.75,8.75,8.75,8.75,8.75,11.25,8.75,9.3,0,0,0,0,8.75,8.75,0,100,0,0,8.75
2010-03-12,8.75,0,0,0,0,0,-22.22,8.75,8.75,8.75,8.75,8.75,8.75,8.75,8.75,8.75,8.75,8.75,8.75,11.25,8.75,9.29,0,0,0,0,8.75,8.75,0,100,0,0,8.75
2010-03-15,8.75,0,0,0,0,0,-22.22,8.75,8.75,8.75,8.75,8.75,8.75,8.75,8.75,8.75,8.75,8.75,8.75,11.25,8.75,9.28,0,0,0,0,8.75,8.75,0,100,0,0,8.75
2010-03-16,8.75,0,0,0,0,0,-22.22,8.75,8.75,8.75,8.75,8.75,8.75,8.75,8.75,8.75,8.75,8.75,8.75,11.25,8.75,9.27,0,0,0,0,8.75,8.75,0,100,0,0,8.75
2010-03-17,8.75,0,0,0,0,0,-22.22,8.75,8.75,8.75,8.75,8.75,8.75,8.75,8.75,8.75,8.75,8.75,8.75,11.25,8.75,9.26,0,0,0,0,8.75,8.75,0,100,0,0,8.75
2010-03-18,8.75,0,0,0,0,0,-22.22,8.75,8.75,8.75,8.75,8.75,8.75,8.75,8.75,8.75,8.75,8.75,8.75,11.25,8.75,9.25,0,0,0,0,8.75,8.75,0,100,0,0,8.75
2010-03-19,8.75,0,0,0,0,0,-22.22,8.75,8.75,8.75,8.75,8.75,8.75,8.75,8.75,8.75,8.75,8.75,8.75,11.25,8.75,9.24,0,0,0,0,8.75,8.75,0,100,0,0,8.75
2010-03-22,8.75,0,0,0,0,0,-22.22,8.75,8.75,8.75,8.75,8.75,8.75,8.75,8.75,8.75,8.75,8.75,8.75,11.25,8.75,9.23,0,0,0,0,8.75,8.75,0,100,0,0,8.75
2010-03-23,8.75,0,0,0,0,0,-22.22,8.75,8.75,8.75,8.75,8.75,8.75,8.75,8.75,8.75,8.75,8.75,8.75,11.25,8.75,9.22,0,0,0,0,8.75,8.75,0,100,0,0,8.75
2010-03-24,8.75,0,0,0,0,0,-22.22,8.75,8.75,8.75,8.75,8.75,8.75,8.75,8.75,8.75,8.75,8.75,8.75,11.25,8.75,9.21,0,0,0,0,8.75,8.75,0,100,0,0,8.75
2010-03-25,8.75,0,0,0,0,0,-22.22,8.75,8.75,8.75,8.75,8.75,8.75,8.75,8.75,8.75,8.75,8.75,8.75,11.25,8.75,9.2,0,0,0,0,8.75,8.75,0,100,0,0,8.75
2010-03-26,8.75,0,0,0,0,0,-22.22,8.75,8.75,8.75,8.75,8.75,8.75,8.75,8.75,8.75,8.75,8.75,8.75,11.25,8.75,9.19,0,0,0,0,8.75,8.75,0,100,0,0,8.75
2010-03-29,8.75,0,0,0,0,0,-22.22,8.75,8.75,8.75,8.75,8.75,8.75,8.75,8.75,8.75,8.75,8.75,8.75,11.25,8.75,9.18,0,0,0,0,8.75,8.75,0,100,0,0,8.75
2010-03-30,8.75,0,0,0,0,0,-22.22,8.75,8.75,8.75,8.75,8.75,8.75,8.75,8.75,8.75,8.75,8.75,8.75,11.25,8.75,9.17,0,0,0,0,8.75,8.75,0,100,0,0,8.75
2010-03-31,8.75,0,0,0,0,0,-22.22,8.75,8.75,8.75,8.75,8.75,8.75,8.75,8.75,8.75,8.75,8.75,8.75,11.25,8.75,9.16,0,0,0,0,8.75,8.75,0,100,0,0,8.75
2010-04-01,8.75,0,0,0,0,0,-22.22,8.75,8.75,8.75,8.75,8.75,8.75,8.75,8.75,8.75,8.75,8.75,8.75,11.25,8.75,9.15,0,0,0,0,8.75,8.75,0,100,0,0,8.75
2010-04-02,8.75,0,0,0,0,0,-22.22,8.75,8.75,8.75,8.75,8.75,8.75,8.75,8.75,8.75,8.75,8.75,8.75,11.25,8.75,9.14,0,0,0,0,8.75,8.75,0,100,0,0,8.75
2010-04-05,8.75,0,0,0,0,0,-22.22,8.75,8.75,8.75,8.75,8.75,8.75,8.75,8.75,8.75,8.75,8.75,8.75,11.25,8.75,9.13,0,0,0,0,8.75,8.75,0,100,0,0,8.75
2010-04-06,8.75,0,0,0,0,0,-22.22,8.75,8.75,8.75,8.75,8.75,8.75,8.75,8.75,8.75,8.75,8.75,8.75,11.25,8.75,9.13,0,0,0,0,8.75,8.75,0,100,0,0,8.75
2010-04-07,8.75,0,0,0,0,0,-22.22,8.75,8.75,8.75,8.75,8.75,8.75,8.75,8.75,8.75,8.75,8.75,8.75,11.25,8.75,9.12,0,0,0,0,8.75,8.75,0,100,0,0,8.75
2010-04-08,8.75,0,0,0,0,0,-22.22,8.75,8.75,8.75,8.75,8.75,8.75,8.75,8.75,8.75,8.75,8.75,8.75,11.25,8.75,9.11,0,0,0,0,8.75,8.75,0,100,0,0,8.75
2010-04-09,8.75,0,0,0,0,0,-22.22,8.75,8.75,8.75,8.75,8.75,8.75,8.75,8.75,8.75,8.75,8.75,8.75,11.25,8.75,9.1,0,0,0,0,8.75,8.75,0,100,0,0,8.75
2010-04-12,8.75,0,0,0,0,0,-22.22,8.75,8.75,8.75,8.75,8.75,8.75,8.75,8.75,8.75,8.75,8.75,8.75,11.25,8.75,9.09,0,0,0,0,8.75,8.75,0,100,0,0,8.75
2010-04-13,8.75,0,0,0,0,0,-22.22,8.75,8.75,8.75,8.75,8.75,8.75,8.75,8.75,8.75,8.75,8.75,8.75,11.25,8.75,9.08,0,0,0,0,8.75,8.75,0,100,0,0,8.75
2010-04-14,8.75,0,0,0,0,0,-22.22,8.75,8.75,8.75,8.75,8.75,8.75,8.75,8.75,8.75,8.75,8.75,8.75,11.25,8.75,9.07,0,0,0,0,8.75,8.75,0,100,0,0,8.75
2010-04-15,8.75,0,0,0,0,0,-22.22,8.75,8.75,8.75,8.75,8.75,8.75,8.75,8.75,8.75,8.75,8.75,8.75,11.25,8.75,9.06,0,0,0,0,8.75,8.75,0,100,0,0,8.75
2010-04-16,8.75,0,0,0,0,0,-22.22,8.75,8.75,8.75,8.75,8.75,8.75,8.75,8.75,8.75,8.75,8.75,8.75,11.25,8.75,9.05,0,0,0,0,8.75,8.75,0,100,0,0,8.75
2010-04-19,8.75,0,0,0,0,0,-22.22,8.75,8.75,8.75,8.75,8.75,8.75,8.75,8.75,8.75,8.75,8.75,8.75,11.25,8.75,9.04,0,0,0,0,8.75,8.75,0,100,0,0,8.75
2010-04-20,8.75,0,0,0,0,0,-22.22,8.75,8.75,8.75,8.75,8.75,8.75,8.75,8.75,8.75,8.75,8.75,8.75,11.25,8.75,9.03,0,0,0,0,8.75,8.75,0,100,0,0,8.75
2010-04-21,8.75,0,0,0,0,0,-22.22,8.75,8.75,8.75,8.75,8.75,8.75,8.75,8.75,8.75,8.75,8.75,8.75,11.25,8.75,9.02,0,0,0,0,8.75,8.75,0,100,0,0,8.75
2010-04-22,8.75,0,0,0,0,0,-22.22,8.75,8.75,8.75,8.75,8.75,8.75,8.75,8.75,8.75,8.75,8.75,8.75,11.25,8.75,9.01,0,0,0,0,8.75,8.75,0,100,0,0,8.75
2010-04-23,8.75,0,0,0,0,0,-22.22,8.75,8.75,8.75,8.75,8.75,8.75,8.75,8.75,8.75,8.75,8.75,8.75,11.25,8.75,9,0,0,0,0,8.75,8.75,0,100,0,0,8.75
2010-04-26,8.75,0,0,0,0,0,-22.22,8.75,8.75,8.75,8.75,8.75,8.75,8.75,8.75,8.75,8.75,8.75,8.75,11.25,8.75,8.99,0,0,0,0,8.75,8.75,0,100,0,0,8.75
2010-04-27,8.75,0,0,0,0,0,-22.22,8.75,8.75,8.75,8.75,8.75,8.75,8.75,8.75,8.75,8.75,8.75,8.75,10.25,8.75,8.98,0,0,0,0,8.75,8.75,0,100,0,0,8.75
2010-04-28,9.5,8.57,8.57,8.57,8.57,8.57,-7.32,9.5,8.75,8.9,9.5,8.75,8.79,9.5,8.75,8.76,9.5,8.75,8.76,10.25,8.75,8.98,0,0.033653846,0.003739316,0.02991453,9.122910197,8.452089803,1,100.2031144,0.290755585,0.076338025,9.5
2010-04-29,9.5,0,8.57,8.57,8.57,8.57,-7.32,9.5,8.75,9.05,9.5,8.75,8.83,9.5,8.75,8.77,9.5,8.75,8.76,10.25,8.75,8.98,0,0.067307692,0.011217949,0.056089744,9.286690258,8.363309742,1,100.3946105,0.290755585,0.104632353,9.5
2010-04-30,9.5,0,8.57,8.57,8.57,8.57,-7.32,9.5,8.75,9.2,9.5,8.75,8.86,9.5,8.75,8.78,9.5,8.75,8.77,10.25,8.75,8.97,0,0.100961538,0.022435897,0.078525641,9.412021323,8.312978677,1,100.5745088,0.290755585,0.124010454,9.5
2010-05-03,9.5,0,8.57,8.57,8.57,8.57,-7.32,9.5,8.75,9.35,9.5,8.75,8.9,9.5,8.75,8.8,9.5,8.75,8.77,10.25,8.75,8.97,0,0.134615385,0.037393162,0.097222222,9.515587011,8.284412989,1,100.7428369,0.290755585,0.13833416,9.5
2010-05-04,9.5,0,8.57,8.57,8.57,8.57,-7.32,9.5,9.5,9.5,9.5,8.75,8.94,9.5,8.75,8.81,9.5,8.75,8.78,10.25,8.75,8.97,0,0.168269231,0.056089744,0.112179487,9.603892487,8.271107513,1,100.8996296,0.290755585,0.149122794,9.5
2010-05-05,9.5,0,0,8.57,8.57,8.57,-7.32,9.5,9.5,9.5,9.5,8.75,8.98,9.5,8.75,8.82,9.5,8.75,8.78,10.25,8.75,8.96,0,0.201923077,0.078525641,0.123397436,9.680243519,8.269756481,1,101.0449284,0.290755585,0.15715733,9.5
2010-05-06,9.5,0,0,8.57,8.57,8.57,-7.32,9.5,9.5,9.5,9.5,8.75,9.01,9.5,8.75,8.83,9.5,8.75,8.79,10.25,8.75,8.96,0,0.235576923,0.104700855,0.130876068,9.746540727,8.278459273,1,101.1787819,0.290755585,0.16289392,9.5
2010-05-07,9.5,0,0,8.57,8.57,8.57,-7.32,9.5,9.5,9.5,9.5,8.75,9.05,9.5,8.75,8.84,9.5,8.75,8.8,10.25,8.75,8.96,0,0.269230769,0.134615385,0.134615385,9.803937035,8.296062965,1,101.3012453,0.290755585,0.166615919,9.5
2010-05-10,9.5,0,0,8.57,8.57,8.57,-7.32,9.5,9.5,9.5,9.5,8.75,9.09,9.5,8.75,8.85,9.5,8.75,8.8,10.25,8.75,8.95,0,0.302884615,0.168269231,0.134615385,9.853126678,8.321873322,1,101.4123801,0.290755585,0.168501057,9.5
2010-05-11,9.5,0,0,8.57,8.57,8.57,-7.32,9.5,9.5,9.5,9.5,8.75,9.13,9.5,8.75,8.87,9.5,8.75,8.81,10.25,8.75,8.95,0,0.336538462,0.201923077,0.134615385,9.894483764,8.355516236,1,101.5122545,0.290755585,0.168653976,9.5
2010-05-12,9.5,0,0,8.57,8.57,8.57,-7.32,9.5,9.5,9.5,9.5,8.75,9.16,9.5,8.75,8.88,9.5,8.75,8.81,10.25,8.75,8.95,0,0.370192308,0.235576923,0.134615385,9.928126678,8.396873322,1,101.6009425,0.290755585,0.167121785,9.5
2010-05-13,9.5,0,0,8.57,8.57,8.57,-7.32,9.5,9.5,9.5,9.5,8.75,9.2,9.5,8.75,8.89,9.5,8.75,8.82,10.25,8.75,8.95,0,0.403846154,0.269230769,0.134615385,9.953937035,8.446062965,1,101.6785246,0.290755585,0.163899355,9.5
2010-05-14,9.5,0,0,8.57,8.57,8.57,-7.32,9.5,9.5,9.5,9.5,8.75,9.24,9.5,8.75,8.9,9.5,8.75,8.83,10.25,8.75,8.94,0,0.375,0.295940171,0.079059829,9.971540727,8.503459273,1,101.7450866,0.290755585,0.158926274,9.5
2010-05-17,9.5,0,0,8.57,8.57,8.57,-7.32,9.5,9.5,9.5,9.5,8.75,9.28,9.5,8.75,8.91,9.5,8.75,8.83,10.25,8.75,8.94,0,0.346153846,0.315705128,0.030448718,9.980243519,8.569756481,1,101.8007203,0.290755585,0.152074074,9.5
2010-05-18,9.5,0,0,8.57,8.57,8.57,-7.32,9.5,9.5,9.5,9.5,8.75,9.31,9.5,8.75,8.92,9.5,8.75,8.84,10.25,8.75,8.94,0,0.317307692,0.328525641,-0.011217949,9.978892487,8.646107513,1,101.8455229,0.290755585,0.14311785,9.5
2010-05-19,9.5,0,0,8.57,8.57,8.57,-7.32,9.5,9.5,9.5,9.5,8.75,9.35,9.5,8.75,8.93,9.5,8.75,8.84,10.25,8.75,8.93,0,0.288461538,0.334401709,-0.045940171,9.965587011,8.734412989,1,101.8795968,0.290755585,0.131676366,9.5
2010-05-20,9.5,0,0,8.57,8.57,8.57,-7.32,9.5,9.5,9.5,9.5,8.75,9.39,9.5,8.75,8.95,9.5,8.75,8.85,10.25,8.75,8.93,0,0.259615385,0.333333333,-0.073717949,9.937021323,8.837978677,1,101.9030496,0.290755585,0.117075115,9.5
2010-05-21,9.5,0,0,8.57,8.57,8.57,-7.32,9.5,9.5,9.5,9.5,8.75,9.43,9.5,8.75,8.96,9.5,8.75,8.85,10.25,8.75,8.93,0,0.230769231,0.325320513,-0.094551282,9.886690258,8.963309742,1,101.9159936,0.290755585,0.097971408,9.5
2010-05-24,9.5,0,0,8.57,8.57,8.57,-7.32,9.5,9.5,9.5,9.5,8.75,9.46,9.5,8.75,8.97,9.5,8.75,8.86,10.25,8.75,8.93,0,0.201923077,0.310363248,-0.108440171,9.797910197,9.127089803,1,101.9185459,0.290755585,0.070892512,9.5
2010-05-25,9.5,0,0,8.57,8.57,8.57,-7.32,9.5,9.5,9.5,9.5,9.5,9.5,9.5,8.75,8.98,9.5,8.75,8.87,10.25,8.75,8.92,0,0.173076923,0.288461538,-0.115384615,9.5,9.5,0,101.910828,0.290755585,0,9.5
2010-05-26,9.5,0,0,0,8.57,8.57,-7.32,9.5,9.5,9.5,9.5,9.5,9.5,9.5,8.75,8.99,9.5,8.75,8.87,10.25,8.75,8.92,0,0.144230769,0.259615385,-0.115384615,9.5,9.5,0,101.7164654,0,0,9.5
2010-05-27,9.5,0,0,0,8.57,8.57,-7.32,9.5,9.5,9.5,9.5,9.5,9.5,9.5,8.75,9,9.5,8.75,8.88,10.25,8.75,8.92,0,0.115384615,0.230769231,-0.115384615,9.5,9.5,0,101.5330149,0,0,9.5
2010-05-28,9.5,0,0,0,8.57,8.57,-7.32,9.5,9.5,9.5,9.5,9.5,9.5,9.5,8.75,9.02,9.5,8.75,8.88,10.25,8.75,8.91,0,0.086538462,0.201923077,-0.115384615,9.5,9.5,0,101.3603628,0,0,9.5
2010-05-31,9.5,0,0,0,8.57,8.57,-7.32,9.5,9.5,9.5,9.5,9.5,9.5,9.5,8.75,9.03,9.5,8.75,8.89,10.25,8.75,8.91,0,0.057692308,0.173076923,-0.115384615,9.5,9.5,0,101.1984021,0,0,9.5
2010-06-01,9.5,0,0,0,8.57,8.57,-7.32,9.5,9.5,9.5,9.5,9.5,9.5,9.5,8.75,9.04,9.5,8.75,8.89,10.25,8.75,8.91,0,0.028846154,0.144230769,-0.115384615,9.5,9.5,0,101.0470334,0,0,9.5
2010-06-02,9.5,0,0,0,8.57,8.57,-7.32,9.5,9.5,9.5,9.5,9.5,9.5,9.5,8.75,9.05,9.5,8.75,8.9,10.25,8.75,8.91,0,0,0.115384615,-0.115384615,9.5,9.5,0,100.9061639,0,0,9.5
2010-06-03,9.5,0,0,0,8.57,8.57,-7.32,9.5,9.5,9.5,9.5,9.5,9.5,9.5,8.75,9.06,9.5,8.75,8.91,10.25,8.75,8.9,0,0,0.08974359,-0.08974359,9.5,9.5,0,100.7757078,0,0,9.5
2010-06-04,9.5,0,0,0,8.57,8.57,-7.32,9.5,9.5,9.5,9.5,9.5,9.5,9.5,8.75,9.07,9.5,8.75,8.91,10.25,8.75,8.9,0,0,0.067307692,-0.067307692,9.5,9.5,0,100.6555857,0,0,9.5
2010-06-07,9.5,0,0,0,8.57,8.57,-7.32,9.5,9.5,9.5,9.5,9.5,9.5,9.5,8.75,9.08,9.5,8.75,8.92,10.25,8.75,8.9,0,0,0.048076923,-0.048076923,9.5,9.5,0,100.5457252,0,0,9.5
2010-06-08,9.5,0,0,0,8.57,8.57,-7.32,9.5,9.5,9.5,9.5,9.5,9.5,9.5,8.75,9.1,9.5,8.75,8.92,9.5,8.75,8.89,0,0,0.032051282,-0.032051282,9.5,9.5,0,100.4460598,0,0,9.5
2010-06-09,10.25,7.89,7.89,7.89,17.14,17.14,10.81,10.25,9.5,9.65,10.25,9.5,9.54,10.25,8.75,9.12,10.25,8.75,8.93,10.25,8.75,8.9,0,0.033653846,0.022970085,0.010683761,9.872910197,9.202089803,1,100.5435678,0.26865075,0.070335035,10.25
2010-06-10,10.25,0,7.89,7.89,17.14,17.14,10.81,10.25,9.5,9.8,10.25,9.5,9.58,10.25,8.75,9.14,10.25,8.75,8.95,10.25,8.75,8.9,0,0.067307692,0.020833333,0.046474359,10.03669026,9.113309742,1,100.6404993,0.26865075,0.096436608,10.25
2010-06-11,10.25,0,7.89,7.89,17.14,17.14,10.81,10.25,9.5,9.95,10.25,9.5,9.61,10.25,8.75,9.17,10.25,8.75,8.96,10.25,8.75,8.91,0,0.100961538,0.025641026,0.075320513,10.16202132,9.062978677,1,100.7368593,0.26865075,0.114334736,10.25
2010-06-14,10.25,0,7.89,7.89,17.14,17.14,10.81,10.25,9.5,10.1,10.25,9.5,9.65,10.25,8.75,9.19,10.25,8.75,8.97,10.25,8.75,8.91,0,0.134615385,0.037393162,0.097222222,10.26558701,9.034412989,1,100.8326531,0.26865075,0.1275828,10.25
2010-06-15,10.25,0,7.89,7.89,17.14,17.14,10.81,10.25,10.25,10.25,10.25,9.5,9.69,10.25,8.75,9.21,10.25,8.75,8.98,10.25,8.75,8.91,0,0.168269231,0.056089744,0.112179487,10.35389249,9.021107513,1,100.9278854,0.26865075,0.137577804,10.25
2010-06-16,10.25,0,0,7.89,17.14,17.14,10.81,10.25,10.25,10.25,10.25,9.5,9.73,10.25,8.75,9.23,10.25,8.75,8.99,10.25,8.75,8.92,0,0.201923077,0.078525641,0.123397436,10.43024352,9.019756481,1,101.0225613,0.26865075,0.145037228,10.25
2010-06-17,10.25,0,0,7.89,17.14,17.14,10.81,10.25,10.25,10.25,10.25,9.5,9.76,10.25,8.75,9.26,10.25,8.75,9,10.25,8.75,8.92,0,0.235576923,0.104700855,0.130876068,10.49654073,9.028459273,1,101.1166855,0.26865075,0.150379662,10.25
2010-06-18,10.25,0,0,7.89,17.14,17.14,10.81,10.25,10.25,10.25,10.25,9.5,9.8,10.25,8.75,9.28,10.25,8.75,9.02,10.25,8.75,8.93,0,0.269230769,0.134615385,0.134615385,10.55393703,9.046062965,1,101.210263,0.26865075,0.153864701,10.25
2010-06-21,10.25,0,0,7.89,17.14,17.14,10.81,10.25,10.25,10.25,10.25,9.5,9.84,10.25,8.75,9.3,10.25,8.75,9.03,10.25,8.75,8.93,0,0.302884615,0.168269231,0.134615385,10.60312668,9.071873322,1,101.3032985,0.26865075,0.155654725,10.25
2010-06-22,10.25,0,0,7.89,17.14,17.14,10.81,10.25,10.25,10.25,10.25,9.5,9.88,10.25,8.75,9.33,10.25,8.75,9.04,10.25,8.75,8.93,0,0.336538462,0.201923077,0.134615385,10.64448376,9.105516236,1,101.3957966,0.26865075,0.155844813,10.25
2010-06-23,10.25,0,0,7.89,17.14,17.14,10.81,10.25,10.25,10.25,10.25,9.5,9.91,10.25,8.75,9.35,10.25,8.75,9.05,10.25,8.75,8.94,0,0.370192308,0.235576923,0.134615385,10.67812668,9.146873322,1,101.4780216,0.26865075,0.154477009,10.25
2010-06-24,10.25,0,0,7.89,17.14,17.14,10.81,10.25,10.25,10.25,10.25,9.5,9.95,10.25,8.75,9.37,10.25,8.75,9.06,10.25,8.75,8.94,0,0.403846154,0.269230769,0.134615385,10.70393703,9.196062965,1,101.5500415,0.26865075,0.151545133,10.25
2010-06-25,10.25,0,0,7.89,17.14,17.14,10.81,10.25,10.25,10.25,10.25,9.5,9.99,10.25,8.75,9.4,10.25,8.75,9.07,10.25,8.75,8.94,0,0.375,0.295940171,0.079059829,10.72154073,9.253459273,1,101.6119289,0.26865075,0.146991885,10.25
2010-06-28,10.25,0,0,7.89,17.14,17.14,10.81,10.25,10.25,10.25,10.25,9.5,10.03,10.25,8.75,9.42,10.25,8.75,9.08,10.25,8.75,8.95,0,0.346153846,0.315705128,0.030448718,10.73024352,9.319756481,1,101.6637617,0.26865075,0.140696961,10.25
2010-06-29,10.25,0,0,7.89,17.14,17.14,10.81,10.25,10.25,10.25,10.25,9.5,10.06,10.25,8.75,9.44,10.25,8.75,9.1,10.25,8.75,8.95,0,0.317307692,0.328525641,-0.011217949,10.72889249,9.396107513,1,101.7056222,0.26865075,0.132450681,10.25
2010-06-30,10.25,0,0,7.89,17.14,17.14,10.81,10.25,10.25,10.25,10.25,9.5,10.1,10.25,8.75,9.47,10.25,8.75,9.11,10.25,8.75,8.96,0,0.288461538,0.334401709,-0.045940171,10.71558701,9.484412989,1,101.7375976,0.26865075,0.121898418,10.25
2010-07-01,10.25,0,0,7.89,17.14,17.14,10.81,10.25,10.25,10.25,10.25,9.5,10.14,10.25,8.75,9.49,10.25,8.75,9.12,10.25,8.75,8.96,0,0.259615385,0.333333333,-0.073717949,10.68702132,9.587978677,1,101.7597792,0.26865075,0.108413578,10.25
2010-07-02,10.25,0,0,7.89,17.14,17.14,10.81,10.25,10.25,10.25,10.25,9.5,10.18,10.25,8.75,9.51,10.25,8.75,9.13,10.25,8.75,8.96,0,0.230769231,0.325320513,-0.094551282,10.63669026,9.713309742,1,101.7722627,0.26865075,0.090749928,10.25
2010-07-05,10.25,0,0,7.89,17.14,17.14,10.81,10.25,10.25,10.25,10.25,9.5,10.21,10.25,8.75,9.53,10.25,8.75,9.14,10.25,8.75,8.97,0,0.201923077,0.310363248,-0.108440171,10.5479102,9.877089803,1,101.7751479,0.26865075,0.065686207,10.25
2010-07-06,10.25,0,0,7.89,17.14,17.14,10.81,10.25,10.25,10.25,10.25,10.25,10.25,10.25,8.75,9.56,10.25,8.75,9.15,10.25,8.75,8.97,0,0.173076923,0.288461538,-0.115384615,10.25,10.25,0,101.7685386,0.26865075,0,10.25
2010-07-07,10.25,0,0,0,17.14,17.14,10.81,10.25,10.25,10.25,10.25,10.25,10.25,10.25,8.75,9.58,10.25,8.75,9.17,10.25,8.75,8.98,0,0.144230769,0.259615385,-0.115384615,10.25,10.25,0,101.5888748,0,0,10.25
2010-07-08,10.25,0,0,0,17.14,17.14,10.81,10.25,10.25,10.25,10.25,10.25,10.25,10.25,8.75,9.6,10.25,8.75,9.18,10.25,8.75,8.98,0,0.115384615,0.230769231,-0.115384615,10.25,10.25,0,101.4192511,0,0,10.25
2010-07-09,10.25,0,0,0,17.14,17.14,10.81,10.25,10.25,10.25,10.25,10.25,10.25,10.25,8.75,9.63,10.25,8.75,9.19,10.25,8.75,8.98,0,0.086538462,0.201923077,-0.115384615,10.25,10.25,0,101.2595703,0,0,10.25
2010-07-12,10.25,0,0,0,17.14,17.14,10.81,10.25,10.25,10.25,10.25,10.25,10.25,10.25,8.75,9.65,10.25,8.75,9.2,10.25,8.75,8.99,0,0.057692308,0.173076923,-0.115384615,10.25,10.25,0,101.1097411,0,0,10.25
2010-07-13,10.25,0,0,0,17.14,17.14,10.81,10.25,10.25,10.25,10.25,10.25,10.25,10.25,8.75,9.67,10.25,8.75,9.21,10.25,8.75,8.99,0,0.028846154,0.144230769,-0.115384615,10.25,10.25,0,100.9696783,0,0,10.25
2010-07-14,10.25,0,0,0,17.14,17.14,10.81,10.25,10.25,10.25,10.25,10.25,10.25,10.25,8.75,9.7,10.25,8.75,9.22,10.25,8.75,8.99,0,0,0.115384615,-0.115384615,10.25,10.25,0,100.8393027,0,0,10.25
2010-07-15,10.25,0,0,0,17.14,17.14,10.81,10.25,10.25,10.25,10.25,10.25,10.25,10.25,8.75,9.72,10.25,8.75,9.23,10.25,8.75,9,0,0,0.08974359,-0.08974359,10.25,10.25,0,100.7185408,0,0,10.25
2010-07-16,10.25,0,0,0,17.14,17.14,10.81,10.25,10.25,10.25,10.25,10.25,10.25,10.25,8.75,9.74,10.25,8.75,9.25,10.25,8.75,9,0,0,0.067307692,-0.067307692,10.25,10.25,0,100.6073247,0,0,10.25
2010-07-19,10.25,0,0,0,17.14,17.14,10.81,10.25,10.25,10.25,10.25,10.25,10.25,10.25,8.75,9.77,10.25,8.75,9.26,10.25,8.75,9.01,0,0,0.048076923,-0.048076923,10.25,10.25,0,100.5055922,0,0,10.25
2010-07-20,10.25,0,0,0,17.14,17.14,10.81,10.25,10.25,10.25,10.25,10.25,10.25,10.25,8.75,9.79,10.25,8.75,9.27,10.25,8.75,9.01,0,0,0.032051282,-0.032051282,10.25,10.25,0,100.4132864,0,0,10.25
2010-07-21,10.75,4.88,4.88,4.88,22.86,22.86,22.86,10.75,10.25,10.35,10.75,10.25,10.28,10.75,8.75,9.82,10.75,8.75,9.28,10.75,8.75,9.02,0,0.022435897,0.021723647,0.000712251,10.4986068,10.0513932,1,100.4460194,0.168390582,0.043524438,10.75
2010-07-22,10.75,0,4.88,4.88,22.86,22.86,22.86,10.75,10.25,10.45,10.75,10.25,10.3,10.75,8.75,9.85,10.75,8.75,9.3,10.75,8.75,9.03,0,0.044871795,0.017094017,0.027777778,10.60779351,9.992206494,1,100.4816779,0.168390582,0.059765729,10.75
2010-07-23,10.75,0,4.88,4.88,22.86,22.86,22.86,10.75,10.25,10.55,10.75,10.25,10.33,10.75,8.75,9.88,10.75,8.75,9.32,10.75,8.75,9.03,0,0.067307692,0.018162393,0.049145299,10.69134755,9.958652451,1,100.520247,0.168390582,0.070963206,10.75
2010-07-26,10.75,0,4.88,4.88,22.86,22.86,22.86,10.75,10.25,10.65,10.75,10.25,10.35,10.75,8.75,9.91,10.75,8.75,9.33,10.75,8.75,9.04,0,0.08974359,0.024928775,0.064814815,10.76039134,9.939608659,1,100.5617125,0.168390582,0.079302675,10.75
2010-07-27,10.75,0,4.88,4.88,22.86,22.86,22.86,10.75,10.75,10.75,10.75,10.25,10.38,10.75,9.5,9.94,10.75,8.75,9.35,10.75,8.75,9.05,0,0.112179487,0.037393162,0.074786325,10.81926166,9.930738342,1,100.6060606,0.168390582,0.085640802,10.75
2010-07-28,10.75,0,0,4.88,13.16,22.86,22.86,10.75,10.75,10.75,10.75,10.25,10.4,10.75,9.5,9.96,10.75,8.75,9.36,10.75,8.75,9.06,0,0.134615385,0.052350427,0.082264957,10.87016235,9.929837654,1,100.6532785,0.168390582,0.090415836,10.75
2010-07-29,10.75,0,0,4.88,13.16,22.86,22.86,10.75,10.75,10.75,10.75,10.25,10.43,10.75,9.5,9.98,10.75,8.75,9.38,10.75,8.75,9.06,0,0.157051282,0.06980057,0.087250712,10.91436048,9.935639515,1,100.7033538,0.168390582,0.093882107,10.75
2010-07-30,10.75,0,0,4.88,13.16,22.86,22.86,10.75,10.75,10.75,10.75,10.25,10.45,10.75,9.5,10,10.75,8.75,9.39,10.75,8.75,9.07,0,0.179487179,0.08974359,0.08974359,10.95262469,9.94737531,1,100.7562747,0.168390582,0.096196113,10.75
2010-08-02,10.75,0,0,4.88,13.16,22.86,22.86,10.75,10.75,10.75,10.75,10.25,10.48,10.75,9.5,10.02,10.75,8.75,9.41,10.75,8.75,9.08,0,0.201923077,0.112179487,0.08974359,10.98541779,9.964582214,1,100.8120301,0.168390582,0.09745447,10.75
2010-08-03,10.75,0,0,4.88,13.16,22.86,22.86,10.75,10.75,10.75,10.75,10.25,10.5,10.75,9.5,10.04,10.75,8.75,9.42,10.75,8.75,9.09,0,0.224358974,0.134615385,0.08974359,11.01298918,9.987010824,1,100.8706094,0.168390582,0.097712224,10.75
2010-08-04,10.75,0,0,4.88,13.16,22.86,22.86,10.75,10.75,10.75,10.75,10.25,10.53,10.75,9.5,10.06,10.75,8.75,9.44,10.75,8.75,9.09,0,0.246794872,0.157051282,0.08974359,11.03541779,10.01458221,1,100.9229294,0.168390582,0.096991503,10.75
2010-08-05,10.75,0,0,4.88,13.16,22.86,22.86,10.75,10.75,10.75,10.75,10.25,10.55,10.75,9.5,10.08,10.75,8.75,9.45,10.75,8.75,9.1,0,0.269230769,0.179487179,0.08974359,11.05262469,10.04737531,1,100.9690154,0.168390582,0.095284301,10.75
2010-08-06,10.75,0,0,4.88,13.16,22.86,22.86,10.75,10.75,10.75,10.75,10.25,10.58,10.75,9.5,10.1,10.75,8.75,9.47,10.75,8.75,9.11,0,0.25,0.197293447,0.052706553,11.06436048,10.08563952,1,101.008895,0.168390582,0.092550446,10.75
2010-08-09,10.75,0,0,4.88,13.16,22.86,22.86,10.75,10.75,10.75,10.75,10.25,10.6,10.75,9.5,10.12,10.75,8.75,9.48,10.75,8.75,9.12,0,0.230769231,0.210470085,0.020299145,11.07016235,10.12983765,1,101.0425976,0.168390582,0.088709877,10.75
2010-08-10,10.75,0,0,4.88,13.16,22.86,22.86,10.75,10.75,10.75,10.75,10.25,10.63,10.75,9.5,10.13,10.75,8.75,9.5,10.75,8.75,9.13,0,0.211538462,0.219017094,-0.007478632,11.06926166,10.18073834,1,101.0701546,0.168390582,0.083625724,10.75
2010-08-11,10.75,0,0,4.88,13.16,22.86,22.86,10.75,10.75,10.75,10.75,10.25,10.65,10.75,9.5,10.15,10.75,8.75,9.52,10.75,8.75,9.13,0,0.192307692,0.222934473,-0.030626781,11.06039134,10.23960866,1,101.0915994,0.168390582,0.077068796,10.75
2010-08-12,10.75,0,0,4.88,13.16,22.86,22.86,10.75,10.75,10.75,10.75,10.25,10.68,10.75,9.5,10.17,10.75,8.75,9.53,10.75,8.75,9.14,0,0.173076923,0.222222222,-0.049145299,11.04134755,10.30865245,1,101.1069674,0.168390582,0.068636543,10.75
2010-08-13,10.75,0,0,4.88,13.16,22.86,22.86,10.75,10.75,10.75,10.75,10.25,10.7,10.75,9.5,10.19,10.75,8.75,9.55,10.75,8.75,9.15,0,0.153846154,0.216880342,-0.063034188,11.00779351,10.39220649,1,101.1162956,0.168390582,0.057531496,10.75
2010-08-16,10.75,0,0,4.88,13.16,22.86,22.86,10.75,10.75,10.75,10.75,10.25,10.73,10.75,9.5,10.21,10.75,8.75,9.56,10.75,8.75,9.16,0,0.134615385,0.206908832,-0.072293447,10.9486068,10.5013932,1,101.1196229,0.168390582,0.041698237,10.75
2010-08-17,10.75,0,0,4.88,13.16,22.86,22.86,10.75,10.75,10.75,10.75,10.75,10.75,10.75,9.5,10.23,10.75,8.75,9.58,10.75,8.75,9.16,0,0.115384615,0.192307692,-0.076923077,10.75,10.75,0,101.11699,0.168390582,0,10.75
2010-08-18,10.75,0,0,0,13.16,22.86,22.86,10.75,10.75,10.75,10.75,10.75,10.75,10.75,9.5,10.25,10.75,8.75,9.59,10.75,8.75,9.17,0,0.096153846,0.173076923,-0.076923077,10.75,10.75,0,101.0041694,0,0,10.75
2010-08-19,10.75,0,0,0,13.16,22.86,22.86,10.75,10.75,10.75,10.75,10.75,10.75,10.75,9.5,10.27,10.75,8.75,9.61,10.75,8.75,9.18,0,0.076923077,0.153846154,-0.076923077,10.75,10.75,0,100.8975186,0,0,10.75
2010-08-20,10.75,0,0,0,13.16,22.86,22.86,10.75,10.75,10.75,10.75,10.75,10.75,10.75,9.5,10.29,10.75,8.75,9.62,10.75,8.75,9.19,0,0.057692308,0.134615385,-0.076923077,10.75,10.75,0,100.7969995,0,0,10.75
2010-08-23,10.75,0,0,0,13.16,22.86,22.86,10.75,10.75,10.75,10.75,10.75,10.75,10.75,9.5,10.31,10.75,8.75,9.64,10.75,8.75,9.19,0,0.038461538,0.115384615,-0.076923077,10.75,10.75,0,100.7025761,0,0,10.75
2010-08-24,10.75,0,0,0,13.16,22.86,22.86,10.75,10.75,10.75,10.75,10.75,10.75,10.75,9.5,10.33,10.75,8.75,9.65,10.75,8.75,9.2,0,0.019230769,0.096153846,-0.076923077,10.75,10.75,0,100.6142147,0,0,10.75
2010-08-25,10.75,0,0,0,13.16,22.86,22.86,10.75,10.75,10.75,10.75,10.75,10.75,10.75,9.5,10.35,10.75,8.75,9.67,10.75,8.75,9.21,0,0,0.076923077,-0.076923077,10.75,10.75,0,100.5318838,0,0,10.75
2010-08-26,10.75,0,0,0,13.16,22.86,22.86,10.75,10.75,10.75,10.75,10.75,10.75,10.75,9.5,10.37,10.75,8.75,9.68,10.75,8.75,9.22,0,0,0.05982906,-0.05982906,10.75,10.75,0,100.4555543,0,0,10.75
2010-08-27,10.75,0,0,0,13.16,22.86,22.86,10.75,10.75,10.75,10.75,10.75,10.75,10.75,9.5,10.38,10.75,8.75,9.7,10.75,8.75,9.23,0,0,0.044871795,-0.044871795,10.75,10.75,0,100.385199,0,0,10.75
2010-08-30,10.75,0,0,0,13.16,22.86,22.86,10.75,10.75,10.75,10.75,10.75,10.75,10.75,9.5,10.4,10.75,8.75,9.72,10.75,8.75,9.23,0,0,0.032051282,-0.032051282,10.75,10.75,0,100.3207932,0,0,10.75
2010-08-31,10.75,0,0,0,13.16,22.86,22.86,10.75,10.75,10.75,10.75,10.75,10.75,10.75,9.5,10.42,10.75,8.75,9.73,10.75,8.75,9.24,0,0,0.021367521,-0.021367521,10.75,10.75,0,100.2623142,0,0,10.75
2010-09-01,10.75,0,0,0,13.16,22.86,22.86,10.75,10.75,10.75,10.75,10.75,10.75,10.75,9.5,10.44,10.75,8.75,9.75,10.75,8.75,9.25,0,0,0.012820513,-0.012820513,10.75,10.75,0,100.2097413,0,0,10.75
2010-09-02,10.75,0,0,0,13.16,22.86,22.86,10.75,10.75,10.75,10.75,10.75,10.75,10.75,9.5,10.46,10.75,8.75,9.76,10.75,8.75,9.26,0,0,0.006410256,-0.006410256,10.75,10.75,0,100.1630561,0,0,10.75
2010-09-03,10.75,0,0,0,13.16,22.86,22.86,10.75,10.75,10.75,10.75,10.75,10.75,10.75,9.5,10.48,10.75,8.75,9.78,10.75,8.75,9.26,0,0,0.002136752,-0.002136752,10.75,10.75,0,100.1222423,0,0,10.75
2010-09-06,10.75,0,0,0,13.16,22.86,22.86,10.75,10.75,10.75,10.75,10.75,10.75,10.75,9.5,10.5,10.75,8.75,9.79,10.75,8.75,9.27,0,0,0,0,10.75,10.75,0,100.0872854,0,0,10.75
2010-09-07,10.75,0,0,0,13.16,22.86,22.86,10.75,10.75,10.75,10.75,10.75,10.75,10.75,10.25,10.52,10.75,8.75,9.81,10.75,8.75,9.28,0,0,0,0,10.75,10.75,0,100.0581734,0,0,10.75
2010-09-08,10.75,0,0,0,4.88,22.86,22.86,10.75,10.75,10.75,10.75,10.75,10.75,10.75,10.25,10.53,10.75,8.75,9.82,10.75,8.75,9.29,0,0,0,0,10.75,10.75,0,100.0348959,0,0,10.75
2010-09-09,10.75,0,0,0,4.88,22.86,22.86,10.75,10.75,10.75,10.75,10.75,10.75,10.75,10.25,10.53,10.75,8.75,9.84,10.75,8.75,9.29,0,0,0,0,10.75,10.75,0,100.0174449,0,0,10.75
2010-09-10,10.75,0,0,0,4.88,22.86,22.86,10.75,10.75,10.75,10.75,10.75,10.75,10.75,10.25,10.54,10.75,8.75,9.85,10.75,8.75,9.3,0,0,0,0,10.75,10.75,0,100.0058143,0,0,10.75
2010-09-13,10.75,0,0,0,4.88,22.86,22.86,10.75,10.75,10.75,10.75,10.75,10.75,10.75,10.25,10.55,10.75,8.75,9.87,10.75,8.75,9.31,0,0,0,0,10.75,10.75,0,100,0,0,10.75
2010-09-14,10.75,0,0,0,4.88,22.86,22.86,10.75,10.75,10.75,10.75,10.75,10.75,10.75,10.25,10.56,10.75,8.75,9.88,10.75,8.75,9.32,0,0,0,0,10.75,10.75,0,100,0,0,10.75
2010-09-15,10.75,0,0,0,4.88,22.86,22.86,10.75,10.75,10.75,10.75,10.75,10.75,10.75,10.25,10.57,10.75,8.75,9.9,10.75,8.75,9.33,0,0,0,0,10.75,10.75,0,100,0,0,10.75
2010-09-16,10.75,0,0,0,4.88,22.86,22.86,10.75,10.75,10.75,10.75,10.75,10.75,10.75,10.25,10.57,10.75,8.75,9.92,10.75,8.75,9.33,0,0,0,0,10.75,10.75,0,100,0,0,10.75
2010-09-17,10.75,0,0,0,4.88,22.86,22.86,10.75,10.75,10.75,10.75,10.75,10.75,10.75,10.25,10.58,10.75,8.75,9.93,10.75,8.75,9.34,0,0,0,0,10.75,10.75,0,100,0,0,10.75
2010-09-20,10.75,0,0,0,4.88,22.86,22.86,10.75,10.75,10.75,10.75,10.75,10.75,10.75,10.25,10.59,10.75,8.75,9.95,10.75,8.75,9.35,0,0,0,0,10.75,10.75,0,100,0,0,10.75
2010-09-21,10.75,0,0,0,4.88,22.86,22.86,10.75,10.75,10.75,10.75,10.75,10.75,10.75,10.25,10.6,10.75,8.75,9.96,10.75,8.75,9.36,0,0,0,0,10.75,10.75,0,100,0,0,10.75
2010-09-22,10.75,0,0,0,4.88,22.86,22.86,10.75,10.75,10.75,10.75,10.75,10.75,10.75,10.25,10.6,10.75,8.75,9.98,10.75,8.75,9.36,0,0,0,0,10.75,10.75,0,100,0,0,10.75
2010-09-23,10.75,0,0,0,4.88,22.86,22.86,10.75,10.75,10.75,10.75,10.75,10.75,10.75,10.25,10.61,10.75,8.75,9.99,10.75,8.75,9.37,0,0,0,0,10.75,10.75,0,100,0,0,10.75
2010-09-24,10.75,0,0,0,4.88,22.86,22.86,10.75,10.75,10.75,10.75,10.75,10.75,10.75,10.25,10.62,10.75,8.75,10.01,10.75,8.75,9.38,0,0,0,0,10.75,10.75,0,100,0,0,10.75
2010-09-27,10.75,0,0,0,4.88,22.86,22.86,10.75,10.75,10.75,10.75,10.75,10.75,10.75,10.25,10.63,10.75,8.75,10.02,10.75,8.75,9.39,0,0,0,0,10.75,10.75,0,100,0,0,10.75
2010-09-28,10.75,0,0,0,4.88,22.86,22.86,10.75,10.75,10.75,10.75,10.75,10.75,10.75,10.25,10.63,10.75,8.75,10.04,10.75,8.75,9.39,0,0,0,0,10.75,10.75,0,100,0,0,10.75
2010-09-29,10.75,0,0,0,4.88,22.86,22.86,10.75,10.75,10.75,10.75,10.75,10.75,10.75,10.25,10.64,10.75,8.75,10.05,10.75,8.75,9.4,0,0,0,0,10.75,10.75,0,100,0,0,10.75
2010-09-30,10.75,0,0,0,4.88,22.86,22.86,10.75,10.75,10.75,10.75,10.75,10.75,10.75,10.25,10.65,10.75,8.75,10.07,10.75,8.75,9.41,0,0,0,0,10.75,10.75,0,100,0,0,10.75
2010-10-01,10.75,0,0,0,4.88,22.86,22.86,10.75,10.75,10.75,10.75,10.75,10.75,10.75,10.25,10.66,10.75,8.75,10.08,10.75,8.75,9.42,0,0,0,0,10.75,10.75,0,100,0,0,10.75
2010-10-04,10.75,0,0,0,4.88,22.86,22.86,10.75,10.75,10.75,10.75,10.75,10.75,10.75,10.25,10.67,10.75,8.75,10.1,10.75,8.75,9.43,0,0,0,0,10.75,10.75,0,100,0,0,10.75
2010-10-05,10.75,0,0,0,4.88,22.86,22.86,10.75,10.75,10.75,10.75,10.75,10.75,10.75,10.25,10.67,10.75,8.75,10.12,10.75,8.75,9.43,0,0,0,0,10.75,10.75,0,100,0,0,10.75
2010-10-06,10.75,0,0,0,4.88,22.86,22.86,10.75,10.75,10.75,10.75,10.75,10.75,10.75,10.25,10.68,10.75,8.75,10.13,10.75,8.75,9.44,0,0,0,0,10.75,10.75,0,100,0,0,10.75
2010-10-07,10.75,0,0,0,4.88,22.86,22.86,10.75,10.75,10.75,10.75,10.75,10.75,10.75,10.25,10.69,10.75,8.75,10.15,10.75,8.75,9.45,0,0,0,0,10.75,10.75,0,100,0,0,10.75
2010-10-08,10.75,0,0,0,4.88,22.86,22.86,10.75,10.75,10.75,10.75,10.75,10.75,10.75,10.25,10.7,10.75,8.75,10.16,10.75,8.75,9.46,0,0,0,0,10.75,10.75,0,100,0,0,10.75
2010-10-11,10.75,0,0,0,4.88,22.86,22.86,10.75,10.75,10.75,10.75,10.75,10.75,10.75,10.25,10.7,10.75,8.75,10.18,10.75,8.75,9.46,0,0,0,0,10.75,10.75,0,100,0,0,10.75
2010-10-12,10.75,0,0,0,4.88,22.86,22.86,10.75,10.75,10.75,10.75,10.75,10.75,10.75,10.25,10.71,10.75,8.75,10.19,10.75,8.75,9.47,0,0,0,0,10.75,10.75,0,100,0,0,10.75
2010-10-13,10.75,0,0,0,4.88,22.86,22.86,10.75,10.75,10.75,10.75,10.75,10.75,10.75,10.25,10.72,10.75,8.75,10.21,10.75,8.75,9.48,0,0,0,0,10.75,10.75,0,100,0,0,10.75
2010-10-14,10.75,0,0,0,4.88,22.86,22.86,10.75,10.75,10.75,10.75,10.75,10.75,10.75,10.25,10.73,10.75,8.75,10.22,10.75,8.75,9.49,0,0,0,0,10.75,10.75,0,100,0,0,10.75
2010-10-15,10.75,0,0,0,4.88,22.86,22.86,10.75,10.75,10.75,10.75,10.75,10.75,10.75,10.25,10.73,10.75,8.75,10.24,10.75,8.75,9.49,0,0,0,0,10.75,10.75,0,100,0,0,10.75
2010-10-18,10.75,0,0,0,4.88,22.86,22.86,10.75,10.75,10.75,10.75,10.75,10.75,10.75,10.25,10.74,10.75,8.75,10.25,10.75,8.75,9.5,0,0,0,0,10.75,10.75,0,100,0,0,10.75
2010-10-19,10.75,0,0,0,4.88,22.86,22.86,10.75,10.75,10.75,10.75,10.75,10.75,10.75,10.75,10.75,10.75,8.75,10.27,10.75,8.75,9.51,0,0,0,0,10.75,10.75,0,100,0,0,10.75
2010-10-20,10.75,0,0,0,0,22.86,22.86,10.75,10.75,10.75,10.75,10.75,10.75,10.75,10.75,10.75,10.75,8.75,10.28,10.75,8.75,9.52,0,0,0,0,10.75,10.75,0,100,0,0,10.75
2010-10-21,10.75,0,0,0,0,22.86,22.86,10.75,10.75,10.75,10.75,10.75,10.75,10.75,10.75,10.75,10.75,8.75,10.3,10.75,8.75,9.53,0,0,0,0,10.75,10.75,0,100,0,0,10.75
2010-10-22,10.75,0,0,0,0,22.86,22.86,10.75,10.75,10.75,10.75,10.75,10.75,10.75,10.75,10.75,10.75,8.75,10.32,10.75,8.75,9.53,0,0,0,0,10.75,10.75,0,100,0,0,10.75
2010-10-25,10.75,0,0,0,0,22.86,22.86,10.75,10.75,10.75,10.75,10.75,10.75,10.75,10.75,10.75,10.75,8.75,10.33,10.75,8.75,9.54,0,0,0,0,10.75,10.75,0,100,0,0,10.75
2010-10-26,10.75,0,0,0,0,22.86,22.86,10.75,10.75,10.75,10.75,10.75,10.75,10.75,10.75,10.75,10.75,9.5,10.35,10.75,8.75,9.55,0,0,0,0,10.75,10.75,0,100,0,0,10.75
2010-10-27,10.75,0,0,0,0,13.16,22.86,10.75,10.75,10.75,10.75,10.75,10.75,10.75,10.75,10.75,10.75,9.5,10.36,10.75,8.75,9.56,0,0,0,0,10.75,10.75,0,100,0,0,10.75
2010-10-28,10.75,0,0,0,0,13.16,22.86,10.75,10.75,10.75,10.75,10.75,10.75,10.75,10.75,10.75,10.75,9.5,10.37,10.75,8.75,9.56,0,0,0,0,10.75,10.75,0,100,0,0,10.75
2010-10-29,10.75,0,0,0,0,13.16,22.86,10.75,10.75,10.75,10.75,10.75,10.75,10.75,10.75,10.75,10.75,9.5,10.38,10.75,8.75,9.57,0,0,0,0,10.75,10.75,0,100,0,0,10.75
2010-11-01,10.75,0,0,0,0,13.16,22.86,10.75,10.75,10.75,10.75,10.75,10.75,10.75,10.75,10.75,10.75,9.5,10.38,10.75,8.75,9.58,0,0,0,0,10.75,10.75,0,100,0,0,10.75
2010-11-02,10.75,0,0,0,0,13.16,22.86,10.75,10.75,10.75,10.75,10.75,10.75,10.75,10.75,10.75,10.75,9.5,10.39,10.75,8.75,9.59,0,0,0,0,10.75,10.75,0,100,0,0,10.75
2010-11-03,10.75,0,0,0,0,13.16,22.86,10.75,10.75,10.75,10.75,10.75,10.75,10.75,10.75,10.75,10.75,9.5,10.4,10.75,8.75,9.59,0,0,0,0,10.75,10.75,0,100,0,0,10.75
2010-11-04,10.75,0,0,0,0,13.16,22.86,10.75,10.75,10.75,10.75,10.75,10.75,10.75,10.75,10.75,10.75,9.5,10.41,10.75,8.75,9.6,0,0,0,0,10.75,10.75,0,100,0,0,10.75
2010-11-05,10.75,0,0,0,0,13.16,22.86,10.75,10.75,10.75,10.75,10.75,10.75,10.75,10.75,10.75,10.75,9.5,10.42,10.75,8.75,9.61,0,0,0,0,10.75,10.75,0,100,0,0,10.75
2010-11-08,10.75,0,0,0,0,13.16,22.86,10.75,10.75,10.75,10.75,10.75,10.75,10.75,10.75,10.75,10.75,9.5,10.43,10.75,8.75,9.62,0,0,0,0,10.75,10.75,0,100,0,0,10.75
2010-11-09,10.75,0,0,0,0,13.16,22.86,10.75,10.75,10.75,10.75,10.75,10.75,10.75,10.75,10.75,10.75,9.5,10.44,10.75,8.75,9.63,0,0,0,0,10.75,10.75,0,100,0,0,10.75
2010-11-10,10.75,0,0,0,0,13.16,22.86,10.75,10.75,10.75,10.75,10.75,10.75,10.75,10.75,10.75,10.75,9.5,10.45,10.75,8.75,9.63,0,0,0,0,10.75,10.75,0,100,0,0,10.75
2010-11-11,10.75,0,0,0,0,13.16,22.86,10.75,10.75,10.75,10.75,10.75,10.75,10.75,10.75,10.75,10.75,9.5,10.46,10.75,8.75,9.64,0,0,0,0,10.75,10.75,0,100,0,0,10.75
2010-11-12,10.75,0,0,0,0,13.16,22.86,10.75,10.75,10.75,10.75,10.75,10.75,10.75,10.75,10.75,10.75,9.5,10.47,10.75,8.75,9.65,0,0,0,0,10.75,10.75,0,100,0,0,10.75
2010-11-15,10.75,0,0,0,0,13.16,22.86,10.75,10.75,10.75,10.75,10.75,10.75,10.75,10.75,10.75,10.75,9.5,10.48,10.75,8.75,9.66,0,0,0,0,10.75,10.75,0,100,0,0,10.75
2010-11-16,10.75,0,0,0,0,13.16,22.86,10.75,10.75,10.75,10.75,10.75,10.75,10.75,10.75,10.75,10.75,9.5,10.49,10.75,8.75,9.66,0,0,0,0,10.75,10.75,0,100,0,0,10.75
2010-11-17,10.75,0,0,0,0,13.16,22.86,10.75,10.75,10.75,10.75,10.75,10.75,10.75,10.75,10.75,10.75,9.5,10.5,10.75,8.75,9.67,0,0,0,0,10.75,10.75,0,100,0,0,10.75
2010-11-18,10.75,0,0,0,0,13.16,22.86,10.75,10.75,10.75,10.75,10.75,10.75,10.75,10.75,10.75,10.75,9.5,10.51,10.75,8.75,9.68,0,0,0,0,10.75,10.75,0,100,0,0,10.75
2010-11-19,10.75,0,0,0,0,13.16,22.86,10.75,10.75,10.75,10.75,10.75,10.75,10.75,10.75,10.75,10.75,9.5,10.52,10.75,8.75,9.69,0,0,0,0,10.75,10.75,0,100,0,0,10.75
2010-11-22,10.75,0,0,0,0,13.16,22.86,10.75,10.75,10.75,10.75,10.75,10.75,10.75,10.75,10.75,10.75,9.5,10.53,10.75,8.75,9.69,0,0,0,0,10.75,10.75,0,100,0,0,10.75
2010-11-23,10.75,0,0,0,0,13.16,22.86,10.75,10.75,10.75,10.75,10.75,10.75,10.75,10.75,10.75,10.75,9.5,10.54,10.75,8.75,9.7,0,0,0,0,10.75,10.75,0,100,0,0,10.75
2010-11-24,10.75,0,0,0,0,13.16,22.86,10.75,10.75,10.75,10.75,10.75,10.75,10.75,10.75,10.75,10.75,9.5,10.55,10.75,8.75,9.71,0,0,0,0,10.75,10.75,0,100,0,0,10.75
2010-11-25,10.75,0,0,0,0,13.16,22.86,10.75,10.75,10.75,10.75,10.75,10.75,10.75,10.75,10.75,10.75,9.5,10.56,10.75,8.75,9.72,0,0,0,0,10.75,10.75,0,100,0,0,10.75
2010-11-26,10.75,0,0,0,0,13.16,22.86,10.75,10.75,10.75,10.75,10.75,10.75,10.75,10.75,10.75,10.75,9.5,10.57,10.75,8.75,9.73,0,0,0,0,10.75,10.75,0,100,0,0,10.75
2010-11-29,10.75,0,0,0,0,13.16,22.86,10.75,10.75,10.75,10.75,10.75,10.75,10.75,10.75,10.75,10.75,9.5,10.58,10.75,8.75,9.73,0,0,0,0,10.75,10.75,0,100,0,0,10.75
2010-11-30,10.75,0,0,0,0,13.16,22.86,10.75,10.75,10.75,10.75,10.75,10.75,10.75,10.75,10.75,10.75,9.5,10.59,10.75,8.75,9.74,0,0,0,0,10.75,10.75,0,100,0,0,10.75
2010-12-01,10.75,0,0,0,0,13.16,22.86,10.75,10.75,10.75,10.75,10.75,10.75,10.75,10.75,10.75,10.75,9.5,10.6,10.75,8.75,9.75,0,0,0,0,10.75,10.75,0,100,0,0,10.75
2010-12-02,10.75,0,0,0,0,13.16,22.86,10.75,10.75,10.75,10.75,10.75,10.75,10.75,10.75,10.75,10.75,9.5,10.61,10.75,8.75,9.76,0,0,0,0,10.75,10.75,0,100,0,0,10.75
2010-12-03,10.75,0,0,0,0,13.16,22.86,10.75,10.75,10.75,10.75,10.75,10.75,10.75,10.75,10.75,10.75,9.5,10.62,10.75,8.75,9.76,0,0,0,0,10.75,10.75,0,100,0,0,10.75
2010-12-06,10.75,0,0,0,0,13.16,22.86,10.75,10.75,10.75,10.75,10.75,10.75,10.75,10.75,10.75,10.75,9.5,10.63,10.75,8.75,9.77,0,0,0,0,10.75,10.75,0,100,0,0,10.75
2010-12-07,10.75,0,0,0,0,13.16,22.86,10.75,10.75,10.75,10.75,10.75,10.75,10.75,10.75,10.75,10.75,10.25,10.63,10.75,8.75,9.78,0,0,0,0,10.75,10.75,0,100,0,0,10.75
2010-12-08,10.75,0,0,0,0,4.88,22.86,10.75,10.75,10.75,10.75,10.75,10.75,10.75,10.75,10.75,10.75,10.25,10.64,10.75,8.75,9.79,0,0,0,0,10.75,10.75,0,100,0,0,10.75
2010-12-09,10.75,0,0,0,0,4.88,22.86,10.75,10.75,10.75,10.75,10.75,10.75,10.75,10.75,10.75,10.75,10.25,10.64,10.75,8.75,9.79,0,0,0,0,10.75,10.75,0,100,0,0,10.75
2010-12-10,10.75,0,0,0,0,4.88,22.86,10.75,10.75,10.75,10.75,10.75,10.75,10.75,10.75,10.75,10.75,10.25,10.65,10.75,8.75,9.8,0,0,0,0,10.75,10.75,0,100,0,0,10.75
2010-12-13,10.75,0,0,0,0,4.88,22.86,10.75,10.75,10.75,10.75,10.75,10.75,10.75,10.75,10.75,10.75,10.25,10.65,10.75,8.75,9.81,0,0,0,0,10.75,10.75,0,100,0,0,10.75
2010-12-14,10.75,0,0,0,0,4.88,22.86,10.75,10.75,10.75,10.75,10.75,10.75,10.75,10.75,10.75,10.75,10.25,10.65,10.75,8.75,9.82,0,0,0,0,10.75,10.75,0,100,0,0,10.75
2010-12-15,10.75,0,0,0,0,4.88,22.86,10.75,10.75,10.75,10.75,10.75,10.75,10.75,10.75,10.75,10.75,10.25,10.66,10.75,8.75,9.83,0,0,0,0,10.75,10.75,0,100,0,0,10.75
2010-12-16,10.75,0,0,0,0,4.88,22.86,10.75,10.75,10.75,10.75,10.75,10.75,10.75,10.75,10.75,10.75,10.25,10.66,10.75,8.75,9.83,0,0,0,0,10.75,10.75,0,100,0,0,10.75
2010-12-17,10.75,0,0,0,0,4.88,22.86,10.75,10.75,10.75,10.75,10.75,10.75,10.75,10.75,10.75,10.75,10.25,10.67,10.75,8.75,9.84,0,0,0,0,10.75,10.75,0,100,0,0,10.75
2010-12-20,10.75,0,0,0,0,4.88,22.86,10.75,10.75,10.75,10.75,10.75,10.75,10.75,10.75,10.75,10.75,10.25,10.67,10.75,8.75,9.85,0,0,0,0,10.75,10.75,0,100,0,0,10.75
2010-12-21,10.75,0,0,0,0,4.88,22.86,10.75,10.75,10.75,10.75,10.75,10.75,10.75,10.75,10.75,10.75,10.25,10.67,10.75,8.75,9.86,0,0,0,0,10.75,10.75,0,100,0,0,10.75
2010-12-22,10.75,0,0,0,0,4.88,22.86,10.75,10.75,10.75,10.75,10.75,10.75,10.75,10.75,10.75,10.75,10.25,10.68,10.75,8.75,9.86,0,0,0,0,10.75,10.75,0,100,0,0,10.75
2010-12-23,10.75,0,0,0,0,4.88,22.86,10.75,10.75,10.75,10.75,10.75,10.75,10.75,10.75,10.75,10.75,10.25,10.68,10.75,8.75,9.87,0,0,0,0,10.75,10.75,0,100,0,0,10.75
2010-12-24,10.75,0,0,0,0,4.88,22.86,10.75,10.75,10.75,10.75,10.75,10.75,10.75,10.75,10.75,10.75,10.25,10.68,10.75,8.75,9.88,0,0,0,0,10.75,10.75,0,100,0,0,10.75
2010-12-27,10.75,0,0,0,0,4.88,22.86,10.75,10.75,10.75,10.75,10.75,10.75,10.75,10.75,10.75,10.75,10.25,10.69,10.75,8.75,9.89,0,0,0,0,10.75,10.75,0,100,0,0,10.75
2010-12-28,10.75,0,0,0,0,4.88,22.86,10.75,10.75,10.75,10.75,10.75,10.75,10.75,10.75,10.75,10.75,10.25,10.69,10.75,8.75,9.89,0,0,0,0,10.75,10.75,0,100,0,0,10.75
2010-12-29,10.75,0,0,0,0,4.88,22.86,10.75,10.75,10.75,10.75,10.75,10.75,10.75,10.75,10.75,10.75,10.25,10.7,10.75,8.75,9.9,0,0,0,0,10.75,10.75,0,100,0,0,10.75
2010-12-30,10.75,0,0,0,0,4.88,22.86,10.75,10.75,10.75,10.75,10.75,10.75,10.75,10.75,10.75,10.75,10.25,10.7,10.75,8.75,9.91,0,0,0,0,10.75,10.75,0,100,0,0,10.75
2010-12-31,10.75,0,0,0,0,4.88,22.86,10.75,10.75,10.75,10.75,10.75,10.75,10.75,10.75,10.75,10.75,10.25,10.7,10.75,8.75,9.92,0,0,0,0,10.75,10.75,0,100,0,0,10.75
2011-01-03,10.75,0,0,0,0,4.88,22.86,10.75,10.75,10.75,10.75,10.75,10.75,10.75,10.75,10.75,10.75,10.25,10.71,10.75,8.75,9.93,0,0,0,0,10.75,10.75,0,100,0,0,10.75
2011-01-04,10.75,0,0,0,0,4.88,22.86,10.75,10.75,10.75,10.75,10.75,10.75,10.75,10.75,10.75,10.75,10.25,10.71,10.75,8.75,9.93,0,0,0,0,10.75,10.75,0,100,0,0,10.75
2011-01-05,10.75,0,0,0,0,4.88,22.86,10.75,10.75,10.75,10.75,10.75,10.75,10.75,10.75,10.75,10.75,10.25,10.72,10.75,8.75,9.94,0,0,0,0,10.75,10.75,0,100,0,0,10.75
2011-01-06,10.75,0,0,0,0,4.88,22.86,10.75,10.75,10.75,10.75,10.75,10.75,10.75,10.75,10.75,10.75,10.25,10.72,10.75,8.75,9.95,0,0,0,0,10.75,10.75,0,100,0,0,10.75
2011-01-07,10.75,0,0,0,0,4.88,22.86,10.75,10.75,10.75,10.75,10.75,10.75,10.75,10.75,10.75,10.75,10.25,10.72,10.75,8.75,9.96,0,0,0,0,10.75,10.75,0,100,0,0,10.75
2011-01-10,10.75,0,0,0,0,4.88,22.86,10.75,10.75,10.75,10.75,10.75,10.75,10.75,10.75,10.75,10.75,10.25,10.73,10.75,8.75,9.96,0,0,0,0,10.75,10.75,0,100,0,0,10.75
2011-01-11,10.75,0,0,0,0,4.88,22.86,10.75,10.75,10.75,10.75,10.75,10.75,10.75,10.75,10.75,10.75,10.25,10.73,10.75,8.75,9.97,0,0,0,0,10.75,10.75,0,100,0,0,10.75
2011-01-12,10.75,0,0,0,0,4.88,22.86,10.75,10.75,10.75,10.75,10.75,10.75,10.75,10.75,10.75,10.75,10.25,10.73,10.75,8.75,9.98,0,0,0,0,10.75,10.75,0,100,0,0,10.75
2011-01-13,10.75,0,0,0,0,4.88,22.86,10.75,10.75,10.75,10.75,10.75,10.75,10.75,10.75,10.75,10.75,10.25,10.74,10.75,8.75,9.99,0,0,0,0,10.75,10.75,0,100,0,0,10.75
2011-01-14,10.75,0,0,0,0,4.88,22.86,10.75,10.75,10.75,10.75,10.75,10.75,10.75,10.75,10.75,10.75,10.25,10.74,10.75,8.75,9.99,0,0,0,0,10.75,10.75,0,100,0,0,10.75
2011-01-17,10.75,0,0,0,0,4.88,22.86,10.75,10.75,10.75,10.75,10.75,10.75,10.75,10.75,10.75,10.75,10.25,10.75,10.75,8.75,10,0,0,0,0,10.75,10.75,0,100,0,0,10.75
2011-01-18,10.75,0,0,0,0,4.88,22.86,10.75,10.75,10.75,10.75,10.75,10.75,10.75,10.75,10.75,10.75,10.75,10.75,10.75,8.75,10.01,0,0,0,0,10.75,10.75,0,100,0,0,10.75
2011-01-19,11.25,4.65,4.65,4.65,4.65,4.65,28.57,11.25,10.75,10.85,11.25,10.75,10.78,11.25,10.75,10.76,11.25,10.75,10.75,11.25,8.75,10.02,0,0.022435897,0.002492877,0.01994302,10.9986068,10.5513932,1,100.1103304,0.160733765,0.041504742,11.25
2011-01-20,11.25,0,4.65,4.65,4.65,4.65,28.57,11.25,10.75,10.95,11.25,10.75,10.8,11.25,10.75,10.77,11.25,10.75,10.76,11.25,8.75,10.03,0,0.044871795,0.007478632,0.037393162,11.10779351,10.49220649,1,100.2145798,0.160733765,0.056998797,11.25
2011-01-21,11.25,0,4.65,4.65,4.65,4.65,28.57,11.25,10.75,11.05,11.25,10.75,10.83,11.25,10.75,10.77,11.25,10.75,10.76,11.25,8.75,10.04,0,0.067307692,0.014957265,0.052350427,11.19134755,10.45865245,1,100.3127534,0.160733765,0.067685459,11.25
2011-01-24,11.25,0,4.65,4.65,4.65,4.65,28.57,11.25,10.75,11.15,11.25,10.75,10.85,11.25,10.75,10.78,11.25,10.75,10.77,11.25,8.75,10.05,0,0.08974359,0.024928775,0.064814815,11.26039134,10.43960866,1,100.4048583,0.160733765,0.075648173,11.25
2011-01-25,11.25,0,4.65,4.65,4.65,4.65,28.57,11.25,11.25,11.25,11.25,10.75,10.88,11.25,10.75,10.79,11.25,10.75,10.77,11.25,8.75,10.06,0,0.112179487,0.037393162,0.074786325,11.31926166,10.43073834,1,100.4909038,0.160733765,0.081703293,11.25
2011-01-26,11.25,0,0,4.65,4.65,4.65,28.57,11.25,11.25,11.25,11.25,10.75,10.9,11.25,10.75,10.8,11.25,10.75,10.77,11.25,8.75,10.07,0,0.134615385,0.052350427,0.082264957,11.37016235,10.42983765,1,100.5709013,0.160733765,0.08626832,11.25
2011-01-27,11.25,0,0,4.65,4.65,4.65,28.57,11.25,11.25,11.25,11.25,10.75,10.93,11.25,10.75,10.8,11.25,10.75,10.78,11.25,8.75,10.08,0,0.157051282,0.06980057,0.087250712,11.41436048,10.43563952,1,100.6448641,0.160733765,0.089585443,11.25
2011-01-28,11.25,0,0,4.65,4.65,4.65,28.57,11.25,11.25,11.25,11.25,10.75,10.95,11.25,10.75,10.81,11.25,10.75,10.78,11.25,8.75,10.09,0,0.179487179,0.08974359,0.08974359,11.45262469,10.44737531,1,100.7128075,0.160733765,0.091803596,11.25
2011-01-31,11.25,0,0,4.65,4.65,4.65,28.57,11.25,11.25,11.25,11.25,10.75,10.98,11.25,10.75,10.82,11.25,10.75,10.78,11.25,8.75,10.1,0,0.201923077,0.112179487,0.08974359,11.48541779,10.46458221,1,100.7747489,0.160733765,0.093014631,11.25
2011-02-01,11.25,0,0,4.65,4.65,4.65,28.57,11.25,11.25,11.25,11.25,10.75,11,11.25,10.75,10.83,11.25,10.75,10.79,11.25,8.75,10.11,0,0.224358974,0.134615385,0.08974359,11.51298918,10.48701082,1,100.8307075,0.160733765,0.093270759,11.25
2011-02-02,11.25,0,0,4.65,4.65,4.65,28.57,11.25,11.25,11.25,11.25,10.75,11.03,11.25,10.75,10.83,11.25,10.75,10.79,11.25,8.75,10.12,0,0.246794872,0.157051282,0.08974359,11.53541779,10.51458221,1,100.8807046,0.160733765,0.092592796,11.25
2011-02-03,11.25,0,0,4.65,4.65,4.65,28.57,11.25,11.25,11.25,11.25,10.75,11.05,11.25,10.75,10.84,11.25,10.75,10.8,11.25,8.75,10.13,0,0.269230769,0.179487179,0.08974359,11.55262469,10.54737531,1,100.9247631,0.160733765,0.090972795,11.25
2011-02-04,11.25,0,0,4.65,4.65,4.65,28.57,11.25,11.25,11.25,11.25,10.75,11.08,11.25,10.75,10.85,11.25,10.75,10.8,11.25,8.75,10.13,0,0.25,0.197293447,0.052706553,11.56436048,10.58563952,1,100.9629081,0.160733765,0.088372097,11.25
2011-02-07,11.25,0,0,4.65,4.65,4.65,28.57,11.25,11.25,11.25,11.25,10.75,11.1,11.25,10.75,10.86,11.25,10.75,10.8,11.25,8.75,10.14,0,0.230769231,0.210470085,0.020299145,11.57016235,10.62983765,1,100.9951663,0.160733765,0.084713936,11.25
2011-02-08,11.25,0,0,4.65,4.65,4.65,28.57,11.25,11.25,11.25,11.25,10.75,11.13,11.25,10.75,10.87,11.25,10.75,10.81,11.25,8.75,10.15,0,0.211538462,0.219017094,-0.007478632,11.56926166,10.68073834,1,101.0215664,0.160733765,0.079867264,11.25
2011-02-09,11.25,0,0,4.65,4.65,4.65,28.57,11.25,11.25,11.25,11.25,10.75,11.15,11.25,10.75,10.87,11.25,10.75,10.81,11.25,8.75,10.16,0,0.192307692,0.222934473,-0.030626781,11.56039134,10.73960866,1,101.0421386,0.160733765,0.073612797,11.25
2011-02-10,11.25,0,0,4.65,4.65,4.65,28.57,11.25,11.25,11.25,11.25,10.75,11.18,11.25,10.75,10.88,11.25,10.75,10.82,11.25,8.75,10.17,0,0.173076923,0.222222222,-0.049145299,11.54134755,10.80865245,1,101.0569152,0.160733765,0.065565557,11.25
2011-02-11,11.25,0,0,4.65,4.65,4.65,28.57,11.25,11.25,11.25,11.25,10.75,11.2,11.25,10.75,10.89,11.25,10.75,10.82,11.25,8.75,10.18,0,0.153846154,0.216880342,-0.063034188,11.50779351,10.89220649,1,101.0659297,0.160733765,0.054963126,11.25
2011-02-14,11.25,0,0,4.65,4.65,4.65,28.57,11.25,11.25,11.25,11.25,10.75,11.23,11.25,10.75,10.9,11.25,10.75,10.82,11.25,8.75,10.19,0,0.134615385,0.206908832,-0.072293447,11.4486068,11.0013932,1,101.0692178,0.160733765,0.039840855,11.25
2011-02-15,11.25,0,0,4.65,4.65,4.65,28.57,11.25,11.25,11.25,11.25,11.25,11.25,11.25,10.75,10.9,11.25,10.75,10.83,11.25,8.75,10.2,0,0.115384615,0.192307692,-0.076923077,11.25,11.25,0,101.0668164,0.160733765,0,11.25
2011-02-16,11.25,0,0,0,4.65,4.65,28.57,11.25,11.25,11.25,11.25,11.25,11.25,11.25,10.75,10.91,11.25,10.75,10.83,11.25,8.75,10.21,0,0.096153846,0.173076923,-0.076923077,11.25,11.25,0,100.9591116,0,0,11.25
2011-02-17,11.25,0,0,0,4.65,4.65,28.57,11.25,11.25,11.25,11.25,11.25,11.25,11.25,10.75,10.92,11.25,10.75,10.83,11.25,8.75,10.22,0,0.076923077,0.153846154,-0.076923077,11.25,11.25,0,100.8572869,0,0,11.25
2011-02-18,11.25,0,0,0,4.65,4.65,28.57,11.25,11.25,11.25,11.25,11.25,11.25,11.25,10.75,10.93,11.25,10.75,10.84,11.25,8.75,10.23,0,0.057692308,0.134615385,-0.076923077,11.25,11.25,0,100.7613077,0,0,11.25
2011-02-21,11.25,0,0,0,4.65,4.65,28.57,11.25,11.25,11.25,11.25,11.25,11.25,11.25,10.75,10.93,11.25,10.75,10.84,11.25,8.75,10.24,0,0.038461538,0.115384615,-0.076923077,11.25,11.25,0,100.6711409,0,0,11.25
2011-02-22,11.25,0,0,0,4.65,4.65,28.57,11.25,11.25,11.25,11.25,11.25,11.25,11.25,10.75,10.94,11.25,10.75,10.85,11.25,8.75,10.25,0,0.019230769,0.096153846,-0.076923077,11.25,11.25,0,100.5867561,0,0,11.25
2011-02-23,11.25,0,0,0,4.65,4.65,28.57,11.25,11.25,11.25,11.25,11.25,11.25,11.25,10.75,10.95,11.25,10.75,10.85,11.25,8.75,10.26,0,0,0.076923077,-0.076923077,11.25,11.25,0,100.5081244,0,0,11.25
2011-02-24,11.25,0,0,0,4.65,4.65,28.57,11.25,11.25,11.25,11.25,11.25,11.25,11.25,10.75,10.96,11.25,10.75,10.85,11.25,8.75,10.27,0,0,0.05982906,-0.05982906,11.25,11.25,0,100.4352193,0,0,11.25
2011-02-25,11.25,0,0,0,4.65,4.65,28.57,11.25,11.25,11.25,11.25,11.25,11.25,11.25,10.75,10.97,11.25,10.75,10.86,11.25,8.75,10.28,0,0,0.044871795,-0.044871795,11.25,11.25,0,100.3680161,0,0,11.25
2011-02-28,11.25,0,0,0,4.65,4.65,28.57,11.25,11.25,11.25,11.25,11.25,11.25,11.25,10.75,10.97,11.25,10.75,10.86,11.25,8.75,10.29,0,0,0.032051282,-0.032051282,11.25,11.25,0,100.3064921,0,0,11.25
2011-03-01,11.25,0,0,0,4.65,4.65,28.57,11.25,11.25,11.25,11.25,11.25,11.25,11.25,10.75,10.98,11.25,10.75,10.87,11.25,8.75,10.3,0,0,0.021367521,-0.021367521,11.25,11.25,0,100.2506266,0,0,11.25
2011-03-02,11.75,4.44,4.44,4.44,9.3,9.3,34.29,11.75,11.25,11.35,11.75,11.25,11.28,11.75,10.75,11,11.75,10.75,10.87,11.75,8.75,10.31,0,0.022435897,0.01531339,0.007122507,11.4986068,11.0513932,1,100.3058104,0.153743088,0.039664177,11.75
2011-03-03,11.75,0,4.44,4.44,9.3,9.3,34.29,11.75,11.25,11.45,11.75,11.25,11.3,11.75,10.75,11.01,11.75,10.75,10.88,11.75,8.75,10.32,0,0.044871795,0.013888889,0.030982906,11.60779351,10.99220649,1,100.3608104,0.153743088,0.054476727,11.75
2011-03-04,11.75,0,4.44,4.44,9.3,9.3,34.29,11.75,11.25,11.55,11.75,11.25,11.33,11.75,10.75,11.03,11.75,10.75,10.89,11.75,8.75,10.33,0,0.067307692,0.017094017,0.050213675,11.69134755,10.95865245,1,100.4156276,0.153743088,0.064697139,11.75
2011-03-07,11.75,0,4.44,4.44,9.3,9.3,34.29,11.75,11.25,11.65,11.75,11.25,11.35,11.75,10.75,11.04,11.75,10.75,10.9,11.75,8.75,10.34,0,0.08974359,0.024928775,0.064814815,11.76039134,10.93960866,1,100.4702628,0.153743088,0.072315655,11.75
2011-03-08,11.75,0,4.44,4.44,9.3,9.3,34.29,11.75,11.75,11.75,11.75,11.25,11.38,11.75,10.75,11.06,11.75,10.75,10.9,11.75,8.75,10.36,0,0.112179487,0.037393162,0.074786325,11.81926166,10.93073834,1,100.5247169,0.153743088,0.07811194,11.75
2011-03-09,11.75,0,0,4.44,9.3,9.3,34.29,11.75,11.75,11.75,11.75,11.25,11.4,11.75,10.75,11.07,11.75,10.75,10.91,11.75,8.75,10.37,0,0.134615385,0.052350427,0.082264957,11.87016235,10.92983765,1,100.5789909,0.153743088,0.082484622,11.75
2011-03-10,11.75,0,0,4.44,9.3,9.3,34.29,11.75,11.75,11.75,11.75,11.25,11.43,11.75,10.75,11.09,11.75,10.75,10.92,11.75,8.75,10.38,0,0.157051282,0.06980057,0.087250712,11.91436048,10.93563952,1,100.6330856,0.153743088,0.085664855,11.75
2011-03-11,11.75,0,0,4.44,9.3,9.3,34.29,11.75,11.75,11.75,11.75,11.25,11.45,11.75,10.75,11.1,11.75,10.75,10.93,11.75,8.75,10.39,0,0.179487179,0.08974359,0.08974359,11.95262469,10.94737531,1,100.6870019,0.153743088,0.087794706,11.75
2011-03-14,11.75,0,0,4.44,9.3,9.3,34.29,11.75,11.75,11.75,11.75,11.25,11.48,11.75,10.75,11.12,11.75,10.75,10.93,11.75,8.75,10.4,0,0.201923077,0.112179487,0.08974359,11.98541779,10.96458221,1,100.7407407,0.153743088,0.088961706,11.75
2011-03-15,11.75,0,0,4.44,9.3,9.3,34.29,11.75,11.75,11.75,11.75,11.25,11.5,11.75,10.75,11.13,11.75,10.75,10.94,11.75,8.75,10.41,0,0.224358974,0.134615385,0.08974359,12.01298918,10.98701082,1,100.7943029,0.153743088,0.089215509,11.75
2011-03-16,11.75,0,0,4.44,9.3,9.3,34.29,11.75,11.75,11.75,11.75,11.25,11.53,11.75,10.75,11.15,11.75,10.75,10.95,11.75,8.75,10.43,0,0.246794872,0.157051282,0.08974359,12.03541779,11.01458221,1,100.8421743,0.153743088,0.088575755,11.75
2011-03-17,11.75,0,0,4.44,9.3,9.3,34.29,11.75,11.75,11.75,11.75,11.25,11.55,11.75,10.75,11.17,11.75,10.75,10.96,11.75,8.75,10.44,0,0.269230769,0.179487179,0.08974359,12.05262469,11.04737531,1,100.884376,0.153743088,0.087034578,11.75
2011-03-18,11.75,0,0,4.44,9.3,9.3,34.29,11.75,11.75,11.75,11.75,11.25,11.58,11.75,10.75,11.18,11.75,10.75,10.97,11.75,8.75,10.45,0,0.25,0.197293447,0.052706553,12.06436048,11.08563952,1,100.9209307,0.153743088,0.084554727,11.75
2011-03-21,11.75,0,0,4.44,9.3,9.3,34.29,11.75,11.75,11.75,11.75,11.25,11.6,11.75,10.75,11.2,11.75,10.75,10.97,11.75,8.75,10.46,0,0.230769231,0.210470085,0.020299145,12.07016235,11.12983765,1,100.9518629,0.153743088,0.081062473,11.75
2011-03-22,11.75,0,0,4.44,9.3,9.3,34.29,11.75,11.75,11.75,11.75,11.25,11.63,11.75,10.75,11.21,11.75,10.75,10.98,11.75,8.75,10.47,0,0.211538462,0.219017094,-0.007478632,12.06926166,11.18073834,1,100.9771987,0.153743088,0.076432113,11.75
2011-03-23,11.75,0,0,4.44,9.3,9.3,34.29,11.75,11.75,11.75,11.75,11.25,11.65,11.75,10.75,11.23,11.75,10.75,10.99,11.75,8.75,10.48,0,0.192307692,0.222934473,-0.030626781,12.06039134,11.23960866,1,100.9969658,0.153743088,0.070453449,11.75
2011-03-24,11.75,0,0,4.44,9.3,9.3,34.29,11.75,11.75,11.75,11.75,11.25,11.68,11.75,10.75,11.24,11.75,10.75,11,11.75,8.75,10.49,0,0.173076923,0.222222222,-0.049145299,12.04134755,11.30865245,1,101.0111934,0.153743088,0.06275761,11.75
2011-03-25,11.75,0,0,4.44,9.3,9.3,34.29,11.75,11.75,11.75,11.75,11.25,11.7,11.75,10.75,11.26,11.75,10.75,11,11.75,8.75,10.51,0,0.153846154,0.216880342,-0.063034188,12.00779351,11.39220649,1,101.0199126,0.153743088,0.052614274,11.75
2011-03-28,11.75,0,0,4.44,9.3,9.3,34.29,11.75,11.75,11.75,11.75,11.25,11.73,11.75,10.75,11.27,11.75,10.75,11.01,11.75,8.75,10.52,0,0.134615385,0.206908832,-0.072293447,11.9486068,11.5013932,1,101.0231556,0.153743088,0.038141884,11.75
2011-03-29,11.75,0,0,4.44,9.3,9.3,34.29,11.75,11.75,11.75,11.75,11.75,11.75,11.75,10.75,11.29,11.75,10.75,11.02,11.75,8.75,10.53,0,0.115384615,0.192307692,-0.076923077,11.75,11.75,0,101.0209565,0.153743088,0,11.75
2011-03-30,11.75,0,0,0,9.3,9.3,34.29,11.75,11.75,11.75,11.75,11.75,11.75,11.75,10.75,11.3,11.75,10.75,11.03,11.75,8.75,10.54,0,0.096153846,0.173076923,-0.076923077,11.75,11.75,0,100.9179237,0,0,11.75
2011-03-31,11.75,0,0,0,9.3,9.3,34.29,11.75,11.75,11.75,11.75,11.75,11.75,11.75,10.75,11.32,11.75,10.75,11.03,11.75,8.75,10.55,0,0.076923077,0.153846154,-0.076923077,11.75,11.75,0,100.8205073,0,0,11.75
2011-04-01,11.75,0,0,0,9.3,9.3,34.29,11.75,11.75,11.75,11.75,11.75,11.75,11.75,10.75,11.33,11.75,10.75,11.04,11.75,8.75,10.56,0,0.057692308,0.134615385,-0.076923077,11.75,11.75,0,100.7286755,0,0,11.75
2011-04-04,11.75,0,0,0,9.3,9.3,34.29,11.75,11.75,11.75,11.75,11.75,11.75,11.75,10.75,11.35,11.75,10.75,11.05,11.75,8.75,10.58,0,0.038461538,0.115384615,-0.076923077,11.75,11.75,0,100.6423983,0,0,11.75
2011-04-05,11.75,0,0,0,9.3,9.3,34.29,11.75,11.75,11.75,11.75,11.75,11.75,11.75,10.75,11.37,11.75,10.75,11.06,11.75,8.75,10.59,0,0.019230769,0.096153846,-0.076923077,11.75,11.75,0,100.5616475,0,0,11.75
2011-04-06,11.75,0,0,0,9.3,9.3,34.29,11.75,11.75,11.75,11.75,11.75,11.75,11.75,10.75,11.38,11.75,10.75,11.07,11.75,8.75,10.6,0,0,0.076923077,-0.076923077,11.75,11.75,0,100.4863969,0,0,11.75
2011-04-07,11.75,0,0,0,9.3,9.3,34.29,11.75,11.75,11.75,11.75,11.75,11.75,11.75,10.75,11.4,11.75,10.75,11.07,11.75,8.75,10.61,0,0,0.05982906,-0.05982906,11.75,11.75,0,100.4166222,0,0,11.75
2011-04-08,11.75,0,0,0,9.3,9.3,34.29,11.75,11.75,11.75,11.75,11.75,11.75,11.75,10.75,11.41,11.75,10.75,11.08,11.75,8.75,10.62,0,0,0.044871795,-0.044871795,11.75,11.75,0,100.3523006,0,0,11.75
2011-04-11,11.75,0,0,0,9.3,9.3,34.29,11.75,11.75,11.75,11.75,11.75,11.75,11.75,10.75,11.43,11.75,10.75,11.09,11.75,8.75,10.63,0,0,0.032051282,-0.032051282,11.75,11.75,0,100.2934116,0,0,11.75
2011-04-12,11.75,0,0,0,9.3,9.3,34.29,11.75,11.75,11.75,11.75,11.75,11.75,11.75,10.75,11.44,11.75,10.75,11.1,11.75,8.75,10.64,0,0,0.021367521,-0.021367521,11.75,11.75,0,100.239936,0,0,11.75
2011-04-13,11.75,0,0,0,9.3,9.3,34.29,11.75,11.75,11.75,11.75,11.75,11.75,11.75,10.75,11.46,11.75,10.75,11.1,11.75,8.75,10.66,0,0,0.012820513,-0.012820513,11.75,11.75,0,100.1918567,0,0,11.75
2011-04-14,11.75,0,0,0,9.3,9.3,34.29,11.75,11.75,11.75,11.75,11.75,11.75,11.75,10.75,11.47,11.75,10.75,11.11,11.75,8.75,10.67,0,0,0.006410256,-0.006410256,11.75,11.75,0,100.1491583,0,0,11.75
2011-04-15,11.75,0,0,0,9.3,9.3,34.29,11.75,11.75,11.75,11.75,11.75,11.75,11.75,10.75,11.49,11.75,10.75,11.12,11.75,8.75,10.68,0,0,0.002136752,-0.002136752,11.75,11.75,0,100.111827,0,0,11.75
2011-04-18,11.75,0,0,0,9.3,9.3,34.29,11.75,11.75,11.75,11.75,11.75,11.75,11.75,10.75,11.5,11.75,10.75,11.13,11.75,8.75,10.69,0,0,0,0,11.75,11.75,0,100.0798509,0,0,11.75
2011-04-19,11.75,0,0,0,9.3,9.3,34.29,11.75,11.75,11.75,11.75,11.75,11.75,11.75,11.25,11.52,11.75,10.75,11.13,11.75,8.75,10.7,0,0,0,0,11.75,11.75,0,100.0532198,0,0,11.75
2011-04-20,12,2.13,2.13,2.13,6.67,11.63,37.14,12,11.75,11.8,12,11.75,11.76,12,11.25,11.53,12,10.75,11.14,12,8.75,10.71,0,0.011217949,0.001246439,0.00997151,11.8743034,11.6506966,1,100.0824271,0.074435042,0.019010142,12
2011-04-21,12,0,2.13,2.13,6.67,11.63,37.14,12,11.75,11.85,12,11.75,11.78,12,11.25,11.54,12,10.75,11.15,12,8.75,10.73,0,0.022435897,0.003739316,0.018696581,11.92889675,11.62110325,1,100.1142493,0.074435042,0.026139576,12
2011-04-22,12,0,2.13,2.13,6.67,11.63,37.14,12,11.75,11.9,12,11.75,11.79,12,11.25,11.55,12,10.75,11.16,12,8.75,10.74,0,0.033653846,0.007478632,0.026175214,11.97067377,11.60432623,1,100.1486831,0.074435042,0.031079325,12
2011-04-25,12,0,2.13,2.13,6.67,11.63,37.14,12,11.75,11.95,12,11.75,11.8,12,11.25,11.57,12,10.75,11.17,12,8.75,10.75,0,0.044871795,0.012464387,0.032407407,12.00519567,11.59480433,1,100.1857257,0.074435042,0.034778927,12
2011-04-26,12,0,2.13,2.13,6.67,11.63,37.14,12,12,12,12,11.75,11.81,12,11.25,11.58,12,10.75,11.18,12,9.5,10.76,0,0.056089744,0.018696581,0.037393162,12.03463083,11.59036917,1,100.2253745,0.074435042,0.037609453,12
2011-04-27,12,0,0,2.13,6.67,11.63,26.32,12,12,12,12,11.75,11.83,12,11.25,11.59,12,10.75,11.19,12,9.5,10.77,0,0.067307692,0.026175214,0.041132479,12.06008117,11.58991883,1,100.2623142,0.074435042,0.039760029,12
2011-04-28,12,0,0,2.13,6.67,11.63,26.32,12,12,12,12,11.75,11.84,12,11.25,11.6,12,10.75,11.2,12,9.5,10.78,0,0.078525641,0.034900285,0.043625356,12.08218024,11.59281976,1,100.2965473,0.074435042,0.041339851,12
2011-04-29,12,0,0,2.13,6.67,11.63,26.32,12,12,12,12,11.75,11.85,12,11.25,11.61,12,10.75,11.21,12,9.5,10.79,0,0.08974359,0.044871795,0.044871795,12.10131234,11.59868766,1,100.328077,0.074435042,0.042415586,12
2011-05-02,12,0,0,2.13,6.67,11.63,26.32,12,12,12,12,11.75,11.86,12,11.25,11.62,12,10.75,11.22,12,9.5,10.8,0,0.100961538,0.056089744,0.044871795,12.11770889,11.60729111,1,100.3569068,0.074435042,0.043027843,12
2011-05-03,12,0,0,2.13,6.67,11.63,26.32,12,12,12,12,11.75,11.88,12,11.25,11.63,12,10.75,11.23,12,9.5,10.81,0,0.112179487,0.067307692,0.044871795,12.13149459,11.61850541,1,100.3830405,0.074435042,0.043199089,12
2011-05-04,12,0,0,2.13,6.67,11.63,26.32,12,12,12,12,11.75,11.89,12,11.25,11.65,12,10.75,11.24,12,9.5,10.82,0,0.123397436,0.078525641,0.044871795,12.14270889,11.63229111,1,100.4064826,0.074435042,0.042937353,12
2011-05-05,12,0,0,2.13,6.67,11.63,26.32,12,12,12,12,11.75,11.9,12,11.25,11.66,12,10.75,11.25,12,9.5,10.83,0,0.134615385,0.08974359,0.044871795,12.15131234,11.64868766,1,100.4272377,0.074435042,0.042237369,12
2011-05-06,12,0,0,2.13,6.67,11.63,26.32,12,12,12,12,11.75,11.91,12,11.25,11.67,12,10.75,11.26,12,9.5,10.84,0,0.125,0.098646724,0.026353276,12.15718024,11.66781976,1,100.4453111,0.074435042,0.041079579,12
2011-05-09,12,0,0,2.13,6.67,11.63,26.32,12,12,12,12,11.75,11.93,12,11.25,11.68,12,10.75,11.27,12,9.5,10.85,0,0.115384615,0.105235043,0.010149573,12.16008117,11.68991883,1,100.4607082,0.074435042,0.039426612,12
2011-05-10,12,0,0,2.13,6.67,11.63,26.32,12,12,12,12,11.75,11.94,12,11.25,11.69,12,10.75,11.28,12,9.5,10.86,0,0.105769231,0.109508547,-0.003739316,12.15963083,11.71536917,1,100.473435,0.074435042,0.037215636,12
2011-05-11,12,0,0,2.13,6.67,11.63,26.32,12,12,12,12,11.75,11.95,12,11.25,11.7,12,10.75,11.29,12,9.5,10.87,0,0.096153846,0.111467236,-0.01531339,12.15519567,11.74480433,1,100.483498,0.074435042,0.034342372,12
2011-05-12,12,0,0,2.13,6.67,11.63,26.32,12,12,12,12,11.75,11.96,12,11.25,11.72,12,10.75,11.3,12,9.5,10.88,0,0.086538462,0.111111111,-0.02457265,12.14567377,11.77932623,1,100.4909038,0.074435042,0.030624664,12
2011-05-13,12,0,0,2.13,6.67,11.63,26.32,12,12,12,12,11.75,11.98,12,11.25,11.73,12,10.75,11.31,12,9.5,10.89,0,0.076923077,0.108440171,-0.031517094,12.12889675,11.82110325,1,100.4956597,0.074435042,0.025703007,12
2011-05-16,12,0,0,2.13,6.67,11.63,26.32,12,12,12,12,11.75,11.99,12,11.25,11.74,12,10.75,11.32,12,9.5,10.9,0,0.067307692,0.103454416,-0.036146724,12.0993034,11.8756966,1,100.4977731,0.074435042,0.01865333,12
2011-05-17,12,0,0,2.13,6.67,11.63,26.32,12,12,12,12,12,12,12,11.25,11.75,12,10.75,11.33,12,9.5,10.91,0,0.057692308,0.096153846,-0.038461538,12,12,0,100.497252,0.074435042,0,12
2011-05-18,12,0,0,0,6.67,11.63,26.32,12,12,12,12,12,12,12,11.25,11.76,12,10.75,11.34,12,9.5,10.92,0,0.048076923,0.086538462,-0.038461538,12,12,0,100.4473044,0,0,12
2011-05-19,12,0,0,0,6.67,11.63,26.32,12,12,12,12,12,12,12,11.25,11.77,12,10.75,11.35,12,9.5,10.93,0,0.038461538,0.076923077,-0.038461538,12,12,0,100.4000314,0,0,12
2011-05-20,12,0,0,0,6.67,11.63,26.32,12,12,12,12,12,12,12,11.25,11.78,12,10.75,11.36,12,9.5,10.94,0,0.028846154,0.067307692,-0.038461538,12,12,0,100.3554255,0,0,12
2011-05-23,12,0,0,0,6.67,11.63,26.32,12,12,12,12,12,12,12,11.25,11.8,12,10.75,11.37,12,9.5,10.95,0,0.019230769,0.057692308,-0.038461538,12,12,0,100.3134796,0,0,12
2011-05-24,12,0,0,0,6.67,11.63,26.32,12,12,12,12,12,12,12,11.25,11.81,12,10.75,11.38,12,9.5,10.96,0,0.009615385,0.048076923,-0.038461538,12,12,0,100.2741872,0,0,12
2011-05-25,12,0,0,0,6.67,11.63,26.32,12,12,12,12,12,12,12,11.25,11.82,12,10.75,11.38,12,9.5,10.97,0,0,0.038461538,-0.038461538,12,12,0,100.2375421,0,0,12
2011-05-26,12,0,0,0,6.67,11.63,26.32,12,12,12,12,12,12,12,11.25,11.83,12,10.75,11.39,12,9.5,10.98,0,0,0.02991453,-0.02991453,12,12,0,100.2035384,0,0,12
2011-05-27,12,0,0,0,6.67,11.63,26.32,12,12,12,12,12,12,12,11.25,11.84,12,10.75,11.4,12,9.5,10.99,0,0,0.022435897,-0.022435897,12,12,0,100.1721709,0,0,12
2011-05-30,12,0,0,0,6.67,11.63,26.32,12,12,12,12,12,12,12,11.25,11.85,12,10.75,11.41,12,9.5,11,0,0,0.016025641,-0.016025641,12,12,0,100.1434346,0,0,12
2011-05-31,12,0,0,0,6.67,11.63,26.32,12,12,12,12,12,12,12,11.75,11.87,12,10.75,11.42,12,9.5,11,0,0,0.010683761,-0.010683761,12,12,0,100.117325,0,0,12
2011-06-01,12,0,0,0,2.13,11.63,26.32,12,12,12,12,12,12,12,11.75,11.87,12,10.75,11.43,12,9.5,11.01,0,0,0.006410256,-0.006410256,12,12,0,100.093838,0,0,12
2011-06-02,12,0,0,0,2.13,11.63,26.32,12,12,12,12,12,12,12,11.75,11.87,12,10.75,11.44,12,9.5,11.02,0,0,0.003205128,-0.003205128,12,12,0,100.0729699,0,0,12
2011-06-03,12,0,0,0,2.13,11.63,26.32,12,12,12,12,12,12,12,11.75,11.88,12,10.75,11.45,12,9.5,11.03,0,0,0.001068376,-0.001068376,12,12,0,100.0547174,0,0,12
2011-06-06,12,0,0,0,2.13,11.63,26.32,12,12,12,12,12,12,12,11.75,11.88,12,10.75,11.46,12,9.5,11.04,0,0,0,0,12,12,0,100.0390778,0,0,12
2011-06-07,12,0,0,0,2.13,11.63,26.32,12,12,12,12,12,12,12,11.75,11.88,12,10.75,11.47,12,10.25,11.05,0,0,0,0,12,12,0,100.0260485,0,0,12
2011-06-08,12.25,2.08,2.08,2.08,4.26,13.95,19.51,12.25,12,12.05,12.25,12,12.01,12.25,11.75,11.89,12.25,10.75,11.48,12.25,10.25,11.06,0,0.011217949,0.001246439,0.00997151,12.1243034,11.9006966,1,100.0650787,0.072900189,0.01861451,12.25
2011-06-09,12.25,0,2.08,2.08,4.26,13.95,19.51,12.25,12,12.1,12.25,12,12.03,12.25,11.75,11.9,12.25,10.75,11.49,12.25,10.25,11.07,0,0.022435897,0.003739316,0.018696581,12.17889675,11.87110325,1,100.1040583,0.072900189,0.025596134,12.25
2011-06-10,12.25,0,2.08,2.08,4.26,13.95,19.51,12.25,12,12.15,12.25,12,12.04,12.25,11.75,11.91,12.25,10.75,11.51,12.25,10.25,11.08,0,0.033653846,0.007478632,0.026175214,12.22067377,11.85432623,1,100.1429871,0.072900189,0.030433857,12.25
2011-06-13,12.25,0,2.08,2.08,4.26,13.95,19.51,12.25,12,12.2,12.25,12,12.05,12.25,11.75,11.92,12.25,10.75,11.52,12.25,10.25,11.08,0,0.044871795,0.012464387,0.032407407,12.25519567,11.84480433,1,100.1818654,0.072900189,0.034057373,12.25
2011-06-14,12.25,0,2.08,2.08,4.26,13.95,19.51,12.25,12.25,12.25,12.25,12,12.06,12.25,11.75,11.92,12.25,10.75,11.53,12.25,10.25,11.09,0,0.056089744,0.018696581,0.037393162,12.28463083,11.84036917,1,100.2206932,0.072900189,0.036829982,12.25
2011-06-15,12.25,0,0,2.08,4.26,13.95,19.51,12.25,12.25,12.25,12.25,12,12.08,12.25,11.75,11.93,12.25,10.75,11.54,12.25,10.25,11.1,0,0.067307692,0.026175214,0.041132479,12.31008117,11.83991883,1,100.2568693,0.072900189,0.03893684,12.25
2011-06-16,12.25,0,0,2.08,4.26,13.95,19.51,12.25,12.25,12.25,12.25,12,12.09,12.25,11.75,11.94,12.25,10.75,11.55,12.25,10.25,11.11,0,0.078525641,0.034900285,0.043625356,12.33218024,11.84281976,1,100.2903962,0.072900189,0.040484838,12.25
2011-06-17,12.25,0,0,2.08,4.26,13.95,19.51,12.25,12.25,12.25,12.25,12,12.1,12.25,11.75,11.95,12.25,10.75,11.56,12.25,10.25,11.11,0,0.08974359,0.044871795,0.044871795,12.35131234,11.84868766,1,100.3212768,0.072900189,0.041539231,12.25
2011-06-20,12.25,0,0,2.08,4.26,13.95,19.51,12.25,12.25,12.25,12.25,12,12.11,12.25,11.75,11.95,12.25,10.75,11.58,12.25,10.25,11.12,0,0.100961538,0.056089744,0.044871795,12.36770889,11.85729111,1,100.3495146,0.072900189,0.042139755,12.25
2011-06-21,12.25,0,0,2.08,4.26,13.95,19.51,12.25,12.25,12.25,12.25,12,12.13,12.25,11.75,11.96,12.25,10.75,11.59,12.25,10.25,11.13,0,0.112179487,0.067307692,0.044871795,12.38149459,11.86850541,1,100.3751132,0.072900189,0.042308386,12.25
2011-06-22,12.25,0,0,2.08,4.26,13.95,19.51,12.25,12.25,12.25,12.25,12,12.14,12.25,11.75,11.97,12.25,10.75,11.6,12.25,10.25,11.14,0,0.123397436,0.078525641,0.044871795,12.39270889,11.88229111,1,100.3980768,0.072900189,0.042052959,12.25
2011-06-23,12.25,0,0,2.08,4.26,13.95,19.51,12.25,12.25,12.25,12.25,12,12.15,12.25,11.75,11.98,12.25,10.75,11.61,12.25,10.25,11.15,0,0.134615385,0.08974359,0.044871795,12.40131234,11.89868766,1,100.41841,0.072900189,0.041368287,12.25
2011-06-24,12.25,0,0,2.08,4.26,13.95,19.51,12.25,12.25,12.25,12.25,12,12.16,12.25,11.75,11.98,12.25,10.75,11.62,12.25,10.25,11.15,0,0.125,0.098646724,0.026353276,12.40718024,11.91781976,1,100.4361178,0.072900189,0.040235189,12.25
2011-06-27,12.25,0,0,2.08,4.26,13.95,19.51,12.25,12.25,12.25,12.25,12,12.18,12.25,11.75,11.99,12.25,10.75,11.63,12.25,10.25,11.16,0,0.115384615,0.105235043,0.010149573,12.41008117,11.93991883,1,100.4512054,0.072900189,0.03861703,12.25
2011-06-28,12.25,0,0,2.08,4.26,13.95,19.51,12.25,12.25,12.25,12.25,12,12.19,12.25,11.75,12,12.25,10.75,11.64,12.25,10.25,11.17,0,0.105769231,0.109508547,-0.003739316,12.40963083,11.96536917,1,100.4636785,0.072900189,0.036452239,12.25
2011-06-29,12.25,0,0,2.08,4.26,13.95,19.51,12.25,12.25,12.25,12.25,12,12.2,12.25,11.75,12.01,12.25,10.75,11.66,12.25,10.25,11.18,0,0.096153846,0.111467236,-0.01531339,12.40519567,11.99480433,1,100.4735433,0.072900189,0.033638634,12.25
2011-06-30,12.25,0,0,2.08,4.26,13.95,19.51,12.25,12.25,12.25,12.25,12,12.21,12.25,11.75,12.02,12.25,10.75,11.67,12.25,10.25,11.18,0,0.086538462,0.111111111,-0.02457265,12.39567377,12.02932623,1,100.4808063,0.072900189,0.029997752,12.25
2011-07-01,12.25,0,0,2.08,4.26,13.95,19.51,12.25,12.25,12.25,12.25,12,12.23,12.25,11.75,12.02,12.25,10.75,11.68,12.25,10.25,11.19,0,0.076923077,0.108440171,-0.031517094,12.37889675,12.07110325,1,100.4854743,0.072900189,0.025177383,12.25
2011-07-04,12.25,0,0,2.08,4.26,13.95,19.51,12.25,12.25,12.25,12.25,12,12.24,12.25,11.75,12.03,12.25,10.75,11.69,12.25,10.25,11.2,0,0.067307692,0.103454416,-0.036146724,12.3493034,12.1256966,1,100.4875545,0.072900189,0.018272261,12.25
2011-07-05,12.25,0,0,2.08,4.26,13.95,19.51,12.25,12.25,12.25,12.25,12.25,12.25,12.25,11.75,12.04,12.25,10.75,11.7,12.25,10.25,11.21,0,0.057692308,0.096153846,-0.038461538,12.25,12.25,0,100.4870546,0.072900189,0,12.25
2011-07-06,12.25,0,0,0,4.26,13.95,19.51,12.25,12.25,12.25,12.25,12.25,12.25,12.25,11.75,12.05,12.25,10.75,11.71,12.25,10.25,11.21,0,0.048076923,0.086538462,-0.038461538,12.25,12.25,0,100.4381357,0,0,12.25
2011-07-07,12.25,0,0,0,4.26,13.95,19.51,12.25,12.25,12.25,12.25,12.25,12.25,12.25,11.75,12.05,12.25,10.75,11.73,12.25,10.25,11.22,0,0.038461538,0.076923077,-0.038461538,12.25,12.25,0,100.3918355,0,0,12.25
2011-07-08,12.25,0,0,0,4.26,13.95,19.51,12.25,12.25,12.25,12.25,12.25,12.25,12.25,11.75,12.06,12.25,10.75,11.74,12.25,10.25,11.23,0,0.028846154,0.067307692,-0.038461538,12.25,12.25,0,100.3481466,0,0,12.25
2011-07-11,12.25,0,0,0,4.26,13.95,19.51,12.25,12.25,12.25,12.25,12.25,12.25,12.25,11.75,12.07,12.25,10.75,11.75,12.25,10.25,11.24,0,0.019230769,0.057692308,-0.038461538,12.25,12.25,0,100.3070624,0,0,12.25
2011-07-12,12.25,0,0,0,4.26,13.95,19.51,12.25,12.25,12.25,12.25,12.25,12.25,12.25,11.75,12.08,12.25,10.75,11.76,12.25,10.25,11.25,0,0.009615385,0.048076923,-0.038461538,12.25,12.25,0,100.2685765,0,0,12.25
2011-07-13,12.25,0,0,0,4.26,13.95,19.51,12.25,12.25,12.25,12.25,12.25,12.25,12.25,11.75,12.08,12.25,10.75,11.77,12.25,10.25,11.25,0,0,0.038461538,-0.038461538,12.25,12.25,0,100.232683,0,0,12.25
2011-07-14,12.25,0,0,0,4.26,13.95,19.51,12.25,12.25,12.25,12.25,12.25,12.25,12.25,11.75,12.09,12.25,10.75,11.78,12.25,10.25,11.26,0,0,0.02991453,-0.02991453,12.25,12.25,0,100.1993763,0,0,12.25
2011-07-15,12.25,0,0,0,4.26,13.95,19.51,12.25,12.25,12.25,12.25,12.25,12.25,12.25,11.75,12.1,12.25,10.75,11.79,12.25,10.25,11.27,0,0,0.022435897,-0.022435897,12.25,12.25,0,100.1686513,0,0,12.25
2011-07-18,12.25,0,0,0,4.26,13.95,19.51,12.25,12.25,12.25,12.25,12.25,12.25,12.25,11.75,12.11,12.25,10.75,11.81,12.25,10.25,11.28,0,0,0.016025641,-0.016025641,12.25,12.25,0,100.1405033,0,0,12.25
2011-07-19,12.25,0,0,0,4.26,13.95,19.51,12.25,12.25,12.25,12.25,12.25,12.25,12.25,12,12.12,12.25,11.25,11.82,12.25,10.75,11.28,0,0,0.010683761,-0.010683761,12.25,12.25,0,100.1149279,0,0,12.25
2011-07-20,12.5,2.04,2.04,2.04,4.17,11.11,16.28,12.5,12.25,12.3,12.5,12.25,12.26,12.5,12,12.12,12.5,11.25,11.83,12.5,10.75,11.29,0,0.011217949,0.007656695,0.003561254,12.3743034,12.1506966,1,100.1403598,0.071427357,0.018235009,12.5
2011-07-21,12.5,0,2.04,2.04,4.17,11.11,16.28,12.5,12.25,12.35,12.5,12.25,12.28,12.5,12,12.13,12.5,11.25,11.84,12.5,10.75,11.3,0,0.022435897,0.006944444,0.015491453,12.42889675,12.12110325,1,100.1657529,0.071427357,0.025074827,12.5
2011-07-22,12.5,0,2.04,2.04,4.17,11.11,16.28,12.5,12.25,12.4,12.5,12.25,12.29,12.5,12,12.14,12.5,11.25,11.85,12.5,10.75,11.3,0,0.033653846,0.008547009,0.025106838,12.47067377,12.10432623,1,100.1911071,0.071427357,0.029814653,12.5
2011-07-25,12.5,0,2.04,2.04,4.17,11.11,16.28,12.5,12.25,12.45,12.5,12.25,12.3,12.5,12,12.15,12.5,11.25,11.86,12.5,10.75,11.31,0,0.044871795,0.012464387,0.032407407,12.50519567,12.09480433,1,100.2164227,0.071427357,0.03336515,12.5
2011-07-26,12.5,0,2.04,2.04,4.17,11.11,16.28,12.5,12.5,12.5,12.5,12.25,12.31,12.5,12,12.15,12.5,11.25,11.87,12.5,10.75,11.32,0,0.056089744,0.018696581,0.037393162,12.53463083,12.09036917,1,100.2416995,0.071427357,0.036082165,12.5
2011-07-27,12.5,0,0,2.04,4.17,11.11,16.28,12.5,12.5,12.5,12.5,12.25,12.33,12.5,12,12.16,12.5,11.25,11.88,12.5,10.75,11.32,0,0.067307692,0.026175214,0.041132479,12.56008117,12.08991883,1,100.2669378,0.071427357,0.038147046,12.5
2011-07-28,12.5,0,0,2.04,4.17,11.11,16.28,12.5,12.5,12.5,12.5,12.25,12.34,12.5,12,12.17,12.5,11.25,11.88,12.5,10.75,11.33,0,0.078525641,0.034900285,0.043625356,12.58218024,12.09281976,1,100.2921377,0.071427357,0.039664477,12.5
2011-07-29,12.5,0,0,2.04,4.17,11.11,16.28,12.5,12.5,12.5,12.5,12.25,12.35,12.5,12,12.18,12.5,11.25,11.89,12.5,10.75,11.34,0,0.08974359,0.044871795,0.044871795,12.60131234,12.09868766,1,100.3172991,0.071427357,0.040698355,12.5
2011-08-01,12.5,0,0,2.04,4.17,11.11,16.28,12.5,12.5,12.5,12.5,12.25,12.36,12.5,12,12.18,12.5,11.25,11.9,12.5,10.75,11.34,0,0.100961538,0.056089744,0.044871795,12.61770889,12.10729111,1,100.3424223,0.071427357,0.041287586,12.5
2011-08-02,12.5,0,0,2.04,4.17,11.11,16.28,12.5,12.5,12.5,12.5,12.25,12.38,12.5,12,12.19,12.5,11.25,11.91,12.5,10.75,11.35,0,0.112179487,0.067307692,0.044871795,12.63149459,12.11850541,1,100.3675073,0.071427357,0.041453671,12.5
2011-08-03,12.5,0,0,2.04,4.17,11.11,16.28,12.5,12.5,12.5,12.5,12.25,12.39,12.5,12,12.2,12.5,11.25,11.92,12.5,10.75,11.36,0,0.123397436,0.078525641,0.044871795,12.64270889,12.13229111,1,100.3900116,0.071427357,0.041204261,12.5
2011-08-04,12.5,0,0,2.04,4.17,11.11,16.28,12.5,12.5,12.5,12.5,12.25,12.4,12.5,12,12.21,12.5,11.25,11.93,12.5,10.75,11.36,0,0.134615385,0.08974359,0.044871795,12.65131234,12.14868766,1,100.4099398,0.071427357,0.040534249,12.5
2011-08-05,12.5,0,0,2.04,4.17,11.11,16.28,12.5,12.5,12.5,12.5,12.25,12.41,12.5,12,12.22,12.5,11.25,11.94,12.5,10.75,11.37,0,0.125,0.098646724,0.026353276,12.65718024,12.16781976,1,100.4272964,0.071427357,0.039424812,12.5
2011-08-08,12.5,0,0,2.04,4.17,11.11,16.28,12.5,12.5,12.5,12.5,12.25,12.43,12.5,12,12.22,12.5,11.25,11.95,12.5,10.75,11.38,0,0.115384615,0.105235043,0.010149573,12.66008117,12.18991883,1,100.4420866,0.071427357,0.037840028,12.5
2011-08-09,12.5,0,0,2.04,4.17,11.11,16.28,12.5,12.5,12.5,12.5,12.25,12.44,12.5,12,12.23,12.5,11.25,11.96,12.5,10.75,11.38,0,0.105769231,0.109508547,-0.003739316,12.65963083,12.21536917,1,100.454316,0.071427357,0.03571953,12.5
2011-08-10,12.5,0,0,2.04,4.17,11.11,16.28,12.5,12.5,12.5,12.5,12.25,12.45,12.5,12,12.24,12.5,11.25,11.97,12.5,10.75,11.39,0,0.096153846,0.111467236,-0.01531339,12.65519567,12.24480433,1,100.4639903,0.071427357,0.03296316,12.5
2011-08-11,12.5,0,0,2.04,4.17,11.11,16.28,12.5,12.5,12.5,12.5,12.25,12.46,12.5,12,12.25,12.5,11.25,11.98,12.5,10.75,11.4,0,0.086538462,0.111111111,-0.02457265,12.64567377,12.27932623,1,100.4711158,0.071427357,0.029395992,12.5
2011-08-12,12.5,0,0,2.04,4.17,11.11,16.28,12.5,12.5,12.5,12.5,12.25,12.48,12.5,12,12.25,12.5,11.25,11.99,12.5,10.75,11.4,0,0.076923077,0.108440171,-0.031517094,12.62889675,12.32110325,1,100.4756991,0.071427357,0.024672826,12.5
2011-08-15,12.5,0,0,2.04,4.17,11.11,16.28,12.5,12.5,12.5,12.5,12.25,12.49,12.5,12,12.26,12.5,11.25,12,12.5,10.75,11.41,0,0.067307692,0.103454416,-0.036146724,12.5993034,12.3756966,1,100.477747,0.071427357,0.01790645,12.5
2011-08-16,12.5,0,0,2.04,4.17,11.11,16.28,12.5,12.5,12.5,12.5,12.5,12.5,12.5,12,12.27,12.5,11.25,12.01,12.5,10.75,11.42,0,0.057692308,0.096153846,-0.038461538,12.5,12.5,0,100.477267,0.071427357,0,12.5
2011-08-17,12.5,0,0,0,4.17,11.11,16.28,12.5,12.5,12.5,12.5,12.5,12.5,12.5,12,12.28,12.5,11.25,12.02,12.5,10.75,11.43,0,0.048076923,0.086538462,-0.038461538,12.5,12.5,0,100.4293354,0,0,12.5
2011-08-18,12.5,0,0,0,4.17,11.11,16.28,12.5,12.5,12.5,12.5,12.5,12.5,12.5,12,12.28,12.5,11.25,12.03,12.5,10.75,11.43,0,0.038461538,0.076923077,-0.038461538,12.5,12.5,0,100.3839687,0,0,12.5
2011-08-19,12.5,0,0,0,4.17,11.11,16.28,12.5,12.5,12.5,12.5,12.5,12.5,12.5,12,12.29,12.5,11.25,12.04,12.5,10.75,11.44,0,0.028846154,0.067307692,-0.038461538,12.5,12.5,0,100.3411599,0,0,12.5
2011-08-22,12.5,0,0,0,4.17,11.11,16.28,12.5,12.5,12.5,12.5,12.5,12.5,12.5,12,12.3,12.5,11.25,12.05,12.5,10.75,11.45,0,0.019230769,0.057692308,-0.038461538,12.5,12.5,0,100.3009027,0,0,12.5
2011-08-23,12.5,0,0,0,4.17,11.11,16.28,12.5,12.5,12.5,12.5,12.5,12.5,12.5,12,12.31,12.5,11.25,12.06,12.5,10.75,11.45,0,0.009615385,0.048076923,-0.038461538,12.5,12.5,0,100.2631909,0,0,12.5
2011-08-24,12.5,0,0,0,4.17,11.11,16.28,12.5,12.5,12.5,12.5,12.5,12.5,12.5,12,12.32,12.5,11.25,12.07,12.5,10.75,11.46,0,0,0.038461538,-0.038461538,12.5,12.5,0,100.2280187,0,0,12.5
2011-08-25,12.5,0,0,0,4.17,11.11,16.28,12.5,12.5,12.5,12.5,12.5,12.5,12.5,12,12.32,12.5,11.25,12.08,12.5,10.75,11.47,0,0,0.02991453,-0.02991453,12.5,12.5,0,100.195381,0,0,12.5
2011-08-26,12.5,0,0,0,4.17,11.11,16.28,12.5,12.5,12.5,12.5,12.5,12.5,12.5,12,12.33,12.5,11.25,12.09,12.5,10.75,11.47,0,0,0.022435897,-0.022435897,12.5,12.5,0,100.1652727,0,0,12.5
2011-08-29,12.5,0,0,0,4.17,11.11,16.28,12.5,12.5,12.5,12.5,12.5,12.5,12.5,12,12.34,12.5,11.25,12.1,12.5,10.75,11.48,0,0,0.016025641,-0.016025641,12.5,12.5,0,100.1376893,0,0,12.5
2011-08-30,12,-4,-4,-4,0,6.67,11.63,12.5,12,12.4,12.5,12,12.48,12.5,12,12.34,12.5,11.75,12.1,12.5,10.75,11.48,0,-0.022435897,0.008190883,-0.030626781,12.6986068,12.2513932,0,99.91740295,0.144327546,0.035848785,12
2011-08-31,12,0,-4,-4,0,2.13,11.63,12.5,12,12.3,12.5,12,12.45,12.5,12,12.34,12.5,11.75,12.1,12.5,10.75,11.49,0,-0.044871795,-0.001068376,-0.043803419,12.75779351,12.14220649,0,99.70468992,0.144327546,0.04944474,12
2011-09-01,12,0,-4,-4,0,2.13,11.63,12.5,12,12.2,12.5,12,12.43,12.5,12,12.34,12.5,11.75,12.11,12.5,10.75,11.49,0,-0.067307692,-0.011752137,-0.055555556,12.79134755,12.05865245,0,99.4994995,0.144327546,0.058969424,12
2011-09-02,12,0,-4,-4,0,2.13,11.63,12.5,12,12.1,12.5,12,12.4,12.5,12,12.34,12.5,11.75,12.11,12.5,10.75,11.5,0,-0.08974359,-0.023860399,-0.065883191,12.81039134,11.98960866,0,99.30178433,0.144327546,0.066192152,12
2011-09-05,12,0,-4,-4,0,2.13,11.63,12,12,12,12.5,12,12.38,12.5,12,12.34,12.5,11.75,12.11,12.5,10.75,11.5,0,-0.112179487,-0.037393162,-0.074786325,12.81926166,11.93073834,0,99.11150044,0.144327546,0.071799864,12
2011-09-06,12,0,0,-4,0,2.13,11.63,12,12,12,12.5,12,12.35,12.5,12,12.34,12.5,11.75,12.11,12.5,10.75,11.51,0,-0.134615385,-0.052350427,-0.082264957,12.82016235,11.87983765,0,98.92860719,0.144327546,0.076139651,12
2011-09-07,12,0,0,-4,-2.04,2.13,11.63,12,12,12,12.5,12,12.33,12.5,12,12.33,12.5,11.75,12.11,12.5,10.75,11.51,0,-0.157051282,-0.06980057,-0.087250712,12.81436048,11.83563952,0,98.75306725,0.144327546,0.079409409,12
2011-09-08,12,0,0,-4,-2.04,2.13,11.63,12,12,12,12.5,12,12.3,12.5,12,12.33,12.5,11.75,12.12,12.5,10.75,11.52,0,-0.179487179,-0.08974359,-0.08974359,12.80262469,11.79737531,0,98.58484659,0.144327546,0.081727592,12
2011-09-09,12,0,0,-4,-2.04,2.13,11.63,12,12,12,12.5,12,12.28,12.5,12,12.33,12.5,11.75,12.12,12.5,10.75,11.52,0,-0.201923077,-0.112179487,-0.08974359,12.78541779,11.76458221,0,98.42391441,0.144327546,0.083163794,12
2011-09-12,12,0,0,-4,-2.04,2.13,11.63,12,12,12,12.5,12,12.25,12.5,12,12.32,12.5,11.75,12.12,12.5,10.75,11.53,0,-0.224358974,-0.134615385,-0.08974359,12.76298918,11.73701082,0,98.27024317,0.144327546,0.083753335,12
2011-09-13,12,0,0,-4,-2.04,2.13,11.63,12,12,12,12.5,12,12.23,12.5,12,12.32,12.5,11.75,12.12,12.5,10.75,11.53,0,-0.246794872,-0.157051282,-0.08974359,12.73541779,11.71458221,0,98.12380857,0.144327546,0.083503932,12
2011-09-14,12,0,0,-4,-2.04,2.13,11.63,12,12,12,12.5,12,12.2,12.5,12,12.32,12.5,11.75,12.12,12.5,10.75,11.54,0,-0.269230769,-0.179487179,-0.08974359,12.70262469,11.69737531,0,97.98213031,0.144327546,0.08239749,12
2011-09-15,12,0,0,-4,-2.04,2.13,11.63,12,12,12,12.5,12,12.18,12.5,12,12.31,12.5,11.75,12.13,12.5,10.75,11.54,0,-0.25,-0.197293447,-0.052706553,12.66436048,11.68563952,0,97.84519564,0.144327546,0.080387759,12
2011-09-16,12,0,0,-4,-2.04,2.13,11.63,12,12,12,12.5,12,12.15,12.5,12,12.31,12.5,11.75,12.13,12.5,10.75,11.55,0,-0.230769231,-0.210470085,-0.020299145,12.62016235,11.67983765,0,97.71299321,0.144327546,0.077392979,12
2011-09-19,12,0,0,-4,-2.04,2.13,11.63,12,12,12,12.5,12,12.13,12.5,12,12.3,12.5,11.75,12.13,12.5,10.75,11.55,0,-0.211538462,-0.219017094,0.007478632,12.56926166,11.68073834,0,97.58551308,0.144327546,0.073280274,12
2011-09-20,12,0,0,-4,-2.04,2.13,11.63,12,12,12,12.5,12,12.1,12.5,12,12.3,12.5,11.75,12.13,12.5,10.75,11.56,0,-0.192307692,-0.222934473,0.030626781,12.51039134,11.68960866,0,97.46274668,0.144327546,0.067833279,12
2011-09-21,12,0,0,-4,-2.04,2.13,11.63,12,12,12,12.5,12,12.08,12.5,12,12.3,12.5,11.75,12.13,12.5,10.75,11.56,0,-0.173076923,-0.222222222,0.049145299,12.44134755,11.70865245,0,97.34468685,0.144327546,0.060678683,12
2011-09-22,12,0,0,-4,-2.04,2.13,11.63,12,12,12,12.5,12,12.05,12.5,12,12.29,12.5,11.75,12.13,12.5,10.75,11.57,0,-0.153846154,-0.216880342,0.063034188,12.35779351,11.74220649,0,97.23132785,0.144327546,0.051086059,12
2011-09-23,12,0,0,-4,-2.04,2.13,11.63,12,12,12,12.5,12,12.03,12.5,12,12.29,12.5,11.75,12.14,12.5,10.75,11.57,0,-0.134615385,-0.206908832,0.072293447,12.2486068,11.8013932,0,97.12266532,0.144327546,0.03719032,12
2011-09-26,12,0,0,-4,-2.04,2.13,11.63,12,12,12,12,12,12,12.5,12,12.28,12.5,11.75,12.14,12.5,10.75,11.58,0,-0.115384615,-0.192307692,0.076923077,12,12,0,97.01869631,0.144327546,0,12
2011-09-27,12,0,0,0,-2.04,2.13,11.63,12,12,12,12,12,12,12.5,12,12.28,12.5,11.75,12.14,12.5,10.75,11.58,0,-0.096153846,-0.173076923,0.076923077,12,12,0,97.11193162,0,0,12
2011-09-28,12,0,0,0,-2.04,2.13,11.63,12,12,12,12,12,12,12.5,12,12.28,12.5,11.75,12.14,12.5,10.75,11.58,0,-0.076923077,-0.153846154,0.076923077,12,12,0,97.20042525,0,0,12
2011-09-29,12,0,0,0,-2.04,2.13,11.63,12,12,12,12,12,12,12.5,12,12.27,12.5,11.75,12.14,12.5,10.75,11.59,0,-0.057692308,-0.134615385,0.076923077,12,12,0,97.28415079,0,0,12
2011-09-30,12,0,0,0,-2.04,2.13,11.63,12,12,12,12,12,12,12.5,12,12.27,12.5,11.75,12.15,12.5,10.75,11.59,0,-0.038461538,-0.115384615,0.076923077,12,12,0,97.36308316,0,0,12
2011-10-03,12,0,0,0,-2.04,2.13,11.63,12,12,12,12,12,12,12.5,12,12.27,12.5,11.75,12.15,12.5,10.75,11.6,0,-0.019230769,-0.096153846,0.076923077,12,12,0,97.43719868,0,0,12
2011-10-04,12,0,0,0,-2.04,2.13,11.63,12,12,12,12,12,12,12.5,12,12.26,12.5,11.75,12.15,12.5,10.75,11.6,0,0,-0.076923077,0.076923077,12,12,0,97.50647504,0,0,12
2011-10-05,12,0,0,0,-2.04,2.13,11.63,12,12,12,12,12,12,12.5,12,12.26,12.5,11.75,12.15,12.5,10.75,11.61,0,0,-0.05982906,0.05982906,12,12,0,97.57089135,0,0,12
2011-10-06,12,0,0,0,-2.04,2.13,11.63,12,12,12,12,12,12,12.5,12,12.25,12.5,11.75,12.15,12.5,10.75,11.61,0,0,-0.044871795,0.044871795,12,12,0,97.63042815,0,0,12
2011-10-07,12,0,0,0,-2.04,2.13,11.63,12,12,12,12,12,12,12.5,12,12.25,12.5,11.75,12.16,12.5,10.75,11.62,0,0,-0.032051282,0.032051282,12,12,0,97.68506741,0,0,12
2011-10-10,12,0,0,0,-2.04,2.13,11.63,12,12,12,12,12,12,12.5,12,12.25,12.5,11.75,12.16,12.5,10.75,11.62,0,0,-0.021367521,0.021367521,12,12,0,97.73479257,0,0,12
2011-10-11,12,0,0,0,-2.04,2.13,11.63,12,12,12,12,12,12,12.5,12,12.24,12.5,11.75,12.16,12.5,10.75,11.63,0,0,-0.012820513,0.012820513,12,12,0,97.77958851,0,0,12
2011-10-12,12,0,0,0,-2.04,2.13,11.63,12,12,12,12,12,12,12.5,12,12.24,12.5,11.75,12.16,12.5,10.75,11.63,0,0,-0.006410256,0.006410256,12,12,0,97.81944161,0,0,12
2011-10-13,12,0,0,0,-2.04,2.13,11.63,12,12,12,12,12,12,12.5,12,12.23,12.5,11.75,12.16,12.5,10.75,11.64,0,0,-0.002136752,0.002136752,12,12,0,97.85433974,0,0,12
2011-10-14,12,0,0,0,-2.04,2.13,11.63,12,12,12,12,12,12,12.5,12,12.23,12.5,11.75,12.17,12.5,10.75,11.64,0,0,0,0,12,12,0,97.88427224,0,0,12
2011-10-17,12,0,0,0,-2.04,2.13,11.63,12,12,12,12,12,12,12.5,12,12.23,12.5,11.75,12.17,12.5,10.75,11.65,0,0,0,0,12,12,0,97.90922998,0,0,12
2011-10-18,12,0,0,0,-2.04,2.13,11.63,12,12,12,12,12,12,12.5,12,12.22,12.5,12,12.17,12.5,10.75,11.65,0,0,0,0,12,12,0,97.92920535,0,0,12
2011-10-19,11.5,-4.17,-4.17,-4.17,-8,-4.17,6.98,12,11.5,11.9,12,11.5,11.98,12.5,11.5,12.21,12.5,11.5,12.17,12.5,10.75,11.65,0,-0.022435897,-0.002492877,-0.01994302,12.1986068,11.7513932,0,97.74512805,0.15047096,0.037345603,11.5
2011-10-20,11.5,0,-4.17,-4.17,-8,-4.17,6.98,12,11.5,11.8,12,11.5,11.95,12.5,11.5,12.19,12.5,11.5,12.16,12.5,10.75,11.66,0,-0.044871795,-0.007478632,-0.037393162,12.25779351,11.64220649,0,97.56097561,0.15047096,0.051513557,11.5
2011-10-21,11.5,0,-4.17,-4.17,-8,-4.17,6.98,12,11.5,11.7,12,11.5,11.93,12.5,11.5,12.18,12.5,11.5,12.16,12.5,10.75,11.66,0,-0.067307692,-0.014957265,-0.052350427,12.29134755,11.55865245,0,97.37674798,0.15047096,0.061441937,11.5
2011-10-24,11.5,0,-4.17,-4.17,-8,-4.17,6.98,12,11.5,11.6,12,11.5,11.9,12.5,11.5,12.16,12.5,11.5,12.15,12.5,10.75,11.66,0,-0.08974359,-0.024928775,-0.064814815,12.31039134,11.48960866,0,97.19244513,0.15047096,0.068973335,11.5
2011-10-25,11.5,0,-4.17,-4.17,-8,-4.17,6.98,11.5,11.5,11.5,12,11.5,11.88,12.5,11.5,12.15,12.5,11.5,12.15,12.5,10.75,11.67,0,-0.112179487,-0.037393162,-0.074786325,12.31926166,11.43073834,0,97.01302017,0.15047096,0.074823016,11.5
2011-10-26,11.5,0,0,-4.17,-8,-4.17,6.98,11.5,11.5,11.5,12,11.5,11.85,12.5,11.5,12.13,12.5,11.5,12.15,12.5,10.75,11.67,0,-0.134615385,-0.052350427,-0.082264957,12.32016235,11.37983765,0,96.83844936,0.15047096,0.079352295,11.5
2011-10-27,11.5,0,0,-4.17,-8,-4.17,6.98,11.5,11.5,11.5,12,11.5,11.83,12.5,11.5,12.12,12.5,11.5,12.14,12.5,10.75,11.67,0,-0.157051282,-0.06980057,-0.087250712,12.31436048,11.33563952,0,96.6687104,0.15047096,0.082767101,11.5
2011-10-28,11.5,0,0,-4.17,-8,-4.17,6.98,11.5,11.5,11.5,12,11.5,11.8,12.5,11.5,12.1,12.5,11.5,12.14,12.5,10.75,11.68,0,-0.179487179,-0.08974359,-0.08974359,12.30262469,11.29737531,0,96.50378246,0.15047096,0.085190625,11.5
2011-10-31,11.5,0,0,-4.17,-8,-4.17,6.98,11.5,11.5,11.5,12,11.5,11.78,12.5,11.5,12.08,12.5,11.5,12.13,12.5,10.75,11.68,0,-0.201923077,-0.112179487,-0.08974359,12.28541779,11.26458221,0,96.34364613,0.15047096,0.086695165,11.5
2011-11-01,11.5,0,0,-4.17,-8,-4.17,6.98,11.5,11.5,11.5,12,11.5,11.75,12.5,11.5,12.07,12.5,11.5,12.13,12.5,10.75,11.68,0,-0.224358974,-0.134615385,-0.08974359,12.26298918,11.23701082,0,96.18828345,0.15047096,0.087317307,11.5
2011-11-02,11.5,0,0,-4.17,-8,-4.17,6.98,11.5,11.5,11.5,12,11.5,11.73,12.5,11.5,12.05,12.5,11.5,12.13,12.5,10.75,11.68,0,-0.246794872,-0.157051282,-0.08974359,12.23541779,11.21458221,0,96.03767789,0.15047096,0.087064867,11.5
2011-11-03,11.5,0,0,-4.17,-8,-4.17,6.98,11.5,11.5,11.5,12,11.5,11.7,12.5,11.5,12.04,12.5,11.5,12.12,12.5,10.75,11.69,0,-0.269230769,-0.179487179,-0.08974359,12.20262469,11.19737531,0,95.89181436,0.15047096,0.08591875,11.5
2011-11-04,11.5,0,0,-4.17,-8,-4.17,6.98,11.5,11.5,11.5,12,11.5,11.68,12.5,11.5,12.02,12.5,11.5,12.12,12.5,10.75,11.69,0,-0.25,-0.197293447,-0.052706553,12.16436048,11.18563952,0,95.75067917,0.15047096,0.08383049,11.5
2011-11-07,11.5,0,0,-4.17,-8,-4.17,6.98,11.5,11.5,11.5,12,11.5,11.65,12.5,11.5,12.01,12.5,11.5,12.12,12.5,10.75,11.69,0,-0.230769231,-0.210470085,-0.020299145,12.12016235,11.17983765,0,95.61426007,0.15047096,0.080714566,11.5
2011-11-08,11.5,0,0,-4.17,-8,-4.17,6.98,11.5,11.5,11.5,12,11.5,11.63,12.5,11.5,11.99,12.5,11.5,12.11,12.5,10.75,11.7,0,-0.211538462,-0.219017094,0.007478632,12.06926166,11.18073834,0,95.4825462,0.15047096,0.076432113,11.5
2011-11-09,11.5,0,0,-4.17,-8,-4.17,6.98,11.5,11.5,11.5,12,11.5,11.6,12.5,11.5,11.98,12.5,11.5,12.11,12.5,10.75,11.7,0,-0.192307692,-0.222934473,0.030626781,12.01039134,11.18960866,0,95.35552815,0.15047096,0.070757128,11.5
2011-11-10,11.5,0,0,-4.17,-8,-4.17,6.98,11.5,11.5,11.5,12,11.5,11.58,12.5,11.5,11.96,12.5,11.5,12.1,12.5,10.75,11.7,0,-0.173076923,-0.222222222,0.049145299,11.94134755,11.20865245,0,95.23319792,0.15047096,0.063299792,11.5
2011-11-11,11.5,0,0,-4.17,-8,-4.17,6.98,11.5,11.5,11.5,12,11.5,11.55,12.5,11.5,11.95,12.5,11.5,12.1,12.5,10.75,11.7,0,-0.153846154,-0.216880342,0.063034188,11.85779351,11.24220649,0,95.11554892,0.15047096,0.053297577,11.5
2011-11-14,11.5,0,0,-4.17,-8,-4.17,6.98,11.5,11.5,11.5,12,11.5,11.53,12.5,11.5,11.93,12.5,11.5,12.1,12.5,10.75,11.71,0,-0.134615385,-0.206908832,0.072293447,11.7486068,11.3013932,0,95.00257599,0.15047096,0.038803783,11.5
2011-11-15,11.5,0,0,-4.17,-8,-4.17,6.98,11.5,11.5,11.5,11.5,11.5,11.5,12.5,11.5,11.92,12.5,11.5,12.09,12.5,10.75,11.71,0,-0.115384615,-0.192307692,0.076923077,11.5,11.5,0,94.8942754,0.15047096,0,11.5
2011-11-16,11.5,0,0,0,-8,-4.17,6.98,11.5,11.5,11.5,11.5,11.5,11.5,12.5,11.5,11.9,12.5,11.5,12.09,12.5,10.75,11.71,0,-0.096153846,-0.173076923,0.076923077,11.5,11.5,0,94.98735223,0,0,11.5
2011-11-17,11.5,0,0,0,-8,-4.17,6.98,11.5,11.5,11.5,11.5,11.5,11.5,12.5,11.5,11.88,12.5,11.5,12.08,12.5,10.75,11.72,0,-0.076923077,-0.153846154,0.076923077,11.5,11.5,0,95.07569886,0,0,11.5
2011-11-18,11.5,0,0,0,-8,-4.17,6.98,11.5,11.5,11.5,11.5,11.5,11.5,12.5,11.5,11.87,12.5,11.5,12.08,12.5,10.75,11.72,0,-0.057692308,-0.134615385,0.076923077,11.5,11.5,0,95.15928837,0,0,11.5
2011-11-21,11.5,0,0,0,-8,-4.17,6.98,11.5,11.5,11.5,11.5,11.5,11.5,12.5,11.5,11.85,12.5,11.5,12.08,12.5,10.75,11.72,0,-0.038461538,-0.115384615,0.076923077,11.5,11.5,0,95.23809524,0,0,11.5
2011-11-22,11.5,0,0,0,-8,-4.17,6.98,11.5,11.5,11.5,11.5,11.5,11.5,12.5,11.5,11.84,12.5,11.5,12.07,12.5,10.75,11.72,0,-0.019230769,-0.096153846,0.076923077,11.5,11.5,0,95.31209531,0,0,11.5
2011-11-23,11.5,0,0,0,-8,-4.17,6.98,11.5,11.5,11.5,11.5,11.5,11.5,12.5,11.5,11.82,12.5,11.5,12.07,12.5,10.75,11.73,0,0,-0.076923077,0.076923077,11.5,11.5,0,95.38126588,0,0,11.5
2011-11-24,11.5,0,0,0,-8,-4.17,6.98,11.5,11.5,11.5,11.5,11.5,11.5,12.5,11.5,11.81,12.5,11.5,12.07,12.5,10.75,11.73,0,0,-0.05982906,0.05982906,11.5,11.5,0,95.44558564,0,0,11.5
2011-11-25,11.5,0,0,0,-8,-4.17,6.98,11.5,11.5,11.5,11.5,11.5,11.5,12.5,11.5,11.79,12.5,11.5,12.06,12.5,10.75,11.73,0,0,-0.044871795,0.044871795,11.5,11.5,0,95.50503478,0,0,11.5
2011-11-28,11.5,0,0,0,-8,-4.17,6.98,11.5,11.5,11.5,11.5,11.5,11.5,12,11.5,11.78,12.5,11.5,12.06,12.5,10.75,11.74,0,0,-0.032051282,0.032051282,11.5,11.5,0,95.65895503,0,0,11.5
2011-11-29,11.5,0,0,0,-4.17,-4.17,6.98,11.5,11.5,11.5,11.5,11.5,11.5,12,11.5,11.77,12.5,11.5,12.05,12.5,10.75,11.74,0,0,-0.021367521,0.021367521,11.5,11.5,0,95.80838323,0,0,11.5
2011-11-30,11,-4.35,-4.35,-4.35,-8.33,-8.33,2.33,11.5,11,11.4,11.5,11,11.48,12,11,11.75,12.5,11,12.05,12.5,10.75,11.74,0,-0.022435897,-0.01531339,-0.007122507,11.6986068,11.2513932,0,95.74967405,0.157160714,0.038972862,11
2011-12-01,11,0,-4.35,-4.35,-8.33,-8.33,2.33,11.5,11,11.3,11.5,11,11.45,12,11,11.74,12.5,11,12.04,12.5,10.75,11.74,0,-0.044871795,-0.013888889,-0.030982906,11.75779351,11.14220649,0,95.69078088,0.157160714,0.053763058,11
2011-12-02,11,0,-4.35,-4.35,-8.33,-8.33,2.33,11.5,11,11.2,11.5,11,11.43,12,11,11.72,12.5,11,12.03,12.5,10.75,11.74,0,-0.067307692,-0.017094017,-0.050213675,11.79134755,11.05865245,0,95.63170285,0.157160714,0.064130862,11
2011-12-05,11,0,-4.35,-4.35,-8.33,-8.33,2.33,11.5,11,11.1,11.5,11,11.4,12,11,11.71,12.5,11,12.02,12.5,10.75,11.74,0,-0.08974359,-0.024928775,-0.064814815,11.81039134,10.98960866,0,95.57243909,0.157160714,0.071998481,11
2011-12-06,11,0,-4.35,-4.35,-8.33,-8.33,2.33,11,11,11,11.5,11,11.38,12,11,11.69,12.5,11,12.02,12.5,10.75,11.74,0,-0.112179487,-0.037393162,-0.074786325,11.81926166,10.93073834,0,95.51298872,0.157160714,0.07811194,11
2011-12-07,11,0,0,-4.35,-8.33,-10.2,2.33,11,11,11,11.5,11,11.35,12,11,11.68,12.5,11,12.01,12.5,10.75,11.74,0,-0.134615385,-0.052350427,-0.082264957,11.82016235,10.87983765,0,95.45335085,0.157160714,0.08284799,11
2011-12-08,11,0,0,-4.35,-8.33,-10.2,2.33,11,11,11,11.5,11,11.33,12,11,11.66,12.5,11,12,12.5,10.75,11.75,0,-0.157051282,-0.06980057,-0.087250712,11.81436048,10.83563952,0,95.39352461,0.157160714,0.086421278,11
2011-12-09,11,0,0,-4.35,-8.33,-10.2,2.33,11,11,11,11.5,11,11.3,12,11,11.65,12.5,11,11.99,12.5,10.75,11.75,0,-0.179487179,-0.08974359,-0.08974359,11.80262469,10.79737531,0,95.3335091,0.157160714,0.088960122,11
2011-12-12,11,0,0,-4.35,-8.33,-10.2,2.33,11,11,11,11.5,11,11.28,12,11,11.63,12.5,11,11.98,12.5,10.75,11.75,0,-0.201923077,-0.112179487,-0.08974359,11.78541779,10.76458221,0,95.27330341,0.157160714,0.09053974,11
2011-12-13,11,0,0,-4.35,-8.33,-10.2,2.33,11,11,11,11.5,11,11.25,12,11,11.62,12.5,11,11.97,12.5,10.75,11.75,0,-0.224358974,-0.134615385,-0.08974359,11.76298918,10.73701082,0,95.21290664,0.157160714,0.091198076,11
2011-12-14,11,0,0,-4.35,-8.33,-10.2,2.33,11,11,11,11.5,11,11.23,12,11,11.6,12.5,11,11.96,12.5,10.75,11.75,0,-0.246794872,-0.157051282,-0.08974359,11.73541779,10.71458221,0,95.15735933,0.157160714,0.090943035,11
2011-12-15,11,0,0,-4.35,-8.33,-10.2,2.33,11,11,11,11.5,11,11.2,12,11,11.58,12.5,11,11.95,12.5,10.75,11.75,0,-0.269230769,-0.179487179,-0.08974359,11.70262469,10.69737531,0,95.10667657,0.157160714,0.089754409,11
2011-12-16,11,0,0,-4.35,-8.33,-10.2,2.33,11,11,11,11.5,11,11.18,12,11,11.57,12.5,11,11.94,12.5,10.75,11.75,0,-0.25,-0.197293447,-0.052706553,11.66436048,10.68563952,0,95.06087511,0.157160714,0.087581295,11
2011-12-19,11,0,0,-4.35,-8.33,-10.2,2.33,11,11,11,11.5,11,11.15,12,11,11.55,12.5,11,11.93,12.5,10.75,11.75,0,-0.230769231,-0.210470085,-0.020299145,11.62016235,10.67983765,0,95.01997337,0.157160714,0.084334053,11
2011-12-20,11,0,0,-4.35,-8.33,-10.2,2.33,11,11,11,11.5,11,11.13,12,11,11.54,12.5,11,11.92,12.5,10.75,11.75,0,-0.211538462,-0.219017094,0.007478632,11.56926166,10.68073834,0,94.98399146,0.157160714,0.079867264,11
2011-12-21,11,0,0,-4.35,-8.33,-10.2,2.33,11,11,11,11.5,11,11.1,12,11,11.52,12.5,11,11.91,12.5,10.75,11.75,0,-0.192307692,-0.222934473,0.030626781,11.51039134,10.68960866,0,94.95295124,0.157160714,0.073944386,11
2011-12-22,11,0,0,-4.35,-8.33,-10.2,2.33,11,11,11,11.5,11,11.08,12,11,11.51,12.5,11,11.9,12.5,10.75,11.75,0,-0.173076923,-0.222222222,0.049145299,11.44134755,10.70865245,0,94.92687631,0.157160714,0.066157571,11
2011-12-23,11,0,0,-4.35,-8.33,-10.2,2.33,11,11,11,11.5,11,11.05,12,11,11.49,12.5,11,11.89,12.5,10.75,11.76,0,-0.153846154,-0.216880342,0.063034188,11.35779351,10.74220649,0,94.90579204,0.157160714,0.055709232,11
2011-12-26,11,0,0,-4.35,-8.33,-10.2,2.33,11,11,11,11.5,11,11.03,12,11,11.48,12.5,11,11.88,12.5,10.75,11.76,0,-0.134615385,-0.206908832,0.072293447,11.2486068,10.8013932,0,94.78774852,0.157160714,0.040563591,11
2011-12-27,11,0,0,-4.35,-8.33,-10.2,2.33,11,11,11,11,11,11,12,11,11.46,12.5,11,11.87,12.5,10.75,11.76,0,-0.115384615,-0.192307692,0.076923077,11,11,0,94.67455621,0.157160714,0,11
2011-12-28,11,0,0,0,-8.33,-10.2,2.33,11,11,11,11,11,11,12,11,11.45,12.5,11,11.86,12.5,10.75,11.76,0,-0.096153846,-0.173076923,0.076923077,11,11,0,94.7714178,0,0,11
2011-12-29,11,0,0,0,-8.33,-10.2,2.33,11,11,11,11,11,11,12,11,11.43,12.5,11,11.85,12.5,10.75,11.76,0,-0.076923077,-0.153846154,0.076923077,11,11,0,94.86336442,0,0,11
2011-12-30,11,0,0,0,-8.33,-10.2,2.33,11,11,11,11,11,11,12,11,11.42,12.5,11,11.84,12.5,10.75,11.76,0,-0.057692308,-0.134615385,0.076923077,11,11,0,94.95036685,0,0,11
2012-01-02,11,0,0,0,-8.33,-10.2,2.33,11,11,11,11,11,11,12,11,11.4,12.5,11,11.83,12.5,10.75,11.76,0,-0.038461538,-0.115384615,0.076923077,11,11,0,95.03239741,0,0,11
2012-01-03,11,0,0,0,-8.33,-10.2,2.33,11,11,11,11,11,11,12,11,11.38,12.5,11,11.82,12.5,10.75,11.76,0,-0.019230769,-0.096153846,0.076923077,11,11,0,95.10942988,0,0,11
2012-01-04,11,0,0,0,-8.33,-10.2,2.33,11,11,11,11,11,11,12,11,11.37,12.5,11,11.81,12.5,10.75,11.76,0,0,-0.076923077,0.076923077,11,11,0,95.18143962,0,0,11
2012-01-05,11,0,0,0,-8.33,-10.2,2.33,11,11,11,11,11,11,12,11,11.35,12.5,11,11.8,12.5,10.75,11.76,0,0,-0.05982906,0.05982906,11,11,0,95.24840351,0,0,11
2012-01-06,11,0,0,0,-8.33,-10.2,2.33,11,11,11,11,11,11,12,11,11.34,12.5,11,11.79,12.5,10.75,11.77,0,0,-0.044871795,0.044871795,11,11,0,95.31030001,0,0,11
2012-01-09,11,0,0,0,-8.33,-10.2,2.33,11,11,11,11,11,11,12,11,11.32,12.5,11,11.78,12.5,10.75,11.77,0,0,-0.032051282,0.032051282,11,11,0,95.36710918,0,0,11
2012-01-10,11,0,0,0,-8.33,-10.2,2.33,11,11,11,11,11,11,12,11,11.31,12.5,11,11.78,12.5,10.75,11.77,0,0,-0.021367521,0.021367521,11,11,0,95.41881269,0,0,11
2012-01-11,11,0,0,0,-8.33,-10.2,2.33,11,11,11,11,11,11,12,11,11.29,12.5,11,11.77,12.5,10.75,11.77,0,0,-0.012820513,0.012820513,11,11,0,95.46539379,0,0,11
2012-01-12,11,0,0,0,-8.33,-10.2,2.33,11,11,11,11,11,11,12,11,11.28,12.5,11,11.76,12.5,10.75,11.77,0,0,-0.006410256,0.006410256,11,11,0,95.50683742,0,0,11
2012-01-13,11,0,0,0,-8.33,-10.2,2.33,11,11,11,11,11,11,12,11,11.26,12.5,11,11.75,12.5,10.75,11.77,0,0,-0.002136752,0.002136752,11,11,0,95.54313012,0,0,11
2012-01-16,11,0,0,0,-8.33,-10.2,2.33,11,11,11,11,11,11,12,11,11.25,12.5,11,11.74,12.5,10.75,11.77,0,0,0,0,11,11,0,95.57426011,0,0,11
2012-01-17,11,0,0,0,-8.33,-10.2,2.33,11,11,11,11,11,11,11.5,11,11.23,12.5,11,11.73,12.5,11,11.77,0,0,0,0,11,11,0,95.70418706,0,0,11
2012-01-18,10.5,-4.55,-4.55,-4.55,-8.7,-16,-6.67,11,10.5,10.9,11,10.5,10.98,11.5,10.5,11.22,12.5,10.5,11.71,12.5,10.5,11.77,0,-0.022435897,-0.002492877,-0.01994302,11.1986068,10.7513932,0,95.61666213,0.164473093,0.040748391,10.5
2012-01-19,10.5,0,-4.55,-4.55,-8.7,-16,-6.67,11,10.5,10.8,11,10.5,10.95,11.5,10.5,11.2,12.5,10.5,11.7,12.5,10.5,11.77,0,-0.044871795,-0.007478632,-0.037393162,11.25779351,10.64220649,0,95.52889858,0.164473093,0.056217992,10.5
2012-01-20,10.5,0,-4.55,-4.55,-8.7,-16,-6.67,11,10.5,10.7,11,10.5,10.93,11.5,10.5,11.18,12.5,10.5,11.68,12.5,10.5,11.76,0,-0.067307692,-0.014957265,-0.052350427,11.29134755,10.55865245,0,95.44089544,0.164473093,0.067065913,10.5
2012-01-23,10.5,0,-4.55,-4.55,-8.7,-16,-6.67,11,10.5,10.6,11,10.5,10.9,11.5,10.5,11.17,12.5,10.5,11.67,12.5,10.5,11.76,0,-0.08974359,-0.024928775,-0.064814815,11.31039134,10.48960866,0,95.35265172,0.164473093,0.075301163,10.5
2012-01-24,10.5,0,-4.55,-4.55,-8.7,-16,-6.67,10.5,10.5,10.5,11,10.5,10.88,11.5,10.5,11.15,12.5,10.5,11.65,12.5,10.5,11.76,0,-0.112179487,-0.037393162,-0.074786325,11.31926166,10.43073834,0,95.26416644,0.164473093,0.081703293,10.5
2012-01-25,10.5,0,0,-4.55,-8.7,-16,-6.67,10.5,10.5,10.5,11,10.5,10.85,11.5,10.5,11.14,12.5,10.5,11.63,12.5,10.5,11.75,0,-0.134615385,-0.052350427,-0.082264957,11.32016235,10.37983765,0,95.18065683,0.164473093,0.08666587,10.5
2012-01-26,10.5,0,0,-4.55,-8.7,-16,-6.67,10.5,10.5,10.5,11,10.5,10.83,11.5,10.5,11.12,12.5,10.5,11.62,12.5,10.5,11.75,0,-0.157051282,-0.06980057,-0.087250712,11.31436048,10.33563952,0,95.10213046,0.164473093,0.090413023,10.5
2012-01-27,10.5,0,0,-4.55,-8.7,-16,-6.67,10.5,10.5,10.5,11,10.5,10.8,11.5,10.5,11.11,12.5,10.5,11.6,12.5,10.5,11.75,0,-0.179487179,-0.08974359,-0.08974359,11.30262469,10.29737531,0,95.02859657,0.164473093,0.093078646,10.5
2012-01-30,10.5,0,0,-4.55,-8.7,-16,-6.67,10.5,10.5,10.5,11,10.5,10.78,11.5,10.5,11.09,12.5,10.5,11.59,12.5,10.5,11.75,0,-0.201923077,-0.112179487,-0.08974359,11.28541779,10.26458221,0,94.9600661,0.164473093,0.09474112,10.5
2012-01-31,10.5,0,0,-4.55,-8.7,-16,-6.67,10.5,10.5,10.5,11,10.5,10.75,11.5,10.5,11.08,12.5,10.5,11.57,12.5,10.5,11.74,0,-0.224358974,-0.134615385,-0.08974359,11.26298918,10.23701082,0,94.89655172,0.164473093,0.095439847,10.5
2012-02-01,10.5,0,0,-4.55,-8.7,-16,-6.67,10.5,10.5,10.5,11,10.5,10.73,11.5,10.5,11.06,12.5,10.5,11.56,12.5,10.5,11.74,0,-0.246794872,-0.157051282,-0.08974359,11.23541779,10.21458221,0,94.83806787,0.164473093,0.095182804,10.5
2012-02-02,10.5,0,0,-4.55,-8.7,-16,-6.67,10.5,10.5,10.5,11,10.5,10.7,11.5,10.5,11.05,12.5,10.5,11.54,12.5,10.5,11.74,0,-0.269230769,-0.179487179,-0.08974359,11.20262469,10.19737531,0,94.78463072,0.164473093,0.09394854,10.5
2012-02-03,10.5,0,0,-4.55,-8.7,-16,-6.67,10.5,10.5,10.5,11,10.5,10.68,11.5,10.5,11.03,12.5,10.5,11.53,12.5,10.5,11.73,0,-0.25,-0.197293447,-0.052706553,11.16436048,10.18563952,0,94.73625825,0.164473093,0.091683463,10.5
2012-02-06,10.5,0,0,-4.55,-8.7,-16,-6.67,10.5,10.5,10.5,11,10.5,10.65,11.5,10.5,11.02,12.5,10.5,11.51,12.5,10.5,11.73,0,-0.230769231,-0.210470085,-0.020299145,11.12016235,10.17983765,0,94.69297027,0.164473093,0.088293398,10.5
2012-02-07,10.5,0,0,-4.55,-8.7,-16,-6.67,10.5,10.5,10.5,11,10.5,10.63,11.5,10.5,11,12.5,10.5,11.5,12.5,10.5,11.73,0,-0.211538462,-0.219017094,0.007478632,11.06926166,10.18073834,0,94.65478842,0.164473093,0.083625724,10.5
2012-02-08,10.5,0,0,-4.55,-8.7,-16,-6.67,10.5,10.5,10.5,11,10.5,10.6,11.5,10.5,10.98,12.5,10.5,11.48,12.5,10.5,11.73,0,-0.192307692,-0.222934473,0.030626781,11.01039134,10.18960866,0,94.62173622,0.164473093,0.077432328,10.5
2012-02-09,10.5,0,0,-4.55,-8.7,-16,-6.67,10.5,10.5,10.5,11,10.5,10.58,11.5,10.5,10.97,12.5,10.5,11.47,12.5,10.5,11.72,0,-0.173076923,-0.222222222,0.049145299,10.94134755,10.20865245,0,94.5938391,0.164473093,0.069285588,10.5
2012-02-10,10.5,0,0,-4.55,-8.7,-16,-6.67,10.5,10.5,10.5,11,10.5,10.55,11.5,10.5,10.95,12.5,10.5,11.45,12.5,10.5,11.72,0,-0.153846154,-0.216880342,0.063034188,10.85779351,10.24220649,0,94.57112443,0.164473093,0.05834948,10.5
2012-02-13,10.5,0,0,-4.55,-8.7,-16,-6.67,10.5,10.5,10.5,11,10.5,10.53,11.5,10.5,10.94,12.5,10.5,11.43,12.5,10.5,11.72,0,-0.134615385,-0.206908832,0.072293447,10.7486068,10.3013932,0,94.55362156,0.164473093,0.042490603,10.5
2012-02-14,10.5,0,0,-4.55,-8.7,-16,-6.67,10.5,10.5,10.5,10.5,10.5,10.5,11.5,10.5,10.92,12.5,10.5,11.42,12.5,10.5,11.71,0,-0.115384615,-0.192307692,0.076923077,10.5,10.5,0,94.43507589,0.164473093,0,10.5
2012-02-15,10.5,0,0,0,-8.7,-16,-6.67,10.5,10.5,10.5,10.5,10.5,10.5,11.5,10.5,10.91,12.5,10.5,11.4,12.5,10.5,11.71,0,-0.096153846,-0.173076923,0.076923077,10.5,10.5,0,94.53604187,0,0,10.5
2012-02-16,10.5,0,0,0,-8.7,-16,-6.67,10.5,10.5,10.5,10.5,10.5,10.5,11.5,10.5,10.89,12.5,10.5,11.39,12.5,10.5,11.71,0,-0.076923077,-0.153846154,0.076923077,10.5,10.5,0,94.6318932,0,0,10.5
2012-02-17,10.5,0,0,0,-8.7,-16,-6.67,10.5,10.5,10.5,10.5,10.5,10.5,11.5,10.5,10.88,12.5,10.5,11.37,12.5,10.5,11.71,0,-0.057692308,-0.134615385,0.076923077,10.5,10.5,0,94.72259811,0,0,10.5
2012-02-20,10.5,0,0,0,-8.7,-16,-6.67,10.5,10.5,10.5,10.5,10.5,10.5,11.5,10.5,10.86,12.5,10.5,11.36,12.5,10.5,11.7,0,-0.038461538,-0.115384615,0.076923077,10.5,10.5,0,94.80812641,0,0,10.5
2012-02-21,10.5,0,0,0,-8.7,-16,-6.67,10.5,10.5,10.5,10.5,10.5,10.5,11.5,10.5,10.85,12.5,10.5,11.34,12.5,10.5,11.7,0,-0.019230769,-0.096153846,0.076923077,10.5,10.5,0,94.88844959,0,0,10.5
2012-02-22,10.5,0,0,0,-8.7,-16,-6.67,10.5,10.5,10.5,10.5,10.5,10.5,11.5,10.5,10.83,12.5,10.5,11.33,12.5,10.5,11.7,0,0,-0.076923077,0.076923077,10.5,10.5,0,94.96354078,0,0,10.5
2012-02-23,10.5,0,0,0,-8.7,-16,-6.67,10.5,10.5,10.5,10.5,10.5,10.5,11.5,10.5,10.82,12.5,10.5,11.31,12.5,10.5,11.69,0,0,-0.05982906,0.05982906,10.5,10.5,0,95.03337482,0,0,10.5
2012-02-24,10.5,0,0,0,-8.7,-16,-6.67,10.5,10.5,10.5,10.5,10.5,10.5,11.5,10.5,10.8,12.5,10.5,11.3,12.5,10.5,11.69,0,0,-0.044871795,0.044871795,10.5,10.5,0,95.09792822,0,0,10.5
2012-02-27,10.5,0,0,0,-8.7,-16,-6.67,10.5,10.5,10.5,10.5,10.5,10.5,11.5,10.5,10.78,12,10.5,11.28,12.5,10.5,11.69,0,0,-0.032051282,0.032051282,10.5,10.5,0,95.15717927,0,0,10.5
2012-02-28,10.5,0,0,0,-8.7,-12.5,-6.67,10.5,10.5,10.5,10.5,10.5,10.5,11,10.5,10.77,12,10.5,11.27,12.5,10.5,11.69,0,0,-0.021367521,0.021367521,10.5,10.5,0,95.31914894,0,0,10.5
2012-02-29,10.5,0,0,0,-4.55,-12.5,-10.64,10.5,10.5,10.5,10.5,10.5,10.5,11,10.5,10.76,12,10.5,11.26,12.5,10.5,11.68,0,0,-0.012820513,0.012820513,10.5,10.5,0,95.4762446,0,0,10.5
2012-03-01,10.5,0,0,0,-4.55,-12.5,-10.64,10.5,10.5,10.5,10.5,10.5,10.5,11,10.5,10.75,12,10.5,11.25,12.5,10.5,11.68,0,0,-0.006410256,0.006410256,10.5,10.5,0,95.6284153,0,0,10.5
2012-03-02,10.5,0,0,0,-4.55,-12.5,-10.64,10.5,10.5,10.5,10.5,10.5,10.5,11,10.5,10.75,12,10.5,11.23,12.5,10.5,11.67,0,0,-0.002136752,0.002136752,10.5,10.5,0,95.77561142,0,0,10.5
2012-03-05,10.5,0,0,0,-4.55,-12.5,-10.64,10.5,10.5,10.5,10.5,10.5,10.5,11,10.5,10.74,12,10.5,11.22,12.5,10.5,11.67,0,0,0,0,10.5,10.5,0,95.91778476,0,0,10.5
2012-03-06,10.5,0,0,0,-4.55,-12.5,-10.64,10.5,10.5,10.5,10.5,10.5,10.5,11,10.5,10.73,12,10.5,11.21,12.5,10.5,11.66,0,0,0,0,10.5,10.5,0,96.05488851,0,0,10.5
2012-03-07,9.75,-7.14,-7.14,-7.14,-11.36,-18.75,-17.02,10.5,9.75,10.35,10.5,9.75,10.46,11,9.75,10.71,12,9.75,11.19,12.5,9.75,11.65,0,-0.033653846,-0.003739316,-0.02991453,10.7979102,10.1270898,0,95.85158464,0.262011248,0.064116645,9.75
2012-03-08,9.75,0,-7.14,-7.14,-11.36,-18.75,-17.02,10.5,9.75,10.2,10.5,9.75,10.43,11,9.75,10.69,12,9.75,11.18,12.5,9.75,11.65,0,-0.067307692,-0.011217949,-0.056089744,10.88669026,9.963309742,0,95.65042865,0.262011248,0.088573671,9.75
2012-03-09,9.75,0,-7.14,-7.14,-11.36,-18.75,-17.02,10.5,9.75,10.05,10.5,9.75,10.39,11,9.75,10.67,12,9.75,11.16,12.5,9.75,11.64,0,-0.100961538,-0.022435897,-0.078525641,10.93702132,9.837978677,0,95.45141282,0.262011248,0.105804346,9.75
2012-03-12,9.75,0,-7.14,-7.14,-11.36,-18.75,-17.02,10.5,9.75,9.9,10.5,9.75,10.35,11,9.75,10.65,12,9.75,11.14,12.5,9.75,11.63,0,-0.134615385,-0.037393162,-0.097222222,10.96558701,9.734412989,0,95.25452977,0.262011248,0.118954012,9.75
2012-03-13,9.75,0,-7.14,-7.14,-11.36,-18.75,-17.02,9.75,9.75,9.75,10.5,9.75,10.31,11,9.75,10.63,12,9.75,11.13,12.5,9.75,11.62,0,-0.168269231,-0.056089744,-0.112179487,10.97889249,9.646107513,0,95.05977243,0.262011248,0.129239755,9.75
2012-03-14,9.75,0,0,-7.14,-11.36,-18.75,-17.02,9.75,9.75,9.75,10.5,9.75,10.28,11,9.75,10.62,12,9.75,11.11,12.5,9.75,11.62,0,-0.201923077,-0.078525641,-0.123397436,10.98024352,9.569756481,0,94.87260871,0.262011248,0.137273678,9.75
2012-03-15,9.75,0,0,-7.14,-11.36,-18.75,-17.02,9.75,9.75,9.75,10.5,9.75,10.24,11,9.75,10.6,12,9.75,11.09,12.5,9.75,11.61,0,-0.235576923,-0.104700855,-0.130876068,10.97154073,9.503459273,0,94.6930281,0.262011248,0.14340234,9.75
2012-03-16,9.75,0,0,-7.14,-11.36,-18.75,-17.02,9.75,9.75,9.75,10.5,9.75,10.2,11,9.75,10.58,12,9.75,11.07,12.5,9.75,11.6,0,-0.269230769,-0.134615385,-0.134615385,10.95393703,9.446062965,0,94.52102398,0.262011248,0.147830791,9.75
2012-03-19,9.75,0,0,-7.14,-11.36,-18.75,-17.02,9.75,9.75,9.75,10.5,9.75,10.16,11,9.75,10.56,12,9.75,11.06,12.5,9.75,11.59,0,-0.302884615,-0.168269231,-0.134615385,10.92812668,9.396873322,0,94.35659365,0.262011248,0.150676837,9.75
2012-03-20,9.75,0,0,-7.14,-11.36,-18.75,-17.02,9.75,9.75,9.75,10.5,9.75,10.13,11,9.75,10.54,12,9.75,11.04,12.5,9.75,11.58,0,-0.336538462,-0.201923077,-0.134615385,10.89448376,9.355516236,0,94.19973833,0.262011248,0.151996793,9.75
2012-03-21,9.75,0,0,-7.14,-11.36,-18.75,-17.02,9.75,9.75,9.75,10.5,9.75,10.09,11,9.75,10.52,12,9.75,11.02,12.5,9.75,11.58,0,-0.370192308,-0.235576923,-0.134615385,10.85312668,9.321873322,0,94.05046326,0.262011248,0.151797111,9.75
2012-03-22,9.75,0,0,-7.14,-11.36,-18.75,-17.02,9.75,9.75,9.75,10.5,9.75,10.05,11,9.75,10.5,12,9.75,11,12.5,9.75,11.57,0,-0.403846154,-0.269230769,-0.134615385,10.80393703,9.296062965,0,93.90877767,0.262011248,0.150037221,9.75
2012-03-23,9.75,0,0,-7.14,-11.36,-18.75,-17.02,9.75,9.75,9.75,10.5,9.75,10.01,11,9.75,10.48,12,9.75,10.99,12.5,9.75,11.56,0,-0.375,-0.295940171,-0.079059829,10.74654073,9.278459273,0,93.77469488,0.262011248,0.146624864,9.75
2012-03-26,9.75,0,0,-7.14,-11.36,-18.75,-17.02,9.75,9.75,9.75,10.5,9.75,9.98,11,9.75,10.46,12,9.75,10.97,12.5,9.75,11.55,0,-0.346153846,-0.315705128,-0.030448718,10.68024352,9.269756481,0,93.64823236,0.262011248,0.141402209,9.75
2012-03-27,9.75,0,0,-7.14,-11.36,-18.75,-17.02,9.75,9.75,9.75,10.5,9.75,9.94,11,9.75,10.44,12,9.75,10.95,12.5,9.75,11.55,0,-0.317307692,-0.328525641,0.011217949,10.60389249,9.271107513,0,93.41950646,0.262011248,0.134116727,9.75
2012-03-28,9.75,0,0,-7.14,-11.36,-18.75,-17.02,9.75,9.75,9.75,10.5,9.75,9.9,11,9.75,10.42,12,9.75,10.93,12.5,9.75,11.54,0,-0.288461538,-0.334401709,0.045940171,10.51558701,9.284412989,0,93.19839962,0.262011248,0.124361012,9.75
2012-03-29,9.75,0,0,-7.14,-11.36,-18.75,-17.02,9.75,9.75,9.75,10.5,9.75,9.86,11,9.75,10.4,12,9.75,10.92,12.5,9.75,11.53,0,-0.259615385,-0.333333333,0.073717949,10.41202132,9.312978677,0,92.98488554,0.262011248,0.111436517,9.75
2012-03-30,9.75,0,0,-7.14,-11.36,-18.75,-17.02,9.75,9.75,9.75,10.5,9.75,9.83,11,9.75,10.38,12,9.75,10.9,12.5,9.75,11.52,0,-0.230769231,-0.325320513,0.094551282,10.28669026,9.363309742,0,92.77894178,0.262011248,0.09398275,9.75
2012-04-02,9.75,0,0,-7.14,-11.36,-18.75,-17.02,9.75,9.75,9.75,10.5,9.75,9.79,11,9.75,10.37,12,9.75,10.88,12.5,9.75,11.52,0,-0.201923077,-0.310363248,0.108440171,10.1229102,9.452089803,0,92.58054981,0.262011248,0.068538482,9.75
2012-04-03,9.75,0,0,-7.14,-11.36,-18.75,-17.02,9.75,9.75,9.75,9.75,9.75,9.75,11,9.75,10.35,12,9.75,10.87,12.5,9.75,11.51,0,-0.173076923,-0.288461538,0.115384615,9.75,9.75,0,92.389695,0.262011248,0,9.75
2012-04-04,9.75,0,0,0,-11.36,-18.75,-17.02,9.75,9.75,9.75,9.75,9.75,9.75,11,9.75,10.33,12,9.75,10.85,12.5,9.75,11.5,0,-0.144230769,-0.259615385,0.115384615,9.75,9.75,0,92.54590217,0,0,9.75
2012-04-05,9.75,0,0,0,-11.36,-18.75,-17.02,9.75,9.75,9.75,9.75,9.75,9.75,11,9.75,10.31,12,9.75,10.83,12.5,9.75,11.49,0,-0.115384615,-0.230769231,0.115384615,9.75,9.75,0,92.69437595,0,0,9.75
2012-04-06,9.75,0,0,0,-11.36,-18.75,-17.02,9.75,9.75,9.75,9.75,9.75,9.75,11,9.75,10.29,12,9.75,10.81,12.5,9.75,11.48,0,-0.086538462,-0.201923077,0.115384615,9.75,9.75,0,92.83503928,0,0,9.75
2012-04-09,9.75,0,0,0,-11.36,-18.75,-17.02,9.75,9.75,9.75,9.75,9.75,9.75,11,9.75,10.27,12,9.75,10.8,12.5,9.75,11.48,0,-0.057692308,-0.173076923,0.115384615,9.75,9.75,0,92.96781883,0,0,9.75
2012-04-10,9.75,0,0,0,-11.36,-18.75,-17.02,9.75,9.75,9.75,9.75,9.75,9.75,11,9.75,10.25,12,9.75,10.78,12.5,9.75,11.47,0,-0.028846154,-0.144230769,0.115384615,9.75,9.75,0,93.09264508,0,0,9.75
2012-04-11,9.75,0,0,0,-11.36,-18.75,-17.02,9.75,9.75,9.75,9.75,9.75,9.75,11,9.75,10.23,12,9.75,10.76,12.5,9.75,11.46,0,0,-0.115384615,0.115384615,9.75,9.75,0,93.20945239,0,0,9.75
2012-04-12,9.75,0,0,0,-11.36,-18.75,-17.02,9.75,9.75,9.75,9.75,9.75,9.75,11,9.75,10.21,12,9.75,10.74,12.5,9.75,11.45,0,0,-0.08974359,0.08974359,9.75,9.75,0,93.3181791,0,0,9.75
2012-04-13,9.75,0,0,0,-11.36,-18.75,-17.02,9.75,9.75,9.75,9.75,9.75,9.75,11,9.75,10.19,12,9.75,10.73,12.5,9.75,11.45,0,0,-0.067307692,0.067307692,9.75,9.75,0,93.41876759,0,0,9.75
2012-04-16,9.75,0,0,0,-11.36,-18.75,-17.02,9.75,9.75,9.75,9.75,9.75,9.75,11,9.75,10.17,12,9.75,10.71,12.5,9.75,11.44,0,0,-0.048076923,0.048076923,9.75,9.75,0,93.51116439,0,0,9.75
2012-04-17,9.75,0,0,0,-11.36,-18.75,-17.02,9.75,9.75,9.75,9.75,9.75,9.75,10.5,9.75,10.15,11.5,9.75,10.69,12.5,9.75,11.43,0,0,-0.032051282,0.032051282,9.75,9.75,0,93.70776393,0,0,9.75
2012-04-18,9,-7.69,-7.69,-7.69,-14.29,-21.74,-25,9.75,9,9.6,9.75,9,9.71,10.5,9,10.13,11.5,9,10.67,12.5,9,11.42,0,-0.033653846,-0.022970085,-0.010683761,10.0479102,9.377089803,0,93.54401806,0.282993707,0.069067737,9
2012-04-19,9,0,-7.69,-7.69,-14.29,-21.74,-25,9.75,9,9.45,9.75,9,9.68,10.5,9,10.11,11.5,9,10.65,12.5,9,11.41,0,-0.067307692,-0.020833333,-0.046474359,10.13669026,9.213309742,0,93.37958076,0.282993707,0.095439847,9
2012-04-20,9,0,-7.69,-7.69,-14.29,-21.74,-25,9.75,9,9.3,9.75,9,9.64,10.5,9,10.08,11.5,9,10.63,12.5,9,11.4,0,-0.100961538,-0.025641026,-0.075320513,10.18702132,9.087978677,0,93.21444763,0.282993707,0.114038147,9
2012-04-23,9,0,-7.69,-7.69,-14.29,-21.74,-25,9.75,9,9.15,9.75,9,9.6,10.5,9,10.06,11.5,9,10.62,12.5,9,11.38,0,-0.134615385,-0.037393162,-0.097222222,10.21558701,8.984412989,0,93.04861427,0.282993707,0.128247294,9
2012-04-24,9,0,-7.69,-7.69,-14.29,-21.74,-25,9,9,9,9.75,9,9.56,10.5,9,10.04,11.5,9,10.6,12.5,9,11.37,0,-0.168269231,-0.056089744,-0.112179487,10.22889249,8.896107513,0,92.88207619,0.282993707,0.139376207,9
2012-04-25,9,0,0,-7.69,-14.29,-21.74,-25,9,9,9,9.75,9,9.53,10.5,9,10.02,11.5,9,10.58,12.5,9,11.36,0,-0.201923077,-0.078525641,-0.123397436,10.23024352,8.819756481,0,92.7148289,0.282993707,0.148082629,9
2012-04-26,9,0,0,-7.69,-14.29,-21.74,-25,9,9,9,9.75,9,9.49,10.5,9,9.99,11.5,9,10.56,12.5,9,11.35,0,-0.235576923,-0.104700855,-0.130876068,10.22154073,8.753459273,0,92.54686786,0.282993707,0.154738493,9
2012-04-27,9,0,0,-7.69,-14.29,-21.74,-25,9,9,9,9.75,9,9.45,10.5,9,9.97,11.5,9,10.54,12.5,9,11.34,0,-0.269230769,-0.134615385,-0.134615385,10.20393703,8.696062965,0,92.37818848,0.282993707,0.159563394,9
2012-04-30,9,0,0,-7.69,-14.29,-21.74,-25,9,9,9,9.75,9,9.41,10.5,9,9.95,11.5,9,10.52,12.5,9,11.33,0,-0.302884615,-0.168269231,-0.134615385,10.17812668,8.646873322,0,92.20878616,0.282993707,0.16268296,9
2012-05-01,9,0,0,-7.69,-14.29,-21.74,-25,9,9,9,9.75,9,9.38,10.5,9,9.92,11.5,9,10.5,12.5,9,11.32,0,-0.336538462,-0.201923077,-0.134615385,10.14448376,8.605516236,0,92.03865624,0.282993707,0.164156536,9
2012-05-02,9,0,0,-7.69,-14.29,-21.74,-25,9,9,9,9.75,9,9.34,10.5,9,9.9,11.5,9,10.48,12.5,9,11.3,0,-0.370192308,-0.235576923,-0.134615385,10.10312668,8.571873322,0,91.87626837,0.282993707,0.16398965,9
2012-05-03,9,0,0,-7.69,-14.29,-21.74,-25,9,9,9,9.75,9,9.3,10.5,9,9.88,11.5,9,10.46,12.5,9,11.29,0,-0.403846154,-0.269230769,-0.134615385,10.05393703,8.546062965,0,91.72162978,0.282993707,0.162136997,9
2012-05-04,9,0,0,-7.69,-14.29,-21.74,-25,9,9,9,9.75,9,9.26,10.5,9,9.85,11.5,9,10.44,12.5,9,11.28,0,-0.375,-0.295940171,-0.079059829,9.996540727,8.528459273,0,91.57475206,0.282993707,0.158497323,9
2012-05-07,9,0,0,-7.69,-14.29,-21.74,-25,9,9,9,9.75,9,9.23,10.5,9,9.83,11.5,9,10.42,12.5,9,11.27,0,-0.346153846,-0.315705128,-0.030448718,9.930243519,8.519756481,0,91.43565123,0.282993707,0.152898324,9
2012-05-08,9,0,0,-7.69,-14.29,-21.74,-25,9,9,9,9.75,9,9.19,10.5,9,9.81,11.5,9,10.4,12.5,9,11.26,0,-0.317307692,-0.328525641,0.011217949,9.853892487,8.521107513,0,91.30434783,0.282993707,0.145065031,9
2012-05-09,9,0,0,-7.69,-14.29,-21.74,-25,9,9,9,9.75,9,9.15,10.5,9,9.78,11.5,9,10.38,12.5,9,11.25,0,-0.288461538,-0.334401709,0.045940171,9.765587011,8.534412989,0,91.18086697,0.282993707,0.134554538,9
2012-05-10,9,0,0,-7.69,-14.29,-21.74,-25,9,9,9,9.75,9,9.11,10.5,9,9.76,11.5,9,10.37,12.5,9,11.23,0,-0.259615385,-0.333333333,0.073717949,9.662021323,8.562978677,0,91.06523844,0.282993707,0.120608246,9
2012-05-11,9,0,0,-7.69,-14.29,-21.74,-25,9,9,9,9.75,9,9.08,10.5,9,9.74,11.5,9,10.35,12.5,9,11.22,0,-0.230769231,-0.325320513,0.094551282,9.536690258,8.613309742,0,90.95749679,0.282993707,0.101749919,9
2012-05-14,9,0,0,-7.69,-14.29,-21.74,-25,9,9,9,9.75,9,9.04,10.5,9,9.72,11.5,9,10.33,12.5,9,11.21,0,-0.201923077,-0.310363248,0.108440171,9.372910197,8.702089803,0,90.85768143,0.282993707,0.074226323,9
2012-05-15,9,0,0,-7.69,-14.29,-21.74,-25,9,9,9,9,9,9,10.5,9,9.69,11.5,9,10.31,12.5,9,11.2,0,-0.173076923,-0.288461538,0.115384615,9,9,0,90.65155807,0.282993707,0,9
2012-05-16,9,0,0,0,-14.29,-21.74,-25,9,9,9,9,9,9,10.5,9,9.67,11.5,9,10.29,12.5,9,11.19,0,-0.144230769,-0.259615385,0.115384615,9,9,0,90.81449248,0,0,9
2012-05-17,9,0,0,0,-14.29,-21.74,-25,9,9,9,9,9,9,10.5,9,9.65,11.5,9,10.27,12.5,9,11.18,0,-0.115384615,-0.230769231,0.115384615,9,9,0,90.96939259,0,0,9
2012-05-18,9,0,0,0,-14.29,-21.74,-25,9,9,9,9,9,9,10.5,9,9.62,11.5,9,10.25,12.5,9,11.17,0,-0.086538462,-0.201923077,0.115384615,9,9,0,91.11617312,0,0,9
2012-05-21,9,0,0,0,-14.29,-21.74,-25,9,9,9,9,9,9,10.5,9,9.6,11.5,9,10.23,12.5,9,11.15,0,-0.057692308,-0.173076923,0.115384615,9,9,0,91.25475285,0,0,9
2012-05-22,9,0,0,0,-14.29,-21.74,-25,9,9,9,9,9,9,10.5,9,9.58,11.5,9,10.21,12.5,9,11.14,0,-0.028846154,-0.144230769,0.115384615,9,9,0,91.38505474,0,0,9
2012-05-23,9,0,0,0,-14.29,-21.74,-25,9,9,9,9,9,9,10.5,9,9.55,11.5,9,10.19,12.5,9,11.13,0,0,-0.115384615,0.115384615,9,9,0,91.50700601,0,0,9
2012-05-24,9,0,0,0,-14.29,-21.74,-25,9,9,9,9,9,9,10.5,9,9.53,11.5,9,10.17,12.5,9,11.12,0,0,-0.08974359,0.08974359,9,9,0,91.62053827,0,0,9
2012-05-25,9,0,0,0,-14.29,-21.74,-25,9,9,9,9,9,9,10.5,9,9.51,11.5,9,10.15,12.5,9,11.11,0,0,-0.067307692,0.067307692,9,9,0,91.72558762,0,0,9
2012-05-28,9,0,0,0,-14.29,-21.74,-25,9,9,9,9,9,9,10.5,9,9.48,11.5,9,10.13,12.5,9,11.1,0,0,-0.048076923,0.048076923,9,9,0,91.82209469,0,0,9
2012-05-29,9,0,0,0,-14.29,-21.74,-25,9,9,9,9,9,9,10.5,9,9.46,11,9,10.12,12.5,9,11.08,0,0,-0.032051282,0.032051282,9,9,0,91.91000479,0,0,9
2012-05-30,8.5,-5.56,-5.56,-5.56,-19.05,-22.73,-29.17,9,8.5,8.9,9,8.5,8.98,10.5,8.5,9.43,11,8.5,10.1,12.5,8.5,11.07,0,-0.022435897,-0.021723647,-0.000712251,9.198606798,8.751393202,0,91.73960263,0.20208551,0.049828813,8.5
2012-05-31,8.5,0,-5.56,-5.56,-19.05,-22.73,-29.17,9,8.5,8.8,9,8.5,8.95,10.5,8.5,9.4,11,8.5,10.08,12.5,8.5,11.06,0,-0.044871795,-0.017094017,-0.027777778,9.257793506,8.642206494,0,91.5659569,0.20208551,0.068780672,8.5
2012-06-01,8.5,0,-5.56,-5.56,-19.05,-22.73,-29.17,9,8.5,8.7,9,8.5,8.93,10.5,8.5,9.37,11,8.5,10.06,12.5,8.5,11.04,0,-0.067307692,-0.018162393,-0.049145299,9.291347549,8.558652451,0,91.38907555,0.20208551,0.082094689,8.5
2012-06-04,8.5,0,-5.56,-5.56,-19.05,-22.73,-29.17,9,8.5,8.6,9,8.5,8.9,10.5,8.5,9.34,11,8.5,10.04,12.5,8.5,11.03,0,-0.08974359,-0.024928775,-0.064814815,9.310391341,8.489608659,0,91.20896717,0.20208551,0.092222773,8.5
2012-06-05,8.5,0,-5.56,-5.56,-19.05,-22.73,-29.17,8.5,8.5,8.5,9,8.5,8.88,9.75,8.5,9.31,11,8.5,10.02,12.5,8.5,11.02,0,-0.112179487,-0.037393162,-0.074786325,9.319261658,8.430738342,0,91.20102762,0.20208551,0.100115303,8.5
2012-06-06,8.5,0,0,-5.56,-12.82,-22.73,-30.61,8.5,8.5,8.5,9,8.5,8.85,9.75,8.5,9.29,11,8.5,10,12.5,8.5,11,0,-0.134615385,-0.052350427,-0.082264957,9.320162346,8.379837654,0,91.19010819,0.20208551,0.106251378,8.5
2012-06-07,8.5,0,0,-5.56,-12.82,-22.73,-30.61,8.5,8.5,8.5,9,8.5,8.83,9.75,8.5,9.27,11,8.5,9.98,12.5,8.5,10.99,0,-0.157051282,-0.06980057,-0.087250712,9.314360485,8.335639515,0,91.17618571,0.20208551,0.110903226,8.5
2012-06-08,8.5,0,0,-5.56,-12.82,-22.73,-30.61,8.5,8.5,8.5,9,8.5,8.8,9.75,8.5,9.25,11,8.5,9.96,12.5,8.5,10.97,0,-0.179487179,-0.08974359,-0.08974359,9.30262469,8.29737531,0,91.15923732,0.20208551,0.114232884,8.5
2012-06-11,8.5,0,0,-5.56,-12.82,-22.73,-30.61,8.5,8.5,8.5,9,8.5,8.78,9.75,8.5,9.23,11,8.5,9.94,12.5,8.5,10.96,0,-0.201923077,-0.112179487,-0.08974359,9.285417786,8.264582214,0,91.13924051,0.20208551,0.116334538,8.5
2012-06-12,8.5,0,0,-5.56,-12.82,-22.73,-30.61,8.5,8.5,8.5,9,8.5,8.75,9.75,8.5,9.21,11,8.5,9.92,12.5,8.5,10.95,0,-0.224358974,-0.134615385,-0.08974359,9.262989176,8.237010824,0,91.11617312,0.20208551,0.117254669,8.5
2012-06-13,8.5,0,0,-5.56,-12.82,-22.73,-30.61,8.5,8.5,8.5,9,8.5,8.73,9.75,8.5,9.19,11,8.5,9.9,12.5,8.5,10.93,0,-0.246794872,-0.157051282,-0.08974359,9.235417786,8.214582214,0,91.09892978,0.20208551,0.117001212,8.5
2012-06-14,8.5,0,0,-5.56,-12.82,-22.73,-30.61,8.5,8.5,8.5,9,8.5,8.7,9.75,8.5,9.17,11,8.5,9.88,12.5,8.5,10.92,0,-0.269230769,-0.179487179,-0.08974359,9.20262469,8.19737531,0,91.08755399,0.20208551,0.115545906,8.5
2012-06-15,8.5,0,0,-5.56,-12.82,-22.73,-30.61,8.5,8.5,8.5,9,8.5,8.68,9.75,8.5,9.15,11,8.5,9.87,12.5,8.5,10.9,0,-0.25,-0.197293447,-0.052706553,9.164360485,8.185639515,0,91.082092,0.20208551,0.112820861,8.5
2012-06-18,8.5,0,0,-5.56,-12.82,-22.73,-30.61,8.5,8.5,8.5,9,8.5,8.65,9.75,8.5,9.13,11,8.5,9.85,12.5,8.5,10.89,0,-0.230769231,-0.210470085,-0.020299145,9.120162346,8.179837654,0,91.08259296,0.20208551,0.108708057,8.5
2012-06-19,8.5,0,0,-5.56,-12.82,-22.73,-30.61,8.5,8.5,8.5,9,8.5,8.63,9.75,8.5,9.12,11,8.5,9.83,12.5,8.5,10.87,0,-0.211538462,-0.219017094,0.007478632,9.069261658,8.180738342,0,91.08910891,0.20208551,0.103017196,8.5
2012-06-20,8.5,0,0,-5.56,-12.82,-22.73,-30.61,8.5,8.5,8.5,9,8.5,8.6,9.75,8.5,9.1,11,8.5,9.81,12.5,8.5,10.86,0,-0.192307692,-0.222934473,0.030626781,9.010391341,8.189608659,0,91.10169492,0.20208551,0.095439847,8.5
2012-06-21,8.5,0,0,-5.56,-12.82,-22.73,-30.61,8.5,8.5,8.5,9,8.5,8.58,9.75,8.5,9.08,11,8.5,9.79,12.5,8.5,10.84,0,-0.173076923,-0.222222222,0.049145299,8.941347549,8.208652451,0,91.12040911,0.20208551,0.085445492,8.5
2012-06-22,8.5,0,0,-5.56,-12.82,-22.73,-30.61,8.5,8.5,8.5,9,8.5,8.55,9.75,8.5,9.06,11,8.5,9.77,12.5,8.5,10.83,0,-0.153846154,-0.216880342,0.063034188,8.857793506,8.242206494,0,91.14531281,0.20208551,0.071998481,8.5
2012-06-25,8.5,0,0,-5.56,-12.82,-22.73,-30.61,8.5,8.5,8.5,9,8.5,8.53,9.75,8.5,9.04,11,8.5,9.75,12.5,8.5,10.82,0,-0.134615385,-0.206908832,0.072293447,8.748606798,8.301393202,0,91.17647059,0.20208551,0.052459073,8.5
2012-06-26,8.5,0,0,-5.56,-12.82,-22.73,-30.61,8.5,8.5,8.5,8.5,8.5,8.5,9.75,8.5,9.02,11,8.5,9.73,12.5,8.5,10.8,0,-0.115384615,-0.192307692,0.076923077,8.5,8.5,0,91.21395037,0.20208551,0,8.5
2012-06-27,8.5,0,0,0,-12.82,-22.73,-30.61,8.5,8.5,8.5,8.5,8.5,8.5,9.75,8.5,9,11,8.5,9.71,12.5,8.5,10.79,0,-0.096153846,-0.173076923,0.076923077,8.5,8.5,0,91.51470291,0,0,8.5
2012-06-28,8.5,0,0,0,-12.82,-22.73,-30.61,8.5,8.5,8.5,8.5,8.5,8.5,9.75,8.5,8.98,11,8.5,9.69,12.5,8.5,10.77,0,-0.076923077,-0.153846154,0.076923077,8.5,8.5,0,91.81124688,0,0,8.5
2012-06-29,8.5,0,0,0,-12.82,-22.73,-30.61,8.5,8.5,8.5,8.5,8.5,8.5,9.75,8.5,8.96,11,8.5,9.67,12.5,8.5,10.76,0,-0.057692308,-0.134615385,0.076923077,8.5,8.5,0,92.10348097,0,0,8.5
2012-07-02,8.5,0,0,0,-12.82,-22.73,-30.61,8.5,8.5,8.5,8.5,8.5,8.5,9.75,8.5,8.94,11,8.5,9.65,12.5,8.5,10.74,0,-0.038461538,-0.115384615,0.076923077,8.5,8.5,0,92.39130435,0,0,8.5
2012-07-03,8.5,0,0,0,-12.82,-22.73,-30.61,8.5,8.5,8.5,8.5,8.5,8.5,9.75,8.5,8.92,11,8.5,9.63,12.5,8.5,10.73,0,-0.019230769,-0.096153846,0.076923077,8.5,8.5,0,92.48554913,0,0,8.5
2012-07-04,8.5,0,0,0,-12.82,-22.73,-30.61,8.5,8.5,8.5,8.5,8.5,8.5,9.75,8.5,8.9,11,8.5,9.62,12.5,8.5,10.71,0,0,-0.076923077,0.076923077,8.5,8.5,0,92.57368457,0,0,8.5
2012-07-05,8.5,0,0,0,-12.82,-22.73,-30.61,8.5,8.5,8.5,8.5,8.5,8.5,9.75,8.5,8.88,11,8.5,9.6,12.5,8.5,10.7,0,0,-0.05982906,0.05982906,8.5,8.5,0,92.65567516,0,0,8.5
2012-07-06,8.5,0,0,0,-12.82,-22.73,-30.61,8.5,8.5,8.5,8.5,8.5,8.5,9.75,8.5,8.87,11,8.5,9.58,12.5,8.5,10.69,0,0,-0.044871795,0.044871795,8.5,8.5,0,92.73148779,0,0,8.5
2012-07-09,8.5,0,0,0,-12.82,-22.73,-30.61,8.5,8.5,8.5,8.5,8.5,8.5,9.75,8.5,8.85,11,8.5,9.56,12.5,8.5,10.67,0,0,-0.032051282,0.032051282,8.5,8.5,0,92.80109178,0,0,8.5
2012-07-10,8.5,0,0,0,-12.82,-22.73,-30.61,8.5,8.5,8.5,8.5,8.5,8.5,9.75,8.5,8.83,11,8.5,9.54,12.5,8.5,10.66,0,0,-0.021367521,0.021367521,8.5,8.5,0,92.86445886,0,0,8.5
2012-07-11,8,-5.88,-5.88,-5.88,-17.95,-27.27,-34.69,8.5,8,8.4,8.5,8,8.48,9.75,8,8.8,11,8,9.52,12.5,8,10.64,0,-0.022435897,-0.01531339,-0.007122507,8.698606798,8.251393202,0,92.65459515,0.214340406,0.052768566,8
2012-07-12,8,0,-5.88,-5.88,-17.95,-27.27,-34.69,8.5,8,8.3,8.5,8,8.45,9.75,8,8.77,11,8,9.49,12.5,8,10.62,0,-0.044871795,-0.013888889,-0.030982906,8.757793506,8.142206494,0,92.44444444,0.214340406,0.072850534,8
2012-07-13,8,0,-5.88,-5.88,-17.95,-27.27,-34.69,8.5,8,8.2,8.5,8,8.43,9.75,8,8.75,11,8,9.47,12.5,8,10.61,0,-0.067307692,-0.017094017,-0.050213675,8.791347549,8.058652451,0,92.23400616,0.214340406,0.086966777,8
2012-07-16,8,0,-5.88,-5.88,-17.95,-27.27,-34.69,8.5,8,8.1,8.5,8,8.4,9.75,8,8.72,11,8,9.45,12.5,8,10.59,0,-0.08974359,-0.024928775,-0.064814815,8.810391341,7.989608659,0,92.0232797,0.214340406,0.097712224,8
2012-07-17,8,0,-5.88,-5.88,-17.95,-27.27,-34.69,8,8,8,8.5,8,8.38,9,8,8.69,10.5,8,9.42,12.5,8,10.58,0,-0.112179487,-0.037393162,-0.074786325,8.819261658,7.930738342,0,92.00137315,0.214340406,0.106092336,8
2012-07-18,8,0,0,-5.88,-11.11,-23.81,-36,8,8,8,8.5,8,8.35,9,8,8.68,10.5,8,9.4,12.5,8,10.56,0,-0.134615385,-0.052350427,-0.082264957,8.820162346,7.879837654,0,91.97934596,0.214340406,0.112613736,8
2012-07-19,8,0,0,-5.88,-11.11,-23.81,-36,8,8,8,8.5,8,8.33,9,8,8.66,10.5,8,9.38,12.5,8,10.54,0,-0.157051282,-0.06980057,-0.087250712,8.814360485,7.835639515,0,91.9571971,0.214340406,0.11756408,8
2012-07-20,8,0,0,-5.88,-11.11,-23.81,-36,8,8,8,8.5,8,8.3,9,8,8.65,10.5,8,9.37,12.5,8,10.52,0,-0.179487179,-0.08974359,-0.08974359,8.80262469,7.79737531,0,91.93492558,0.214340406,0.121114383,8
2012-07-23,8,0,0,-5.88,-11.11,-23.81,-36,8,8,8,8.5,8,8.28,9,8,8.63,10.5,8,9.35,12.5,8,10.51,0,-0.201923077,-0.112179487,-0.08974359,8.785417786,7.764582214,0,91.91253037,0.214340406,0.123363815,8
2012-07-24,8,0,0,-5.88,-11.11,-23.81,-36,8,8,8,8.5,8,8.25,9,8,8.62,10.5,8,9.33,12.5,8,10.49,0,-0.224358974,-0.134615385,-0.08974359,8.762989176,7.737010824,0,91.89001044,0.214340406,0.124361012,8
2012-07-25,8,0,0,-5.88,-11.11,-23.81,-36,8,8,8,8.5,8,8.23,9,8,8.6,10.5,8,9.31,12.5,8,10.47,0,-0.246794872,-0.157051282,-0.08974359,8.735417786,7.714582214,0,91.87377827,0.214340406,0.124113747,8
2012-07-26,8,0,0,-5.88,-11.11,-23.81,-36,8,8,8,8.5,8,8.2,9,8,8.58,10.5,8,9.29,12.5,8,10.45,0,-0.269230769,-0.179487179,-0.08974359,8.70262469,7.69737531,0,91.86388461,0.214340406,0.122591388,8
2012-07-27,8,0,0,-5.88,-11.11,-23.81,-36,8,8,8,8.5,8,8.18,9,8,8.57,10.5,8,9.27,12.5,8,10.44,0,-0.25,-0.197293447,-0.052706553,8.664360485,7.685639515,0,91.86038345,0.214340406,0.11972122,8
2012-07-30,8,0,0,-5.88,-11.11,-23.81,-36,8,8,8,8.5,8,8.15,9,8,8.55,10.5,8,9.25,12.5,8,10.42,0,-0.230769231,-0.210470085,-0.020299145,8.620162346,7.679837654,0,91.86333216,0.214340406,0.115377263,8
2012-07-31,8,0,0,-5.88,-11.11,-23.81,-36,8,8,8,8.5,8,8.13,9,8,8.54,10.5,8,9.23,12.5,8,10.4,0,-0.211538462,-0.219017094,0.007478632,8.569261658,7.680738342,0,91.87279152,0.214340406,0.109356716,8
2012-08-01,8,0,0,-5.88,-11.11,-23.81,-36,8,8,8,8.5,8,8.1,9,8,8.52,10.5,8,9.21,12.5,8,10.38,0,-0.192307692,-0.222934473,0.030626781,8.510391341,7.689608659,0,91.88882587,0.214340406,0.101331195,8
2012-08-02,8,0,0,-5.88,-11.11,-23.81,-36,8,8,8,8.5,8,8.08,9,8,8.51,10.5,8,9.19,12.5,8,10.37,0,-0.173076923,-0.222222222,0.049145299,8.441347549,7.708652451,0,91.91150317,0.214340406,0.090736235,8
2012-08-03,8,0,0,-5.88,-11.11,-23.81,-36,8,8,8,8.5,8,8.05,9,8,8.49,10.5,8,9.17,12.5,8,10.35,0,-0.153846154,-0.216880342,0.063034188,8.357793506,7.742206494,0,91.94089514,0.214340406,0.076470436,8
2012-08-06,8,0,0,-5.88,-11.11,-23.81,-36,8,8,8,8.5,8,8.03,9,8,8.48,10.5,8,9.15,12.5,8,10.33,0,-0.134615385,-0.206908832,0.072293447,8.248606798,7.801393202,0,91.97707736,0.214340406,0.055727551,8
2012-08-07,8,0,0,-5.88,-11.11,-23.81,-36,8,8,8,8,8,8,9,8,8.46,10.5,8,9.13,12.5,8,10.32,0,-0.115384615,-0.192307692,0.076923077,8,8,0,92.0201294,0.214340406,0,8
2012-08-08,8,0,0,0,-11.11,-23.81,-36,8,8,8,8,8,8,9,8,8.45,10.5,8,9.12,12.5,8,10.3,0,-0.096153846,-0.173076923,0.076923077,8,8,0,92.34542962,0,0,8
2012-08-09,8,0,0,0,-11.11,-23.81,-36,8,8,8,8,8,8,9,8,8.43,10.5,8,9.1,12.5,8,10.28,0,-0.076923077,-0.153846154,0.076923077,8,8,0,92.66632882,0,0,8
2012-08-10,8,0,0,0,-11.11,-23.81,-36,8,8,8,8,8,8,9,8,8.42,10.5,8,9.08,12.5,8,10.26,0,-0.057692308,-0.134615385,0.076923077,8,8,0,92.98271103,0,0,8
2012-08-13,8,0,0,0,-11.11,-23.81,-36,8,8,8,8,8,8,9,8,8.4,10.5,8,9.06,12.5,8,10.25,0,-0.038461538,-0.115384615,0.076923077,8,8,0,93.29446064,0,0,8
2012-08-14,8,0,0,0,-11.11,-23.81,-36,8,8,8,8,8,8,9,8,8.38,10.5,8,9.04,12.5,8,10.23,0,-0.019230769,-0.096153846,0.076923077,8,8,0,93.39657059,0,0,8
2012-08-15,8,0,0,0,-11.11,-23.81,-36,8,8,8,8,8,8,9,8,8.37,10.5,8,9.02,12.5,8,10.21,0,0,-0.076923077,0.076923077,8,8,0,93.49207509,0,0,8
2012-08-16,8,0,0,0,-11.11,-23.81,-36,8,8,8,8,8,8,9,8,8.35,10.5,8,9,12.5,8,10.19,0,0,-0.05982906,0.05982906,8,8,0,93.58093288,0,0,8
2012-08-17,8,0,0,0,-11.11,-23.81,-36,8,8,8,8,8,8,9,8,8.34,10.5,8,8.98,12.5,8,10.18,0,0,-0.044871795,0.044871795,8,8,0,93.66310552,0,0,8
2012-08-20,8,0,0,0,-11.11,-23.81,-36,8,8,8,8,8,8,9,8,8.32,10.5,8,8.96,12.5,8,10.16,0,0,-0.032051282,0.032051282,8,8,0,93.73855731,0,0,8
2012-08-21,8,0,0,0,-11.11,-23.81,-36,8,8,8,8,8,8,9,8,8.31,10.5,8,8.94,12.5,8,10.14,0,0,-0.021367521,0.021367521,8,8,0,93.8072554,0,0,8
2012-08-22,8,0,0,0,-11.11,-23.81,-36,8,8,8,8,8,8,9,8,8.29,10.5,8,8.92,12.5,8,10.13,0,0,-0.012820513,0.012820513,8,8,0,93.86916984,0,0,8
2012-08-23,8,0,0,0,-11.11,-23.81,-36,8,8,8,8,8,8,9,8,8.28,10.5,8,8.9,12.5,8,10.11,0,0,-0.006410256,0.006410256,8,8,0,93.92427355,0,0,8
2012-08-24,8,0,0,0,-11.11,-23.81,-36,8,8,8,8,8,8,9,8,8.26,10.5,8,8.88,12.5,8,10.09,0,0,-0.002136752,0.002136752,8,8,0,93.9725424,0,0,8
2012-08-27,8,0,0,0,-11.11,-23.81,-36,8,8,8,8,8,8,9,8,8.25,10.5,8,8.87,12,8,10.07,0,0,0,0,8,8,0,94.0139552,0,0,8
2012-08-28,8,0,0,0,-11.11,-23.81,-33.33,8,8,8,8,8,8,8.5,8,8.23,10.5,8,8.85,12,8,10.06,0,0,0,0,8,8,0,94.18690213,0,0,8
2012-08-29,7.5,-6.25,-6.25,-6.25,-11.76,-28.57,-37.5,8,7.5,7.9,8,7.5,7.98,8.5,7.5,8.22,10.5,7.5,8.82,12,7.5,10.04,0,-0.022435897,-0.002492877,-0.01994302,8.198606798,7.751393202,0,94.06561003,0.22817813,0.05607694,7.5
2012-08-30,7.5,0,-6.25,-6.25,-11.76,-28.57,-37.5,8,7.5,7.8,8,7.5,7.95,8.5,7.5,8.2,10.5,7.5,8.8,12,7.5,10.02,0,-0.044871795,-0.007478632,-0.037393162,8.257793506,7.642206494,0,93.94387001,0.22817813,0.077432328,7.5
2012-08-31,7.5,0,-6.25,-6.25,-11.76,-28.57,-37.5,8,7.5,7.7,8,7.5,7.93,8.5,7.5,8.18,10.5,7.5,8.78,12,7.5,10.01,0,-0.067307692,-0.014957265,-0.052350427,8.291347549,7.558652451,0,93.82167962,0.22817813,0.09245364,7.5
2012-09-03,7.5,0,-6.25,-6.25,-11.76,-28.57,-37.5,8,7.5,7.6,8,7.5,7.9,8.5,7.5,8.17,10.5,7.5,8.75,12,7.5,9.99,0,-0.08974359,-0.024928775,-0.064814815,8.310391341,7.489608659,0,93.69903632,0.22817813,0.103896542,7.5
2012-09-04,7.5,0,-6.25,-6.25,-11.76,-28.57,-37.5,7.5,7.5,7.5,8,7.5,7.88,8.5,7.5,8.15,9.75,7.5,8.73,12,7.5,9.97,0,-0.112179487,-0.037393162,-0.074786325,8.319261658,7.430738342,0,93.57593762,0.22817813,0.112828358,7.5
2012-09-05,7.5,0,0,-6.25,-11.76,-23.08,-37.5,7.5,7.5,7.5,8,7.5,7.85,8.5,7.5,8.14,9.75,7.5,8.71,12,7.5,9.95,0,-0.134615385,-0.052350427,-0.082264957,8.320162346,7.379837654,0,93.45933477,0.22817813,0.119786585,7.5
2012-09-06,7.5,0,0,-6.25,-11.76,-23.08,-37.5,7.5,7.5,7.5,8,7.5,7.83,8.5,7.5,8.12,9.75,7.5,8.7,12,7.5,9.94,0,-0.157051282,-0.06980057,-0.087250712,8.314360485,7.335639515,0,93.34923949,0.22817813,0.125076162,7.5
2012-09-07,7.5,0,0,-6.25,-11.76,-23.08,-37.5,7.5,7.5,7.5,8,7.5,7.8,8.5,7.5,8.11,9.75,7.5,8.68,12,7.5,9.92,0,-0.179487179,-0.08974359,-0.08974359,8.30262469,7.29737531,0,93.24566647,0.22817813,0.128878126,7.5
2012-09-10,7.5,0,0,-6.25,-11.76,-23.08,-37.5,7.5,7.5,7.5,8,7.5,7.78,8.5,7.5,8.09,9.75,7.5,8.66,12,7.5,9.9,0,-0.201923077,-0.112179487,-0.08974359,8.285417786,7.264582214,0,93.14863347,0.22817813,0.13129718,7.5
2012-09-11,7.5,0,0,-6.25,-11.76,-23.08,-37.5,7.5,7.5,7.5,8,7.5,7.75,8.5,7.5,8.08,9.75,7.5,8.64,12,7.5,9.88,0,-0.224358974,-0.134615385,-0.08974359,8.262989176,7.237010824,0,93.05816135,0.22817813,0.132384303,7.5
2012-09-12,7.5,0,0,-6.25,-11.76,-23.08,-37.5,7.5,7.5,7.5,8,7.5,7.73,8.5,7.5,8.06,9.75,7.5,8.63,12,7.5,9.87,0,-0.246794872,-0.157051282,-0.08974359,8.235417786,7.214582214,0,92.97427411,0.22817813,0.132146999,7.5
2012-09-13,7.5,0,0,-6.25,-11.76,-23.08,-37.5,7.5,7.5,7.5,8,7.5,7.7,8.5,7.5,8.05,9.75,7.5,8.61,12,7.5,9.85,0,-0.269230769,-0.179487179,-0.08974359,8.20262469,7.19737531,0,92.89699894,0.22817813,0.130551868,7.5
2012-09-14,7.5,0,0,-6.25,-11.76,-23.08,-37.5,7.5,7.5,7.5,8,7.5,7.68,8.5,7.5,8.03,9.75,7.5,8.59,12,7.5,9.83,0,-0.25,-0.197293447,-0.052706553,8.164360485,7.185639515,0,92.82636632,0.22817813,0.127520648,7.5
2012-09-17,7.5,0,0,-6.25,-11.76,-23.08,-37.5,7.5,7.5,7.5,8,7.5,7.65,8.5,7.5,8.02,9.75,7.5,8.58,12,7.5,9.82,0,-0.230769231,-0.210470085,-0.020299145,8.120162346,7.179837654,0,92.76241,0.22817813,0.12291826,7.5
2012-09-18,7.5,0,0,-6.25,-11.76,-23.08,-37.5,7.5,7.5,7.5,8,7.5,7.63,8.5,7.5,8,9.75,7.5,8.56,12,7.5,9.8,0,-0.211538462,-0.219017094,0.007478632,8.069261658,7.180738342,0,92.70516717,0.22817813,0.116527648,7.5
2012-09-19,7.5,0,0,-6.25,-11.76,-23.08,-37.5,7.5,7.5,7.5,8,7.5,7.6,8.5,7.5,7.98,9.75,7.5,8.54,12,7.5,9.78,0,-0.192307692,-0.222934473,0.030626781,8.010391341,7.189608659,0,92.65467845,0.22817813,0.107997721,7.5
2012-09-20,7.5,0,0,-6.25,-11.76,-23.08,-37.5,7.5,7.5,7.5,8,7.5,7.58,8.5,7.5,7.97,9.75,7.5,8.52,12,7.5,9.76,0,-0.173076923,-0.222222222,0.049145299,7.941347549,7.208652451,0,92.610988,0.22817813,0.096725425,7.5
2012-09-21,7.5,0,0,-6.25,-11.76,-23.08,-37.5,7.5,7.5,7.5,8,7.5,7.55,8.5,7.5,7.95,9.75,7.5,8.51,12,7.5,9.75,0,-0.153846154,-0.216880342,0.063034188,7.857793506,7.242206494,0,92.57414361,0.22817813,0.081534703,7.5
2012-09-24,7.5,0,0,-6.25,-11.76,-23.08,-37.5,7.5,7.5,7.5,8,7.5,7.53,8.5,7.5,7.94,9.75,7.5,8.49,12,7.5,9.73,0,-0.134615385,-0.206908832,0.072293447,7.748606798,7.301393202,0,92.54419677,0.22817813,0.059430378,7.5
2012-09-25,7.5,0,0,-6.25,-11.76,-23.08,-37.5,7.5,7.5,7.5,7.5,7.5,7.5,8.5,7.5,7.92,9.75,7.5,8.47,12,7.5,9.71,0,-0.115384615,-0.192307692,0.076923077,7.5,7.5,0,92.37875289,0.22817813,0,7.5
2012-09-26,7.5,0,0,0,-11.76,-23.08,-37.5,7.5,7.5,7.5,7.5,7.5,7.5,8.5,7.5,7.91,9.75,7.5,8.45,12,7.5,9.69,0,-0.096153846,-0.173076923,0.076923077,7.5,7.5,0,92.51406985,0,0,7.5
2012-09-27,7.5,0,0,0,-11.76,-23.08,-37.5,7.5,7.5,7.5,7.5,7.5,7.5,8.5,7.5,7.89,9.75,7.5,8.44,12,7.5,9.68,0,-0.076923077,-0.153846154,0.076923077,7.5,7.5,0,92.64263105,0,0,7.5
2012-09-28,7.5,0,0,0,-11.76,-23.08,-37.5,7.5,7.5,7.5,7.5,7.5,7.5,8.5,7.5,7.88,9.75,7.5,8.42,12,7.5,9.66,0,-0.057692308,-0.134615385,0.076923077,7.5,7.5,0,92.76437848,0,0,7.5
2012-10-01,7.5,0,0,0,-11.76,-23.08,-37.5,7.5,7.5,7.5,7.5,7.5,7.5,8.5,7.5,7.86,9.75,7.5,8.4,12,7.5,9.64,0,-0.038461538,-0.115384615,0.076923077,7.5,7.5,0,92.87925697,0,0,7.5
2012-10-02,7.5,0,0,0,-11.76,-23.08,-37.5,7.5,7.5,7.5,7.5,7.5,7.5,8.5,7.5,7.85,9.75,7.5,8.38,12,7.5,9.63,0,-0.019230769,-0.096153846,0.076923077,7.5,7.5,0,92.98721426,0,0,7.5
2012-10-03,7.5,0,0,0,-11.76,-23.08,-37.5,7.5,7.5,7.5,7.5,7.5,7.5,8.5,7.5,7.83,9.75,7.5,8.37,12,7.5,9.61,0,0,-0.076923077,0.076923077,7.5,7.5,0,93.08820107,0,0,7.5
2012-10-04,7.5,0,0,0,-11.76,-23.08,-37.5,7.5,7.5,7.5,7.5,7.5,7.5,8.5,7.5,7.82,9.75,7.5,8.35,12,7.5,9.59,0,0,-0.05982906,0.05982906,7.5,7.5,0,93.18217114,0,0,7.5
2012-10-05,7.5,0,0,0,-11.76,-23.08,-37.5,7.5,7.5,7.5,7.5,7.5,7.5,8.5,7.5,7.8,9.75,7.5,8.33,12,7.5,9.57,0,0,-0.044871795,0.044871795,7.5,7.5,0,93.2690813,0,0,7.5
2012-10-08,7.5,0,0,0,-11.76,-23.08,-37.5,7.5,7.5,7.5,7.5,7.5,7.5,8.5,7.5,7.78,9.75,7.5,8.32,12,7.5,9.56,0,0,-0.032051282,0.032051282,7.5,7.5,0,93.34889148,0,0,7.5
2012-10-09,7.5,0,0,0,-11.76,-23.08,-37.5,7.5,7.5,7.5,7.5,7.5,7.5,8,7.5,7.77,9.75,7.5,8.3,12,7.5,9.54,0,0,-0.021367521,0.021367521,7.5,7.5,0,93.56725146,0,0,7.5
2012-10-10,7.25,-3.33,-3.33,-3.33,-9.38,-25.64,-39.58,7.5,7.25,7.45,7.5,7.25,7.49,8,7.25,7.76,9.75,7.25,8.28,12,7.25,9.52,0,-0.011217949,-0.014066952,0.002849003,7.599303399,7.375696601,0,93.62666562,0.119860085,0.029864013,7.25
2012-10-11,7.25,0,-3.33,-3.33,-9.38,-25.64,-39.58,7.5,7.25,7.4,7.5,7.25,7.48,8,7.25,7.75,9.75,7.25,8.26,12,7.25,9.5,0,-0.022435897,-0.010149573,-0.012286325,7.628896753,7.321103247,0,93.68268515,0.119860085,0.041176389,7.25
2012-10-12,7.25,0,-3.33,-3.33,-9.38,-25.64,-39.58,7.5,7.25,7.35,7.5,7.25,7.46,8,7.25,7.73,9.75,7.25,8.24,12,7.25,9.48,0,-0.033653846,-0.009615385,-0.024038462,7.645673774,7.279326226,0,93.73528026,0.119860085,0.049091799,7.25
2012-10-15,7.25,0,-3.33,-3.33,-9.38,-25.64,-39.58,7.5,7.25,7.3,7.5,7.25,7.45,8,7.25,7.72,9.75,7.25,8.22,12,7.25,9.47,0,-0.044871795,-0.012464387,-0.032407407,7.65519567,7.24480433,0,93.78442172,0.119860085,0.055086086,7.25
2012-10-16,7.25,0,-3.33,-3.33,-9.38,-25.64,-39.58,7.25,7.25,7.25,7.5,7.25,7.44,8,7.25,7.71,9,7.25,8.2,11.5,7.25,9.45,0,-0.056089744,-0.018696581,-0.037393162,7.659630829,7.215369171,0,93.83008082,0.119860085,0.05973266,7.25
2012-10-17,7.25,0,0,-3.33,-9.38,-19.44,-36.96,7.25,7.25,7.25,7.5,7.25,7.43,8,7.25,7.7,9,7.25,8.19,11.5,7.25,9.43,0,-0.067307692,-0.026175214,-0.041132479,7.660081173,7.189918827,0,93.87222947,0.119860085,0.063321528,7.25
2012-10-18,7.25,0,0,-3.33,-9.38,-19.44,-36.96,7.25,7.25,7.25,7.5,7.25,7.41,8,7.25,7.69,9,7.25,8.18,11.5,7.25,9.41,0,-0.078525641,-0.034900285,-0.043625356,7.657180242,7.167819758,0,93.91084013,0.119860085,0.066018278,7.25
2012-10-19,7.25,0,0,-3.33,-9.38,-19.44,-36.96,7.25,7.25,7.25,7.5,7.25,7.4,8,7.25,7.68,9,7.25,8.16,11.5,7.25,9.4,0,-0.08974359,-0.044871795,-0.044871795,7.651312345,7.148687655,0,93.9458859,0.119860085,0.067922255,7.25
2012-10-22,7.25,0,0,-3.33,-9.38,-19.44,-36.96,7.25,7.25,7.25,7.5,7.25,7.39,8,7.25,7.67,9,7.25,8.15,11.5,7.25,9.38,0,-0.100961538,-0.056089744,-0.044871795,7.642708893,7.132291107,0,93.97734049,0.119860085,0.069092086,7.25
2012-10-23,7.25,0,0,-3.33,-9.38,-19.44,-36.96,7.25,7.25,7.25,7.5,7.25,7.38,8,7.25,7.65,9,7.25,8.13,11.5,7.25,9.37,0,-0.112179487,-0.067307692,-0.044871795,7.631494588,7.118505412,0,94.00517825,0.119860085,0.069557854,7.25
2012-10-24,7.25,0,0,-3.33,-9.38,-19.44,-36.96,7.25,7.25,7.25,7.5,7.25,7.36,8,7.25,7.64,9,7.25,8.12,11.5,7.25,9.35,0,-0.123397436,-0.078525641,-0.044871795,7.617708893,7.107291107,0,94.03688034,0.119860085,0.069326694,7.25
2012-10-25,7.25,0,0,-3.33,-9.38,-19.44,-36.96,7.25,7.25,7.25,7.5,7.25,7.35,8,7.25,7.63,9,7.25,8.11,11.5,7.25,9.33,0,-0.134615385,-0.08974359,-0.044871795,7.601312345,7.098687655,0,94.0724742,0.119860085,0.068384312,7.25
2012-10-26,7.25,0,0,-3.33,-9.38,-19.44,-36.96,7.25,7.25,7.25,7.5,7.25,7.34,8,7.25,7.62,9,7.25,8.09,11.5,7.25,9.32,0,-0.125,-0.098646724,-0.026353276,7.582180242,7.092819758,0,94.11198846,0.119860085,0.066693081,7.25
2012-10-29,7.25,0,0,-3.33,-9.38,-19.44,-36.96,7.25,7.25,7.25,7.5,7.25,7.33,8,7.25,7.61,9,7.25,8.08,11.5,7.25,9.3,0,-0.115384615,-0.105235043,-0.010149573,7.560081173,7.089918827,0,94.1554529,0.119860085,0.064185986,7.25
2012-10-30,7.25,0,0,-3.33,-9.38,-19.44,-36.96,7.25,7.25,7.25,7.5,7.25,7.31,8,7.25,7.6,9,7.25,8.07,11.5,7.25,9.28,0,-0.105769231,-0.109508547,0.003739316,7.534630829,7.090369171,0,94.20289855,0.119860085,0.060753731,7.25
2012-10-31,7.25,0,0,-3.33,-9.38,-19.44,-36.96,7.25,7.25,7.25,7.5,7.25,7.3,8,7.25,7.58,9,7.25,8.05,11.5,7.25,9.27,0,-0.096153846,-0.111467236,0.01531339,7.50519567,7.09480433,0,94.25435765,0.119860085,0.056217992,7.25
2012-11-01,7.25,0,0,-3.33,-9.38,-19.44,-36.96,7.25,7.25,7.25,7.5,7.25,7.29,8,7.25,7.57,9,7.25,8.04,11.5,7.25,9.25,0,-0.086538462,-0.111111111,0.02457265,7.470673774,7.104326226,0,94.30986371,0.119860085,0.050270676,7.25
2012-11-02,7.25,0,0,-3.33,-9.38,-19.44,-36.96,7.25,7.25,7.25,7.5,7.25,7.28,8,7.25,7.56,9,7.25,8.03,11.5,7.25,9.23,0,-0.076923077,-0.108440171,0.031517094,7.428896753,7.121103247,0,94.36945154,0.119860085,0.042308386,7.25
2012-11-05,7.25,0,0,-3.33,-9.38,-19.44,-36.96,7.25,7.25,7.25,7.5,7.25,7.26,8,7.25,7.55,9,7.25,8.01,11.5,7.25,9.22,0,-0.067307692,-0.103454416,0.036146724,7.374303399,7.150696601,0,94.43315725,0.119860085,0.030789232,7.25
2012-11-06,7.25,0,0,-3.33,-9.38,-19.44,-36.96,7.25,7.25,7.25,7.25,7.25,7.25,8,7.25,7.54,9,7.25,8,11.5,7.25,9.2,0,-0.057692308,-0.096153846,0.038461538,7.25,7.25,0,94.34729565,0.119860085,0,7.25
2012-11-07,7.25,0,0,0,-9.38,-19.44,-36.96,7.25,7.25,7.25,7.25,7.25,7.25,8,7.25,7.53,9,7.25,7.99,11.5,7.25,9.19,0,-0.048076923,-0.086538462,0.038461538,7.25,7.25,0,94.42025152,0,0,7.25
2012-11-08,7.25,0,0,0,-9.38,-19.44,-36.96,7.25,7.25,7.25,7.25,7.25,7.25,8,7.25,7.52,9,7.25,7.97,11.5,7.25,9.17,0,-0.038461538,-0.076923077,0.038461538,7.25,7.25,0,94.48947175,0,0,7.25
2012-11-09,7.25,0,0,0,-9.38,-19.44,-36.96,7.25,7.25,7.25,7.25,7.25,7.25,8,7.25,7.5,9,7.25,7.96,11.5,7.25,9.15,0,-0.028846154,-0.067307692,0.038461538,7.25,7.25,0,94.55493968,0,0,7.25
2012-11-12,7.25,0,0,0,-9.38,-19.44,-36.96,7.25,7.25,7.25,7.25,7.25,7.25,8,7.25,7.49,9,7.25,7.95,11.5,7.25,9.14,0,-0.019230769,-0.057692308,0.038461538,7.25,7.25,0,94.61663948,0,0,7.25
2012-11-13,7.25,0,0,0,-9.38,-19.44,-36.96,7.25,7.25,7.25,7.25,7.25,7.25,8,7.25,7.48,9,7.25,7.93,11.5,7.25,9.12,0,-0.009615385,-0.048076923,0.038461538,7.25,7.25,0,94.67455621,0,0,7.25
2012-11-14,7.25,0,0,0,-9.38,-19.44,-36.96,7.25,7.25,7.25,7.25,7.25,7.25,8,7.25,7.47,9,7.25,7.92,11.5,7.25,9.1,0,0,-0.038461538,0.038461538,7.25,7.25,0,94.72867584,0,0,7.25
2012-11-15,7.25,0,0,0,-9.38,-19.44,-36.96,7.25,7.25,7.25,7.25,7.25,7.25,8,7.25,7.46,9,7.25,7.91,11.5,7.25,9.09,0,0,-0.02991453,0.02991453,7.25,7.25,0,94.77898521,0,0,7.25
2012-11-16,7.25,0,0,0,-9.38,-19.44,-36.96,7.25,7.25,7.25,7.25,7.25,7.25,8,7.25,7.45,9,7.25,7.89,11.5,7.25,9.07,0,0,-0.022435897,0.022435897,7.25,7.25,0,94.82547208,0,0,7.25
2012-11-19,7.25,0,0,0,-9.38,-19.44,-36.96,7.25,7.25,7.25,7.25,7.25,7.25,8,7.25,7.43,9,7.25,7.88,11.5,7.25,9.05,0,0,-0.016025641,0.016025641,7.25,7.25,0,94.86812513,0,0,7.25
2012-11-20,7.25,0,0,0,-9.38,-19.44,-36.96,7.25,7.25,7.25,7.25,7.25,7.25,8,7.25,7.42,9,7.25,7.87,11.5,7.25,9.04,0,0,-0.010683761,0.010683761,7.25,7.25,0,94.90693393,0,0,7.25
2012-11-21,7.25,0,0,0,-9.38,-19.44,-36.96,7.25,7.25,7.25,7.25,7.25,7.25,8,7.25,7.41,9,7.25,7.85,11.5,7.25,9.02,0,0,-0.006410256,0.006410256,7.25,7.25,0,94.94188902,0,0,7.25
2012-11-22,7.25,0,0,0,-9.38,-19.44,-36.96,7.25,7.25,7.25,7.25,7.25,7.25,8,7.25,7.4,9,7.25,7.84,11.5,7.25,9.01,0,0,-0.003205128,0.003205128,7.25,7.25,0,94.97298182,0,0,7.25
2012-11-23,7.25,0,0,0,-9.38,-19.44,-36.96,7.25,7.25,7.25,7.25,7.25,7.25,8,7.25,7.39,9,7.25,7.83,11.5,7.25,8.99,0,0,-0.001068376,0.001068376,7.25,7.25,0,95.00020474,0,0,7.25
2012-11-26,7.25,0,0,0,-9.38,-19.44,-36.96,7.25,7.25,7.25,7.25,7.25,7.25,8,7.25,7.38,9,7.25,7.81,11.5,7.25,8.97,0,0,0,0,7.25,7.25,0,95.0235511,0,0,7.25
2012-11-27,7.25,0,0,0,-9.38,-19.44,-36.96,7.25,7.25,7.25,7.25,7.25,7.25,7.5,7.25,7.37,8.5,7.25,7.8,11,7.25,8.96,0,0,0,0,7.25,7.25,0,95.19901518,0,0,7.25
2012-11-28,7.25,0,0,0,-3.33,-14.71,-34.09,7.25,7.25,7.25,7.25,7.25,7.25,7.5,7.25,7.36,8.5,7.25,7.79,11,7.25,8.94,0,0,0,0,7.25,7.25,0,95.37120776,0,0,7.25
2012-11-29,7.25,0,0,0,-3.33,-14.71,-34.09,7.25,7.25,7.25,7.25,7.25,7.25,7.5,7.25,7.36,8.5,7.25,7.78,11,7.25,8.93,0,0,0,0,7.25,7.25,0,95.54008977,0,0,7.25
2012-11-30,7.25,0,0,0,-3.33,-14.71,-34.09,7.25,7.25,7.25,7.25,7.25,7.25,7.5,7.25,7.35,8.5,7.25,7.77,11,7.25,8.91,0,0,0,0,7.25,7.25,0,95.70562271,0,0,7.25
2012-12-03,7.25,0,0,0,-3.33,-14.71,-34.09,7.25,7.25,7.25,7.25,7.25,7.25,7.5,7.25,7.35,8.5,7.25,7.76,11,7.25,8.9,0,0,0,0,7.25,7.25,0,95.8677686,0,0,7.25
2012-12-04,7.25,0,0,0,-3.33,-14.71,-34.09,7.25,7.25,7.25,7.25,7.25,7.25,7.5,7.25,7.35,8.5,7.25,7.75,11,7.25,8.88,0,0,0,0,7.25,7.25,0,96.02649007,0,0,7.25
2012-12-05,7.25,0,0,0,-3.33,-14.71,-34.09,7.25,7.25,7.25,7.25,7.25,7.25,7.5,7.25,7.34,8.5,7.25,7.74,11,7.25,8.87,0,0,0,0,7.25,7.25,0,96.18573798,0,0,7.25
2012-12-06,7.25,0,0,0,-3.33,-14.71,-34.09,7.25,7.25,7.25,7.25,7.25,7.25,7.5,7.25,7.34,8.5,7.25,7.73,11,7.25,8.86,0,0,0,0,7.25,7.25,0,96.34551495,0,0,7.25
2012-12-07,7.25,0,0,0,-3.33,-14.71,-34.09,7.25,7.25,7.25,7.25,7.25,7.25,7.5,7.25,7.33,8.5,7.25,7.72,11,7.25,8.84,0,0,0,0,7.25,7.25,0,96.50582363,0,0,7.25
2012-12-10,7.25,0,0,0,-3.33,-14.71,-34.09,7.25,7.25,7.25,7.25,7.25,7.25,7.5,7.25,7.33,8.5,7.25,7.71,11,7.25,8.83,0,0,0,0,7.25,7.25,0,96.66666667,0,0,7.25
2012-12-11,7.25,0,0,0,-3.33,-14.71,-34.09,7.25,7.25,7.25,7.25,7.25,7.25,7.5,7.25,7.33,8.5,7.25,7.7,11,7.25,8.81,0,0,0,0,7.25,7.25,0,96.82804674,0,0,7.25
2012-12-12,7.25,0,0,0,-3.33,-14.71,-34.09,7.25,7.25,7.25,7.25,7.25,7.25,7.5,7.25,7.32,8.5,7.25,7.69,11,7.25,8.8,0,0,0,0,7.25,7.25,0,96.98996656,0,0,7.25
2012-12-13,7.25,0,0,0,-3.33,-14.71,-34.09,7.25,7.25,7.25,7.25,7.25,7.25,7.5,7.25,7.32,8.5,7.25,7.68,11,7.25,8.78,0,0,0,0,7.25,7.25,0,97.15242881,0,0,7.25
2012-12-14,7.25,0,0,0,-3.33,-14.71,-34.09,7.25,7.25,7.25,7.25,7.25,7.25,7.5,7.25,7.32,8.5,7.25,7.67,11,7.25,8.77,0,0,0,0,7.25,7.25,0,97.31543624,0,0,7.25
2012-12-17,7.25,0,0,0,-3.33,-14.71,-34.09,7.25,7.25,7.25,7.25,7.25,7.25,7.5,7.25,7.31,8.5,7.25,7.66,11,7.25,8.75,0,0,0,0,7.25,7.25,0,97.4789916,0,0,7.25
2012-12-18,7.25,0,0,0,-3.33,-14.71,-34.09,7.25,7.25,7.25,7.25,7.25,7.25,7.5,7.25,7.31,8.5,7.25,7.65,11,7.25,8.74,0,0,0,0,7.25,7.25,0,97.64309764,0,0,7.25
2012-12-19,7.25,0,0,0,-3.33,-14.71,-34.09,7.25,7.25,7.25,7.25,7.25,7.25,7.5,7.25,7.3,8.5,7.25,7.64,11,7.25,8.73,0,0,0,0,7.25,7.25,0,97.80775717,0,0,7.25
2012-12-20,7.25,0,0,0,-3.33,-14.71,-34.09,7.25,7.25,7.25,7.25,7.25,7.25,7.5,7.25,7.3,8.5,7.25,7.63,11,7.25,8.71,0,0,0,0,7.25,7.25,0,97.97297297,0,0,7.25
2012-12-21,7.25,0,0,0,-3.33,-14.71,-34.09,7.25,7.25,7.25,7.25,7.25,7.25,7.5,7.25,7.3,8.5,7.25,7.63,11,7.25,8.7,0,0,0,0,7.25,7.25,0,98.13874788,0,0,7.25
2012-12-24,7.25,0,0,0,-3.33,-14.71,-34.09,7.25,7.25,7.25,7.25,7.25,7.25,7.5,7.25,7.29,8.5,7.25,7.62,11,7.25,8.68,0,0,0,0,7.25,7.25,0,98.30508475,0,0,7.25
2012-12-25,7.25,0,0,0,-3.33,-14.71,-34.09,7.25,7.25,7.25,7.25,7.25,7.25,7.5,7.25,7.29,8.5,7.25,7.61,11,7.25,8.67,0,0,0,0,7.25,7.25,0,98.30508475,0,0,7.25
2012-12-26,7.25,0,0,0,-3.33,-14.71,-34.09,7.25,7.25,7.25,7.25,7.25,7.25,7.5,7.25,7.28,8.5,7.25,7.6,11,7.25,8.65,0,0,0,0,7.25,7.25,0,98.30508475,0,0,7.25
2012-12-27,7.25,0,0,0,-3.33,-14.71,-34.09,7.25,7.25,7.25,7.25,7.25,7.25,7.5,7.25,7.28,8.5,7.25,7.59,11,7.25,8.64,0,0,0,0,7.25,7.25,0,98.30508475,0,0,7.25
2012-12-28,7.25,0,0,0,-3.33,-14.71,-34.09,7.25,7.25,7.25,7.25,7.25,7.25,7.5,7.25,7.28,8.5,7.25,7.58,11,7.25,8.63,0,0,0,0,7.25,7.25,0,98.30508475,0,0,7.25
2012-12-31,7.25,0,0,0,-3.33,-14.71,-34.09,7.25,7.25,7.25,7.25,7.25,7.25,7.5,7.25,7.27,8.5,7.25,7.57,11,7.25,8.61,0,0,0,0,7.25,7.25,0,98.30508475,0,0,7.25
2013-01-01,7.25,0,0,0,-3.33,-14.71,-34.09,7.25,7.25,7.25,7.25,7.25,7.25,7.5,7.25,7.27,8.5,7.25,7.56,11,7.25,8.6,0,0,0,0,7.25,7.25,0,98.30508475,0,0,7.25
2013-01-02,7.25,0,0,0,-3.33,-14.71,-34.09,7.25,7.25,7.25,7.25,7.25,7.25,7.5,7.25,7.27,8.5,7.25,7.55,11,7.25,8.58,0,0,0,0,7.25,7.25,0,98.30508475,0,0,7.25
2013-01-03,7.25,0,0,0,-3.33,-14.71,-34.09,7.25,7.25,7.25,7.25,7.25,7.25,7.5,7.25,7.26,8.5,7.25,7.54,11,7.25,8.57,0,0,0,0,7.25,7.25,0,98.30508475,0,0,7.25
2013-01-04,7.25,0,0,0,-3.33,-14.71,-34.09,7.25,7.25,7.25,7.25,7.25,7.25,7.5,7.25,7.26,8.5,7.25,7.53,11,7.25,8.55,0,0,0,0,7.25,7.25,0,98.30508475,0,0,7.25
2013-01-07,7.25,0,0,0,-3.33,-14.71,-34.09,7.25,7.25,7.25,7.25,7.25,7.25,7.5,7.25,7.25,8.5,7.25,7.52,11,7.25,8.54,0,0,0,0,7.25,7.25,0,98.30508475,0,0,7.25
2013-01-08,7.25,0,0,0,-3.33,-14.71,-34.09,7.25,7.25,7.25,7.25,7.25,7.25,7.25,7.25,7.25,8,7.25,7.51,11,7.25,8.52,0,0,0,0,7.25,7.25,0,98.3884648,0,0,7.25
2013-01-09,7.25,0,0,0,0,-9.38,-34.09,7.25,7.25,7.25,7.25,7.25,7.25,7.25,7.25,7.25,8,7.25,7.5,11,7.25,8.51,0,0,0,0,7.25,7.25,0,98.47198642,0,0,7.25
2013-01-10,7.25,0,0,0,0,-9.38,-34.09,7.25,7.25,7.25,7.25,7.25,7.25,7.25,7.25,7.25,8,7.25,7.5,11,7.25,8.5,0,0,0,0,7.25,7.25,0,98.55564996,0,0,7.25
2013-01-11,7.25,0,0,0,0,-9.38,-34.09,7.25,7.25,7.25,7.25,7.25,7.25,7.25,7.25,7.25,8,7.25,7.49,11,7.25,8.48,0,0,0,0,7.25,7.25,0,98.63945578,0,0,7.25
2013-01-14,7.25,0,0,0,0,-9.38,-34.09,7.25,7.25,7.25,7.25,7.25,7.25,7.25,7.25,7.25,8,7.25,7.49,11,7.25,8.47,0,0,0,0,7.25,7.25,0,98.72340426,0,0,7.25
2013-01-15,7.25,0,0,0,0,-9.38,-34.09,7.25,7.25,7.25,7.25,7.25,7.25,7.25,7.25,7.25,8,7.25,7.48,10.5,7.25,8.45,0,0,0,0,7.25,7.25,0,98.80749574,0,0,7.25
2013-01-16,7.25,0,0,0,0,-9.38,-30.95,7.25,7.25,7.25,7.25,7.25,7.25,7.25,7.25,7.25,8,7.25,7.48,10.5,7.25,8.44,0,0,0,0,7.25,7.25,0,98.89173061,0,0,7.25
2013-01-17,7.25,0,0,0,0,-9.38,-30.95,7.25,7.25,7.25,7.25,7.25,7.25,7.25,7.25,7.25,8,7.25,7.47,10.5,7.25,8.43,0,0,0,0,7.25,7.25,0,98.97610922,0,0,7.25
2013-01-18,7.25,0,0,0,0,-9.38,-30.95,7.25,7.25,7.25,7.25,7.25,7.25,7.25,7.25,7.25,8,7.25,7.46,10.5,7.25,8.41,0,0,0,0,7.25,7.25,0,99.06063194,0,0,7.25
2013-01-21,7.25,0,0,0,0,-9.38,-30.95,7.25,7.25,7.25,7.25,7.25,7.25,7.25,7.25,7.25,8,7.25,7.46,10.5,7.25,8.4,0,0,0,0,7.25,7.25,0,99.14529915,0,0,7.25
2013-01-22,7.25,0,0,0,0,-9.38,-30.95,7.25,7.25,7.25,7.25,7.25,7.25,7.25,7.25,7.25,8,7.25,7.45,10.5,7.25,8.39,0,0,0,0,7.25,7.25,0,99.23011121,0,0,7.25
2013-01-23,7.25,0,0,0,0,-9.38,-30.95,7.25,7.25,7.25,7.25,7.25,7.25,7.25,7.25,7.25,8,7.25,7.45,10.5,7.25,8.38,0,0,0,0,7.25,7.25,0,99.31506849,0,0,7.25
2013-01-24,7.25,0,0,0,0,-9.38,-30.95,7.25,7.25,7.25,7.25,7.25,7.25,7.25,7.25,7.25,8,7.25,7.44,10.5,7.25,8.36,0,0,0,0,7.25,7.25,0,99.40017138,0,0,7.25
2013-01-25,7.25,0,0,0,0,-9.38,-30.95,7.25,7.25,7.25,7.25,7.25,7.25,7.25,7.25,7.25,8,7.25,7.43,10.5,7.25,8.35,0,0,0,0,7.25,7.25,0,99.48542024,0,0,7.25
2013-01-28,7.25,0,0,0,0,-9.38,-30.95,7.25,7.25,7.25,7.25,7.25,7.25,7.25,7.25,7.25,8,7.25,7.43,10.5,7.25,8.34,0,0,0,0,7.25,7.25,0,99.57081545,0,0,7.25
2013-01-29,7.25,0,0,0,0,-9.38,-30.95,7.25,7.25,7.25,7.25,7.25,7.25,7.25,7.25,7.25,8,7.25,7.42,10.5,7.25,8.33,0,0,0,0,7.25,7.25,0,99.65635739,0,0,7.25
2013-01-30,7.25,0,0,0,0,-9.38,-30.95,7.25,7.25,7.25,7.25,7.25,7.25,7.25,7.25,7.25,8,7.25,7.42,10.5,7.25,8.31,0,0,0,0,7.25,7.25,0,99.74204643,0,0,7.25
2013-01-31,7.25,0,0,0,0,-9.38,-30.95,7.25,7.25,7.25,7.25,7.25,7.25,7.25,7.25,7.25,8,7.25,7.41,10.5,7.25,8.3,0,0,0,0,7.25,7.25,0,99.82788296,0,0,7.25
2013-02-01,7.25,0,0,0,0,-9.38,-30.95,7.25,7.25,7.25,7.25,7.25,7.25,7.25,7.25,7.25,8,7.25,7.41,10.5,7.25,8.29,0,0,0,0,7.25,7.25,0,99.91386736,0,0,7.25
2013-02-04,7.25,0,0,0,0,-9.38,-30.95,7.25,7.25,7.25,7.25,7.25,7.25,7.25,7.25,7.25,8,7.25,7.4,10.5,7.25,8.28,0,0,0,0,7.25,7.25,0,100,0,0,7.25
2013-02-05,7.25,0,0,0,0,-9.38,-30.95,7.25,7.25,7.25,7.25,7.25,7.25,7.25,7.25,7.25,8,7.25,7.39,10.5,7.25,8.26,0,0,0,0,7.25,7.25,0,100,0,0,7.25
2013-02-06,7.25,0,0,0,0,-9.38,-30.95,7.25,7.25,7.25,7.25,7.25,7.25,7.25,7.25,7.25,8,7.25,7.39,10.5,7.25,8.25,0,0,0,0,7.25,7.25,0,100,0,0,7.25
2013-02-07,7.25,0,0,0,0,-9.38,-30.95,7.25,7.25,7.25,7.25,7.25,7.25,7.25,7.25,7.25,8,7.25,7.38,10.5,7.25,8.24,0,0,0,0,7.25,7.25,0,100,0,0,7.25
2013-02-08,7.25,0,0,0,0,-9.38,-30.95,7.25,7.25,7.25,7.25,7.25,7.25,7.25,7.25,7.25,8,7.25,7.38,10.5,7.25,8.23,0,0,0,0,7.25,7.25,0,100,0,0,7.25
2013-02-11,7.25,0,0,0,0,-9.38,-30.95,7.25,7.25,7.25,7.25,7.25,7.25,7.25,7.25,7.25,8,7.25,7.37,10.5,7.25,8.21,0,0,0,0,7.25,7.25,0,100,0,0,7.25
2013-02-12,7.25,0,0,0,0,-9.38,-30.95,7.25,7.25,7.25,7.25,7.25,7.25,7.25,7.25,7.25,8,7.25,7.37,10.5,7.25,8.2,0,0,0,0,7.25,7.25,0,100,0,0,7.25
2013-02-13,7.25,0,0,0,0,-9.38,-30.95,7.25,7.25,7.25,7.25,7.25,7.25,7.25,7.25,7.25,8,7.25,7.36,10.5,7.25,8.19,0,0,0,0,7.25,7.25,0,100,0,0,7.25
2013-02-14,7.25,0,0,0,0,-9.38,-30.95,7.25,7.25,7.25,7.25,7.25,7.25,7.25,7.25,7.25,8,7.25,7.35,10.5,7.25,8.18,0,0,0,0,7.25,7.25,0,100,0,0,7.25
2013-02-15,7.25,0,0,0,0,-9.38,-30.95,7.25,7.25,7.25,7.25,7.25,7.25,7.25,7.25,7.25,8,7.25,7.35,10.5,7.25,8.16,0,0,0,0,7.25,7.25,0,100,0,0,7.25
2013-02-18,7.25,0,0,0,0,-9.38,-30.95,7.25,7.25,7.25,7.25,7.25,7.25,7.25,7.25,7.25,8,7.25,7.34,10.5,7.25,8.15,0,0,0,0,7.25,7.25,0,100,0,0,7.25
2013-02-19,7.25,0,0,0,0,-9.38,-30.95,7.25,7.25,7.25,7.25,7.25,7.25,7.25,7.25,7.25,8,7.25,7.34,10.5,7.25,8.14,0,0,0,0,7.25,7.25,0,100,0,0,7.25
2013-02-20,7.25,0,0,0,0,-9.38,-30.95,7.25,7.25,7.25,7.25,7.25,7.25,7.25,7.25,7.25,8,7.25,7.33,10.5,7.25,8.13,0,0,0,0,7.25,7.25,0,100,0,0,7.25
2013-02-21,7.25,0,0,0,0,-9.38,-30.95,7.25,7.25,7.25,7.25,7.25,7.25,7.25,7.25,7.25,8,7.25,7.33,10.5,7.25,8.11,0,0,0,0,7.25,7.25,0,100,0,0,7.25
2013-02-22,7.25,0,0,0,0,-9.38,-30.95,7.25,7.25,7.25,7.25,7.25,7.25,7.25,7.25,7.25,8,7.25,7.32,10.5,7.25,8.1,0,0,0,0,7.25,7.25,0,100,0,0,7.25
2013-02-25,7.25,0,0,0,0,-9.38,-30.95,7.25,7.25,7.25,7.25,7.25,7.25,7.25,7.25,7.25,8,7.25,7.31,10.5,7.25,8.09,0,0,0,0,7.25,7.25,0,100,0,0,7.25
2013-02-26,7.25,0,0,0,0,-9.38,-30.95,7.25,7.25,7.25,7.25,7.25,7.25,7.25,7.25,7.25,7.5,7.25,7.31,10.5,7.25,8.08,0,0,0,0,7.25,7.25,0,100,0,0,7.25
2013-02-27,7.25,0,0,0,0,-3.33,-30.95,7.25,7.25,7.25,7.25,7.25,7.25,7.25,7.25,7.25,7.5,7.25,7.31,10.5,7.25,8.06,0,0,0,0,7.25,7.25,0,100,0,0,7.25
2013-02-28,7.25,0,0,0,0,-3.33,-30.95,7.25,7.25,7.25,7.25,7.25,7.25,7.25,7.25,7.25,7.5,7.25,7.3,10.5,7.25,8.05,0,0,0,0,7.25,7.25,0,100,0,0,7.25
2013-03-01,7.25,0,0,0,0,-3.33,-30.95,7.25,7.25,7.25,7.25,7.25,7.25,7.25,7.25,7.25,7.5,7.25,7.3,10.5,7.25,8.04,0,0,0,0,7.25,7.25,0,100,0,0,7.25
2013-03-04,7.25,0,0,0,0,-3.33,-30.95,7.25,7.25,7.25,7.25,7.25,7.25,7.25,7.25,7.25,7.5,7.25,7.3,10.5,7.25,8.03,0,0,0,0,7.25,7.25,0,100,0,0,7.25
2013-03-05,7.25,0,0,0,0,-3.33,-30.95,7.25,7.25,7.25,7.25,7.25,7.25,7.25,7.25,7.25,7.5,7.25,7.3,9.75,7.25,8.01,0,0,0,0,7.25,7.25,0,100,0,0,7.25
2013-03-06,7.25,0,0,0,0,-3.33,-25.64,7.25,7.25,7.25,7.25,7.25,7.25,7.25,7.25,7.25,7.5,7.25,7.3,9.75,7.25,8,0,0,0,0,7.25,7.25,0,100,0,0,7.25
2013-03-07,7.25,0,0,0,0,-3.33,-25.64,7.25,7.25,7.25,7.25,7.25,7.25,7.25,7.25,7.25,7.5,7.25,7.29,9.75,7.25,8,0,0,0,0,7.25,7.25,0,100,0,0,7.25
2013-03-08,7.25,0,0,0,0,-3.33,-25.64,7.25,7.25,7.25,7.25,7.25,7.25,7.25,7.25,7.25,7.5,7.25,7.29,9.75,7.25,7.99,0,0,0,0,7.25,7.25,0,100,0,0,7.25
2013-03-11,7.25,0,0,0,0,-3.33,-25.64,7.25,7.25,7.25,7.25,7.25,7.25,7.25,7.25,7.25,7.5,7.25,7.29,9.75,7.25,7.98,0,0,0,0,7.25,7.25,0,100,0,0,7.25
2013-03-12,7.25,0,0,0,0,-3.33,-25.64,7.25,7.25,7.25,7.25,7.25,7.25,7.25,7.25,7.25,7.5,7.25,7.29,9.75,7.25,7.97,0,0,0,0,7.25,7.25,0,100,0,0,7.25
2013-03-13,7.25,0,0,0,0,-3.33,-25.64,7.25,7.25,7.25,7.25,7.25,7.25,7.25,7.25,7.25,7.5,7.25,7.29,9.75,7.25,7.96,0,0,0,0,7.25,7.25,0,100,0,0,7.25
2013-03-14,7.25,0,0,0,0,-3.33,-25.64,7.25,7.25,7.25,7.25,7.25,7.25,7.25,7.25,7.25,7.5,7.25,7.28,9.75,7.25,7.95,0,0,0,0,7.25,7.25,0,100,0,0,7.25
2013-03-15,7.25,0,0,0,0,-3.33,-25.64,7.25,7.25,7.25,7.25,7.25,7.25,7.25,7.25,7.25,7.5,7.25,7.28,9.75,7.25,7.94,0,0,0,0,7.25,7.25,0,100,0,0,7.25
2013-03-18,7.25,0,0,0,0,-3.33,-25.64,7.25,7.25,7.25,7.25,7.25,7.25,7.25,7.25,7.25,7.5,7.25,7.28,9.75,7.25,7.93,0,0,0,0,7.25,7.25,0,100,0,0,7.25
2013-03-19,7.25,0,0,0,0,-3.33,-25.64,7.25,7.25,7.25,7.25,7.25,7.25,7.25,7.25,7.25,7.5,7.25,7.28,9.75,7.25,7.92,0,0,0,0,7.25,7.25,0,100,0,0,7.25
2013-03-20,7.25,0,0,0,0,-3.33,-25.64,7.25,7.25,7.25,7.25,7.25,7.25,7.25,7.25,7.25,7.5,7.25,7.28,9.75,7.25,7.91,0,0,0,0,7.25,7.25,0,100,0,0,7.25
2013-03-21,7.25,0,0,0,0,-3.33,-25.64,7.25,7.25,7.25,7.25,7.25,7.25,7.25,7.25,7.25,7.5,7.25,7.28,9.75,7.25,7.9,0,0,0,0,7.25,7.25,0,100,0,0,7.25
2013-03-22,7.25,0,0,0,0,-3.33,-25.64,7.25,7.25,7.25,7.25,7.25,7.25,7.25,7.25,7.25,7.5,7.25,7.27,9.75,7.25,7.89,0,0,0,0,7.25,7.25,0,100,0,0,7.25
2013-03-25,7.25,0,0,0,0,-3.33,-25.64,7.25,7.25,7.25,7.25,7.25,7.25,7.25,7.25,7.25,7.5,7.25,7.27,9.75,7.25,7.88,0,0,0,0,7.25,7.25,0,100,0,0,7.25
2013-03-26,7.25,0,0,0,0,-3.33,-25.64,7.25,7.25,7.25,7.25,7.25,7.25,7.25,7.25,7.25,7.5,7.25,7.27,9.75,7.25,7.87,0,0,0,0,7.25,7.25,0,100,0,0,7.25
2013-03-27,7.25,0,0,0,0,-3.33,-25.64,7.25,7.25,7.25,7.25,7.25,7.25,7.25,7.25,7.25,7.5,7.25,7.27,9.75,7.25,7.86,0,0,0,0,7.25,7.25,0,100,0,0,7.25
2013-03-28,7.25,0,0,0,0,-3.33,-25.64,7.25,7.25,7.25,7.25,7.25,7.25,7.25,7.25,7.25,7.5,7.25,7.27,9.75,7.25,7.85,0,0,0,0,7.25,7.25,0,100,0,0,7.25
2013-03-29,7.25,0,0,0,0,-3.33,-25.64,7.25,7.25,7.25,7.25,7.25,7.25,7.25,7.25,7.25,7.5,7.25,7.26,9.75,7.25,7.84,0,0,0,0,7.25,7.25,0,100,0,0,7.25
2013-04-01,7.25,0,0,0,0,-3.33,-25.64,7.25,7.25,7.25,7.25,7.25,7.25,7.25,7.25,7.25,7.5,7.25,7.26,9.75,7.25,7.83,0,0,0,0,7.25,7.25,0,100,0,0,7.25
2013-04-02,7.25,0,0,0,0,-3.33,-25.64,7.25,7.25,7.25,7.25,7.25,7.25,7.25,7.25,7.25,7.5,7.25,7.26,9.75,7.25,7.82,0,0,0,0,7.25,7.25,0,100,0,0,7.25
2013-04-03,7.25,0,0,0,0,-3.33,-25.64,7.25,7.25,7.25,7.25,7.25,7.25,7.25,7.25,7.25,7.5,7.25,7.26,9.75,7.25,7.81,0,0,0,0,7.25,7.25,0,100,0,0,7.25
2013-04-04,7.25,0,0,0,0,-3.33,-25.64,7.25,7.25,7.25,7.25,7.25,7.25,7.25,7.25,7.25,7.5,7.25,7.26,9.75,7.25,7.8,0,0,0,0,7.25,7.25,0,100,0,0,7.25
2013-04-05,7.25,0,0,0,0,-3.33,-25.64,7.25,7.25,7.25,7.25,7.25,7.25,7.25,7.25,7.25,7.5,7.25,7.25,9.75,7.25,7.79,0,0,0,0,7.25,7.25,0,100,0,0,7.25
2013-04-08,7.25,0,0,0,0,-3.33,-25.64,7.25,7.25,7.25,7.25,7.25,7.25,7.25,7.25,7.25,7.5,7.25,7.25,9.75,7.25,7.78,0,0,0,0,7.25,7.25,0,100,0,0,7.25
2013-04-09,7.25,0,0,0,0,-3.33,-25.64,7.25,7.25,7.25,7.25,7.25,7.25,7.25,7.25,7.25,7.25,7.25,7.25,9.75,7.25,7.77,0,0,0,0,7.25,7.25,0,100,0,0,7.25
2013-04-10,7.25,0,0,0,0,0,-25.64,7.25,7.25,7.25,7.25,7.25,7.25,7.25,7.25,7.25,7.25,7.25,7.25,9.75,7.25,7.76,0,0,0,0,7.25,7.25,0,100,0,0,7.25
2013-04-11,7.25,0,0,0,0,0,-25.64,7.25,7.25,7.25,7.25,7.25,7.25,7.25,7.25,7.25,7.25,7.25,7.25,9.75,7.25,7.75,0,0,0,0,7.25,7.25,0,100,0,0,7.25
2013-04-12,7.25,0,0,0,0,0,-25.64,7.25,7.25,7.25,7.25,7.25,7.25,7.25,7.25,7.25,7.25,7.25,7.25,9.75,7.25,7.75,0,0,0,0,7.25,7.25,0,100,0,0,7.25
2013-04-15,7.25,0,0,0,0,0,-25.64,7.25,7.25,7.25,7.25,7.25,7.25,7.25,7.25,7.25,7.25,7.25,7.25,9.75,7.25,7.74,0,0,0,0,7.25,7.25,0,100,0,0,7.25
2013-04-16,7.25,0,0,0,0,0,-25.64,7.25,7.25,7.25,7.25,7.25,7.25,7.25,7.25,7.25,7.25,7.25,7.25,9,7.25,7.73,0,0,0,0,7.25,7.25,0,100,0,0,7.25
2013-04-17,7.5,3.45,3.45,3.45,3.45,3.45,-16.67,7.5,7.25,7.3,7.5,7.25,7.26,7.5,7.25,7.25,7.5,7.25,7.25,9,7.25,7.72,0,0.011217949,0.001246439,0.00997151,7.374303399,7.150696601,1,100.0818225,0.119860085,0.030789232,7.5
2013-04-18,7.5,0,3.45,3.45,3.45,3.45,-16.67,7.5,7.25,7.35,7.5,7.25,7.28,7.5,7.25,7.26,7.5,7.25,7.25,9,7.25,7.71,0,0.022435897,0.003739316,0.018696581,7.428896753,7.121103247,1,100.1591877,0.119860085,0.042308386,7.5
2013-04-19,7.5,0,3.45,3.45,3.45,3.45,-16.67,7.5,7.25,7.4,7.5,7.25,7.29,7.5,7.25,7.26,7.5,7.25,7.26,9,7.25,7.71,0,0.033653846,0.007478632,0.026175214,7.470673774,7.104326226,1,100.2320983,0.119860085,0.050270676,7.5
2013-04-22,7.5,0,3.45,3.45,3.45,3.45,-16.67,7.5,7.25,7.45,7.5,7.25,7.3,7.5,7.25,7.27,7.5,7.25,7.26,9,7.25,7.7,0,0.044871795,0.012464387,0.032407407,7.50519567,7.09480433,1,100.3005582,0.119860085,0.056217992,7.5
2013-04-23,7.5,0,3.45,3.45,3.45,3.45,-16.67,7.5,7.5,7.5,7.5,7.25,7.31,7.5,7.25,7.27,7.5,7.25,7.26,9,7.25,7.7,0,0.056089744,0.018696581,0.037393162,7.534630829,7.090369171,1,100.3645722,0.119860085,0.060753731,7.5
2013-04-24,7.5,0,0,3.45,3.45,3.45,-16.67,7.5,7.5,7.5,7.5,7.25,7.33,7.5,7.25,7.27,7.5,7.25,7.26,9,7.25,7.69,0,0.067307692,0.026175214,0.041132479,7.560081173,7.089918827,1,100.4241464,0.119860085,0.064185986,7.5
2013-04-25,7.5,0,0,3.45,3.45,3.45,-16.67,7.5,7.5,7.5,7.5,7.25,7.34,7.5,7.25,7.28,7.5,7.25,7.26,9,7.25,7.69,0,0.078525641,0.034900285,0.043625356,7.582180242,7.092819758,1,100.4792879,0.119860085,0.066693081,7.5
2013-04-26,7.5,0,0,3.45,3.45,3.45,-16.67,7.5,7.5,7.5,7.5,7.25,7.35,7.5,7.25,7.28,7.5,7.25,7.27,9,7.25,7.68,0,0.08974359,0.044871795,0.044871795,7.601312345,7.098687655,1,100.5300051,0.119860085,0.068384312,7.5
2013-04-29,7.5,0,0,3.45,3.45,3.45,-16.67,7.5,7.5,7.5,7.5,7.25,7.36,7.5,7.25,7.28,7.5,7.25,7.27,9,7.25,7.67,0,0.100961538,0.056089744,0.044871795,7.617708893,7.107291107,1,100.5763074,0.119860085,0.069326694,7.5
2013-04-30,7.5,0,0,3.45,3.45,3.45,-16.67,7.5,7.5,7.5,7.5,7.25,7.38,7.5,7.25,7.29,7.5,7.25,7.27,9,7.25,7.67,0,0.112179487,0.067307692,0.044871795,7.631494588,7.118505412,1,100.6182051,0.119860085,0.069557854,7.5
2013-05-01,7.5,0,0,3.45,3.45,3.45,-16.67,7.5,7.5,7.5,7.5,7.25,7.39,7.5,7.25,7.29,7.5,7.25,7.27,9,7.25,7.66,0,0.123397436,0.078525641,0.044871795,7.642708893,7.132291107,1,100.6557098,0.119860085,0.069092086,7.5
2013-05-02,7.5,0,0,3.45,3.45,3.45,-16.67,7.5,7.5,7.5,7.5,7.25,7.4,7.5,7.25,7.3,7.5,7.25,7.27,9,7.25,7.66,0,0.134615385,0.08974359,0.044871795,7.651312345,7.148687655,1,100.6888341,0.119860085,0.067922255,7.5
2013-05-03,7.5,0,0,3.45,3.45,3.45,-16.67,7.5,7.5,7.5,7.5,7.25,7.41,7.5,7.25,7.3,7.5,7.25,7.28,9,7.25,7.65,0,0.125,0.098646724,0.026353276,7.657180242,7.167819758,1,100.7175916,0.119860085,0.066018278,7.5
2013-05-06,7.5,0,0,3.45,3.45,3.45,-16.67,7.5,7.5,7.5,7.5,7.25,7.43,7.5,7.25,7.3,7.5,7.25,7.28,9,7.25,7.65,0,0.115384615,0.105235043,0.010149573,7.660081173,7.189918827,1,100.741997,0.119860085,0.063321528,7.5
2013-05-07,7.5,0,0,3.45,3.45,3.45,-16.67,7.5,7.5,7.5,7.5,7.25,7.44,7.5,7.25,7.31,7.5,7.25,7.28,9,7.25,7.64,0,0.105769231,0.109508547,-0.003739316,7.659630829,7.215369171,1,100.762066,0.119860085,0.05973266,7.5
2013-05-08,7.5,0,0,3.45,3.45,3.45,-16.67,7.5,7.5,7.5,7.5,7.25,7.45,7.5,7.25,7.31,7.5,7.25,7.28,9,7.25,7.63,0,0.096153846,0.111467236,-0.01531339,7.65519567,7.24480433,1,100.7778154,0.119860085,0.055086086,7.5
2013-05-09,7.5,0,0,3.45,3.45,3.45,-16.67,7.5,7.5,7.5,7.5,7.25,7.46,7.5,7.25,7.32,7.5,7.25,7.28,9,7.25,7.63,0,0.086538462,0.111111111,-0.02457265,7.645673774,7.279326226,1,100.7892627,0.119860085,0.049091799,7.5
2013-05-10,7.5,0,0,3.45,3.45,3.45,-16.67,7.5,7.5,7.5,7.5,7.25,7.48,7.5,7.25,7.32,7.5,7.25,7.28,9,7.25,7.62,0,0.076923077,0.108440171,-0.031517094,7.628896753,7.321103247,1,100.7964266,0.119860085,0.041176389,7.5
2013-05-13,7.5,0,0,3.45,3.45,3.45,-16.67,7.5,7.5,7.5,7.5,7.25,7.49,7.5,7.25,7.32,7.5,7.25,7.29,9,7.25,7.62,0,0.067307692,0.103454416,-0.036146724,7.599303399,7.375696601,1,100.7993269,0.119860085,0.029864013,7.5
2013-05-14,7.5,0,0,3.45,3.45,3.45,-16.67,7.5,7.5,7.5,7.5,7.5,7.5,7.5,7.25,7.33,7.5,7.25,7.29,9,7.25,7.61,0,0.057692308,0.096153846,-0.038461538,7.5,7.5,0,100.797984,0.119860085,0,7.5
2013-05-15,7.5,0,0,0,3.45,3.45,-16.67,7.5,7.5,7.5,7.5,7.5,7.5,7.5,7.25,7.33,7.5,7.25,7.29,9,7.25,7.6,0,0.048076923,0.086538462,-0.038461538,7.5,7.5,0,100.717613,0,0,7.5
2013-05-16,7.5,0,0,0,3.45,3.45,-16.67,7.5,7.5,7.5,7.5,7.5,7.5,7.5,7.25,7.33,7.5,7.25,7.29,9,7.25,7.6,0,0.038461538,0.076923077,-0.038461538,7.5,7.5,0,100.6415901,0,0,7.5
2013-05-17,7.5,0,0,0,3.45,3.45,-16.67,7.5,7.5,7.5,7.5,7.5,7.5,7.5,7.25,7.34,7.5,7.25,7.29,9,7.25,7.59,0,0.028846154,0.067307692,-0.038461538,7.5,7.5,0,100.5698961,0,0,7.5
2013-05-20,7.5,0,0,0,3.45,3.45,-16.67,7.5,7.5,7.5,7.5,7.5,7.5,7.5,7.25,7.34,7.5,7.25,7.3,9,7.25,7.59,0,0.019230769,0.057692308,-0.038461538,7.5,7.5,0,100.5025126,0,0,7.5
2013-05-21,7.5,0,0,0,3.45,3.45,-16.67,7.5,7.5,7.5,7.5,7.5,7.5,7.5,7.25,7.35,7.5,7.25,7.3,9,7.25,7.58,0,0.009615385,0.048076923,-0.038461538,7.5,7.5,0,100.4394225,0,0,7.5
2013-05-22,7.5,0,0,0,3.45,3.45,-16.67,7.5,7.5,7.5,7.5,7.5,7.5,7.5,7.25,7.35,7.5,7.25,7.3,9,7.25,7.58,0,0,0.038461538,-0.038461538,7.5,7.5,0,100.3806098,0,0,7.5
2013-05-23,7.5,0,0,0,3.45,3.45,-16.67,7.5,7.5,7.5,7.5,7.5,7.5,7.5,7.25,7.35,7.5,7.25,7.3,9,7.25,7.57,0,0,0.02991453,-0.02991453,7.5,7.5,0,100.3260597,0,0,7.5
2013-05-24,7.5,0,0,0,3.45,3.45,-16.67,7.5,7.5,7.5,7.5,7.5,7.5,7.5,7.25,7.36,7.5,7.25,7.3,9,7.25,7.56,0,0,0.022435897,-0.022435897,7.5,7.5,0,100.2757583,0,0,7.5
2013-05-27,7.5,0,0,0,3.45,3.45,-16.67,7.5,7.5,7.5,7.5,7.5,7.5,7.5,7.25,7.36,7.5,7.25,7.31,9,7.25,7.56,0,0,0.016025641,-0.016025641,7.5,7.5,0,100.229693,0,0,7.5
2013-05-28,7.5,0,0,0,3.45,3.45,-16.67,7.5,7.5,7.5,7.5,7.5,7.5,7.5,7.25,7.37,7.5,7.25,7.31,8.5,7.25,7.55,0,0,0.010683761,-0.010683761,7.5,7.5,0,100.1878522,0,0,7.5
2013-05-29,8,6.67,6.67,6.67,10.34,10.34,-5.88,8,7.5,7.6,8,7.5,7.53,8,7.25,7.38,8,7.25,7.31,8.5,7.25,7.55,0,0.022435897,0.008903134,0.013532764,7.748606798,7.301393202,1,100.3082563,0.22817813,0.059430378,8
2013-05-30,8,0,6.67,6.67,10.34,10.34,-5.88,8,7.5,7.7,8,7.5,7.55,8,7.25,7.39,8,7.25,7.32,8.5,7.25,7.55,0,0.044871795,0.010683761,0.034188034,7.857793506,7.242206494,1,100.4239754,0.22817813,0.081534703,8
2013-05-31,8,0,6.67,6.67,10.34,10.34,-5.88,8,7.5,7.8,8,7.5,7.58,8,7.25,7.4,8,7.25,7.33,8.5,7.25,7.55,0,0.067307692,0.016025641,0.051282051,7.941347549,7.208652451,1,100.5350255,0.22817813,0.096725425,8
2013-06-03,8,0,6.67,6.67,10.34,10.34,-5.88,8,7.5,7.9,8,7.5,7.6,8,7.25,7.41,8,7.25,7.33,8.5,7.25,7.55,0,0.08974359,0.024928775,0.064814815,8.010391341,7.189608659,1,100.6414235,0.22817813,0.107997721,8
2013-06-04,8,0,6.67,6.67,10.34,10.34,-5.88,8,8,8,8,7.5,7.63,8,7.25,7.42,8,7.25,7.34,8.5,7.25,7.54,0,0.112179487,0.037393162,0.074786325,8.069261658,7.180738342,1,100.7431874,0.22817813,0.116527648,8
2013-06-05,8,0,0,6.67,10.34,10.34,-5.88,8,8,8,8,7.5,7.65,8,7.25,7.43,8,7.25,7.34,8.5,7.25,7.54,0,0.134615385,0.052350427,0.082264957,8.120162346,7.179837654,1,100.8403361,0.22817813,0.12291826,8
2013-06-06,8,0,0,6.67,10.34,10.34,-5.88,8,8,8,8,7.5,7.68,8,7.25,7.45,8,7.25,7.35,8.5,7.25,7.54,0,0.157051282,0.06980057,0.087250712,8.164360485,7.185639515,1,100.9328895,0.22817813,0.127520648,8
2013-06-07,8,0,0,6.67,10.34,10.34,-5.88,8,8,8,8,7.5,7.7,8,7.25,7.46,8,7.25,7.35,8.5,7.25,7.54,0,0.179487179,0.08974359,0.08974359,8.20262469,7.19737531,1,101.0208684,0.22817813,0.130551868,8
2013-06-10,8,0,0,6.67,10.34,10.34,-5.88,8,8,8,8,7.5,7.73,8,7.25,7.47,8,7.25,7.36,8.5,7.25,7.54,0,0.201923077,0.112179487,0.08974359,8.235417786,7.214582214,1,101.1042945,0.22817813,0.132146999,8
2013-06-11,8,0,0,6.67,10.34,10.34,-5.88,8,8,8,8,7.5,7.75,8,7.25,7.48,8,7.25,7.37,8.5,7.25,7.53,0,0.224358974,0.134615385,0.08974359,8.262989176,7.237010824,1,101.1831905,0.22817813,0.132384303,8
2013-06-12,8,0,0,6.67,10.34,10.34,-5.88,8,8,8,8,7.5,7.78,8,7.25,7.49,8,7.25,7.37,8.5,7.25,7.53,0,0.246794872,0.157051282,0.08974359,8.285417786,7.264582214,1,101.2534592,0.22817813,0.13129718,8
2013-06-13,8,0,0,6.67,10.34,10.34,-5.88,8,8,8,8,7.5,7.8,8,7.25,7.5,8,7.25,7.38,8.5,7.25,7.53,0,0.269230769,0.179487179,0.08974359,8.30262469,7.29737531,1,101.3151486,0.22817813,0.128878126,8
2013-06-14,8,0,0,6.67,10.34,10.34,-5.88,8,8,8,8,7.5,7.83,8,7.25,7.52,8,7.25,7.38,8.5,7.25,7.53,0,0.25,0.197293447,0.052706553,8.314360485,7.335639515,1,101.3683103,0.22817813,0.125076162,8
2013-06-17,8,0,0,6.67,10.34,10.34,-5.88,8,8,8,8,7.5,7.85,8,7.25,7.53,8,7.25,7.39,8.5,7.25,7.53,0,0.230769231,0.210470085,0.020299145,8.320162346,7.379837654,1,101.4129996,0.22817813,0.119786585,8
2013-06-18,8,0,0,6.67,10.34,10.34,-5.88,8,8,8,8,7.5,7.88,8,7.25,7.54,8,7.25,7.39,8.5,7.25,7.52,0,0.211538462,0.219017094,-0.007478632,8.319261658,7.430738342,1,101.4492754,0.22817813,0.112828358,8
2013-06-19,8,0,0,6.67,10.34,10.34,-5.88,8,8,8,8,7.5,7.9,8,7.25,7.55,8,7.25,7.4,8.5,7.25,7.52,0,0.192307692,0.222934473,-0.030626781,8.310391341,7.489608659,1,101.4771997,0.22817813,0.103896542,8
2013-06-20,8,0,0,6.67,10.34,10.34,-5.88,8,8,8,8,7.5,7.93,8,7.25,7.56,8,7.25,7.41,8.5,7.25,7.52,0,0.173076923,0.222222222,-0.049145299,8.291347549,7.558652451,1,101.4968382,0.22817813,0.09245364,8
2013-06-21,8,0,0,6.67,10.34,10.34,-5.88,8,8,8,8,7.5,7.95,8,7.25,7.57,8,7.25,7.41,8.5,7.25,7.52,0,0.153846154,0.216880342,-0.063034188,8.257793506,7.642206494,1,101.5082595,0.22817813,0.077432328,8
2013-06-24,8,0,0,6.67,10.34,10.34,-5.88,8,8,8,8,7.5,7.98,8,7.25,7.58,8,7.25,7.42,8.5,7.25,7.52,0,0.134615385,0.206908832,-0.072293447,8.198606798,7.751393202,1,101.5115354,0.22817813,0.05607694,8
2013-06-25,8,0,0,6.67,10.34,10.34,-5.88,8,8,8,8,8,8,8,7.25,7.6,8,7.25,7.42,8.5,7.25,7.51,0,0.115384615,0.192307692,-0.076923077,8,8,0,101.5067407,0.22817813,0,8
2013-06-26,8,0,0,0,10.34,10.34,-5.88,8,8,8,8,8,8,8,7.25,7.61,8,7.25,7.43,8.5,7.25,7.51,0,0.096153846,0.173076923,-0.076923077,8,8,0,101.3540264,0,0,8
2013-06-27,8,0,0,0,10.34,10.34,-5.88,8,8,8,8,8,8,8,7.25,7.62,8,7.25,7.43,8.5,7.25,7.51,0,0.076923077,0.153846154,-0.076923077,8,8,0,101.2097731,0,0,8
2013-06-28,8,0,0,0,10.34,10.34,-5.88,8,8,8,8,8,8,8,7.25,7.63,8,7.25,7.44,8.5,7.25,7.51,0,0.057692308,0.134615385,-0.076923077,8,8,0,101.0739103,0,0,8
2013-07-01,8,0,0,0,10.34,10.34,-5.88,8,8,8,8,8,8,8,7.25,7.64,8,7.25,7.45,8.5,7.25,7.51,0,0.038461538,0.115384615,-0.076923077,8,8,0,100.9463722,0,0,8
2013-07-02,8,0,0,0,10.34,10.34,-5.88,8,8,8,8,8,8,8,7.25,7.65,8,7.25,7.45,8.5,7.25,7.5,0,0.019230769,0.096153846,-0.076923077,8,8,0,100.8270973,0,0,8
2013-07-03,8,0,0,0,10.34,10.34,-5.88,8,8,8,8,8,8,8,7.25,7.67,8,7.25,7.46,8.5,7.25,7.5,0,0,0.076923077,-0.076923077,8,8,0,100.716028,0,0,8
2013-07-04,8,0,0,0,10.34,10.34,-5.88,8,8,8,8,8,8,8,7.25,7.68,8,7.25,7.46,8.5,7.25,7.5,0,0,0.05982906,-0.05982906,8,8,0,100.6131111,0,0,8
2013-07-05,8,0,0,0,10.34,10.34,-5.88,8,8,8,8,8,8,8,7.25,7.69,8,7.25,7.47,8.5,7.25,7.5,0,0,0.044871795,-0.044871795,8,8,0,100.5182975,0,0,8
2013-07-08,8,0,0,0,10.34,10.34,-5.88,8,8,8,8,8,8,8,7.25,7.7,8,7.25,7.48,8.5,7.25,7.5,0,0,0.032051282,-0.032051282,8,8,0,100.4315418,0,0,8
2013-07-09,8,0,0,0,10.34,10.34,-5.88,8,8,8,8,8,8,8,7.25,7.71,8,7.25,7.48,8,7.25,7.5,0,0,0.021367521,-0.021367521,8,8,0,100.3528028,0,0,8
2013-07-10,8.5,6.25,6.25,6.25,17.24,17.24,6.25,8.5,8,8.1,8.5,8,8.03,8.5,7.25,7.73,8.5,7.25,7.49,8.5,7.25,7.5,0,0.022435897,0.01531339,0.007122507,8.248606798,7.801393202,1,100.4301916,0.214340406,0.055727551,8.5
2013-07-11,8.5,0,6.25,6.25,17.24,17.24,6.25,8.5,8,8.2,8.5,8,8.05,8.5,7.25,7.75,8.5,7.25,7.5,8.5,7.25,7.5,0,0.044871795,0.013888889,0.030982906,8.357793506,7.742206494,1,100.5072181,0.214340406,0.076470436,8.5
2013-07-12,8.5,0,6.25,6.25,17.24,17.24,6.25,8.5,8,8.3,8.5,8,8.08,8.5,7.25,7.77,8.5,7.25,7.51,8.5,7.25,7.5,0,0.067307692,0.017094017,0.050213675,8.441347549,7.708652451,1,100.5838848,0.214340406,0.090736235,8.5
2013-07-15,8.5,0,6.25,6.25,17.24,17.24,6.25,8.5,8,8.4,8.5,8,8.1,8.5,7.25,7.79,8.5,7.25,7.52,8.5,7.25,7.5,0,0.08974359,0.024928775,0.064814815,8.510391341,7.689608659,1,100.6601942,0.214340406,0.101331195,8.5
2013-07-16,8.5,0,6.25,6.25,17.24,17.24,6.25,8.5,8.5,8.5,8.5,8,8.13,8.5,7.5,7.81,8.5,7.25,7.53,8.5,7.25,7.5,0,0.112179487,0.037393162,0.074786325,8.569261658,7.680738342,1,100.7361488,0.214340406,0.109356716,8.5
2013-07-17,8.5,0,0,6.25,13.33,17.24,6.25,8.5,8.5,8.5,8.5,8,8.15,8.5,7.5,7.82,8.5,7.25,7.54,8.5,7.25,7.51,0,0.134615385,0.052350427,0.082264957,8.620162346,7.679837654,1,100.8117511,0.214340406,0.115377263,8.5
2013-07-18,8.5,0,0,6.25,13.33,17.24,6.25,8.5,8.5,8.5,8.5,8,8.18,8.5,7.5,7.84,8.5,7.25,7.55,8.5,7.25,7.51,0,0.157051282,0.06980057,0.087250712,8.664360485,7.685639515,1,100.8870035,0.214340406,0.11972122,8.5
2013-07-19,8.5,0,0,6.25,13.33,17.24,6.25,8.5,8.5,8.5,8.5,8,8.2,8.5,7.5,7.85,8.5,7.25,7.56,8.5,7.25,7.51,0,0.179487179,0.08974359,0.08974359,8.70262469,7.69737531,1,100.9619084,0.214340406,0.122591388,8.5
2013-07-22,8.5,0,0,6.25,13.33,17.24,6.25,8.5,8.5,8.5,8.5,8,8.23,8.5,7.5,7.87,8.5,7.25,7.57,8.5,7.25,7.51,0,0.201923077,0.112179487,0.08974359,8.735417786,7.714582214,1,101.0364683,0.214340406,0.124113747,8.5
2013-07-23,8.5,0,0,6.25,13.33,17.24,6.25,8.5,8.5,8.5,8.5,8,8.25,8.5,7.5,7.88,8.5,7.25,7.58,8.5,7.25,7.51,0,0.224358974,0.134615385,0.08974359,8.762989176,7.737010824,1,101.1106856,0.214340406,0.124361012,8.5
2013-07-24,8.5,0,0,6.25,13.33,17.24,6.25,8.5,8.5,8.5,8.5,8,8.28,8.5,7.5,7.9,8.5,7.25,7.59,8.5,7.25,7.52,0,0.246794872,0.157051282,0.08974359,8.785417786,7.764582214,1,101.1768302,0.214340406,0.123363815,8.5
2013-07-25,8.5,0,0,6.25,13.33,17.24,6.25,8.5,8.5,8.5,8.5,8,8.3,8.5,7.5,7.92,8.5,7.25,7.6,8.5,7.25,7.52,0,0.269230769,0.179487179,0.08974359,8.80262469,7.79737531,1,101.2349444,0.214340406,0.121114383,8.5
2013-07-26,8.5,0,0,6.25,13.33,17.24,6.25,8.5,8.5,8.5,8.5,8,8.33,8.5,7.5,7.93,8.5,7.25,7.61,8.5,7.25,7.52,0,0.25,0.197293447,0.052706553,8.814360485,7.835639515,1,101.2850734,0.214340406,0.11756408,8.5
2013-07-29,8.5,0,0,6.25,13.33,17.24,6.25,8.5,8.5,8.5,8.5,8,8.35,8.5,7.5,7.95,8.5,7.25,7.62,8.5,7.25,7.52,0,0.230769231,0.210470085,0.020299145,8.820162346,7.879837654,1,101.3272658,0.214340406,0.112613736,8.5
2013-07-30,8.5,0,0,6.25,13.33,17.24,6.25,8.5,8.5,8.5,8.5,8,8.38,8.5,7.5,7.96,8.5,7.25,7.63,8.5,7.25,7.52,0,0.211538462,0.219017094,-0.007478632,8.819261658,7.930738342,1,101.3615734,0.214340406,0.106092336,8.5
2013-07-31,8.5,0,0,6.25,13.33,17.24,6.25,8.5,8.5,8.5,8.5,8,8.4,8.5,7.5,7.98,8.5,7.25,7.63,8.5,7.25,7.53,0,0.192307692,0.222934473,-0.030626781,8.810391341,7.989608659,1,101.3880507,0.214340406,0.097712224,8.5
2013-08-01,8.5,0,0,6.25,13.33,17.24,6.25,8.5,8.5,8.5,8.5,8,8.43,8.5,7.5,7.99,8.5,7.25,7.64,8.5,7.25,7.53,0,0.173076923,0.222222222,-0.049145299,8.791347549,8.058652451,1,101.4067554,0.214340406,0.086966777,8.5
2013-08-02,8.5,0,0,6.25,13.33,17.24,6.25,8.5,8.5,8.5,8.5,8,8.45,8.5,7.5,8.01,8.5,7.25,7.65,8.5,7.25,7.53,0,0.153846154,0.216880342,-0.063034188,8.757793506,8.142206494,1,101.4177481,0.214340406,0.072850534,8.5
2013-08-05,8.5,0,0,6.25,13.33,17.24,6.25,8.5,8.5,8.5,8.5,8,8.48,8.5,7.5,8.02,8.5,7.25,7.66,8.5,7.25,7.53,0,0.134615385,0.206908832,-0.072293447,8.698606798,8.251393202,1,101.421092,0.214340406,0.052768566,8.5
2013-08-06,8.5,0,0,6.25,13.33,17.24,6.25,8.5,8.5,8.5,8.5,8.5,8.5,8.5,7.5,8.04,8.5,7.25,7.67,8.5,7.25,7.53,0,0.115384615,0.192307692,-0.076923077,8.5,8.5,0,101.4168531,0.214340406,0,8.5
2013-08-07,8.5,0,0,0,13.33,17.24,6.25,8.5,8.5,8.5,8.5,8.5,8.5,8.5,7.5,8.05,8.5,7.25,7.68,8.5,7.25,7.54,0,0.096153846,0.173076923,-0.076923077,8.5,8.5,0,101.2733636,0,0,8.5
2013-08-08,8.5,0,0,0,13.33,17.24,6.25,8.5,8.5,8.5,8.5,8.5,8.5,8.5,7.5,8.07,8.5,7.25,7.69,8.5,7.25,7.54,0,0.076923077,0.153846154,-0.076923077,8.5,8.5,0,101.1378003,0,0,8.5
2013-08-09,8.5,0,0,0,13.33,17.24,6.25,8.5,8.5,8.5,8.5,8.5,8.5,8.5,7.5,8.08,8.5,7.25,7.7,8.5,7.25,7.54,0,0.057692308,0.134615385,-0.076923077,8.5,8.5,0,101.010101,0,0,8.5
2013-08-12,8.5,0,0,0,13.33,17.24,6.25,8.5,8.5,8.5,8.5,8.5,8.5,8.5,7.5,8.1,8.5,7.25,7.71,8.5,7.25,7.54,0,0.038461538,0.115384615,-0.076923077,8.5,8.5,0,100.8902077,0,0,8.5
2013-08-13,8.5,0,0,0,13.33,17.24,6.25,8.5,8.5,8.5,8.5,8.5,8.5,8.5,7.5,8.12,8.5,7.25,7.72,8.5,7.25,7.54,0,0.019230769,0.096153846,-0.076923077,8.5,8.5,0,100.778066,0,0,8.5
2013-08-14,8.5,0,0,0,13.33,17.24,6.25,8.5,8.5,8.5,8.5,8.5,8.5,8.5,7.5,8.13,8.5,7.25,7.73,8.5,7.25,7.55,0,0,0.076923077,-0.076923077,8.5,8.5,0,100.673625,0,0,8.5
2013-08-15,8.5,0,0,0,13.33,17.24,6.25,8.5,8.5,8.5,8.5,8.5,8.5,8.5,7.5,8.15,8.5,7.25,7.74,8.5,7.25,7.55,0,0,0.05982906,-0.05982906,8.5,8.5,0,100.5768377,0,0,8.5
2013-08-16,8.5,0,0,0,13.33,17.24,6.25,8.5,8.5,8.5,8.5,8.5,8.5,8.5,7.5,8.16,8.5,7.25,7.75,8.5,7.25,7.55,0,0,0.044871795,-0.044871795,8.5,8.5,0,100.4876607,0,0,8.5
2013-08-19,8.5,0,0,0,13.33,17.24,6.25,8.5,8.5,8.5,8.5,8.5,8.5,8.5,7.5,8.18,8.5,7.25,7.76,8.5,7.25,7.55,0,0,0.032051282,-0.032051282,8.5,8.5,0,100.4060539,0,0,8.5
2013-08-20,8.5,0,0,0,13.33,17.24,6.25,8.5,8.5,8.5,8.5,8.5,8.5,8.5,7.5,8.19,8.5,7.25,7.77,8.5,7.25,7.55,0,0,0.021367521,-0.021367521,8.5,8.5,0,100.3319808,0,0,8.5
2013-08-21,8.5,0,0,0,13.33,17.24,6.25,8.5,8.5,8.5,8.5,8.5,8.5,8.5,7.5,8.21,8.5,7.25,7.78,8.5,7.25,7.55,0,0,0.012820513,-0.012820513,8.5,8.5,0,100.2654084,0,0,8.5
2013-08-22,8.5,0,0,0,13.33,17.24,6.25,8.5,8.5,8.5,8.5,8.5,8.5,8.5,7.5,8.22,8.5,7.25,7.79,8.5,7.25,7.56,0,0,0.006410256,-0.006410256,8.5,8.5,0,100.2063071,0,0,8.5
2013-08-23,8.5,0,0,0,13.33,17.24,6.25,8.5,8.5,8.5,8.5,8.5,8.5,8.5,7.5,8.24,8.5,7.25,7.8,8.5,7.25,7.56,0,0,0.002136752,-0.002136752,8.5,8.5,0,100.1546506,0,0,8.5
2013-08-26,8.5,0,0,0,13.33,17.24,6.25,8.5,8.5,8.5,8.5,8.5,8.5,8.5,7.5,8.25,8.5,7.25,7.81,8.5,7.25,7.56,0,0,0,0,8.5,8.5,0,100.1104159,0,0,8.5
2013-08-27,8.5,0,0,0,13.33,17.24,6.25,8.5,8.5,8.5,8.5,8.5,8.5,8.5,8,8.27,8.5,7.25,7.82,8.5,7.25,7.56,0,0,0,0,8.5,8.5,0,100.0735835,0,0,8.5
2013-08-28,9,5.88,5.88,5.88,12.5,24.14,20,9,8.5,8.6,9,8.5,8.53,9,8,8.28,9,7.25,7.83,9,7.25,7.57,0,0.022435897,0.002492877,0.01994302,8.748606798,8.301393202,1,100.183621,0.20208551,0.052459073,9
2013-08-29,9,0,5.88,5.88,12.5,24.14,20,9,8.5,8.7,9,8.5,8.55,9,8,8.3,9,7.25,7.84,9,7.25,7.57,0,0.044871795,0.007478632,0.037393162,8.857793506,8.242206494,1,100.2932551,0.20208551,0.071998481,9
2013-08-30,9,0,5.88,5.88,12.5,24.14,20,9,8.5,8.8,9,8.5,8.58,9,8,8.32,9,7.25,7.86,9,7.25,7.58,0,0.067307692,0.014957265,0.052350427,8.941347549,8.208652451,1,100.4024881,0.20208551,0.085445492,9
2013-09-02,9,0,5.88,5.88,12.5,24.14,20,9,8.5,8.9,9,8.5,8.6,9,8,8.33,9,7.25,7.87,9,7.25,7.59,0,0.08974359,0.024928775,0.064814815,9.010391341,8.189608659,1,100.5113221,0.20208551,0.095439847,9
2013-09-03,9,0,5.88,5.88,12.5,24.14,20,9,9,9,9,8.5,8.63,9,8,8.35,9,7.25,7.88,9,7.25,7.59,0,0.112179487,0.037393162,0.074786325,9.069261658,8.180738342,1,100.6197594,0.20208551,0.103017196,9
2013-09-04,9,0,0,5.88,12.5,24.14,20,9,9,9,9,8.5,8.65,9,8,8.36,9,7.25,7.9,9,7.25,7.6,0,0.134615385,0.052350427,0.082264957,9.120162346,8.179837654,1,100.7204716,0.20208551,0.108708057,9
2013-09-05,9,0,0,5.88,12.5,24.14,20,9,9,9,9,8.5,8.68,9,8,8.38,9,7.25,7.91,9,7.25,7.6,0,0.157051282,0.06980057,0.087250712,9.164360485,8.185639515,1,100.8134805,0.20208551,0.112820861,9
2013-09-06,9,0,0,5.88,12.5,24.14,20,9,9,9,9,8.5,8.7,9,8,8.39,9,7.25,7.93,9,7.25,7.61,0,0.179487179,0.08974359,0.08974359,9.20262469,8.19737531,1,100.8988112,0.20208551,0.115545906,9
2013-09-09,9,0,0,5.88,12.5,24.14,20,9,9,9,9,8.5,8.73,9,8,8.41,9,7.25,7.94,9,7.25,7.61,0,0.201923077,0.112179487,0.08974359,9.235417786,8.214582214,1,100.9764919,0.20208551,0.117001212,9
2013-09-10,9,0,0,5.88,12.5,24.14,20,9,9,9,9,8.5,8.75,9,8,8.42,9,7.25,7.95,9,7.25,7.62,0,0.224358974,0.134615385,0.08974359,9.262989176,8.237010824,1,101.0465536,0.20208551,0.117254669,9
2013-09-11,9,0,0,5.88,12.5,24.14,20,9,9,9,9,8.5,8.78,9,8,8.44,9,7.25,7.97,9,7.25,7.63,0,0.246794872,0.157051282,0.08974359,9.285417786,8.264582214,1,101.1090307,0.20208551,0.116334538,9
2013-09-12,9,0,0,5.88,12.5,24.14,20,9,9,9,9,8.5,8.8,9,8,8.45,9,7.25,7.98,9,7.25,7.63,0,0.269230769,0.179487179,0.08974359,9.30262469,8.29737531,1,101.1639603,0.20208551,0.114232884,9
2013-09-13,9,0,0,5.88,12.5,24.14,20,9,9,9,9,8.5,8.83,9,8,8.47,9,7.25,7.99,9,7.25,7.64,0,0.25,0.197293447,0.052706553,9.314360485,8.335639515,1,101.2113827,0.20208551,0.110903226,9
2013-09-16,9,0,0,5.88,12.5,24.14,20,9,9,9,9,8.5,8.85,9,8,8.48,9,7.25,8.01,9,7.25,7.64,0,0.230769231,0.210470085,0.020299145,9.320162346,8.379837654,1,101.2513407,0.20208551,0.106251378,9
2013-09-17,9,0,0,5.88,12.5,24.14,20,9,9,9,9,8.5,8.88,9,8,8.5,9,7.25,8.02,9,7.25,7.65,0,0.211538462,0.219017094,-0.007478632,9.319261658,8.430738342,1,101.2838802,0.20208551,0.100115303,9
2013-09-18,9,0,0,5.88,12.5,24.14,20,9,9,9,9,8.5,8.9,9,8,8.52,9,7.25,8.03,9,7.25,7.65,0,0.192307692,0.222934473,-0.030626781,9.310391341,8.489608659,1,101.3090495,0.20208551,0.092222773,9
2013-09-19,9,0,0,5.88,12.5,24.14,20,9,9,9,9,8.5,8.93,9,8,8.53,9,7.25,8.05,9,7.25,7.66,0,0.173076923,0.222222222,-0.049145299,9.291347549,8.558652451,1,101.3268999,0.20208551,0.082094689,9
2013-09-20,9,0,0,5.88,12.5,24.14,20,9,9,9,9,8.5,8.95,9,8,8.55,9,7.25,8.06,9,7.25,7.67,0,0.153846154,0.216880342,-0.063034188,9.257793506,8.642206494,1,101.337485,0.20208551,0.068780672,9
2013-09-23,9,0,0,5.88,12.5,24.14,20,9,9,9,9,8.5,8.98,9,8,8.56,9,7.25,8.07,9,7.25,7.67,0,0.134615385,0.206908832,-0.072293447,9.198606798,8.751393202,1,101.340861,0.20208551,0.049828813,9
2013-09-24,9,0,0,5.88,12.5,24.14,20,9,9,9,9,9,9,9,8,8.58,9,7.25,8.09,9,7.25,7.68,0,0.115384615,0.192307692,-0.076923077,9,9,0,101.3370866,0.20208551,0,9
2013-09-25,9,0,0,0,12.5,24.14,20,9,9,9,9,9,9,9,8,8.59,9,7.25,8.1,9,7.25,7.68,0,0.096153846,0.173076923,-0.076923077,9,9,0,101.201771,0,0,9
2013-09-26,9,0,0,0,12.5,24.14,20,9,9,9,9,9,9,9,8,8.61,9,7.25,8.11,9,7.25,7.69,0,0.076923077,0.153846154,-0.076923077,9,9,0,101.0739103,0,0,9
2013-09-27,9,0,0,0,12.5,24.14,20,9,9,9,9,9,9,9,8,8.62,9,7.25,8.13,9,7.25,7.7,0,0.057692308,0.134615385,-0.076923077,9,9,0,100.9534492,0,0,9
2013-09-30,9,0,0,0,12.5,24.14,20,9,9,9,9,9,9,9,8,8.64,9,7.25,8.14,9,7.25,7.7,0,0.038461538,0.115384615,-0.076923077,9,9,0,100.8403361,0,0,9
2013-10-01,9,0,0,0,12.5,24.14,20,9,9,9,9,9,9,9,8,8.65,9,7.25,8.15,9,7.25,7.71,0,0.019230769,0.096153846,-0.076923077,9,9,0,100.7345226,0,0,9
2013-10-02,9,0,0,0,12.5,24.14,20,9,9,9,9,9,9,9,8,8.67,9,7.25,8.17,9,7.25,7.71,0,0,0.076923077,-0.076923077,9,9,0,100.6359634,0,0,9
2013-10-03,9,0,0,0,12.5,24.14,20,9,9,9,9,9,9,9,8,8.68,9,7.25,8.18,9,7.25,7.72,0,0,0.05982906,-0.05982906,9,9,0,100.5446167,0,0,9
2013-10-04,9,0,0,0,12.5,24.14,20,9,9,9,9,9,9,9,8,8.7,9,7.25,8.19,9,7.25,7.72,0,0,0.044871795,-0.044871795,9,9,0,100.4604437,0,0,9
2013-10-07,9,0,0,0,12.5,24.14,20,9,9,9,9,9,9,9,8,8.72,9,7.25,8.21,9,7.25,7.73,0,0,0.032051282,-0.032051282,9,9,0,100.3834089,0,0,9
2013-10-08,9,0,0,0,12.5,24.14,20,9,9,9,9,9,9,9,8.5,8.73,9,7.25,8.22,9,7.25,7.74,0,0,0.021367521,-0.021367521,9,9,0,100.3134796,0,0,9
2013-10-09,9.5,5.56,5.56,5.56,11.76,31.03,31.03,9.5,9,9.1,9.5,9,9.03,9.5,8.5,8.75,9.5,7.25,8.24,9.5,7.25,7.74,0,0.022435897,0.01531339,0.007122507,9.248606798,8.801393202,1,100.3823427,0.191156494,0.049552753,9.5
2013-10-10,9.5,0,5.56,5.56,11.76,31.03,31.03,9.5,9,9.2,9.5,9,9.05,9.5,8.5,8.76,9.5,7.25,8.26,9.5,7.25,7.75,0,0.044871795,0.013888889,0.030982906,9.357793506,8.742206494,1,100.4509192,0.191156494,0.068020664,9.5
2013-10-11,9.5,0,5.56,5.56,11.76,31.03,31.03,9.5,9,9.3,9.5,9,9.08,9.5,8.5,8.78,9.5,7.25,8.27,9.5,7.25,7.76,0,0.067307692,0.017094017,0.050213675,9.441347549,8.708652451,1,100.5192108,0.191156494,0.080737752,9.5
2013-10-14,9.5,0,5.56,5.56,11.76,31.03,31.03,9.5,9,9.4,9.5,9,9.1,9.5,8.5,8.79,9.5,7.25,8.29,9.5,7.25,7.77,0,0.08974359,0.024928775,0.064814815,9.510391341,8.689608659,1,100.5872193,0.191156494,0.090195899,9.5
2013-10-15,9.5,0,5.56,5.56,11.76,31.03,31.03,9.5,9.5,9.5,9.5,9,9.13,9.5,8.5,8.81,9.5,7.5,8.31,9.5,7.25,7.78,0,0.112179487,0.037393162,0.074786325,9.569261658,8.680738342,1,100.6549466,0.191156494,0.097372418,9.5
2013-10-16,9.5,0,0,5.56,11.76,26.67,31.03,9.5,9.5,9.5,9.5,9,9.15,9.5,8.5,8.82,9.5,7.5,8.32,9.5,7.25,7.79,0,0.134615385,0.052350427,0.082264957,9.620162346,8.679837654,1,100.7223942,0.191156494,0.102767726,9.5
2013-10-17,9.5,0,0,5.56,11.76,26.67,31.03,9.5,9.5,9.5,9.5,9,9.18,9.5,8.5,8.84,9.5,7.5,8.34,9.5,7.25,7.8,0,0.157051282,0.06980057,0.087250712,9.664360485,8.685639515,1,100.789564,0.191156494,0.106672585,9.5
2013-10-18,9.5,0,0,5.56,11.76,26.67,31.03,9.5,9.5,9.5,9.5,9,9.2,9.5,8.5,8.85,9.5,7.5,8.35,9.5,7.25,7.8,0,0.179487179,0.08974359,0.08974359,9.70262469,8.69737531,1,100.8564577,0.191156494,0.109266237,9.5
2013-10-21,9.5,0,0,5.56,11.76,26.67,31.03,9.5,9.5,9.5,9.5,9,9.23,9.5,8.5,8.87,9.5,7.5,8.37,9.5,7.25,7.81,0,0.201923077,0.112179487,0.08974359,9.735417786,8.714582214,1,100.9230769,0.191156494,0.110659683,9.5
2013-10-22,9.5,0,0,5.56,11.76,26.67,31.03,9.5,9.5,9.5,9.5,9,9.25,9.5,8.5,8.88,9.5,7.5,8.38,9.5,7.25,7.82,0,0.224358974,0.134615385,0.08974359,9.762989176,8.737010824,1,100.9894234,0.191156494,0.110916579,9.5
2013-10-23,9.5,0,0,5.56,11.76,26.67,31.03,9.5,9.5,9.5,9.5,9,9.28,9.5,8.5,8.9,9.5,7.5,8.4,9.5,7.25,7.83,0,0.246794872,0.157051282,0.08974359,9.785417786,8.764582214,1,101.0486177,0.191156494,0.110063134,9.5
2013-10-24,9.5,0,0,5.56,11.76,26.67,31.03,9.5,9.5,9.5,9.5,9,9.3,9.5,8.5,8.92,9.5,7.5,8.42,9.5,7.25,7.84,0,0.269230769,0.179487179,0.08974359,9.80262469,8.79737531,1,101.100693,0.191156494,0.108091331,9.5
2013-10-25,9.5,0,0,5.56,11.76,26.67,31.03,9.5,9.5,9.5,9.5,9,9.33,9.5,8.5,8.93,9.5,7.5,8.43,9.5,7.25,7.85,0,0.25,0.197293447,0.052706553,9.814360485,8.835639515,1,101.145685,0.191156494,0.104956672,9.5
2013-10-28,9.5,0,0,5.56,11.76,26.67,31.03,9.5,9.5,9.5,9.5,9,9.35,9.5,8.5,8.95,9.5,7.5,8.45,9.5,7.25,7.86,0,0.230769231,0.210470085,0.020299145,9.820162346,8.879837654,1,101.1836321,0.191156494,0.100569486,9.5
2013-10-29,9.5,0,0,5.56,11.76,26.67,31.03,9.5,9.5,9.5,9.5,9,9.38,9.5,8.5,8.96,9.5,7.5,8.46,9.5,7.25,7.87,0,0.211538462,0.219017094,-0.007478632,9.819261658,8.930738342,1,101.2145749,0.191156494,0.09477582,9.5
2013-10-30,9.5,0,0,5.56,11.76,26.67,31.03,9.5,9.5,9.5,9.5,9,9.4,9.5,8.5,8.98,9.5,7.5,8.48,9.5,7.25,7.87,0,0.192307692,0.222934473,-0.030626781,9.810391341,8.989608659,1,101.2385568,0.191156494,0.087317307,9.5
2013-10-31,9.5,0,0,5.56,11.76,26.67,31.03,9.5,9.5,9.5,9.5,9,9.43,9.5,8.5,8.99,9.5,7.5,8.49,9.5,7.25,7.88,0,0.173076923,0.222222222,-0.049145299,9.791347549,9.058652451,1,101.2556234,0.191156494,0.077739533,9.5
2013-11-01,9.5,0,0,5.56,11.76,26.67,31.03,9.5,9.5,9.5,9.5,9,9.45,9.5,8.5,9.01,9.5,7.5,8.51,9.5,7.25,7.89,0,0.153846154,0.216880342,-0.063034188,9.757793506,9.142206494,1,101.2658228,0.191156494,0.065141483,9.5
2013-11-04,9.5,0,0,5.56,11.76,26.67,31.03,9.5,9.5,9.5,9.5,9,9.48,9.5,8.5,9.02,9.5,7.5,8.52,9.5,7.25,7.9,0,0.134615385,0.206908832,-0.072293447,9.698606798,9.251393202,1,101.2692051,0.191156494,0.047199324,9.5
2013-11-05,9.5,0,0,5.56,11.76,26.67,31.03,9.5,9.5,9.5,9.5,9.5,9.5,9.5,8.5,9.04,9.5,7.5,8.54,9.5,7.25,7.91,0,0.115384615,0.192307692,-0.076923077,9.5,9.5,0,101.2658228,0.191156494,0,9.5
2013-11-06,9.5,0,0,0,11.76,26.67,31.03,9.5,9.5,9.5,9.5,9.5,9.5,9.5,8.5,9.05,9.5,7.5,8.55,9.5,7.25,7.92,0,0.096153846,0.173076923,-0.076923077,9.5,9.5,0,101.1378003,0,0,9.5
2013-11-07,9.5,0,0,0,11.76,26.67,31.03,9.5,9.5,9.5,9.5,9.5,9.5,9.5,8.5,9.07,9.5,7.5,8.57,9.5,7.25,7.93,0,0.076923077,0.153846154,-0.076923077,9.5,9.5,0,101.016814,0,0,9.5
2013-11-08,9.5,0,0,0,11.76,26.67,31.03,9.5,9.5,9.5,9.5,9.5,9.5,9.5,8.5,9.08,9.5,7.5,8.58,9.5,7.25,7.93,0,0.057692308,0.134615385,-0.076923077,9.5,9.5,0,100.9028147,0,0,9.5
2013-11-11,9.5,0,0,0,11.76,26.67,31.03,9.5,9.5,9.5,9.5,9.5,9.5,9.5,8.5,9.1,9.5,7.5,8.6,9.5,7.25,7.94,0,0.038461538,0.115384615,-0.076923077,9.5,9.5,0,100.795756,0,0,9.5
2013-11-12,9.5,0,0,0,11.76,26.67,31.03,9.5,9.5,9.5,9.5,9.5,9.5,9.5,8.5,9.12,9.5,7.5,8.62,9.5,7.25,7.95,0,0.019230769,0.096153846,-0.076923077,9.5,9.5,0,100.6955946,0,0,9.5
2013-11-13,9.5,0,0,0,11.76,26.67,31.03,9.5,9.5,9.5,9.5,9.5,9.5,9.5,8.5,9.13,9.5,7.5,8.63,9.5,7.25,7.96,0,0,0.076923077,-0.076923077,9.5,9.5,0,100.60229,0,0,9.5
2013-11-14,9.5,0,0,0,11.76,26.67,31.03,9.5,9.5,9.5,9.5,9.5,9.5,9.5,8.5,9.15,9.5,7.5,8.65,9.5,7.25,7.97,0,0,0.05982906,-0.05982906,9.5,9.5,0,100.5158048,0,0,9.5
2013-11-15,9.5,0,0,0,11.76,26.67,31.03,9.5,9.5,9.5,9.5,9.5,9.5,9.5,8.5,9.16,9.5,7.5,8.66,9.5,7.25,7.98,0,0,0.044871795,-0.044871795,9.5,9.5,0,100.4361041,0,0,9.5
2013-11-18,9.5,0,0,0,11.76,26.67,31.03,9.5,9.5,9.5,9.5,9.5,9.5,9.5,8.5,9.18,9.5,7.5,8.68,9.5,7.25,7.99,0,0,0.032051282,-0.032051282,9.5,9.5,0,100.3631562,0,0,9.5
2013-11-19,9.5,0,0,0,11.76,26.67,31.03,9.5,9.5,9.5,9.5,9.5,9.5,9.5,8.5,9.19,9.5,7.5,8.69,9.5,7.25,8,0,0,0.021367521,-0.021367521,9.5,9.5,0,100.2969317,0,0,9.5
2013-11-20,9.5,0,0,0,11.76,26.67,31.03,9.5,9.5,9.5,9.5,9.5,9.5,9.5,8.5,9.21,9.5,7.5,8.71,9.5,7.25,8,0,0,0.012820513,-0.012820513,9.5,9.5,0,100.2374044,0,0,9.5
2013-11-21,9.5,0,0,0,11.76,26.67,31.03,9.5,9.5,9.5,9.5,9.5,9.5,9.5,8.5,9.22,9.5,7.5,8.72,9.5,7.25,8.01,0,0,0.006410256,-0.006410256,9.5,9.5,0,100.1845505,0,0,9.5
2013-11-22,9.5,0,0,0,11.76,26.67,31.03,9.5,9.5,9.5,9.5,9.5,9.5,9.5,8.5,9.24,9.5,7.5,8.74,9.5,7.25,8.02,0,0,0.002136752,-0.002136752,9.5,9.5,0,100.138349,0,0,9.5
2013-11-25,9.5,0,0,0,11.76,26.67,31.03,9.5,9.5,9.5,9.5,9.5,9.5,9.5,8.5,9.25,9.5,7.5,8.75,9.5,7.25,8.03,0,0,0,0,9.5,9.5,0,100.0987817,0,0,9.5
2013-11-26,9.5,0,0,0,11.76,26.67,31.03,9.5,9.5,9.5,9.5,9.5,9.5,9.5,9,9.27,9.5,8,8.77,9.5,7.25,8.04,0,0,0,0,9.5,9.5,0,100.0658328,0,0,9.5
2013-11-27,10,5.26,5.26,5.26,11.11,25,37.93,10,9.5,9.6,10,9.5,9.53,10,9,9.28,10,8,8.78,10,7.25,8.05,0,0.022435897,0.002492877,0.01994302,9.748606798,9.301393202,1,100.1643115,0.181349181,0.046951559,10
2013-11-28,10,0,5.26,5.26,11.11,25,37.93,10,9.5,9.7,10,9.5,9.55,10,9,9.3,10,8,8.8,10,7.25,8.06,0,0.044871795,0.007478632,0.037393162,9.857793506,9.242206494,1,100.2624672,0.181349181,0.064459373,10
2013-11-29,10,0,5.26,5.26,11.11,25,37.93,10,9.5,9.8,10,9.5,9.58,10,9,9.32,10,8,8.82,10,7.25,8.07,0,0.067307692,0.014957265,0.052350427,9.941347549,9.208652451,1,100.3603013,0.181349181,0.076521681,10
2013-12-02,10,0,5.26,5.26,11.11,25,37.93,10,9.5,9.9,10,9.5,9.6,10,9,9.33,10,8,8.83,10,7.25,8.08,0,0.08974359,0.024928775,0.064814815,10.01039134,9.189608659,1,100.4578156,0.181349181,0.085498196,10
2013-12-03,10,0,5.26,5.26,11.11,25,37.93,10,10,10,10,9.5,9.63,10,9,9.35,10,8,8.85,10,7.25,8.09,0,0.112179487,0.037393162,0.074786325,10.06926166,9.180738342,1,100.5550114,0.181349181,0.092314111,10
2013-12-04,10,0,0,5.26,11.11,25,37.93,10,10,10,10,9.5,9.65,10,9,9.36,10,8,8.86,10,7.25,8.1,0,0.134615385,0.052350427,0.082264957,10.12016235,9.179837654,1,100.6453295,0.181349181,0.097442973,10
2013-12-05,10,0,0,5.26,11.11,25,37.93,10,10,10,10,9.5,9.68,10,9,9.38,10,8,8.88,10,7.25,8.11,0,0.157051282,0.06980057,0.087250712,10.16436048,9.185639515,1,100.7287871,0.181349181,0.10115979,10
2013-12-06,10,0,0,5.26,11.11,25,37.93,10,10,10,10,9.5,9.7,10,9,9.39,10,8,8.89,10,7.25,8.12,0,0.179487179,0.08974359,0.08974359,10.20262469,9.19737531,1,100.805404,0.181349181,0.103633957,10
2013-12-09,10,0,0,5.26,11.11,25,37.93,10,10,10,10,9.5,9.73,10,9,9.41,10,8,8.91,10,7.25,8.13,0,0.201923077,0.112179487,0.08974359,10.23541779,9.214582214,1,100.8752026,0.181349181,0.104970239,10
2013-12-10,10,0,0,5.26,11.11,25,37.93,10,10,10,10,9.5,9.75,10,9,9.42,10,8,8.92,10,7.25,8.14,0,0.224358974,0.134615385,0.08974359,10.26298918,9.237010824,1,100.9382077,0.181349181,0.105228549,10
2013-12-11,10,0,0,5.26,11.11,25,37.93,10,10,10,10,9.5,9.78,10,9,9.44,10,8,8.94,10,7.25,8.15,0,0.246794872,0.157051282,0.08974359,10.28541779,9.264582214,1,100.9944466,0.181349181,0.104433307,10
2013-12-12,10,0,0,5.26,11.11,25,37.93,10,10,10,10,9.5,9.8,10,9,9.45,10,8,8.95,10,7.25,8.17,0,0.269230769,0.179487179,0.08974359,10.30262469,9.29737531,1,101.043949,0.181349181,0.102576467,10
2013-12-13,10,0,0,5.26,11.11,25,37.93,10,10,10,10,9.5,9.83,10,9,9.47,10,8,8.97,10,7.25,8.18,0,0.25,0.197293447,0.052706553,10.31436048,9.335639515,1,101.0867468,0.181349181,0.099615366,10
2013-12-16,10,0,0,5.26,11.11,25,37.93,10,10,10,10,9.5,9.85,10,9,9.48,10,8,8.98,10,7.25,8.19,0,0.230769231,0.210470085,0.020299145,10.32016235,9.379837654,1,101.1228746,0.181349181,0.095464436,10
2013-12-17,10,0,0,5.26,11.11,25,37.93,10,10,10,10,9.5,9.88,10,9,9.5,10,8,9,10,7.25,8.2,0,0.211538462,0.219017094,-0.007478632,10.31926166,9.430738342,1,101.1523688,0.181349181,0.089977045,10
2013-12-18,10,0,0,5.26,11.11,25,37.93,10,10,10,10,9.5,9.9,10,9,9.52,10,8,9.02,10,7.25,8.21,0,0.192307692,0.222934473,-0.030626781,10.31039134,9.489608659,1,101.1752683,0.181349181,0.082907342,10
2013-12-19,10,0,0,5.26,11.11,25,37.93,10,10,10,10,9.5,9.93,10,9,9.53,10,8,9.03,10,7.25,8.22,0,0.173076923,0.222222222,-0.049145299,10.29134755,9.558652451,1,101.1916141,0.181349181,0.073823184,10
2013-12-20,10,0,0,5.26,11.11,25,37.93,10,10,10,10,9.5,9.95,10,9,9.55,10,8,9.05,10,7.25,8.23,0,0.153846154,0.216880342,-0.063034188,10.25779351,9.642206494,1,101.2014494,0.181349181,0.061868041,10
2013-12-23,10,0,0,5.26,11.11,25,37.93,10,10,10,10,9.5,9.98,10,9,9.56,10,8,9.06,10,7.25,8.24,0,0.134615385,0.206908832,-0.072293447,10.1986068,9.751393202,1,101.2048193,0.181349181,0.044833443,10
2013-12-24,10,0,0,5.26,11.11,25,37.93,10,10,10,10,10,10,10,9,9.58,10,8,9.08,10,7.25,8.25,0,0.115384615,0.192307692,-0.076923077,10,10,0,101.201771,0.181349181,0,10
2013-12-25,10,0,0,0,11.11,25,37.93,10,10,10,10,10,10,10,9,9.59,10,8,9.09,10,7.25,8.26,0,0.096153846,0.173076923,-0.076923077,10,10,0,101.0802957,0,0,10
2013-12-26,10,0,0,0,11.11,25,37.93,10,10,10,10,10,10,10,9,9.61,10,8,9.11,10,7.25,8.27,0,0.076923077,0.153846154,-0.076923077,10,10,0,100.9654824,0,0,10
2013-12-27,10,0,0,0,11.11,25,37.93,10,10,10,10,10,10,10,9,9.62,10,8,9.12,10,7.25,8.28,0,0.057692308,0.134615385,-0.076923077,10,10,0,100.8572869,0,0,10
2013-12-30,10,0,0,0,11.11,25,37.93,10,10,10,10,10,10,10,9,9.64,10,8,9.14,10,7.25,8.29,0,0.038461538,0.115384615,-0.076923077,10,10,0,100.7556675,0,0,10
2013-12-31,10,0,0,0,11.11,25,37.93,10,10,10,10,10,10,10,9,9.65,10,8,9.15,10,7.25,8.3,0,0.019230769,0.096153846,-0.076923077,10,10,0,100.6605851,0,0,10
2014-01-01,10,0,0,0,11.11,25,37.93,10,10,10,10,10,10,10,9,9.67,10,8,9.17,10,7.25,8.31,0,0,0.076923077,-0.076923077,10,10,0,100.5720033,0,0,10
2014-01-02,10,0,0,0,11.11,25,37.93,10,10,10,10,10,10,10,9,9.68,10,8,9.18,10,7.25,8.32,0,0,0.05982906,-0.05982906,10,10,0,100.4898882,0,0,10
2014-01-03,10,0,0,0,11.11,25,37.93,10,10,10,10,10,10,10,9,9.7,10,8,9.2,10,7.25,8.33,0,0,0.044871795,-0.044871795,10,10,0,100.4142086,0,0,10
2014-01-06,10,0,0,0,11.11,25,37.93,10,10,10,10,10,10,10,9,9.72,10,8,9.22,10,7.25,8.35,0,0,0.032051282,-0.032051282,10,10,0,100.3449357,0,0,10
2014-01-07,10,0,0,0,11.11,25,37.93,10,10,10,10,10,10,10,9.5,9.73,10,8.5,9.23,10,7.25,8.36,0,0,0.021367521,-0.021367521,10,10,0,100.2820432,0,0,10
2014-01-08,10,0,0,0,5.26,17.65,37.93,10,10,10,10,10,10,10,9.5,9.74,10,8.5,9.24,10,7.25,8.37,0,0,0.012820513,-0.012820513,10,10,0,100.2255074,0,0,10
2014-01-09,10,0,0,0,5.26,17.65,37.93,10,10,10,10,10,10,10,9.5,9.75,10,8.5,9.25,10,7.25,8.38,0,0,0.006410256,-0.006410256,10,10,0,100.1753068,0,0,10
2014-01-10,10,0,0,0,5.26,17.65,37.93,10,10,10,10,10,10,10,9.5,9.75,10,8.5,9.27,10,7.25,8.39,0,0,0.002136752,-0.002136752,10,10,0,100.1314225,0,0,10
2014-01-13,10,0,0,0,5.26,17.65,37.93,10,10,10,10,10,10,10,9.5,9.76,10,8.5,9.28,10,7.25,8.4,0,0,0,0,10,10,0,100.093838,0,0,10
2014-01-14,10,0,0,0,5.26,17.65,37.93,10,10,10,10,10,10,10,9.5,9.77,10,8.5,9.29,10,7.25,8.41,0,0,0,0,10,10,0,100.0625391,0,0,10
2014-01-15,10.5,5,5,5,10.53,23.53,44.83,10.5,10,10.1,10.5,10,10.03,10.5,9.5,9.78,10.5,8.5,9.3,10.5,7.25,8.42,0,0.022435897,0.002492877,0.01994302,10.2486068,9.801393202,1,100.1561037,0.17249928,0.044609835,10.5
2014-01-16,10.5,0,5,5,10.53,23.53,44.83,10.5,10,10.2,10.5,10,10.05,10.5,9.5,9.8,10.5,8.5,9.32,10.5,7.25,8.43,0,0.044871795,0.007478632,0.037393162,10.35779351,9.742206494,1,100.2493766,0.17249928,0.061252439,10.5
2014-01-17,10.5,0,5,5,10.53,23.53,44.83,10.5,10,10.3,10.5,10,10.08,10.5,9.5,9.82,10.5,8.5,9.33,10.5,7.25,8.45,0,0.067307692,0.014957265,0.052350427,10.44134755,9.708652451,1,100.3423592,0.17249928,0.072724079,10.5
2014-01-20,10.5,0,5,5,10.53,23.53,44.83,10.5,10,10.4,10.5,10,10.1,10.5,9.5,9.83,10.5,8.5,9.35,10.5,7.25,8.46,0,0.08974359,0.024928775,0.064814815,10.51039134,9.689608659,1,100.4350528,0.17249928,0.081265612,10.5
2014-01-21,10.5,0,5,5,10.53,23.53,44.83,10.5,10.5,10.5,10.5,10,10.13,10.5,9.5,9.85,10.5,8.5,9.37,10.5,7.25,8.47,0,0.112179487,0.037393162,0.074786325,10.56926166,9.680738342,1,100.5274589,0.17249928,0.087755389,10.5
2014-01-22,10.5,0,0,5,10.53,23.53,44.83,10.5,10.5,10.5,10.5,10,10.15,10.5,9.5,9.86,10.5,8.5,9.38,10.5,7.25,8.48,0,0.134615385,0.052350427,0.082264957,10.62016235,9.679837654,1,100.6133449,0.17249928,0.092642827,10.5
2014-01-23,10.5,0,0,5,10.53,23.53,44.83,10.5,10.5,10.5,10.5,10,10.18,10.5,9.5,9.88,10.5,8.5,9.4,10.5,7.25,8.5,0,0.157051282,0.06980057,0.087250712,10.66436048,9.685639515,1,100.6927264,0.17249928,0.096188793,10.5
2014-01-24,10.5,0,0,5,10.53,23.53,44.83,10.5,10.5,10.5,10.5,10,10.2,10.5,9.5,9.89,10.5,8.5,9.41,10.5,7.25,8.51,0,0.179487179,0.08974359,0.08974359,10.70262469,9.69737531,1,100.7656211,0.17249928,0.098553861,10.5
2014-01-27,10.5,0,0,5,10.53,23.53,44.83,10.5,10.5,10.5,10.5,10,10.23,10.5,9.5,9.91,10.5,8.5,9.43,10.5,7.25,8.52,0,0.201923077,0.112179487,0.08974359,10.73541779,9.714582214,1,100.8320493,0.17249928,0.09983722,10.5
2014-01-28,10.5,0,0,5,10.53,23.53,44.83,10.5,10.5,10.5,10.5,10,10.25,10.5,9.5,9.92,10.5,8.5,9.44,10.5,7.25,8.53,0,0.224358974,0.134615385,0.08974359,10.76298918,9.737010824,1,100.8920332,0.17249928,0.100095449,10.5
2014-01-29,10.5,0,0,5,10.53,23.53,44.83,10.5,10.5,10.5,10.5,10,10.28,10.5,9.5,9.94,10.5,8.5,9.46,10.5,7.25,8.55,0,0.246794872,0.157051282,0.08974359,10.78541779,9.764582214,1,100.9455974,0.17249928,0.099351394,10.5
2014-01-30,10.5,0,0,5,10.53,23.53,44.83,10.5,10.5,10.5,10.5,10,10.3,10.5,9.5,9.95,10.5,8.5,9.47,10.5,7.25,8.56,0,0.269230769,0.179487179,0.08974359,10.80262469,9.79737531,1,100.9927687,0.17249928,0.097597027,10.5
2014-01-31,10.5,0,0,5,10.53,23.53,44.83,10.5,10.5,10.5,10.5,10,10.33,10.5,9.5,9.97,10.5,8.5,9.49,10.5,7.25,8.57,0,0.25,0.197293447,0.052706553,10.81436048,9.835639515,1,101.0335759,0.17249928,0.094791377,10.5
2014-02-03,10.5,0,0,5,10.53,23.53,44.83,10.5,10.5,10.5,10.5,10,10.35,10.5,9.5,9.98,10.5,8.5,9.5,10.5,7.25,8.58,0,0.230769231,0.210470085,0.020299145,10.82016235,9.879837654,1,101.06805,0.17249928,0.090852627,10.5
2014-02-04,10.5,0,0,5,10.53,23.53,44.83,10.5,10.5,10.5,10.5,10,10.38,10.5,9.5,10,10.5,8.5,9.52,10.5,7.25,8.6,0,0.211538462,0.219017094,-0.007478632,10.81926166,9.930738342,1,101.0962241,0.17249928,0.085640802,10.5
2014-02-05,10.5,0,0,5,10.53,23.53,44.83,10.5,10.5,10.5,10.5,10,10.4,10.5,9.5,10.02,10.5,8.5,9.53,10.5,7.25,8.61,0,0.192307692,0.222934473,-0.030626781,10.81039134,9.989608659,1,101.1181332,0.17249928,0.078921412,10.5
2014-02-06,10.5,0,0,5,10.53,23.53,44.83,10.5,10.5,10.5,10.5,10,10.43,10.5,9.5,10.03,10.5,8.5,9.55,10.5,7.25,8.62,0,0.173076923,0.222222222,-0.049145299,10.79134755,10.05865245,1,101.1338143,0.17249928,0.070282503,10.5
2014-02-07,10.5,0,0,5,10.53,23.53,44.83,10.5,10.5,10.5,10.5,10,10.45,10.5,9.5,10.05,10.5,8.5,9.57,10.5,7.25,8.63,0,0.153846154,0.216880342,-0.063034188,10.75779351,10.14220649,1,101.1433065,0.17249928,0.058907848,10.5
2014-02-10,10.5,0,0,5,10.53,23.53,44.83,10.5,10.5,10.5,10.5,10,10.48,10.5,9.5,10.06,10.5,8.5,9.58,10.5,7.25,8.65,0,0.134615385,0.206908832,-0.072293447,10.6986068,10.2513932,1,101.1466506,0.17249928,0.042693422,10.5
2014-02-11,10.5,0,0,5,10.53,23.53,44.83,10.5,10.5,10.5,10.5,10.5,10.5,10.5,9.5,10.08,10.5,8.5,9.6,10.5,7.25,8.66,0,0.115384615,0.192307692,-0.076923077,10.5,10.5,0,101.1438892,0.17249928,0,10.5
2014-02-12,10.5,0,0,0,10.53,23.53,44.83,10.5,10.5,10.5,10.5,10.5,10.5,10.5,9.5,10.09,10.5,8.5,9.61,10.5,7.25,8.67,0,0.096153846,0.173076923,-0.076923077,10.5,10.5,0,101.028324,0,0,10.5
2014-02-13,10.5,0,0,0,10.53,23.53,44.83,10.5,10.5,10.5,10.5,10.5,10.5,10.5,9.5,10.11,10.5,8.5,9.63,10.5,7.25,8.68,0,0.076923077,0.153846154,-0.076923077,10.5,10.5,0,100.9190845,0,0,10.5
2014-02-14,10.5,0,0,0,10.53,23.53,44.83,10.5,10.5,10.5,10.5,10.5,10.5,10.5,9.5,10.12,10.5,8.5,9.64,10.5,7.25,8.7,0,0.057692308,0.134615385,-0.076923077,10.5,10.5,0,100.8161306,0,0,10.5
2014-02-17,10.5,0,0,0,10.53,23.53,44.83,10.5,10.5,10.5,10.5,10.5,10.5,10.5,9.5,10.14,10.5,8.5,9.66,10.5,7.25,8.71,0,0.038461538,0.115384615,-0.076923077,10.5,10.5,0,100.7194245,0,0,10.5
2014-02-18,10.5,0,0,0,10.53,23.53,44.83,10.5,10.5,10.5,10.5,10.5,10.5,10.5,9.5,10.15,10.5,8.5,9.67,10.5,7.25,8.72,0,0.019230769,0.096153846,-0.076923077,10.5,10.5,0,100.6289308,0,0,10.5
2014-02-19,10.5,0,0,0,10.53,23.53,44.83,10.5,10.5,10.5,10.5,10.5,10.5,10.5,9.5,10.17,10.5,8.5,9.69,10.5,7.25,8.73,0,0,0.076923077,-0.076923077,10.5,10.5,0,100.5446167,0,0,10.5
2014-02-20,10.5,0,0,0,10.53,23.53,44.83,10.5,10.5,10.5,10.5,10.5,10.5,10.5,9.5,10.18,10.5,8.5,9.7,10.5,7.25,8.75,0,0,0.05982906,-0.05982906,10.5,10.5,0,100.4664514,0,0,10.5
2014-02-21,10.5,0,0,0,10.53,23.53,44.83,10.5,10.5,10.5,10.5,10.5,10.5,10.5,9.5,10.2,10.5,8.5,9.72,10.5,7.25,8.76,0,0,0.044871795,-0.044871795,10.5,10.5,0,100.3944066,0,0,10.5
2014-02-24,10.5,0,0,0,10.53,23.53,44.83,10.5,10.5,10.5,10.5,10.5,10.5,10.5,9.5,10.22,10.5,8.5,9.73,10.5,7.25,8.77,0,0,0.032051282,-0.032051282,10.5,10.5,0,100.3284563,0,0,10.5
2014-02-25,10.5,0,0,0,10.53,23.53,44.83,10.5,10.5,10.5,10.5,10.5,10.5,10.5,10,10.23,10.5,9,9.75,10.5,7.25,8.78,0,0,0.021367521,-0.021367521,10.5,10.5,0,100.2685765,0,0,10.5
2014-02-26,10.75,2.38,2.38,2.38,7.5,19.44,48.28,10.75,10.5,10.55,10.75,10.5,10.51,10.75,10,10.24,10.75,9,9.76,10.75,7.25,8.8,0,0.011217949,0.014066952,-0.002849003,10.6243034,10.4006966,1,100.271245,0.083192871,0.021270563,10.75
2014-02-27,10.75,0,2.38,2.38,7.5,19.44,48.28,10.75,10.5,10.6,10.75,10.5,10.53,10.75,10,10.25,10.75,9,9.78,10.75,7.25,8.81,0,0.022435897,0.010149573,0.012286325,10.67889675,10.37110325,1,100.2768928,0.083192871,0.029244039,10.75
2014-02-28,10.75,0,2.38,2.38,7.5,19.44,48.28,10.75,10.5,10.65,10.75,10.5,10.54,10.75,10,10.27,10.75,9,9.79,10.75,7.25,8.82,0,0.033653846,0.009615385,0.024038462,10.72067377,10.35432623,1,100.2855103,0.083192871,0.034766078,10.75
2014-03-03,10.75,0,2.38,2.38,7.5,19.44,48.28,10.75,10.5,10.7,10.75,10.5,10.55,10.75,10,10.28,10.75,9,9.8,10.75,7.25,8.84,0,0.044871795,0.012464387,0.032407407,10.75519567,10.34480433,1,100.2970885,0.083192871,0.038899653,10.75
2014-03-04,10.75,0,2.38,2.38,7.5,19.44,48.28,10.75,10.75,10.75,10.75,10.5,10.56,10.75,10,10.29,10.75,9,9.82,10.75,7.25,8.85,0,0.056089744,0.018696581,0.037393162,10.78463083,10.34036917,1,100.3116189,0.083192871,0.042060275,10.75
2014-03-05,10.75,0,0,2.38,7.5,19.44,48.28,10.75,10.75,10.75,10.75,10.5,10.58,10.75,10,10.3,10.75,9,9.83,10.75,7.25,8.86,0,0.067307692,0.026175214,0.041132479,10.81008117,10.33991883,1,100.3290937,0.083192871,0.044459796,10.75
2014-03-06,10.75,0,0,2.38,7.5,19.44,48.28,10.75,10.75,10.75,10.75,10.5,10.59,10.75,10,10.31,10.75,9,9.84,10.75,7.25,8.88,0,0.078525641,0.034900285,0.043625356,10.83218024,10.34281976,1,100.3495054,0.083192871,0.046220589,10.75
2014-03-07,10.75,0,0,2.38,7.5,19.44,48.28,10.75,10.75,10.75,10.75,10.5,10.6,10.75,10,10.32,10.75,9,9.86,10.75,7.25,8.89,0,0.08974359,0.044871795,0.044871795,10.85131234,10.34868766,1,100.3728473,0.083192871,0.047417424,10.75
2014-03-10,10.75,0,0,2.38,7.5,19.44,48.28,10.75,10.75,10.75,10.75,10.5,10.61,10.75,10,10.33,10.75,9,9.87,10.75,7.25,8.9,0,0.100961538,0.056089744,0.044871795,10.86770889,10.35729111,1,100.3991131,0.083192871,0.048095904,10.75
2014-03-11,10.75,0,0,2.38,7.5,19.44,48.28,10.75,10.75,10.75,10.75,10.5,10.63,10.75,10,10.35,10.75,9,9.88,10.75,7.25,8.92,0,0.112179487,0.067307692,0.044871795,10.88149459,10.36850541,1,100.4282971,0.083192871,0.048281334,10.75
2014-03-12,10.75,0,0,2.38,7.5,19.44,48.28,10.75,10.75,10.75,10.75,10.5,10.64,10.75,10,10.36,10.75,9,9.9,10.75,7.25,8.93,0,0.123397436,0.078525641,0.044871795,10.89270889,10.38229111,1,100.454465,0.083192871,0.047982871,10.75
2014-03-13,10.75,0,0,2.38,7.5,19.44,48.28,10.75,10.75,10.75,10.75,10.5,10.65,10.75,10,10.37,10.75,9,9.91,10.75,7.25,8.95,0,0.134615385,0.08974359,0.044871795,10.90131234,10.39868766,1,100.4776225,0.083192871,0.047194807,10.75
2014-03-14,10.75,0,0,2.38,7.5,19.44,48.28,10.75,10.75,10.75,10.75,10.5,10.66,10.75,10,10.38,10.75,9,9.93,10.75,7.25,8.96,0,0.125,0.098646724,0.026353276,10.90718024,10.41781976,1,100.4977762,0.083192871,0.045895473,10.75
2014-03-17,10.75,0,0,2.38,7.5,19.44,48.28,10.75,10.75,10.75,10.75,10.5,10.68,10.75,10,10.39,10.75,9,9.94,10.75,7.25,8.97,0,0.115384615,0.105235043,0.010149573,10.91008117,10.43991883,1,100.5149331,0.083192871,0.044043311,10.75
2014-03-18,10.75,0,0,2.38,7.5,19.44,48.28,10.75,10.75,10.75,10.75,10.5,10.69,10.75,10,10.4,10.75,9,9.95,10.75,7.25,8.99,0,0.105769231,0.109508547,-0.003739316,10.90963083,10.46536917,1,100.5291005,0.083192871,0.041568342,10.75
2014-03-19,10.75,0,0,2.38,7.5,19.44,48.28,10.75,10.75,10.75,10.75,10.5,10.7,10.75,10,10.42,10.75,9,9.97,10.75,7.25,9,0,0.096153846,0.111467236,-0.01531339,10.90519567,10.49480433,1,100.5402866,0.083192871,0.038354331,10.75
2014-03-20,10.75,0,0,2.38,7.5,19.44,48.28,10.75,10.75,10.75,10.75,10.5,10.71,10.75,10,10.43,10.75,9,9.98,10.75,7.25,9.01,0,0.086538462,0.111111111,-0.02457265,10.89567377,10.52932623,1,100.5484997,0.083192871,0.034198138,10.75
2014-03-21,10.75,0,0,2.38,7.5,19.44,48.28,10.75,10.75,10.75,10.75,10.5,10.73,10.75,10,10.44,10.75,9,9.99,10.75,7.25,9.03,0,0.076923077,0.108440171,-0.031517094,10.87889675,10.57110325,1,100.5537488,0.083192871,0.028698695,10.75
2014-03-24,10.75,0,0,2.38,7.5,19.44,48.28,10.75,10.75,10.75,10.75,10.5,10.74,10.75,10,10.45,10.75,9,10.01,10.75,7.25,9.04,0,0.067307692,0.103454416,-0.036146724,10.8493034,10.6256966,1,100.5560433,0.083192871,0.020824847,10.75
2014-03-25,10.75,0,0,2.38,7.5,19.44,48.28,10.75,10.75,10.75,10.75,10.75,10.75,10.75,10,10.46,10.75,9,10.02,10.75,7.25,9.05,0,0.057692308,0.096153846,-0.038461538,10.75,10.75,0,100.5553932,0.083192871,0,10.75
2014-03-26,10.75,0,0,0,7.5,19.44,48.28,10.75,10.75,10.75,10.75,10.75,10.75,10.75,10,10.47,10.75,9,10.03,10.75,7.25,9.07,0,0.048076923,0.086538462,-0.038461538,10.75,10.75,0,100.4995764,0,0,10.75
2014-03-27,10.75,0,0,0,7.5,19.44,48.28,10.75,10.75,10.75,10.75,10.75,10.75,10.75,10,10.48,10.75,9,10.05,10.75,7.25,9.08,0,0.038461538,0.076923077,-0.038461538,10.75,10.75,0,100.4467545,0,0,10.75
2014-03-28,10.75,0,0,0,7.5,19.44,48.28,10.75,10.75,10.75,10.75,10.75,10.75,10.75,10,10.5,10.75,9,10.06,10.75,7.25,9.09,0,0.028846154,0.067307692,-0.038461538,10.75,10.75,0,100.396918,0,0,10.75
2014-03-31,10.75,0,0,0,7.5,19.44,48.28,10.75,10.75,10.75,10.75,10.75,10.75,10.75,10,10.51,10.75,9,10.07,10.75,7.25,9.11,0,0.019230769,0.057692308,-0.038461538,10.75,10.75,0,100.3500583,0,0,10.75
2014-04-01,10.75,0,0,0,7.5,19.44,48.28,10.75,10.75,10.75,10.75,10.75,10.75,10.75,10,10.52,10.75,9,10.09,10.75,7.25,9.12,0,0.009615385,0.048076923,-0.038461538,10.75,10.75,0,100.3061671,0,0,10.75
2014-04-02,11,2.33,2.33,2.33,10,22.22,51.72,11,10.75,10.8,11,10.75,10.76,11,10,10.53,11,9,10.1,11,7.25,9.13,0,0.011217949,0.039707977,-0.028490028,10.8743034,10.6506966,1,100.3204195,0.081280221,0.020776474,11
2014-04-03,11,0,2.33,2.33,10,22.22,51.72,11,10.75,10.85,11,10.75,10.78,11,10,10.55,11,9,10.12,11,7.25,9.15,0,0.022435897,0.033653846,-0.011217949,10.92889675,10.62110325,1,100.3346428,0.081280221,0.028565523,11
2014-04-04,11,0,2.33,2.33,10,22.22,51.72,11,10.75,10.9,11,10.75,10.79,11,10,10.57,11,9,10.13,11,7.25,9.16,0,0.033653846,0.02991453,0.003739316,10.97067377,10.60432623,1,100.3488372,0.081280221,0.033960375,11
2014-04-07,11,0,2.33,2.33,10,22.22,51.72,11,10.75,10.95,11,10.75,10.8,11,10,10.58,11,9,10.15,11,7.25,9.18,0,0.044871795,0.028490028,0.016381766,11.00519567,10.59480433,1,100.3630028,0.081280221,0.037999198,11
2014-04-08,11,0,2.33,2.33,10,22.22,51.72,11,11,11,11,10.75,10.81,11,10,10.6,11,9.5,10.16,11,7.25,9.19,0,0.056089744,0.029380342,0.026709402,11.03463083,10.59036917,1,100.3771395,0.081280221,0.041087783,11
2014-04-09,11,0,0,2.33,10,15.79,51.72,11,11,11,11,10.75,10.83,11,10,10.61,11,9.5,10.18,11,7.25,9.21,0,0.067307692,0.03258547,0.034722222,11.06008117,10.58991883,1,100.3912476,0.081280221,0.043433011,11
2014-04-10,11,0,0,2.33,10,15.79,51.72,11,11,11,11,10.75,10.84,11,10,10.63,11,9.5,10.19,11,7.25,9.22,0,0.078525641,0.038105413,0.040420228,11.08218024,10.59281976,1,100.4053272,0.081280221,0.04515437,11
2014-04-11,11,0,0,2.33,10,15.79,51.72,11,11,11,11,10.75,10.85,11,10,10.64,11,9.5,10.2,11,7.25,9.24,0,0.08974359,0.045940171,0.043803419,11.10131234,10.59868766,1,100.4193782,0.081280221,0.046324856,11
2014-04-14,11,0,0,2.33,10,15.79,51.72,11,11,11,11,10.75,10.86,11,10,10.66,11,9.5,10.21,11,7.25,9.25,0,0.100961538,0.056089744,0.044871795,11.11770889,10.60729111,1,100.4334008,0.081280221,0.046988979,11
2014-04-15,11,0,0,2.33,10,15.79,51.72,11,11,11,11,10.75,10.88,11,10.5,10.67,11,9.5,10.22,11,7.5,9.26,0,0.112179487,0.067307692,0.044871795,11.13149459,10.61850541,1,100.447395,0.081280221,0.047171418,11
2014-04-16,11,0,0,2.33,4.76,15.79,46.67,11,11,11,11,10.75,10.89,11,10.5,10.68,11,9.5,10.23,11,7.5,9.28,0,0.123397436,0.078525641,0.044871795,11.14270889,10.63229111,1,100.461361,0.081280221,0.046881082,11
2014-04-17,11,0,0,2.33,4.76,15.79,46.67,11,11,11,11,10.75,10.9,11,10.5,10.69,11,9.5,10.24,11,7.5,9.29,0,0.134615385,0.08974359,0.044871795,11.15131234,10.64868766,1,100.4752989,0.081280221,0.046112357,11
2014-04-18,11,0,0,2.33,4.76,15.79,46.67,11,11,11,11,10.75,10.91,11,10.5,10.7,11,9.5,10.26,11,7.5,9.3,0,0.125,0.098646724,0.026353276,11.15718024,10.66781976,1,100.4892086,0.081280221,0.044844031,11
2014-04-21,11,0,0,2.33,4.76,15.79,46.67,11,11,11,11,10.75,10.93,11,10.5,10.7,11,9.5,10.27,11,7.5,9.32,0,0.115384615,0.105235043,0.010149573,11.16008117,10.68991883,1,100.5030904,0.081280221,0.043035455,11
2014-04-22,11,0,0,2.33,4.76,15.79,46.67,11,11,11,11,10.75,10.94,11,10.5,10.71,11,9.5,10.28,11,7.5,9.33,0,0.105769231,0.109508547,-0.003739316,11.15963083,10.71536917,1,100.5169443,0.081280221,0.040618209,11
2014-04-23,11,0,0,2.33,4.76,15.79,46.67,11,11,11,11,10.75,10.95,11,10.5,10.72,11,9.5,10.29,11,7.5,9.35,0,0.096153846,0.111467236,-0.01531339,11.15519567,10.74480433,1,100.5278862,0.081280221,0.037478661,11
2014-04-24,11,0,0,2.33,4.76,15.79,46.67,11,11,11,11,10.75,10.96,11,10.5,10.73,11,9.5,10.3,11,7.5,9.36,0,0.086538462,0.111111111,-0.02457265,11.14567377,10.77932623,1,100.5359241,0.081280221,0.033418248,11
2014-04-25,11,0,0,2.33,4.76,15.79,46.67,11,11,11,11,10.75,10.98,11,10.5,10.73,11,9.5,10.31,11,7.5,9.37,0,0.076923077,0.108440171,-0.031517094,11.12889675,10.82110325,1,100.5410667,0.081280221,0.028044966,11
2014-04-28,11,0,0,2.33,4.76,15.79,46.67,11,11,11,11,10.75,10.99,11,10.5,10.74,11,9.5,10.33,11,7.5,9.39,0,0.067307692,0.103454416,-0.036146724,11.0993034,10.8756966,1,100.5433228,0.081280221,0.020351017,11
2014-04-29,11,0,0,2.33,4.76,15.79,46.67,11,11,11,11,11,11,11,10.5,10.75,11,9.5,10.34,11,7.5,9.4,0,0.057692308,0.096153846,-0.038461538,11,11,0,100.5427021,0.081280221,0,11
2014-04-30,11,0,0,0,4.76,15.79,46.67,11,11,11,11,11,11,11,10.5,10.76,11,9.5,10.35,11,7.5,9.41,0,0.048076923,0.086538462,-0.038461538,11,11,0,100.4881669,0,0,11
2014-05-01,11,0,0,0,4.76,15.79,46.67,11,11,11,11,11,11,11,10.5,10.77,11,9.5,10.36,11,7.5,9.43,0,0.038461538,0.076923077,-0.038461538,11,11,0,100.4365566,0,0,11
2014-05-02,11,0,0,0,4.76,15.79,46.67,11,11,11,11,11,11,11,10.5,10.77,11,9.5,10.37,11,7.5,9.44,0,0.028846154,0.067307692,-0.038461538,11,11,0,100.3878622,0,0,11
2014-05-05,11,0,0,0,4.76,15.79,46.67,11,11,11,11,11,11,11,10.5,10.78,11,9.5,10.38,11,7.5,9.45,0,0.019230769,0.057692308,-0.038461538,11,11,0,100.3420753,0,0,11
2014-05-06,11,0,0,0,4.76,15.79,46.67,11,11,11,11,11,11,11,10.5,10.79,11,9.5,10.39,11,7.5,9.47,0,0.009615385,0.048076923,-0.038461538,11,11,0,100.2991879,0,0,11
2014-05-07,11,0,0,0,4.76,15.79,46.67,11,11,11,11,11,11,11,10.5,10.8,11,9.5,10.41,11,7.5,9.48,0,0,0.038461538,-0.038461538,11,11,0,100.2591928,0,0,11
2014-05-08,11,0,0,0,4.76,15.79,46.67,11,11,11,11,11,11,11,10.5,10.8,11,9.5,10.42,11,7.5,9.49,0,0,0.02991453,-0.02991453,11,11,0,100.222083,0,0,11
2014-05-09,11,0,0,0,4.76,15.79,46.67,11,11,11,11,11,11,11,10.5,10.81,11,9.5,10.43,11,7.5,9.51,0,0,0.022435897,-0.022435897,11,11,0,100.1878522,0,0,11
2014-05-12,11,0,0,0,4.76,15.79,46.67,11,11,11,11,11,11,11,10.5,10.82,11,9.5,10.44,11,7.5,9.52,0,0,0.016025641,-0.016025641,11,11,0,100.1564945,0,0,11
2014-05-13,11,0,0,0,4.76,15.79,46.67,11,11,11,11,11,11,11,10.5,10.83,11,9.5,10.45,11,7.5,9.53,0,0,0.010683761,-0.010683761,11,11,0,100.1280046,0,0,11
2014-05-14,11,0,0,0,4.76,15.79,46.67,11,11,11,11,11,11,11,10.5,10.83,11,9.5,10.46,11,7.5,9.55,0,0,0.006410256,-0.006410256,11,11,0,100.1023774,0,0,11
2014-05-15,11,0,0,0,4.76,15.79,46.67,11,11,11,11,11,11,11,10.5,10.84,11,9.5,10.48,11,7.5,9.56,0,0,0.003205128,-0.003205128,11,11,0,100.0796088,0,0,11
2014-05-16,11,0,0,0,4.76,15.79,46.67,11,11,11,11,11,11,11,10.5,10.85,11,9.5,10.49,11,7.5,9.57,0,0,0.001068376,-0.001068376,11,11,0,100.0596947,0,0,11
2014-05-19,11,0,0,0,4.76,15.79,46.67,11,11,11,11,11,11,11,10.5,10.86,11,9.5,10.5,11,7.5,9.59,0,0,0,0,11,11,0,100.0426318,0,0,11
2014-05-20,11,0,0,0,4.76,15.79,46.67,11,11,11,11,11,11,11,10.5,10.87,11,9.5,10.51,11,7.5,9.6,0,0,0,0,11,11,0,100.0284172,0,0,11
2014-05-21,11,0,0,0,4.76,15.79,46.67,11,11,11,11,11,11,11,10.5,10.87,11,9.5,10.52,11,7.5,9.61,0,0,0,0,11,11,0,100.0170484,0,0,11
2014-05-22,11,0,0,0,4.76,15.79,46.67,11,11,11,11,11,11,11,10.5,10.88,11,9.5,10.53,11,7.5,9.63,0,0,0,0,11,11,0,100.0085235,0,0,11
2014-05-23,11,0,0,0,4.76,15.79,46.67,11,11,11,11,11,11,11,10.5,10.89,11,9.5,10.54,11,7.5,9.64,0,0,0,0,11,11,0,100.002841,0,0,11
2014-05-26,11,0,0,0,4.76,15.79,46.67,11,11,11,11,11,11,11,10.5,10.9,11,9.5,10.56,11,7.5,9.65,0,0,0,0,11,11,0,100,0,0,11
2014-05-27,11,0,0,0,4.76,15.79,46.67,11,11,11,11,11,11,11,10.75,10.9,11,10,10.57,11,8,9.67,0,0,0,0,11,11,0,100,0,0,11
2014-05-28,11,0,0,0,2.33,10,37.5,11,11,11,11,11,11,11,10.75,10.91,11,10,10.58,11,8,9.68,0,0,0,0,11,11,0,100,0,0,11
2014-05-29,11,0,0,0,2.33,10,37.5,11,11,11,11,11,11,11,10.75,10.91,11,10,10.58,11,8,9.69,0,0,0,0,11,11,0,100,0,0,11
2014-05-30,11,0,0,0,2.33,10,37.5,11,11,11,11,11,11,11,10.75,10.92,11,10,10.59,11,8,9.7,0,0,0,0,11,11,0,100,0,0,11
2014-06-02,11,0,0,0,2.33,10,37.5,11,11,11,11,11,11,11,10.75,10.92,11,10,10.6,11,8,9.71,0,0,0,0,11,11,0,100,0,0,11
2014-06-03,11,0,0,0,2.33,10,37.5,11,11,11,11,11,11,11,10.75,10.92,11,10,10.61,11,8,9.73,0,0,0,0,11,11,0,100,0,0,11
2014-06-04,11,0,0,0,2.33,10,37.5,11,11,11,11,11,11,11,10.75,10.93,11,10,10.61,11,8,9.74,0,0,0,0,11,11,0,100,0,0,11
2014-06-05,11,0,0,0,2.33,10,37.5,11,11,11,11,11,11,11,10.75,10.93,11,10,10.62,11,8,9.75,0,0,0,0,11,11,0,100,0,0,11
2014-06-06,11,0,0,0,2.33,10,37.5,11,11,11,11,11,11,11,10.75,10.93,11,10,10.63,11,8,9.76,0,0,0,0,11,11,0,100,0,0,11
2014-06-09,11,0,0,0,2.33,10,37.5,11,11,11,11,11,11,11,10.75,10.94,11,10,10.64,11,8,9.77,0,0,0,0,11,11,0,100,0,0,11
2014-06-10,11,0,0,0,2.33,10,37.5,11,11,11,11,11,11,11,10.75,10.94,11,10,10.64,11,8,9.78,0,0,0,0,11,11,0,100,0,0,11
2014-06-11,11,0,0,0,2.33,10,37.5,11,11,11,11,11,11,11,10.75,10.95,11,10,10.65,11,8,9.8,0,0,0,0,11,11,0,100,0,0,11
2014-06-12,11,0,0,0,2.33,10,37.5,11,11,11,11,11,11,11,10.75,10.95,11,10,10.66,11,8,9.81,0,0,0,0,11,11,0,100,0,0,11
2014-06-13,11,0,0,0,2.33,10,37.5,11,11,11,11,11,11,11,10.75,10.95,11,10,10.67,11,8,9.82,0,0,0,0,11,11,0,100,0,0,11
2014-06-16,11,0,0,0,2.33,10,37.5,11,11,11,11,11,11,11,10.75,10.96,11,10,10.68,11,8,9.83,0,0,0,0,11,11,0,100,0,0,11
2014-06-17,11,0,0,0,2.33,10,37.5,11,11,11,11,11,11,11,10.75,10.96,11,10,10.68,11,8,9.84,0,0,0,0,11,11,0,100,0,0,11
2014-06-18,11,0,0,0,2.33,10,37.5,11,11,11,11,11,11,11,10.75,10.97,11,10,10.69,11,8,9.85,0,0,0,0,11,11,0,100,0,0,11
2014-06-19,11,0,0,0,2.33,10,37.5,11,11,11,11,11,11,11,10.75,10.97,11,10,10.7,11,8,9.86,0,0,0,0,11,11,0,100,0,0,11
2014-06-20,11,0,0,0,2.33,10,37.5,11,11,11,11,11,11,11,10.75,10.97,11,10,10.71,11,8,9.88,0,0,0,0,11,11,0,100,0,0,11
2014-06-23,11,0,0,0,2.33,10,37.5,11,11,11,11,11,11,11,10.75,10.98,11,10,10.71,11,8,9.89,0,0,0,0,11,11,0,100,0,0,11
2014-06-24,11,0,0,0,2.33,10,37.5,11,11,11,11,11,11,11,10.75,10.98,11,10,10.72,11,8,9.9,0,0,0,0,11,11,0,100,0,0,11
2014-06-25,11,0,0,0,2.33,10,37.5,11,11,11,11,11,11,11,10.75,10.98,11,10,10.73,11,8,9.91,0,0,0,0,11,11,0,100,0,0,11
2014-06-26,11,0,0,0,2.33,10,37.5,11,11,11,11,11,11,11,10.75,10.99,11,10,10.74,11,8,9.92,0,0,0,0,11,11,0,100,0,0,11
2014-06-27,11,0,0,0,2.33,10,37.5,11,11,11,11,11,11,11,10.75,10.99,11,10,10.74,11,8,9.93,0,0,0,0,11,11,0,100,0,0,11
2014-06-30,11,0,0,0,2.33,10,37.5,11,11,11,11,11,11,11,10.75,11,11,10,10.75,11,8,9.95,0,0,0,0,11,11,0,100,0,0,11
2014-07-01,11,0,0,0,2.33,10,37.5,11,11,11,11,11,11,11,11,11,11,10,10.76,11,8,9.96,0,0,0,0,11,11,0,100,0,0,11
2014-07-02,11,0,0,0,0,10,37.5,11,11,11,11,11,11,11,11,11,11,10,10.77,11,8,9.97,0,0,0,0,11,11,0,100,0,0,11
2014-07-03,11,0,0,0,0,10,37.5,11,11,11,11,11,11,11,11,11,11,10,10.78,11,8,9.98,0,0,0,0,11,11,0,100,0,0,11
2014-07-04,11,0,0,0,0,10,37.5,11,11,11,11,11,11,11,11,11,11,10,10.78,11,8,9.99,0,0,0,0,11,11,0,100,0,0,11
2014-07-07,11,0,0,0,0,10,37.5,11,11,11,11,11,11,11,11,11,11,10,10.79,11,8,10,0,0,0,0,11,11,0,100,0,0,11
2014-07-08,11,0,0,0,0,10,37.5,11,11,11,11,11,11,11,11,11,11,10,10.8,11,8.5,10.01,0,0,0,0,11,11,0,100,0,0,11
2014-07-09,11,0,0,0,0,10,29.41,11,11,11,11,11,11,11,11,11,11,10,10.81,11,8.5,10.02,0,0,0,0,11,11,0,100,0,0,11
2014-07-10,11,0,0,0,0,10,29.41,11,11,11,11,11,11,11,11,11,11,10,10.81,11,8.5,10.03,0,0,0,0,11,11,0,100,0,0,11
2014-07-11,11,0,0,0,0,10,29.41,11,11,11,11,11,11,11,11,11,11,10,10.82,11,8.5,10.04,0,0,0,0,11,11,0,100,0,0,11
2014-07-14,11,0,0,0,0,10,29.41,11,11,11,11,11,11,11,11,11,11,10,10.83,11,8.5,10.05,0,0,0,0,11,11,0,100,0,0,11
2014-07-15,11,0,0,0,0,10,29.41,11,11,11,11,11,11,11,11,11,11,10.5,10.84,11,8.5,10.06,0,0,0,0,11,11,0,100,0,0,11
2014-07-16,11,0,0,0,0,4.76,29.41,11,11,11,11,11,11,11,11,11,11,10.5,10.84,11,8.5,10.07,0,0,0,0,11,11,0,100,0,0,11
2014-07-17,11,0,0,0,0,4.76,29.41,11,11,11,11,11,11,11,11,11,11,10.5,10.84,11,8.5,10.08,0,0,0,0,11,11,0,100,0,0,11
2014-07-18,11,0,0,0,0,4.76,29.41,11,11,11,11,11,11,11,11,11,11,10.5,10.85,11,8.5,10.09,0,0,0,0,11,11,0,100,0,0,11
2014-07-21,11,0,0,0,0,4.76,29.41,11,11,11,11,11,11,11,11,11,11,10.5,10.85,11,8.5,10.1,0,0,0,0,11,11,0,100,0,0,11
2014-07-22,11,0,0,0,0,4.76,29.41,11,11,11,11,11,11,11,11,11,11,10.5,10.86,11,8.5,10.11,0,0,0,0,11,11,0,100,0,0,11
2014-07-23,11,0,0,0,0,4.76,29.41,11,11,11,11,11,11,11,11,11,11,10.5,10.86,11,8.5,10.12,0,0,0,0,11,11,0,100,0,0,11
2014-07-24,11,0,0,0,0,4.76,29.41,11,11,11,11,11,11,11,11,11,11,10.5,10.86,11,8.5,10.13,0,0,0,0,11,11,0,100,0,0,11
2014-07-25,11,0,0,0,0,4.76,29.41,11,11,11,11,11,11,11,11,11,11,10.5,10.87,11,8.5,10.14,0,0,0,0,11,11,0,100,0,0,11
2014-07-28,11,0,0,0,0,4.76,29.41,11,11,11,11,11,11,11,11,11,11,10.5,10.87,11,8.5,10.15,0,0,0,0,11,11,0,100,0,0,11
2014-07-29,11,0,0,0,0,4.76,29.41,11,11,11,11,11,11,11,11,11,11,10.5,10.88,11,8.5,10.16,0,0,0,0,11,11,0,100,0,0,11
2014-07-30,11,0,0,0,0,4.76,29.41,11,11,11,11,11,11,11,11,11,11,10.5,10.88,11,8.5,10.17,0,0,0,0,11,11,0,100,0,0,11
2014-07-31,11,0,0,0,0,4.76,29.41,11,11,11,11,11,11,11,11,11,11,10.5,10.88,11,8.5,10.18,0,0,0,0,11,11,0,100,0,0,11
2014-08-01,11,0,0,0,0,4.76,29.41,11,11,11,11,11,11,11,11,11,11,10.5,10.89,11,8.5,10.19,0,0,0,0,11,11,0,100,0,0,11
2014-08-04,11,0,0,0,0,4.76,29.41,11,11,11,11,11,11,11,11,11,11,10.5,10.89,11,8.5,10.2,0,0,0,0,11,11,0,100,0,0,11
2014-08-05,11,0,0,0,0,4.76,29.41,11,11,11,11,11,11,11,11,11,11,10.5,10.89,11,8.5,10.21,0,0,0,0,11,11,0,100,0,0,11
2014-08-06,11,0,0,0,0,4.76,29.41,11,11,11,11,11,11,11,11,11,11,10.5,10.9,11,8.5,10.22,0,0,0,0,11,11,0,100,0,0,11
2014-08-07,11,0,0,0,0,4.76,29.41,11,11,11,11,11,11,11,11,11,11,10.5,10.9,11,8.5,10.23,0,0,0,0,11,11,0,100,0,0,11
2014-08-08,11,0,0,0,0,4.76,29.41,11,11,11,11,11,11,11,11,11,11,10.5,10.91,11,8.5,10.24,0,0,0,0,11,11,0,100,0,0,11
2014-08-11,11,0,0,0,0,4.76,29.41,11,11,11,11,11,11,11,11,11,11,10.5,10.91,11,8.5,10.25,0,0,0,0,11,11,0,100,0,0,11
2014-08-12,11,0,0,0,0,4.76,29.41,11,11,11,11,11,11,11,11,11,11,10.5,10.91,11,8.5,10.25,0,0,0,0,11,11,0,100,0,0,11
2014-08-13,11,0,0,0,0,4.76,29.41,11,11,11,11,11,11,11,11,11,11,10.5,10.92,11,8.5,10.26,0,0,0,0,11,11,0,100,0,0,11
2014-08-14,11,0,0,0,0,4.76,29.41,11,11,11,11,11,11,11,11,11,11,10.5,10.92,11,8.5,10.27,0,0,0,0,11,11,0,100,0,0,11
2014-08-15,11,0,0,0,0,4.76,29.41,11,11,11,11,11,11,11,11,11,11,10.5,10.93,11,8.5,10.28,0,0,0,0,11,11,0,100,0,0,11
2014-08-18,11,0,0,0,0,4.76,29.41,11,11,11,11,11,11,11,11,11,11,10.5,10.93,11,8.5,10.29,0,0,0,0,11,11,0,100,0,0,11
2014-08-19,11,0,0,0,0,4.76,29.41,11,11,11,11,11,11,11,11,11,11,10.5,10.93,11,8.5,10.3,0,0,0,0,11,11,0,100,0,0,11
2014-08-20,11,0,0,0,0,4.76,29.41,11,11,11,11,11,11,11,11,11,11,10.5,10.94,11,8.5,10.31,0,0,0,0,11,11,0,100,0,0,11
2014-08-21,11,0,0,0,0,4.76,29.41,11,11,11,11,11,11,11,11,11,11,10.5,10.94,11,8.5,10.32,0,0,0,0,11,11,0,100,0,0,11
2014-08-22,11,0,0,0,0,4.76,29.41,11,11,11,11,11,11,11,11,11,11,10.5,10.94,11,8.5,10.33,0,0,0,0,11,11,0,100,0,0,11
2014-08-25,11,0,0,0,0,4.76,29.41,11,11,11,11,11,11,11,11,11,11,10.5,10.95,11,8.5,10.34,0,0,0,0,11,11,0,100,0,0,11
2014-08-26,11,0,0,0,0,4.76,29.41,11,11,11,11,11,11,11,11,11,11,10.75,10.95,11,9,10.35,0,0,0,0,11,11,0,100,0,0,11
2014-08-27,11,0,0,0,0,2.33,22.22,11,11,11,11,11,11,11,11,11,11,10.75,10.95,11,9,10.36,0,0,0,0,11,11,0,100,0,0,11
2014-08-28,11,0,0,0,0,2.33,22.22,11,11,11,11,11,11,11,11,11,11,10.75,10.96,11,9,10.37,0,0,0,0,11,11,0,100,0,0,11
2014-08-29,11,0,0,0,0,2.33,22.22,11,11,11,11,11,11,11,11,11,11,10.75,10.96,11,9,10.37,0,0,0,0,11,11,0,100,0,0,11
2014-09-01,11,0,0,0,0,2.33,22.22,11,11,11,11,11,11,11,11,11,11,10.75,10.96,11,9,10.38,0,0,0,0,11,11,0,100,0,0,11
2014-09-02,11,0,0,0,0,2.33,22.22,11,11,11,11,11,11,11,11,11,11,10.75,10.96,11,9,10.39,0,0,0,0,11,11,0,100,0,0,11
2014-09-03,11,0,0,0,0,2.33,22.22,11,11,11,11,11,11,11,11,11,11,10.75,10.96,11,9,10.4,0,0,0,0,11,11,0,100,0,0,11
2014-09-04,11,0,0,0,0,2.33,22.22,11,11,11,11,11,11,11,11,11,11,10.75,10.97,11,9,10.4,0,0,0,0,11,11,0,100,0,0,11
2014-09-05,11,0,0,0,0,2.33,22.22,11,11,11,11,11,11,11,11,11,11,10.75,10.97,11,9,10.41,0,0,0,0,11,11,0,100,0,0,11
2014-09-08,11,0,0,0,0,2.33,22.22,11,11,11,11,11,11,11,11,11,11,10.75,10.97,11,9,10.42,0,0,0,0,11,11,0,100,0,0,11
2014-09-09,11,0,0,0,0,2.33,22.22,11,11,11,11,11,11,11,11,11,11,10.75,10.97,11,9,10.43,0,0,0,0,11,11,0,100,0,0,11
2014-09-10,11,0,0,0,0,2.33,22.22,11,11,11,11,11,11,11,11,11,11,10.75,10.97,11,9,10.44,0,0,0,0,11,11,0,100,0,0,11
2014-09-11,11,0,0,0,0,2.33,22.22,11,11,11,11,11,11,11,11,11,11,10.75,10.98,11,9,10.44,0,0,0,0,11,11,0,100,0,0,11
2014-09-12,11,0,0,0,0,2.33,22.22,11,11,11,11,11,11,11,11,11,11,10.75,10.98,11,9,10.45,0,0,0,0,11,11,0,100,0,0,11
2014-09-15,11,0,0,0,0,2.33,22.22,11,11,11,11,11,11,11,11,11,11,10.75,10.98,11,9,10.46,0,0,0,0,11,11,0,100,0,0,11
2014-09-16,11,0,0,0,0,2.33,22.22,11,11,11,11,11,11,11,11,11,11,10.75,10.98,11,9,10.47,0,0,0,0,11,11,0,100,0,0,11
2014-09-17,11,0,0,0,0,2.33,22.22,11,11,11,11,11,11,11,11,11,11,10.75,10.98,11,9,10.47,0,0,0,0,11,11,0,100,0,0,11
2014-09-18,11,0,0,0,0,2.33,22.22,11,11,11,11,11,11,11,11,11,11,10.75,10.98,11,9,10.48,0,0,0,0,11,11,0,100,0,0,11
2014-09-19,11,0,0,0,0,2.33,22.22,11,11,11,11,11,11,11,11,11,11,10.75,10.99,11,9,10.49,0,0,0,0,11,11,0,100,0,0,11
2014-09-22,11,0,0,0,0,2.33,22.22,11,11,11,11,11,11,11,11,11,11,10.75,10.99,11,9,10.5,0,0,0,0,11,11,0,100,0,0,11
2014-09-23,11,0,0,0,0,2.33,22.22,11,11,11,11,11,11,11,11,11,11,10.75,10.99,11,9,10.5,0,0,0,0,11,11,0,100,0,0,11
2014-09-24,11,0,0,0,0,2.33,22.22,11,11,11,11,11,11,11,11,11,11,10.75,10.99,11,9,10.51,0,0,0,0,11,11,0,100,0,0,11
2014-09-25,11,0,0,0,0,2.33,22.22,11,11,11,11,11,11,11,11,11,11,10.75,10.99,11,9,10.52,0,0,0,0,11,11,0,100,0,0,11
2014-09-26,11,0,0,0,0,2.33,22.22,11,11,11,11,11,11,11,11,11,11,10.75,11,11,9,10.53,0,0,0,0,11,11,0,100,0,0,11
2014-09-29,11,0,0,0,0,2.33,22.22,11,11,11,11,11,11,11,11,11,11,10.75,11,11,9,10.54,0,0,0,0,11,11,0,100,0,0,11
2014-09-30,11,0,0,0,0,2.33,22.22,11,11,11,11,11,11,11,11,11,11,11,11,11,9,10.54,0,0,0,0,11,11,0,100,0,0,11
2014-10-01,11,0,0,0,0,0,22.22,11,11,11,11,11,11,11,11,11,11,11,11,11,9,10.55,0,0,0,0,11,11,0,100,0,0,11
2014-10-02,11,0,0,0,0,0,22.22,11,11,11,11,11,11,11,11,11,11,11,11,11,9,10.56,0,0,0,0,11,11,0,100,0,0,11
2014-10-03,11,0,0,0,0,0,22.22,11,11,11,11,11,11,11,11,11,11,11,11,11,9,10.57,0,0,0,0,11,11,0,100,0,0,11
2014-10-06,11,0,0,0,0,0,22.22,11,11,11,11,11,11,11,11,11,11,11,11,11,9,10.57,0,0,0,0,11,11,0,100,0,0,11
2014-10-07,11,0,0,0,0,0,22.22,11,11,11,11,11,11,11,11,11,11,11,11,11,9.5,10.58,0,0,0,0,11,11,0,100,0,0,11
2014-10-08,11,0,0,0,0,0,15.79,11,11,11,11,11,11,11,11,11,11,11,11,11,9.5,10.59,0,0,0,0,11,11,0,100,0,0,11
2014-10-09,11,0,0,0,0,0,15.79,11,11,11,11,11,11,11,11,11,11,11,11,11,9.5,10.59,0,0,0,0,11,11,0,100,0,0,11
2014-10-10,11,0,0,0,0,0,15.79,11,11,11,11,11,11,11,11,11,11,11,11,11,9.5,10.6,0,0,0,0,11,11,0,100,0,0,11
2014-10-13,11,0,0,0,0,0,15.79,11,11,11,11,11,11,11,11,11,11,11,11,11,9.5,10.6,0,0,0,0,11,11,0,100,0,0,11
2014-10-14,11,0,0,0,0,0,15.79,11,11,11,11,11,11,11,11,11,11,11,11,11,9.5,10.61,0,0,0,0,11,11,0,100,0,0,11
2014-10-15,11,0,0,0,0,0,15.79,11,11,11,11,11,11,11,11,11,11,11,11,11,9.5,10.62,0,0,0,0,11,11,0,100,0,0,11
2014-10-16,11,0,0,0,0,0,15.79,11,11,11,11,11,11,11,11,11,11,11,11,11,9.5,10.62,0,0,0,0,11,11,0,100,0,0,11
2014-10-17,11,0,0,0,0,0,15.79,11,11,11,11,11,11,11,11,11,11,11,11,11,9.5,10.63,0,0,0,0,11,11,0,100,0,0,11
2014-10-20,11,0,0,0,0,0,15.79,11,11,11,11,11,11,11,11,11,11,11,11,11,9.5,10.63,0,0,0,0,11,11,0,100,0,0,11
2014-10-21,11,0,0,0,0,0,15.79,11,11,11,11,11,11,11,11,11,11,11,11,11,9.5,10.64,0,0,0,0,11,11,0,100,0,0,11
2014-10-22,11,0,0,0,0,0,15.79,11,11,11,11,11,11,11,11,11,11,11,11,11,9.5,10.65,0,0,0,0,11,11,0,100,0,0,11
2014-10-23,11,0,0,0,0,0,15.79,11,11,11,11,11,11,11,11,11,11,11,11,11,9.5,10.65,0,0,0,0,11,11,0,100,0,0,11
2014-10-24,11,0,0,0,0,0,15.79,11,11,11,11,11,11,11,11,11,11,11,11,11,9.5,10.66,0,0,0,0,11,11,0,100,0,0,11
2014-10-27,11,0,0,0,0,0,15.79,11,11,11,11,11,11,11,11,11,11,11,11,11,9.5,10.66,0,0,0,0,11,11,0,100,0,0,11
2014-10-28,11,0,0,0,0,0,15.79,11,11,11,11,11,11,11,11,11,11,11,11,11,9.5,10.67,0,0,0,0,11,11,0,100,0,0,11
2014-10-29,11.25,2.27,2.27,2.27,2.27,2.27,18.42,11.25,11,11.05,11.25,11,11.01,11.25,11,11,11.25,11,11,11.25,9.5,10.68,0,0.011217949,0.001246439,0.00997151,11.1243034,10.9006966,1,100.0539451,0.079453544,0.020304817,11.25
2014-10-30,11.25,0,2.27,2.27,2.27,2.27,18.42,11.25,11,11.1,11.25,11,11.03,11.25,11,11.01,11.25,11,11,11.25,9.5,10.68,0,0.022435897,0.003739316,0.018696581,11.17889675,10.87110325,1,100.1049854,0.079453544,0.027917778,11.25
2014-10-31,11.25,0,2.27,2.27,2.27,2.27,18.42,11.25,11,11.15,11.25,11,11.04,11.25,11,11.01,11.25,11,11.01,11.25,9.5,10.69,0,0.033653846,0.007478632,0.026175214,11.22067377,10.85432623,1,100.153122,0.079453544,0.033191171,11.25
2014-11-03,11.25,0,2.27,2.27,2.27,2.27,18.42,11.25,11,11.2,11.25,11,11.05,11.25,11,11.02,11.25,11,11.01,11.25,9.5,10.7,0,0.044871795,0.012464387,0.032407407,11.25519567,10.84480433,1,100.1983565,0.079453544,0.037139488,11.25
2014-11-04,11.25,0,2.27,2.27,2.27,2.27,18.42,11.25,11.25,11.25,11.25,11,11.06,11.25,11,11.02,11.25,11,11.01,11.25,9.5,10.7,0,0.056089744,0.018696581,0.037393162,11.28463083,10.84036917,1,100.2406909,0.079453544,0.040159246,11.25
2014-11-05,11.25,0,0,2.27,2.27,2.27,18.42,11.25,11.25,11.25,11.25,11,11.08,11.25,11,11.02,11.25,11,11.01,11.25,9.5,10.71,0,0.067307692,0.026175214,0.041132479,11.31008117,10.83991883,1,100.2801279,0.079453544,0.042452582,11.25
2014-11-06,11.25,0,0,2.27,2.27,2.27,18.42,11.25,11.25,11.25,11.25,11,11.09,11.25,11,11.03,11.25,11,11.01,11.25,9.5,10.72,0,0.078525641,0.034900285,0.043625356,11.33218024,10.84281976,1,100.3166704,0.079453544,0.044136233,11.25
2014-11-07,11.25,0,0,2.27,2.27,2.27,18.42,11.25,11.25,11.25,11.25,11,11.1,11.25,11,11.03,11.25,11,11.02,11.25,9.5,10.72,0,0.08974359,0.044871795,0.044871795,11.35131234,10.84868766,1,100.3503221,0.079453544,0.045281504,11.25
2014-11-10,11.25,0,0,2.27,2.27,2.27,18.42,11.25,11.25,11.25,11.25,11,11.11,11.25,11,11.03,11.25,11,11.02,11.25,9.5,10.73,0,0.100961538,0.056089744,0.044871795,11.36770889,10.85729111,1,100.3810868,0.079453544,0.045931859,11.25
2014-11-11,11.25,0,0,2.27,2.27,2.27,18.42,11.25,11.25,11.25,11.25,11,11.13,11.25,11,11.04,11.25,11,11.02,11.25,9.5,10.74,0,0.112179487,0.067307692,0.044871795,11.38149459,10.86850541,1,100.4089691,0.079453544,0.046111387,11.25
2014-11-12,11.25,0,0,2.27,2.27,2.27,18.42,11.25,11.25,11.25,11.25,11,11.14,11.25,11,11.04,11.25,11,11.02,11.25,9.5,10.74,0,0.123397436,0.078525641,0.044871795,11.39270889,10.88229111,1,100.433974,0.079453544,0.045828757,11.25
2014-11-13,11.25,0,0,2.27,2.27,2.27,18.42,11.25,11.25,11.25,11.25,11,11.15,11.25,11,11.05,11.25,11,11.02,11.25,9.5,10.75,0,0.134615385,0.08974359,0.044871795,11.40131234,10.89868766,1,100.4561068,0.079453544,0.045078448,11.25
2014-11-14,11.25,0,0,2.27,2.27,2.27,18.42,11.25,11.25,11.25,11.25,11,11.16,11.25,11,11.05,11.25,11,11.03,11.25,9.5,10.76,0,0.125,0.098646724,0.026353276,11.40718024,10.91781976,1,100.4753734,0.079453544,0.043839685,11.25
2014-11-17,11.25,0,0,2.27,2.27,2.27,18.42,11.25,11.25,11.25,11.25,11,11.18,11.25,11,11.05,11.25,11,11.03,11.25,9.5,10.76,0,0.115384615,0.105235043,0.010149573,11.41008117,10.93991883,1,100.4917802,0.079453544,0.042072693,11.25
2014-11-18,11.25,0,0,2.27,2.27,2.27,18.42,11.25,11.25,11.25,11.25,11,11.19,11.25,11,11.06,11.25,11,11.03,11.25,9.5,10.77,0,0.105769231,0.109508547,-0.003739316,11.40963083,10.96536917,1,100.5053341,0.079453544,0.039710539,11.25
2014-11-19,11.25,0,0,2.27,2.27,2.27,18.42,11.25,11.25,11.25,11.25,11,11.2,11.25,11,11.06,11.25,11,11.03,11.25,9.5,10.78,0,0.096153846,0.111467236,-0.01531339,11.40519567,10.99480433,1,100.5160422,0.079453544,0.036642084,11.25
2014-11-20,11.25,0,0,2.27,2.27,2.27,18.42,11.25,11.25,11.25,11.25,11,11.21,11.25,11,11.07,11.25,11,11.03,11.25,9.5,10.78,0,0.086538462,0.111111111,-0.02457265,11.39567377,11.02932623,1,100.5239123,0.079453544,0.032673137,11.25
2014-11-21,11.25,0,0,2.27,2.27,2.27,18.42,11.25,11.25,11.25,11.25,11,11.23,11.25,11,11.07,11.25,11,11.03,11.25,9.5,10.79,0,0.076923077,0.108440171,-0.031517094,11.37889675,11.07110325,1,100.5289525,0.079453544,0.027420357,11.25
2014-11-24,11.25,0,0,2.27,2.27,2.27,18.42,11.25,11.25,11.25,11.25,11,11.24,11.25,11,11.07,11.25,11,11.04,11.25,9.5,10.8,0,0.067307692,0.103454416,-0.036146724,11.3493034,11.1256966,1,100.5311714,0.079453544,0.019898269,11.25
2014-11-25,11.25,0,0,2.27,2.27,2.27,18.42,11.25,11.25,11.25,11.25,11.25,11.25,11.25,11,11.08,11.25,11,11.04,11.25,10,10.8,0,0.057692308,0.096153846,-0.038461538,11.25,11.25,0,100.5305781,0.079453544,0,11.25
2014-11-26,11.25,0,0,0,2.27,2.27,12.5,11.25,11.25,11.25,11.25,11.25,11.25,11.25,11,11.08,11.25,11,11.04,11.25,10,10.81,0,0.048076923,0.086538462,-0.038461538,11.25,11.25,0,100.477267,0,0,11.25
2014-11-27,11.25,0,0,0,2.27,2.27,12.5,11.25,11.25,11.25,11.25,11.25,11.25,11.25,11,11.08,11.25,11,11.04,11.25,10,10.81,0,0.038461538,0.076923077,-0.038461538,11.25,11.25,0,100.426814,0,0,11.25
2014-11-28,11.25,0,0,0,2.27,2.27,12.5,11.25,11.25,11.25,11.25,11.25,11.25,11.25,11,11.09,11.25,11,11.04,11.25,10,10.82,0,0.028846154,0.067307692,-0.038461538,11.25,11.25,0,100.3792104,0,0,11.25
2014-12-01,11.25,0,0,0,2.27,2.27,12.5,11.25,11.25,11.25,11.25,11.25,11.25,11.25,11,11.09,11.25,11,11.05,11.25,10,10.82,0,0.019230769,0.057692308,-0.038461538,11.25,11.25,0,100.3344482,0,0,11.25
2014-12-02,11.25,0,0,0,2.27,2.27,12.5,11.25,11.25,11.25,11.25,11.25,11.25,11.25,11,11.1,11.25,11,11.05,11.25,10,10.83,0,0.009615385,0.048076923,-0.038461538,11.25,11.25,0,100.2925198,0,0,11.25
2014-12-03,11.75,4.44,4.44,4.44,6.82,6.82,17.5,11.75,11.25,11.35,11.75,11.25,11.28,11.75,11,11.11,11.75,11,11.05,11.75,10,10.83,0,0.022435897,0.040954416,-0.018518519,11.4986068,11.0513932,1,100.3588217,0.153743088,0.039664177,11.75
2014-12-04,11.75,0,4.44,4.44,6.82,6.82,17.5,11.75,11.25,11.45,11.75,11.25,11.3,11.75,11,11.12,11.75,11,11.06,11.75,10,10.84,0,0.044871795,0.037393162,0.007478632,11.60779351,10.99220649,1,100.4221284,0.153743088,0.054476727,11.75
2014-12-05,11.75,0,4.44,4.44,6.82,6.82,17.5,11.75,11.25,11.55,11.75,11.25,11.33,11.75,11,11.13,11.75,11,11.07,11.75,10,10.85,0,0.067307692,0.037393162,0.02991453,11.69134755,10.95865245,1,100.4824488,0.153743088,0.064697139,11.75
2014-12-08,11.75,0,4.44,4.44,6.82,6.82,17.5,11.75,11.25,11.65,11.75,11.25,11.35,11.75,11,11.14,11.75,11,11.07,11.75,10,10.85,0,0.08974359,0.040954416,0.048789174,11.76039134,10.93960866,1,100.5397924,0.153743088,0.072315655,11.75
2014-12-09,11.75,0,4.44,4.44,6.82,6.82,17.5,11.75,11.75,11.75,11.75,11.25,11.38,11.75,11,11.15,11.75,11,11.08,11.75,10,10.86,0,0.112179487,0.048076923,0.064102564,11.81926166,10.93073834,1,100.5941689,0.153743088,0.07811194,11.75
2014-12-10,11.75,0,0,4.44,6.82,6.82,17.5,11.75,11.75,11.75,11.75,11.25,11.4,11.75,11,11.17,11.75,11,11.08,11.75,10,10.87,0,0.134615385,0.058760684,0.075854701,11.87016235,10.92983765,1,100.6455885,0.153743088,0.082484622,11.75
2014-12-11,11.75,0,0,4.44,6.82,6.82,17.5,11.75,11.75,11.75,11.75,11.25,11.43,11.75,11,11.18,11.75,11,11.09,11.75,10,10.87,0,0.157051282,0.073005698,0.084045584,11.91436048,10.93563952,1,100.6940619,0.153743088,0.085664855,11.75
2014-12-12,11.75,0,0,4.44,6.82,6.82,17.5,11.75,11.75,11.75,11.75,11.25,11.45,11.75,11,11.19,11.75,11,11.09,11.75,10,10.88,0,0.179487179,0.090811966,0.088675214,11.95262469,10.94737531,1,100.7396002,0.153743088,0.087794706,11.75
2014-12-15,11.75,0,0,4.44,6.82,6.82,17.5,11.75,11.75,11.75,11.75,11.25,11.48,11.75,11,11.2,11.75,11,11.1,11.75,10,10.89,0,0.201923077,0.112179487,0.08974359,11.98541779,10.96458221,1,100.7822149,0.153743088,0.088961706,11.75
2014-12-16,11.75,0,0,4.44,6.82,6.82,17.5,11.75,11.75,11.75,11.75,11.25,11.5,11.75,11,11.21,11.75,11,11.11,11.75,10,10.89,0,0.224358974,0.134615385,0.08974359,12.01298918,10.98701082,1,100.8219178,0.153743088,0.089215509,11.75
2014-12-17,11.75,0,0,4.44,6.82,6.82,17.5,11.75,11.75,11.75,11.75,11.25,11.53,11.75,11,11.22,11.75,11,11.11,11.75,10,10.9,0,0.246794872,0.157051282,0.08974359,12.03541779,11.01458221,1,100.8587212,0.153743088,0.088575755,11.75
2014-12-18,11.75,0,0,4.44,6.82,6.82,17.5,11.75,11.75,11.75,11.75,11.25,11.55,11.75,11,11.23,11.75,11,11.12,11.75,10,10.91,0,0.269230769,0.179487179,0.08974359,12.05262469,11.04737531,1,100.8926378,0.153743088,0.087034578,11.75
2014-12-19,11.75,0,0,4.44,6.82,6.82,17.5,11.75,11.75,11.75,11.75,11.25,11.58,11.75,11,11.25,11.75,11,11.12,11.75,10,10.91,0,0.25,0.197293447,0.052706553,12.06436048,11.08563952,1,100.9236806,0.153743088,0.084554727,11.75
2014-12-22,11.75,0,0,4.44,6.82,6.82,17.5,11.75,11.75,11.75,11.75,11.25,11.6,11.75,11,11.26,11.75,11,11.13,11.75,10,10.92,0,0.230769231,0.210470085,0.020299145,12.07016235,11.12983765,1,100.9518629,0.153743088,0.081062473,11.75
2014-12-23,11.75,0,0,4.44,6.82,6.82,17.5,11.75,11.75,11.75,11.75,11.25,11.63,11.75,11,11.27,11.75,11,11.13,11.75,10,10.93,0,0.211538462,0.219017094,-0.007478632,12.06926166,11.18073834,1,100.9771987,0.153743088,0.076432113,11.75
2014-12-24,11.75,0,0,4.44,6.82,6.82,17.5,11.75,11.75,11.75,11.75,11.25,11.65,11.75,11,11.28,11.75,11,11.14,11.75,10,10.93,0,0.192307692,0.222934473,-0.030626781,12.06039134,11.23960866,1,100.9969658,0.153743088,0.070453449,11.75
2014-12-25,11.75,0,0,4.44,6.82,6.82,17.5,11.75,11.75,11.75,11.75,11.25,11.68,11.75,11,11.29,11.75,11,11.15,11.75,10,10.94,0,0.173076923,0.222222222,-0.049145299,12.04134755,11.30865245,1,101.0111934,0.153743088,0.06275761,11.75
2014-12-26,11.75,0,0,4.44,6.82,6.82,17.5,11.75,11.75,11.75,11.75,11.25,11.7,11.75,11,11.3,11.75,11,11.15,11.75,10,10.95,0,0.153846154,0.216880342,-0.063034188,12.00779351,11.39220649,1,101.0199126,0.153743088,0.052614274,11.75
2014-12-29,11.75,0,0,4.44,6.82,6.82,17.5,11.75,11.75,11.75,11.75,11.25,11.73,11.75,11,11.32,11.75,11,11.16,11.75,10,10.95,0,0.134615385,0.206908832,-0.072293447,11.9486068,11.5013932,1,101.0231556,0.153743088,0.038141884,11.75
2014-12-30,11.75,0,0,4.44,6.82,6.82,17.5,11.75,11.75,11.75,11.75,11.75,11.75,11.75,11,11.33,11.75,11,11.16,11.75,10,10.96,0,0.115384615,0.192307692,-0.076923077,11.75,11.75,0,101.0209565,0.153743088,0,11.75
2014-12-31,11.75,0,0,0,6.82,6.82,17.5,11.75,11.75,11.75,11.75,11.75,11.75,11.75,11,11.34,11.75,11,11.17,11.75,10,10.97,0,0.096153846,0.173076923,-0.076923077,11.75,11.75,0,100.9179237,0,0,11.75
2015-01-01,11.75,0,0,0,6.82,6.82,17.5,11.75,11.75,11.75,11.75,11.75,11.75,11.75,11,11.35,11.75,11,11.18,11.75,10,10.98,0,0.076923077,0.153846154,-0.076923077,11.75,11.75,0,100.8205073,0,0,11.75
2015-01-02,11.75,0,0,0,6.82,6.82,17.5,11.75,11.75,11.75,11.75,11.75,11.75,11.75,11,11.36,11.75,11,11.18,11.75,10,10.98,0,0.057692308,0.134615385,-0.076923077,11.75,11.75,0,100.7286755,0,0,11.75
2015-01-05,11.75,0,0,0,6.82,6.82,17.5,11.75,11.75,11.75,11.75,11.75,11.75,11.75,11,11.37,11.75,11,11.19,11.75,10,10.99,0,0.038461538,0.115384615,-0.076923077,11.75,11.75,0,100.6423983,0,0,11.75
2015-01-06,11.75,0,0,0,6.82,6.82,17.5,11.75,11.75,11.75,11.75,11.75,11.75,11.75,11,11.38,11.75,11,11.19,11.75,10,11,0,0.019230769,0.096153846,-0.076923077,11.75,11.75,0,100.5616475,0,0,11.75
2015-01-07,11.75,0,0,0,6.82,6.82,17.5,11.75,11.75,11.75,11.75,11.75,11.75,11.75,11,11.4,11.75,11,11.2,11.75,10,11,0,0,0.076923077,-0.076923077,11.75,11.75,0,100.4863969,0,0,11.75
2015-01-08,11.75,0,0,0,6.82,6.82,17.5,11.75,11.75,11.75,11.75,11.75,11.75,11.75,11,11.41,11.75,11,11.2,11.75,10,11.01,0,0,0.05982906,-0.05982906,11.75,11.75,0,100.4166222,0,0,11.75
2015-01-09,11.75,0,0,0,6.82,6.82,17.5,11.75,11.75,11.75,11.75,11.75,11.75,11.75,11,11.42,11.75,11,11.21,11.75,10,11.02,0,0,0.044871795,-0.044871795,11.75,11.75,0,100.3523006,0,0,11.75
2015-01-12,11.75,0,0,0,6.82,6.82,17.5,11.75,11.75,11.75,11.75,11.75,11.75,11.75,11,11.43,11.75,11,11.22,11.75,10,11.02,0,0,0.032051282,-0.032051282,11.75,11.75,0,100.2934116,0,0,11.75
2015-01-13,11.75,0,0,0,6.82,6.82,17.5,11.75,11.75,11.75,11.75,11.75,11.75,11.75,11,11.44,11.75,11,11.22,11.75,10.5,11.03,0,0,0.021367521,-0.021367521,11.75,11.75,0,100.239936,0,0,11.75
2015-01-14,11.75,0,0,0,6.82,6.82,11.9,11.75,11.75,11.75,11.75,11.75,11.75,11.75,11,11.45,11.75,11,11.23,11.75,10.5,11.03,0,0,0.012820513,-0.012820513,11.75,11.75,0,100.1918567,0,0,11.75
2015-01-15,11.75,0,0,0,6.82,6.82,11.9,11.75,11.75,11.75,11.75,11.75,11.75,11.75,11,11.47,11.75,11,11.23,11.75,10.5,11.04,0,0,0.006410256,-0.006410256,11.75,11.75,0,100.1491583,0,0,11.75
2015-01-16,11.75,0,0,0,6.82,6.82,11.9,11.75,11.75,11.75,11.75,11.75,11.75,11.75,11,11.48,11.75,11,11.24,11.75,10.5,11.04,0,0,0.002136752,-0.002136752,11.75,11.75,0,100.111827,0,0,11.75
2015-01-19,11.75,0,0,0,6.82,6.82,11.9,11.75,11.75,11.75,11.75,11.75,11.75,11.75,11,11.49,11.75,11,11.24,11.75,10.5,11.05,0,0,0,0,11.75,11.75,0,100.0798509,0,0,11.75
2015-01-20,11.75,0,0,0,6.82,6.82,11.9,11.75,11.75,11.75,11.75,11.75,11.75,11.75,11,11.5,11.75,11,11.25,11.75,10.5,11.05,0,0,0,0,11.75,11.75,0,100.0532198,0,0,11.75
2015-01-21,12.25,4.26,4.26,4.26,11.36,11.36,16.67,12.25,11.75,11.85,12.25,11.75,11.78,12.25,11,11.52,12.25,11,11.26,12.25,10.5,11.06,0,0.022435897,0.002492877,0.01994302,11.9986068,11.5513932,1,100.1328727,0.147335231,0.037979923,12.25
2015-01-22,12.25,0,4.26,4.26,11.36,11.36,16.67,12.25,11.75,11.95,12.25,11.75,11.8,12.25,11,11.54,12.25,11,11.27,12.25,10.5,11.07,0,0.044871795,0.007478632,0.037393162,12.10779351,11.49220649,1,100.2123142,0.147335231,0.052168391,12.25
2015-01-23,12.25,0,4.26,4.26,11.36,11.36,16.67,12.25,11.75,12.05,12.25,11.75,11.83,12.25,11,11.56,12.25,11,11.28,12.25,10.5,11.07,0,0.067307692,0.014957265,0.052350427,12.19134755,11.45865245,1,100.2915452,0.147335231,0.06196153,12.25
2015-01-26,12.25,0,4.26,4.26,11.36,11.36,16.67,12.25,11.75,12.15,12.25,11.75,11.85,12.25,11,11.58,12.25,11,11.29,12.25,10.5,11.08,0,0.08974359,0.024928775,0.064814815,12.26039134,11.43960866,1,100.3705664,0.147335231,0.069264361,12.25
2015-01-27,12.25,0,4.26,4.26,11.36,11.36,16.67,12.25,12.25,12.25,12.25,11.75,11.88,12.25,11.25,11.6,12.25,11,11.3,12.25,10.5,11.09,0,0.112179487,0.037393162,0.074786325,12.31926166,11.43073834,1,100.4493788,0.147335231,0.074823016,12.25
2015-01-28,12.25,0,0,4.26,8.89,11.36,16.67,12.25,12.25,12.25,12.25,11.75,11.9,12.25,11.25,11.61,12.25,11,11.31,12.25,10.5,11.09,0,0.134615385,0.052350427,0.082264957,12.37016235,11.42983765,1,100.5226757,0.147335231,0.079018882,12.25
2015-01-29,12.25,0,0,4.26,8.89,11.36,16.67,12.25,12.25,12.25,12.25,11.75,11.93,12.25,11.25,11.63,12.25,11,11.32,12.25,10.5,11.1,0,0.157051282,0.06980057,0.087250712,12.41436048,11.43563952,1,100.5904682,0.147335231,0.082073037,12.25
2015-01-30,12.25,0,0,4.26,8.89,11.36,16.67,12.25,12.25,12.25,12.25,11.75,11.95,12.25,11.25,11.64,12.25,11,11.33,12.25,10.5,11.11,0,0.179487179,0.08974359,0.08974359,12.45262469,11.44737531,1,100.652769,0.147335231,0.084121287,12.25
2015-02-02,12.25,0,0,4.26,8.89,11.36,16.67,12.25,12.25,12.25,12.25,11.75,11.98,12.25,11.25,11.66,12.25,11,11.34,12.25,10.5,11.11,0,0.201923077,0.112179487,0.08974359,12.48541779,11.46458221,1,100.7095926,0.147335231,0.085247229,12.25
2015-02-03,12.25,0,0,4.26,8.89,11.36,16.67,12.25,12.25,12.25,12.25,11.75,12,12.25,11.25,11.67,12.25,11,11.35,12.25,10.5,11.12,0,0.224358974,0.134615385,0.08974359,12.51298918,11.48701082,1,100.7609551,0.147335231,0.085498196,12.25
2015-02-04,12.25,0,0,4.26,8.89,11.36,16.67,12.25,12.25,12.25,12.25,11.75,12.03,12.25,11.25,11.69,12.25,11,11.36,12.25,10.5,11.13,0,0.246794872,0.157051282,0.08974359,12.53541779,11.51458221,1,100.8068741,0.147335231,0.084892771,12.25
2015-02-05,12.25,0,0,4.26,8.89,11.36,16.67,12.25,12.25,12.25,12.25,11.75,12.05,12.25,11.25,11.7,12.25,11,11.37,12.25,10.5,11.13,0,0.269230769,0.179487179,0.08974359,12.55262469,11.54737531,1,100.847369,0.147335231,0.083423185,12.25
2015-02-06,12.25,0,0,4.26,8.89,11.36,16.67,12.25,12.25,12.25,12.25,11.75,12.08,12.25,11.25,11.72,12.25,11,11.38,12.25,10.5,11.14,0,0.25,0.197293447,0.052706553,12.56436048,11.58563952,1,100.8824604,0.147335231,0.081053496,12.25
2015-02-09,12.25,0,0,4.26,8.89,11.36,16.67,12.25,12.25,12.25,12.25,11.75,12.1,12.25,11.25,11.73,12.25,11,11.38,12.25,10.5,11.15,0,0.230769231,0.210470085,0.020299145,12.57016235,11.62983765,1,100.912171,0.147335231,0.077712784,12.25
2015-02-10,12.25,0,0,4.26,8.89,11.36,16.67,12.25,12.25,12.25,12.25,11.75,12.13,12.25,11.25,11.75,12.25,11,11.39,12.25,10.5,11.15,0,0.211538462,0.219017094,-0.007478632,12.56926166,11.68073834,1,100.9365245,0.147335231,0.073280274,12.25
2015-02-11,12.25,0,0,4.26,8.89,11.36,16.67,12.25,12.25,12.25,12.25,11.75,12.15,12.25,11.25,11.77,12.25,11,11.4,12.25,10.5,11.16,0,0.192307692,0.222934473,-0.030626781,12.56039134,11.73960866,1,100.9555463,0.147335231,0.06755413,12.25
2015-02-12,12.25,0,0,4.26,8.89,11.36,16.67,12.25,12.25,12.25,12.25,11.75,12.18,12.25,11.25,11.78,12.25,11,11.41,12.25,10.5,11.17,0,0.173076923,0.222222222,-0.049145299,12.54134755,11.80865245,1,100.9692635,0.147335231,0.060180295,12.25
2015-02-13,12.25,0,0,4.26,8.89,11.36,16.67,12.25,12.25,12.25,12.25,11.75,12.2,12.25,11.25,11.8,12.25,11,11.42,12.25,10.5,11.17,0,0.153846154,0.216880342,-0.063034188,12.50779351,11.89220649,1,100.9777042,0.147335231,0.050457952,12.25
2015-02-16,12.25,0,0,4.26,8.89,11.36,16.67,12.25,12.25,12.25,12.25,11.75,12.23,12.25,11.25,11.81,12.25,11,11.43,12.25,10.5,11.18,0,0.134615385,0.206908832,-0.072293447,12.4486068,12.0013932,1,100.9808983,0.147335231,0.036581889,12.25
2015-02-17,12.25,0,0,4.26,8.89,11.36,16.67,12.25,12.25,12.25,12.25,12.25,12.25,12.25,11.25,11.83,12.25,11,11.44,12.25,10.5,11.19,0,0.115384615,0.192307692,-0.076923077,12.25,12.25,0,100.9788769,0.147335231,0,12.25
2015-02-18,12.25,0,0,0,8.89,11.36,16.67,12.25,12.25,12.25,12.25,12.25,12.25,12.25,11.25,11.84,12.25,11,11.45,12.25,10.5,11.19,0,0.096153846,0.173076923,-0.076923077,12.25,12.25,0,100.8801276,0,0,12.25
2015-02-19,12.25,0,0,0,8.89,11.36,16.67,12.25,12.25,12.25,12.25,12.25,12.25,12.25,11.25,11.86,12.25,11,11.46,12.25,10.5,11.2,0,0.076923077,0.153846154,-0.076923077,12.25,12.25,0,100.7867537,0,0,12.25
2015-02-20,12.25,0,0,0,8.89,11.36,16.67,12.25,12.25,12.25,12.25,12.25,12.25,12.25,11.25,11.87,12.25,11,11.47,12.25,10.5,11.21,0,0.057692308,0.134615385,-0.076923077,12.25,12.25,0,100.6987259,0,0,12.25
2015-02-23,12.25,0,0,0,8.89,11.36,16.67,12.25,12.25,12.25,12.25,12.25,12.25,12.25,11.25,11.89,12.25,11,11.48,12.25,10.5,11.21,0,0.038461538,0.115384615,-0.076923077,12.25,12.25,0,100.6160164,0,0,12.25
2015-02-24,12.25,0,0,0,8.89,11.36,16.67,12.25,12.25,12.25,12.25,12.25,12.25,12.25,11.25,11.9,12.25,11,11.49,12.25,10.75,11.22,0,0.019230769,0.096153846,-0.076923077,12.25,12.25,0,100.5385996,0,0,12.25
2015-02-25,12.25,0,0,0,8.89,11.36,13.95,12.25,12.25,12.25,12.25,12.25,12.25,12.25,11.25,11.92,12.25,11,11.5,12.25,10.75,11.23,0,0,0.076923077,-0.076923077,12.25,12.25,0,100.4664514,0,0,12.25
2015-02-26,12.25,0,0,0,8.89,11.36,13.95,12.25,12.25,12.25,12.25,12.25,12.25,12.25,11.25,11.93,12.25,11,11.51,12.25,10.75,11.23,0,0,0.05982906,-0.05982906,12.25,12.25,0,100.3995492,0,0,12.25
2015-02-27,12.25,0,0,0,8.89,11.36,13.95,12.25,12.25,12.25,12.25,12.25,12.25,12.25,11.25,11.95,12.25,11,11.52,12.25,10.75,11.24,0,0,0.044871795,-0.044871795,12.25,12.25,0,100.3378724,0,0,12.25
2015-03-02,12.25,0,0,0,8.89,11.36,13.95,12.25,12.25,12.25,12.25,12.25,12.25,12.25,11.25,11.97,12.25,11,11.53,12.25,10.75,11.24,0,0,0.032051282,-0.032051282,12.25,12.25,0,100.2814019,0,0,12.25
2015-03-03,12.25,0,0,0,8.89,11.36,13.95,12.25,12.25,12.25,12.25,12.25,12.25,12.25,11.75,11.98,12.25,11,11.54,12.25,10.75,11.25,0,0,0.021367521,-0.021367521,12.25,12.25,0,100.2301202,0,0,12.25
2015-03-04,12.75,4.08,4.08,4.08,8.51,15.91,18.6,12.75,12.25,12.35,12.75,12.25,12.28,12.75,11.75,12,12.75,11,11.55,12.75,10.75,11.26,0,0.022435897,0.01531339,0.007122507,12.4986068,12.0513932,1,100.2808272,0.141440217,0.036432879,12.75
2015-03-05,12.75,0,4.08,4.08,8.51,15.91,18.6,12.75,12.25,12.45,12.75,12.25,12.3,12.75,11.75,12.01,12.75,11,11.57,12.75,10.75,11.27,0,0.044871795,0.013888889,0.030982906,12.60779351,11.99220649,1,100.331379,0.141440217,0.050047724,12.75
2015-03-06,12.75,0,4.08,4.08,8.51,15.91,18.6,12.75,12.25,12.55,12.75,12.25,12.33,12.75,11.75,12.03,12.75,11,11.58,12.75,10.75,11.27,0,0.067307692,0.017094017,0.050213675,12.69134755,11.95865245,1,100.3817765,0.141440217,0.059447878,12.75
2015-03-09,12.75,0,4.08,4.08,8.51,15.91,18.6,12.75,12.25,12.65,12.75,12.25,12.35,12.75,11.75,12.04,12.75,11,11.59,12.75,10.75,11.28,0,0.08974359,0.024928775,0.064814815,12.76039134,11.93960866,1,100.4320203,0.141440217,0.066460136,12.75
2015-03-10,12.75,0,4.08,4.08,8.51,15.91,18.6,12.75,12.75,12.75,12.75,12.25,12.38,12.75,11.75,12.06,12.75,11,11.61,12.75,10.75,11.29,0,0.112179487,0.037393162,0.074786325,12.81926166,11.93073834,1,100.4821111,0.141440217,0.071799864,12.75
2015-03-11,12.75,0,0,4.08,8.51,15.91,18.6,12.75,12.75,12.75,12.75,12.25,12.4,12.75,11.75,12.07,12.75,11,11.62,12.75,10.75,11.3,0,0.134615385,0.052350427,0.082264957,12.87016235,11.92983765,1,100.5320497,0.141440217,0.075832636,12.75
2015-03-12,12.75,0,0,4.08,8.51,15.91,18.6,12.75,12.75,12.75,12.75,12.25,12.43,12.75,11.75,12.09,12.75,11,11.63,12.75,10.75,11.3,0,0.157051282,0.06980057,0.087250712,12.91436048,11.93563952,1,100.5818366,0.141440217,0.078770299,12.75
2015-03-13,12.75,0,0,4.08,8.51,15.91,18.6,12.75,12.75,12.75,12.75,12.25,12.45,12.75,11.75,12.1,12.75,11,11.65,12.75,10.75,11.31,0,0.179487179,0.08974359,0.08974359,12.95262469,11.94737531,1,100.6314726,0.141440217,0.080742922,12.75
2015-03-16,12.75,0,0,4.08,8.51,15.91,18.6,12.75,12.75,12.75,12.75,12.25,12.48,12.75,11.75,12.12,12.75,11,11.66,12.75,10.75,11.32,0,0.201923077,0.112179487,0.08974359,12.98541779,11.96458221,1,100.6809584,0.141440217,0.081830507,12.75
2015-03-17,12.75,0,0,4.08,8.51,15.91,18.6,12.75,12.75,12.75,12.75,12.25,12.5,12.75,11.75,12.13,12.75,11,11.67,12.75,10.75,11.33,0,0.224358974,0.134615385,0.08974359,13.01298918,11.98701082,1,100.7302946,0.141440217,0.082078268,12.75
2015-03-18,12.75,0,0,4.08,8.51,15.91,18.6,12.75,12.75,12.75,12.75,12.25,12.53,12.75,11.75,12.15,12.75,11,11.69,12.75,10.75,11.33,0,0.246794872,0.157051282,0.08974359,13.03541779,12.01458221,1,100.7744142,0.141440217,0.081503838,12.75
2015-03-19,12.75,0,0,4.08,8.51,15.91,18.6,12.75,12.75,12.75,12.75,12.25,12.55,12.75,11.75,12.17,12.75,11,11.7,12.75,10.75,11.34,0,0.269230769,0.179487179,0.08974359,13.05262469,12.04737531,1,100.8133347,0.141440217,0.080099552,12.75
2015-03-20,12.75,0,0,4.08,8.51,15.91,18.6,12.75,12.75,12.75,12.75,12.25,12.58,12.75,11.75,12.18,12.75,11,11.71,12.75,10.75,11.35,0,0.25,0.197293447,0.052706553,13.06436048,12.08563952,1,100.8470753,0.141440217,0.077830693,12.75
2015-03-23,12.75,0,0,4.08,8.51,15.91,18.6,12.75,12.75,12.75,12.75,12.25,12.6,12.75,11.75,12.2,12.75,11,11.73,12.75,10.75,11.36,0,0.230769231,0.210470085,0.020299145,13.07016235,12.12983765,1,100.8756567,0.141440217,0.074628944,12.75
2015-03-24,12.75,0,0,4.08,8.51,15.91,18.6,12.75,12.75,12.75,12.75,12.25,12.63,12.75,11.75,12.21,12.75,11,11.74,12.75,10.75,11.37,0,0.211538462,0.219017094,-0.007478632,13.06926166,12.18073834,1,100.8991009,0.141440217,0.070378084,12.75
2015-03-25,12.75,0,0,4.08,8.51,15.91,18.6,12.75,12.75,12.75,12.75,12.25,12.65,12.75,11.75,12.23,12.75,11,11.75,12.75,10.75,11.37,0,0.192307692,0.222934473,-0.030626781,13.06039134,12.23960866,1,100.9174312,0.141440217,0.064884006,12.75
2015-03-26,12.75,0,0,4.08,8.51,15.91,18.6,12.75,12.75,12.75,12.75,12.25,12.68,12.75,11.75,12.24,12.75,11,11.77,12.75,10.75,11.38,0,0.173076923,0.222222222,-0.049145299,13.04134755,12.30865245,1,100.9306724,0.141440217,0.057806319,12.75
2015-03-27,12.75,0,0,4.08,8.51,15.91,18.6,12.75,12.75,12.75,12.75,12.25,12.7,12.75,11.75,12.26,12.75,11,11.78,12.75,10.75,11.39,0,0.153846154,0.216880342,-0.063034188,13.00779351,12.39220649,1,100.9388505,0.141440217,0.048471418,12.75
2015-03-30,12.75,0,0,4.08,8.51,15.91,18.6,12.75,12.75,12.75,12.75,12.25,12.73,12.75,11.75,12.27,12.75,11,11.79,12.75,10.75,11.4,0,0.134615385,0.206908832,-0.072293447,12.9486068,12.5013932,1,100.9419931,0.141440217,0.035144487,12.75
2015-03-31,12.75,0,0,4.08,8.51,15.91,18.6,12.75,12.75,12.75,12.75,12.75,12.75,12.75,11.75,12.29,12.75,11,11.81,12.75,11,11.4,0,0.115384615,0.192307692,-0.076923077,12.75,12.75,0,100.9401286,0.141440217,0,12.75
2015-04-01,12.75,0,0,0,8.51,15.91,15.91,12.75,12.75,12.75,12.75,12.75,12.75,12.75,11.75,12.3,12.75,11,11.82,12.75,11,11.41,0,0.096153846,0.173076923,-0.076923077,12.75,12.75,0,100.8453211,0,0,12.75
2015-04-02,12.75,0,0,0,8.51,15.91,15.91,12.75,12.75,12.75,12.75,12.75,12.75,12.75,11.75,12.32,12.75,11,11.83,12.75,11,11.42,0,0.076923077,0.153846154,-0.076923077,12.75,12.75,0,100.7556675,0,0,12.75
2015-04-03,12.75,0,0,0,8.51,15.91,15.91,12.75,12.75,12.75,12.75,12.75,12.75,12.75,11.75,12.33,12.75,11,11.85,12.75,11,11.42,0,0.057692308,0.134615385,-0.076923077,12.75,12.75,0,100.6711409,0,0,12.75
2015-04-06,12.75,0,0,0,8.51,15.91,15.91,12.75,12.75,12.75,12.75,12.75,12.75,12.75,11.75,12.35,12.75,11,11.86,12.75,11,11.43,0,0.038461538,0.115384615,-0.076923077,12.75,12.75,0,100.591716,0,0,12.75
2015-04-07,12.75,0,0,0,8.51,15.91,15.91,12.75,12.75,12.75,12.75,12.75,12.75,12.75,11.75,12.37,12.75,11,11.88,12.75,11,11.44,0,0.019230769,0.096153846,-0.076923077,12.75,12.75,0,100.5173688,0,0,12.75
2015-04-08,12.75,0,0,0,8.51,15.91,15.91,12.75,12.75,12.75,12.75,12.75,12.75,12.75,11.75,12.38,12.75,11,11.89,12.75,11,11.44,0,0,0.076923077,-0.076923077,12.75,12.75,0,100.4480772,0,0,12.75
2015-04-09,12.75,0,0,0,8.51,15.91,15.91,12.75,12.75,12.75,12.75,12.75,12.75,12.75,11.75,12.4,12.75,11,11.9,12.75,11,11.45,0,0,0.05982906,-0.05982906,12.75,12.75,0,100.3838205,0,0,12.75
2015-04-10,12.75,0,0,0,8.51,15.91,15.91,12.75,12.75,12.75,12.75,12.75,12.75,12.75,11.75,12.41,12.75,11,11.92,12.75,11,11.46,0,0,0.044871795,-0.044871795,12.75,12.75,0,100.3245795,0,0,12.75
2015-04-13,12.75,0,0,0,8.51,15.91,15.91,12.75,12.75,12.75,12.75,12.75,12.75,12.75,11.75,12.43,12.75,11,11.93,12.75,11,11.46,0,0,0.032051282,-0.032051282,12.75,12.75,0,100.2703367,0,0,12.75
2015-04-14,12.75,0,0,0,8.51,15.91,15.91,12.75,12.75,12.75,12.75,12.75,12.75,12.75,11.75,12.44,12.75,11,11.94,12.75,11,11.47,0,0,0.021367521,-0.021367521,12.75,12.75,0,100.2210759,0,0,12.75
2015-04-15,12.75,0,0,0,8.51,15.91,15.91,12.75,12.75,12.75,12.75,12.75,12.75,12.75,11.75,12.46,12.75,11,11.96,12.75,11,11.48,0,0,0.012820513,-0.012820513,12.75,12.75,0,100.1767826,0,0,12.75
2015-04-16,12.75,0,0,0,8.51,15.91,15.91,12.75,12.75,12.75,12.75,12.75,12.75,12.75,11.75,12.47,12.75,11,11.97,12.75,11,11.48,0,0,0.006410256,-0.006410256,12.75,12.75,0,100.1374435,0,0,12.75
2015-04-17,12.75,0,0,0,8.51,15.91,15.91,12.75,12.75,12.75,12.75,12.75,12.75,12.75,11.75,12.49,12.75,11,11.98,12.75,11,11.49,0,0,0.002136752,-0.002136752,12.75,12.75,0,100.1030473,0,0,12.75
2015-04-20,12.75,0,0,0,8.51,15.91,15.91,12.75,12.75,12.75,12.75,12.75,12.75,12.75,11.75,12.5,12.75,11,12,12.75,11,11.5,0,0,0,0,12.75,12.75,0,100.0735835,0,0,12.75
2015-04-21,12.75,0,0,0,8.51,15.91,15.91,12.75,12.75,12.75,12.75,12.75,12.75,12.75,12.25,12.52,12.75,11,12.01,12.75,11,11.5,0,0,0,0,12.75,12.75,0,100.0490436,0,0,12.75
2015-04-22,12.75,0,0,0,4.08,15.91,15.91,12.75,12.75,12.75,12.75,12.75,12.75,12.75,12.25,12.53,12.75,11,12.02,12.75,11,11.51,0,0,0,0,12.75,12.75,0,100.0294204,0,0,12.75
2015-04-23,12.75,0,0,0,4.08,15.91,15.91,12.75,12.75,12.75,12.75,12.75,12.75,12.75,12.25,12.53,12.75,11,12.04,12.75,11,11.52,0,0,0,0,12.75,12.75,0,100.014708,0,0,12.75
2015-04-24,12.75,0,0,0,4.08,15.91,15.91,12.75,12.75,12.75,12.75,12.75,12.75,12.75,12.25,12.54,12.75,11,12.05,12.75,11,11.53,0,0,0,0,12.75,12.75,0,100.0049022,0,0,12.75
2015-04-27,12.75,0,0,0,4.08,15.91,15.91,12.75,12.75,12.75,12.75,12.75,12.75,12.75,12.25,12.55,12.75,11,12.06,12.75,11,11.53,0,0,0,0,12.75,12.75,0,100,0,0,12.75
2015-04-28,12.75,0,0,0,4.08,15.91,15.91,12.75,12.75,12.75,12.75,12.75,12.75,12.75,12.25,12.56,12.75,11.25,12.08,12.75,11,11.54,0,0,0,0,12.75,12.75,0,100,0,0,12.75
2015-04-29,13.25,3.92,3.92,3.92,8.16,17.78,20.45,13.25,12.75,12.85,13.25,12.75,12.78,13.25,12.25,12.57,13.25,11.25,12.09,13.25,11,11.55,0,0.022435897,0.002492877,0.01994302,12.9986068,12.5513932,1,100.0930415,0.13599884,0.035006935,13.25
2015-04-30,13.25,0,3.92,3.92,8.16,17.78,20.45,13.25,12.75,12.95,13.25,12.75,12.8,13.25,12.25,12.59,13.25,11.25,12.11,13.25,11,11.56,0,0.044871795,0.007478632,0.037393162,13.10779351,12.49220649,1,100.180991,0.13599884,0.048092735,13.25
2015-05-01,13.25,0,3.92,3.92,8.16,17.78,20.45,13.25,12.75,13.05,13.25,12.75,12.83,13.25,12.25,12.6,13.25,11.25,12.12,13.25,11,11.56,0,0.067307692,0.014957265,0.052350427,13.19134755,12.45865245,1,100.2638522,0.13599884,0.057130222,13.25
2015-05-04,13.25,0,3.92,3.92,8.16,17.78,20.45,13.25,12.75,13.15,13.25,12.75,12.85,13.25,12.25,12.62,13.25,11.25,12.14,13.25,11,11.57,0,0.08974359,0.024928775,0.064814815,13.26039134,12.43960866,1,100.3416301,0.13599884,0.063874139,13.25
2015-05-05,13.25,0,3.92,3.92,8.16,17.78,20.45,13.25,13.25,13.25,13.25,12.75,12.88,13.25,12.25,12.63,13.25,11.25,12.15,13.25,11,11.58,0,0.112179487,0.037393162,0.074786325,13.31926166,12.43073834,1,100.414331,0.13599884,0.06901152,13.25
2015-05-06,13.25,0,0,3.92,8.16,17.78,20.45,13.25,13.25,13.25,13.25,12.75,12.9,13.25,12.25,12.65,13.25,11.25,12.17,13.25,11,11.59,0,0.134615385,0.052350427,0.082264957,13.37016235,12.42983765,1,100.4819629,0.13599884,0.072893387,13.25
2015-05-07,13.25,0,0,3.92,8.16,17.78,20.45,13.25,13.25,13.25,13.25,12.75,12.93,13.25,12.25,12.67,13.25,11.25,12.18,13.25,11,11.6,0,0.157051282,0.06980057,0.087250712,13.41436048,12.43563952,1,100.5445352,0.13599884,0.075723092,13.25
2015-05-08,13.25,0,0,3.92,8.16,17.78,20.45,13.25,13.25,13.25,13.25,12.75,12.95,13.25,12.25,12.68,13.25,11.25,12.2,13.25,11,11.61,0,0.179487179,0.08974359,0.08974359,13.45262469,12.44737531,1,100.6020587,0.13599884,0.077625435,13.25
2015-05-11,13.25,0,0,3.92,8.16,17.78,20.45,13.25,13.25,13.25,13.25,12.75,12.98,13.25,12.25,12.7,13.25,11.25,12.22,13.25,11,11.62,0,0.201923077,0.112179487,0.08974359,13.48541779,12.46458221,1,100.6545455,0.13599884,0.078677115,13.25
2015-05-12,13.25,0,0,3.92,8.16,17.78,20.45,13.25,13.25,13.25,13.25,12.75,13,13.25,12.25,12.71,13.25,11.25,12.23,13.25,11,11.63,0,0.224358974,0.134615385,0.08974359,13.51298918,12.48701082,1,100.7020092,0.13599884,0.078921412,13.25
2015-05-13,13.25,0,0,3.92,8.16,17.78,20.45,13.25,13.25,13.25,13.25,12.75,13.03,13.25,12.25,12.73,13.25,11.25,12.25,13.25,11,11.63,0,0.246794872,0.157051282,0.08974359,13.53541779,12.51458221,1,100.7444649,0.13599884,0.078375092,13.25
2015-05-14,13.25,0,0,3.92,8.16,17.78,20.45,13.25,13.25,13.25,13.25,12.75,13.05,13.25,12.25,12.74,13.25,11.25,12.26,13.25,11,11.64,0,0.269230769,0.179487179,0.08974359,13.55262469,12.54737531,1,100.7819288,0.13599884,0.077030604,13.25
2015-05-15,13.25,0,0,3.92,8.16,17.78,20.45,13.25,13.25,13.25,13.25,12.75,13.08,13.25,12.25,12.76,13.25,11.25,12.28,13.25,11,11.65,0,0.25,0.197293447,0.052706553,13.56436048,12.58563952,1,100.8144186,0.13599884,0.074854376,13.25
2015-05-18,13.25,0,0,3.92,8.16,17.78,20.45,13.25,13.25,13.25,13.25,12.75,13.1,13.25,12.25,12.77,13.25,11.25,12.29,13.25,11,11.66,0,0.230769231,0.210470085,0.020299145,13.57016235,12.62983765,1,100.8419533,0.13599884,0.071780511,13.25
2015-05-19,13.25,0,0,3.92,8.16,17.78,20.45,13.25,13.25,13.25,13.25,12.75,13.13,13.25,12.25,12.79,13.25,11.25,12.31,13.25,11,11.67,0,0.211538462,0.219017094,-0.007478632,13.56926166,12.68073834,1,100.8645533,0.13599884,0.067697015,13.25
2015-05-20,13.25,0,0,3.92,8.16,17.78,20.45,13.25,13.25,13.25,13.25,12.75,13.15,13.25,12.25,12.8,13.25,11.25,12.32,13.25,11,11.68,0,0.192307692,0.222934473,-0.030626781,13.56039134,12.73960866,1,100.8822401,0.13599884,0.062416934,13.25
2015-05-21,13.25,0,0,3.92,8.16,17.78,20.45,13.25,13.25,13.25,13.25,12.75,13.18,13.25,12.25,12.82,13.25,11.25,12.34,13.25,11,11.69,0,0.173076923,0.222222222,-0.049145299,13.54134755,12.80865245,1,100.8950366,0.13599884,0.055612531,13.25
2015-05-22,13.25,0,0,3.92,8.16,17.78,20.45,13.25,13.25,13.25,13.25,12.75,13.2,13.25,12.25,12.83,13.25,11.25,12.35,13.25,11,11.69,0,0.153846154,0.216880342,-0.063034188,13.50779351,12.89220649,1,100.9029669,0.13599884,0.04663538,13.25
2015-05-25,13.25,0,0,3.92,8.16,17.78,20.45,13.25,13.25,13.25,13.25,12.75,13.23,13.25,12.25,12.85,13.25,11.25,12.37,13.25,11,11.7,0,0.134615385,0.206908832,-0.072293447,13.4486068,13.0013932,1,100.9060563,0.13599884,0.033815773,13.25
2015-05-26,13.25,0,0,3.92,8.16,17.78,20.45,13.25,13.25,13.25,13.25,13.25,13.25,13.25,12.25,12.87,13.25,11.25,12.38,13.25,11,11.71,0,0.115384615,0.192307692,-0.076923077,13.25,13.25,0,100.9043313,0.13599884,0,13.25
2015-05-27,13.25,0,0,0,8.16,17.78,20.45,13.25,13.25,13.25,13.25,13.25,13.25,13.25,12.25,12.88,13.25,11.25,12.4,13.25,11,11.72,0,0.096153846,0.173076923,-0.076923077,13.25,13.25,0,100.8131628,0,0,13.25
2015-05-28,13.25,0,0,0,8.16,17.78,20.45,13.25,13.25,13.25,13.25,13.25,13.25,13.25,12.25,12.9,13.25,11.25,12.42,13.25,11,11.73,0,0.076923077,0.153846154,-0.076923077,13.25,13.25,0,100.7269445,0,0,13.25
2015-05-29,13.25,0,0,0,8.16,17.78,20.45,13.25,13.25,13.25,13.25,13.25,13.25,13.25,12.25,12.91,13.25,11.25,12.43,13.25,11,11.74,0,0.057692308,0.134615385,-0.076923077,13.25,13.25,0,100.6456513,0,0,13.25
2015-06-01,13.25,0,0,0,8.16,17.78,20.45,13.25,13.25,13.25,13.25,13.25,13.25,13.25,12.25,12.93,13.25,11.25,12.45,13.25,11,11.75,0,0.038461538,0.115384615,-0.076923077,13.25,13.25,0,100.56926,0,0,13.25
2015-06-02,13.25,0,0,0,8.16,17.78,20.45,13.25,13.25,13.25,13.25,13.25,13.25,13.25,12.75,12.94,13.25,11.75,12.46,13.25,11,11.75,0,0.019230769,0.096153846,-0.076923077,13.25,13.25,0,100.4977483,0,0,13.25
2015-06-03,13.25,0,0,0,3.92,12.77,20.45,13.25,13.25,13.25,13.25,13.25,13.25,13.25,12.75,12.95,13.25,11.75,12.47,13.25,11,11.76,0,0,0.076923077,-0.076923077,13.25,13.25,0,100.4310957,0,0,13.25
2015-06-04,13.75,3.77,3.77,3.77,7.84,17.02,25,13.75,13.25,13.35,13.75,13.25,13.28,13.75,12.75,12.97,13.75,11.75,12.49,13.75,11,11.77,0,0.022435897,0.062321937,-0.03988604,13.4986068,13.0513932,1,100.4587807,0.130960672,0.033688406,13.75
2015-06-05,13.75,0,3.77,3.77,7.84,17.02,25,13.75,13.25,13.45,13.75,13.25,13.3,13.75,12.75,12.98,13.75,11.75,12.5,13.75,11,11.78,0,0.044871795,0.052350427,-0.007478632,13.60779351,12.99220649,1,100.4863767,0.130960672,0.046284738,13.75
2015-06-08,13.75,0,3.77,3.77,7.84,17.02,25,13.75,13.25,13.55,13.75,13.25,13.33,13.75,12.75,13,13.75,11.75,12.52,13.75,11,11.8,0,0.067307692,0.047008547,0.020299145,13.69134755,12.95865245,1,100.5138843,0.130960672,0.054986499,13.75
2015-06-09,13.75,0,3.77,3.77,7.84,17.02,25,13.75,13.25,13.65,13.75,13.25,13.35,13.75,12.75,13.01,13.75,11.75,12.53,13.75,11,11.81,0,0.08974359,0.046296296,0.043447293,13.76039134,12.93960866,1,100.5413038,0.130960672,0.061481849,13.75
2015-06-10,13.75,0,3.77,3.77,7.84,17.02,25,13.75,13.75,13.75,13.75,13.25,13.38,13.75,12.75,13.03,13.75,11.75,12.55,13.75,11,11.82,0,0.112179487,0.050213675,0.061965812,13.81926166,12.93073834,1,100.5686357,0.130960672,0.06643165,13.75
2015-06-11,13.75,0,0,3.77,7.84,17.02,25,13.75,13.75,13.75,13.75,13.25,13.4,13.75,12.75,13.04,13.75,11.75,12.57,13.75,11,11.83,0,0.134615385,0.058760684,0.075854701,13.87016235,12.92983765,1,100.5958804,0.130960672,0.070173484,13.75
2015-06-12,13.75,0,0,3.77,7.84,17.02,25,13.75,13.75,13.75,13.75,13.25,13.43,13.75,12.75,13.06,13.75,11.75,12.58,13.75,11,11.84,0,0.157051282,0.071937322,0.08511396,13.91436048,12.93563952,1,100.6230384,0.130960672,0.072902866,13.75
2015-06-15,13.75,0,0,3.77,7.84,17.02,25,13.75,13.75,13.75,13.75,13.25,13.45,13.75,12.75,13.07,13.75,11.75,12.6,13.75,11,11.85,0,0.179487179,0.08974359,0.08974359,13.95262469,12.94737531,1,100.6501099,0.130960672,0.074739731,13.75
2015-06-16,13.75,0,0,3.77,7.84,17.02,25,13.75,13.75,13.75,13.75,13.25,13.48,13.75,12.75,13.09,13.75,11.75,12.61,13.75,11,11.86,0,0.201923077,0.112179487,0.08974359,13.98541779,12.96458221,1,100.6770955,0.130960672,0.075757742,13.75
2015-06-17,13.75,0,0,3.77,7.84,17.02,25,13.75,13.75,13.75,13.75,13.25,13.5,13.75,12.75,13.1,13.75,11.75,12.63,13.75,11,11.87,0,0.224358974,0.134615385,0.08974359,14.01298918,12.98701082,1,100.7039955,0.130960672,0.075998396,13.75
2015-06-18,13.75,0,0,3.77,7.84,17.02,25,13.75,13.75,13.75,13.75,13.25,13.53,13.75,12.75,13.12,13.75,11.75,12.64,13.75,11,11.88,0,0.246794872,0.157051282,0.08974359,14.03541779,13.01458221,1,100.7308104,0.130960672,0.075477676,13.75
2015-06-19,13.75,0,0,3.77,7.84,17.02,25,13.75,13.75,13.75,13.75,13.25,13.55,13.75,12.75,13.13,13.75,11.75,12.66,13.75,11,11.89,0,0.269230769,0.179487179,0.08974359,14.05262469,13.04737531,1,100.7575405,0.130960672,0.074188146,13.75
2015-06-22,13.75,0,0,3.77,7.84,17.02,25,13.75,13.75,13.75,13.75,13.25,13.58,13.75,12.75,13.15,13.75,11.75,12.67,13.75,11,11.9,0,0.25,0.197293447,0.052706553,14.06436048,13.08563952,1,100.7841863,0.130960672,0.072097309,13.75
2015-06-23,13.75,0,0,3.77,7.84,17.02,25,13.75,13.75,13.75,13.75,13.25,13.6,13.75,12.75,13.17,13.75,11.75,12.69,13.75,11,11.91,0,0.230769231,0.210470085,0.020299145,14.07016235,13.12983765,1,100.8107482,0.130960672,0.069141521,13.75
2015-06-24,13.75,0,0,3.77,7.84,17.02,25,13.75,13.75,13.75,13.75,13.25,13.63,13.75,12.75,13.18,13.75,11.75,12.7,13.75,11,11.92,0,0.211538462,0.219017094,-0.007478632,14.06926166,13.18073834,1,100.8325624,0.130960672,0.06521272,13.75
2015-06-25,13.75,0,0,3.77,7.84,17.02,25,13.75,13.75,13.75,13.75,13.25,13.65,13.75,12.75,13.2,13.75,11.75,12.72,13.75,11,11.93,0,0.192307692,0.222934473,-0.030626781,14.06039134,13.23960866,1,100.8496491,0.130960672,0.060130599,13.75
2015-06-26,13.75,0,0,3.77,7.84,17.02,25,13.75,13.75,13.75,13.75,13.25,13.68,13.75,12.75,13.21,13.75,11.75,12.73,13.75,11,11.94,0,0.173076923,0.222222222,-0.049145299,14.04134755,13.30865245,1,100.8620292,0.130960672,0.053579166,13.75
2015-06-29,13.75,0,0,3.77,7.84,17.02,25,13.75,13.75,13.75,13.75,13.25,13.7,13.75,12.75,13.23,13.75,11.75,12.75,13.75,11,11.95,0,0.153846154,0.216880342,-0.063034188,14.00779351,13.39220649,1,100.8697253,0.130960672,0.044933358,13.75
2015-06-30,13.75,0,0,3.77,7.84,17.02,25,13.75,13.75,13.75,13.75,13.25,13.73,13.75,12.75,13.24,13.75,11.75,12.77,13.75,11,11.96,0,0.134615385,0.206908832,-0.072293447,13.9486068,13.5013932,1,100.8727607,0.130960672,0.032583869,13.75
2015-07-01,13.75,0,0,3.77,7.84,17.02,25,13.75,13.75,13.75,13.75,13.75,13.75,13.75,12.75,13.26,13.75,11.75,12.78,13.75,11,11.98,0,0.115384615,0.192307692,-0.076923077,13.75,13.75,0,100.87116,0.130960672,0,13.75
2015-07-02,13.75,0,0,0,7.84,17.02,25,13.75,13.75,13.75,13.75,13.75,13.75,13.75,12.75,13.27,13.75,11.75,12.8,13.75,11,11.99,0,0.096153846,0.173076923,-0.076923077,13.75,13.75,0,100.7833616,0,0,13.75
2015-07-03,13.75,0,0,0,7.84,17.02,25,13.75,13.75,13.75,13.75,13.75,13.75,13.75,12.75,13.29,13.75,11.75,12.81,13.75,11,12,0,0.076923077,0.153846154,-0.076923077,13.75,13.75,0,100.700325,0,0,13.75
2015-07-06,13.75,0,0,0,7.84,17.02,25,13.75,13.75,13.75,13.75,13.75,13.75,13.75,12.75,13.3,13.75,11.75,12.83,13.75,11,12.01,0,0.057692308,0.134615385,-0.076923077,13.75,13.75,0,100.6220271,0,0,13.75
2015-07-07,13.75,0,0,0,7.84,17.02,25,13.75,13.75,13.75,13.75,13.75,13.75,13.75,12.75,13.32,13.75,11.75,12.84,13.75,11,12.02,0,0.038461538,0.115384615,-0.076923077,13.75,13.75,0,100.5484461,0,0,13.75
2015-07-08,13.75,0,0,0,7.84,17.02,25,13.75,13.75,13.75,13.75,13.75,13.75,13.75,12.75,13.33,13.75,11.75,12.86,13.75,11,12.03,0,0.019230769,0.096153846,-0.076923077,13.75,13.75,0,100.4795615,0,0,13.75
2015-07-09,13.75,0,0,0,7.84,17.02,25,13.75,13.75,13.75,13.75,13.75,13.75,13.75,12.75,13.35,13.75,11.75,12.87,13.75,11,12.04,0,0,0.076923077,-0.076923077,13.75,13.75,0,100.4153544,0,0,13.75
2015-07-10,13.75,0,0,0,7.84,17.02,25,13.75,13.75,13.75,13.75,13.75,13.75,13.75,12.75,13.37,13.75,11.75,12.89,13.75,11,12.05,0,0,0.05982906,-0.05982906,13.75,13.75,0,100.355807,0,0,13.75
2015-07-13,13.75,0,0,0,7.84,17.02,25,13.75,13.75,13.75,13.75,13.75,13.75,13.75,12.75,13.38,13.75,11.75,12.9,13.75,11,12.06,0,0,0.044871795,-0.044871795,13.75,13.75,0,100.3009027,0,0,13.75
2015-07-14,13.75,0,0,0,7.84,17.02,25,13.75,13.75,13.75,13.75,13.75,13.75,13.75,12.75,13.4,13.75,11.75,12.92,13.75,11,12.07,0,0,0.032051282,-0.032051282,13.75,13.75,0,100.2506266,0,0,13.75
2015-07-15,13.75,0,0,0,7.84,17.02,25,13.75,13.75,13.75,13.75,13.75,13.75,13.75,12.75,13.41,13.75,11.75,12.93,13.75,11,12.08,0,0,0.021367521,-0.021367521,13.75,13.75,0,100.2049647,0,0,13.75
2015-07-16,13.75,0,0,0,7.84,17.02,25,13.75,13.75,13.75,13.75,13.75,13.75,13.75,12.75,13.43,13.75,11.75,12.95,13.75,11,12.09,0,0,0.012820513,-0.012820513,13.75,13.75,0,100.1639046,0,0,13.75
2015-07-17,13.75,0,0,0,7.84,17.02,25,13.75,13.75,13.75,13.75,13.75,13.75,13.75,12.75,13.44,13.75,11.75,12.97,13.75,11,12.1,0,0,0.006410256,-0.006410256,13.75,13.75,0,100.1274349,0,0,13.75
2015-07-20,13.75,0,0,0,7.84,17.02,25,13.75,13.75,13.75,13.75,13.75,13.75,13.75,12.75,13.46,13.75,11.75,12.98,13.75,11,12.11,0,0,0.002136752,-0.002136752,13.75,13.75,0,100.0955457,0,0,13.75
2015-07-21,13.75,0,0,0,7.84,17.02,25,13.75,13.75,13.75,13.75,13.75,13.75,13.75,12.75,13.47,13.75,12.25,13,13.75,11,12.12,0,0,0,0,13.75,13.75,0,100.0682283,0,0,13.75
2015-07-22,13.75,0,0,0,7.84,12.24,25,13.75,13.75,13.75,13.75,13.75,13.75,13.75,12.75,13.49,13.75,12.25,13.01,13.75,11,12.13,0,0,0,0,13.75,13.75,0,100.0454752,0,0,13.75
2015-07-23,13.75,0,0,0,7.84,12.24,25,13.75,13.75,13.75,13.75,13.75,13.75,13.75,12.75,13.5,13.75,12.25,13.02,13.75,11,12.14,0,0,0,0,13.75,13.75,0,100.0272802,0,0,13.75
2015-07-24,13.75,0,0,0,7.84,12.24,25,13.75,13.75,13.75,13.75,13.75,13.75,13.75,12.75,13.52,13.75,12.25,13.03,13.75,11,12.15,0,0,0,0,13.75,13.75,0,100.0136382,0,0,13.75
2015-07-27,13.75,0,0,0,7.84,12.24,25,13.75,13.75,13.75,13.75,13.75,13.75,13.75,12.75,13.53,13.75,12.25,13.04,13.75,11,12.17,0,0,0,0,13.75,13.75,0,100.0045457,0,0,13.75
2015-07-28,13.75,0,0,0,7.84,12.24,25,13.75,13.75,13.75,13.75,13.75,13.75,13.75,13.25,13.55,13.75,12.25,13.05,13.75,11,12.18,0,0,0,0,13.75,13.75,0,100,0,0,13.75
2015-07-29,14.25,3.64,3.64,3.64,7.55,16.33,29.55,14.25,13.75,13.85,14.25,13.75,13.78,14.25,13.25,13.57,14.25,12.25,13.07,14.25,11,12.19,0,0.022435897,0.002492877,0.01994302,13.9986068,13.5513932,1,100.0862813,0.126282492,0.032465597,14.25
2015-07-30,14.25,0,3.64,3.64,7.55,16.33,29.55,14.25,13.75,13.95,14.25,13.75,13.8,14.25,13.25,13.58,14.25,12.25,13.08,14.25,11,12.2,0,0.044871795,0.007478632,0.037393162,14.10779351,13.49220649,1,100.1678537,0.126282492,0.044607754,14.25
2015-07-31,14.25,0,3.64,3.64,7.55,16.33,29.55,14.25,13.75,14.05,14.25,13.75,13.83,14.25,13.25,13.6,14.25,12.25,13.1,14.25,11,12.21,0,0.067307692,0.014957265,0.052350427,14.19134755,13.45865245,1,100.2447204,0.126282492,0.052997837,14.25
2015-08-03,14.25,0,3.64,3.64,7.55,16.33,29.55,14.25,13.75,14.15,14.25,13.75,13.85,14.25,13.25,13.61,14.25,12.25,13.12,14.25,11,12.23,0,0.08974359,0.024928775,0.064814815,14.26039134,13.43960866,1,100.3168855,0.126282492,0.059262287,14.25
2015-08-04,14.25,0,3.64,3.64,7.55,16.33,29.55,14.25,14.25,14.25,14.25,13.75,13.88,14.25,13.25,13.63,14.25,12.25,13.13,14.25,11,12.24,0,0.112179487,0.037393162,0.074786325,14.31926166,13.43073834,1,100.3843545,0.126282492,0.064037717,14.25
2015-08-05,14.25,0,0,3.64,7.55,16.33,29.55,14.25,14.25,14.25,14.25,13.75,13.9,14.25,13.25,13.64,14.25,12.25,13.15,14.25,11,12.25,0,0.134615385,0.052350427,0.082264957,14.37016235,13.42983765,1,100.4471343,0.126282492,0.067649258,14.25
2015-08-06,14.25,0,0,3.64,7.55,16.33,29.55,14.25,14.25,14.25,14.25,13.75,13.93,14.25,13.25,13.66,14.25,12.25,13.16,14.25,11,12.26,0,0.157051282,0.06980057,0.087250712,14.41436048,13.43563952,1,100.5052328,0.126282492,0.070285168,14.25
2015-08-07,14.25,0,0,3.64,7.55,16.33,29.55,14.25,14.25,14.25,14.25,13.75,13.95,14.25,13.25,13.67,14.25,12.25,13.18,14.25,11,12.28,0,0.179487179,0.08974359,0.08974359,14.45262469,13.44737531,1,100.5586592,0.126282492,0.072060887,14.25
2015-08-10,14.25,0,0,3.64,7.55,16.33,29.55,14.25,14.25,14.25,14.25,13.75,13.98,14.25,13.25,13.69,14.25,12.25,13.19,14.25,11,12.29,0,0.201923077,0.112179487,0.08974359,14.48541779,13.46458221,1,100.6074241,0.126282492,0.073047268,14.25
2015-08-11,14.25,0,0,3.64,7.55,16.33,29.55,14.25,14.25,14.25,14.25,13.75,14,14.25,13.25,13.7,14.25,12.25,13.21,14.25,11,12.3,0,0.224358974,0.134615385,0.08974359,14.51298918,13.48701082,1,100.651539,0.126282492,0.073284168,14.25
2015-08-12,14.25,0,0,3.64,7.55,16.33,29.55,14.25,14.25,14.25,14.25,13.75,14.03,14.25,13.25,13.72,14.25,12.25,13.22,14.25,11,12.31,0,0.246794872,0.157051282,0.08974359,14.53541779,13.51458221,1,100.6910168,0.126282492,0.07278685,14.25
2015-08-13,14.25,0,0,3.64,7.55,16.33,29.55,14.25,14.25,14.25,14.25,13.75,14.05,14.25,13.25,13.73,14.25,12.25,13.24,14.25,11,12.33,0,0.269230769,0.179487179,0.08974359,14.55262469,13.54737531,1,100.7258715,0.126282492,0.071547999,14.25
2015-08-14,14.25,0,0,3.64,7.55,16.33,29.55,14.25,14.25,14.25,14.25,13.75,14.08,14.25,13.25,13.75,14.25,12.25,13.25,14.25,11,12.34,0,0.25,0.197293447,0.052706553,14.56436048,13.58563952,1,100.7561183,0.126282492,0.069536126,14.25
2015-08-17,14.25,0,0,3.64,7.55,16.33,29.55,14.25,14.25,14.25,14.25,13.75,14.1,14.25,13.25,13.77,14.25,12.25,13.27,14.25,11,12.35,0,0.230769231,0.210470085,0.020299145,14.57016235,13.62983765,1,100.7817735,0.126282492,0.066689694,14.25
2015-08-18,14.25,0,0,3.64,7.55,16.33,29.55,14.25,14.25,14.25,14.25,13.75,14.13,14.25,13.25,13.78,14.25,12.25,13.28,14.25,11,12.36,0,0.211538462,0.219017094,-0.007478632,14.56926166,13.68073834,1,100.8028546,0.126282492,0.062904306,14.25
2015-08-19,14.25,0,0,3.64,7.55,16.33,29.55,14.25,14.25,14.25,14.25,13.75,14.15,14.25,13.25,13.8,14.25,12.25,13.3,14.25,11,12.38,0,0.192307692,0.222934473,-0.030626781,14.56039134,13.73960866,1,100.8193801,0.126282492,0.058005843,14.25
2015-08-20,14.25,0,0,3.64,7.55,16.33,29.55,14.25,14.25,14.25,14.25,13.75,14.18,14.25,13.25,13.81,14.25,12.25,13.32,14.25,11,12.39,0,0.173076923,0.222222222,-0.049145299,14.54134755,13.80865245,1,100.8313698,0.126282492,0.051689248,14.25
2015-08-21,14.25,0,0,3.64,7.55,16.33,29.55,14.25,14.25,14.25,14.25,13.75,14.2,14.25,13.25,13.83,14.25,12.25,13.33,14.25,11,12.4,0,0.153846154,0.216880342,-0.063034188,14.50779351,13.89220649,1,100.8388443,0.126282492,0.043351198,14.25
2015-08-24,14.25,0,0,3.64,7.55,16.33,29.55,14.25,14.25,14.25,14.25,13.75,14.23,14.25,13.25,13.84,14.25,12.25,13.35,14.25,11,12.41,0,0.134615385,0.206908832,-0.072293447,14.4486068,14.0013932,1,100.8418254,0.126282492,0.031438566,14.25
2015-08-25,14.25,0,0,3.64,7.55,16.33,29.55,14.25,14.25,14.25,14.25,14.25,14.25,14.25,13.25,13.86,14.25,12.25,13.36,14.25,11,12.43,0,0.115384615,0.192307692,-0.076923077,14.25,14.25,0,100.8403361,0.126282492,0,14.25
2015-08-26,14.25,0,0,0,7.55,16.33,29.55,14.25,14.25,14.25,14.25,14.25,14.25,14.25,13.25,13.87,14.25,12.25,13.38,14.25,11,12.44,0,0.096153846,0.173076923,-0.076923077,14.25,14.25,0,100.7556675,0,0,14.25
2015-08-27,14.25,0,0,0,7.55,16.33,29.55,14.25,14.25,14.25,14.25,14.25,14.25,14.25,13.25,13.89,14.25,12.25,13.39,14.25,11,12.45,0,0.076923077,0.153846154,-0.076923077,14.25,14.25,0,100.6755862,0,0,14.25
2015-08-28,14.25,0,0,0,7.55,16.33,29.55,14.25,14.25,14.25,14.25,14.25,14.25,14.25,13.25,13.9,14.25,12.25,13.41,14.25,11,12.46,0,0.057692308,0.134615385,-0.076923077,14.25,14.25,0,100.6000706,0,0,14.25
2015-08-31,14.25,0,0,0,7.55,16.33,29.55,14.25,14.25,14.25,14.25,14.25,14.25,14.25,13.25,13.92,14.25,12.25,13.42,14.25,11,12.48,0,0.038461538,0.115384615,-0.076923077,14.25,14.25,0,100.5291005,0,0,14.25
2015-09-01,14.25,0,0,0,7.55,16.33,29.55,14.25,14.25,14.25,14.25,14.25,14.25,14.25,13.25,13.93,14.25,12.75,13.44,14.25,11,12.49,0,0.019230769,0.096153846,-0.076923077,14.25,14.25,0,100.462657,0,0,14.25
2015-09-02,14.25,0,0,0,7.55,11.76,29.55,14.25,14.25,14.25,14.25,14.25,14.25,14.25,13.75,13.95,14.25,12.75,13.45,14.25,11,12.5,0,0,0.076923077,-0.076923077,14.25,14.25,0,100.4007222,0,0,14.25
2015-09-03,14.25,0,0,0,3.64,11.76,29.55,14.25,14.25,14.25,14.25,14.25,14.25,14.25,13.75,13.96,14.25,12.75,13.46,14.25,11,12.51,0,0,0.05982906,-0.05982906,14.25,14.25,0,100.3432796,0,0,14.25
2015-09-04,14.25,0,0,0,3.64,11.76,29.55,14.25,14.25,14.25,14.25,14.25,14.25,14.25,13.75,13.97,14.25,12.75,13.47,14.25,11,12.53,0,0,0.044871795,-0.044871795,14.25,14.25,0,100.2903141,0,0,14.25
2015-09-07,14.25,0,0,0,3.64,11.76,29.55,14.25,14.25,14.25,14.25,14.25,14.25,14.25,13.75,13.97,14.25,12.75,13.48,14.25,11,12.54,0,0,0.032051282,-0.032051282,14.25,14.25,0,100.2418114,0,0,14.25
2015-09-08,14.25,0,0,0,3.64,11.76,29.55,14.25,14.25,14.25,14.25,14.25,14.25,14.25,13.75,13.98,14.25,12.75,13.5,14.25,11,12.55,0,0,0.021367521,-0.021367521,14.25,14.25,0,100.1977587,0,0,14.25
2015-09-09,14.25,0,0,0,3.64,11.76,29.55,14.25,14.25,14.25,14.25,14.25,14.25,14.25,13.75,13.99,14.25,12.75,13.51,14.25,11,12.56,0,0,0.012820513,-0.012820513,14.25,14.25,0,100.1581444,0,0,14.25
2015-09-10,14.25,0,0,0,3.64,11.76,29.55,14.25,14.25,14.25,14.25,14.25,14.25,14.25,13.75,14,14.25,12.75,13.52,14.25,11,12.58,0,0,0.006410256,-0.006410256,14.25,14.25,0,100.122958,0,0,14.25
2015-09-11,14.25,0,0,0,3.64,11.76,29.55,14.25,14.25,14.25,14.25,14.25,14.25,14.25,13.75,14,14.25,12.75,13.53,14.25,11,12.59,0,0,0.002136752,-0.002136752,14.25,14.25,0,100.0921902,0,0,14.25
2015-09-14,14.25,0,0,0,3.64,11.76,29.55,14.25,14.25,14.25,14.25,14.25,14.25,14.25,13.75,14.01,14.25,12.75,13.54,14.25,11,12.6,0,0,0,0,14.25,14.25,0,100.0658328,0,0,14.25
2015-09-15,14.25,0,0,0,3.64,11.76,29.55,14.25,14.25,14.25,14.25,14.25,14.25,14.25,13.75,14.02,14.25,12.75,13.55,14.25,11,12.61,0,0,0,0,14.25,14.25,0,100.0438789,0,0,14.25
2015-09-16,14.25,0,0,0,3.64,11.76,29.55,14.25,14.25,14.25,14.25,14.25,14.25,14.25,13.75,14.03,14.25,12.75,13.57,14.25,11,12.63,0,0,0,0,14.25,14.25,0,100.0263227,0,0,14.25
2015-09-17,14.25,0,0,0,3.64,11.76,29.55,14.25,14.25,14.25,14.25,14.25,14.25,14.25,13.75,14.03,14.25,12.75,13.58,14.25,11,12.64,0,0,0,0,14.25,14.25,0,100.0131596,0,0,14.25
2015-09-18,14.25,0,0,0,3.64,11.76,29.55,14.25,14.25,14.25,14.25,14.25,14.25,14.25,13.75,14.04,14.25,12.75,13.59,14.25,11,12.65,0,0,0,0,14.25,14.25,0,100.0043862,0,0,14.25
2015-09-21,14.25,0,0,0,3.64,11.76,29.55,14.25,14.25,14.25,14.25,14.25,14.25,14.25,13.75,14.05,14.25,12.75,13.6,14.25,11,12.66,0,0,0,0,14.25,14.25,0,100,0,0,14.25
2015-09-22,14.25,0,0,0,3.64,11.76,29.55,14.25,14.25,14.25,14.25,14.25,14.25,14.25,13.75,14.06,14.25,12.75,13.61,14.25,11,12.68,0,0,0,0,14.25,14.25,0,100,0,0,14.25
2015-09-23,14.25,0,0,0,3.64,11.76,29.55,14.25,14.25,14.25,14.25,14.25,14.25,14.25,13.75,14.07,14.25,12.75,13.62,14.25,11,12.69,0,0,0,0,14.25,14.25,0,100,0,0,14.25
2015-09-24,14.25,0,0,0,3.64,11.76,29.55,14.25,14.25,14.25,14.25,14.25,14.25,14.25,13.75,14.07,14.25,12.75,13.63,14.25,11,12.7,0,0,0,0,14.25,14.25,0,100,0,0,14.25
2015-09-25,14.25,0,0,0,3.64,11.76,29.55,14.25,14.25,14.25,14.25,14.25,14.25,14.25,13.75,14.08,14.25,12.75,13.65,14.25,11,12.71,0,0,0,0,14.25,14.25,0,100,0,0,14.25
2015-09-28,14.25,0,0,0,3.64,11.76,29.55,14.25,14.25,14.25,14.25,14.25,14.25,14.25,13.75,14.09,14.25,12.75,13.66,14.25,11,12.73,0,0,0,0,14.25,14.25,0,100,0,0,14.25
2015-09-29,14.25,0,0,0,3.64,11.76,29.55,14.25,14.25,14.25,14.25,14.25,14.25,14.25,13.75,14.1,14.25,12.75,13.67,14.25,11,12.74,0,0,0,0,14.25,14.25,0,100,0,0,14.25
2015-09-30,14.25,0,0,0,3.64,11.76,29.55,14.25,14.25,14.25,14.25,14.25,14.25,14.25,13.75,14.1,14.25,12.75,13.68,14.25,11,12.75,0,0,0,0,14.25,14.25,0,100,0,0,14.25
2015-10-01,14.25,0,0,0,3.64,11.76,29.55,14.25,14.25,14.25,14.25,14.25,14.25,14.25,13.75,14.11,14.25,12.75,13.69,14.25,11,12.76,0,0,0,0,14.25,14.25,0,100,0,0,14.25
2015-10-02,14.25,0,0,0,3.64,11.76,29.55,14.25,14.25,14.25,14.25,14.25,14.25,14.25,13.75,14.12,14.25,12.75,13.7,14.25,11,12.78,0,0,0,0,14.25,14.25,0,100,0,0,14.25
2015-10-05,14.25,0,0,0,3.64,11.76,29.55,14.25,14.25,14.25,14.25,14.25,14.25,14.25,13.75,14.13,14.25,12.75,13.72,14.25,11,12.79,0,0,0,0,14.25,14.25,0,100,0,0,14.25
2015-10-06,14.25,0,0,0,3.64,11.76,29.55,14.25,14.25,14.25,14.25,14.25,14.25,14.25,13.75,14.13,14.25,12.75,13.73,14.25,11,12.8,0,0,0,0,14.25,14.25,0,100,0,0,14.25
2015-10-07,14.25,0,0,0,3.64,11.76,29.55,14.25,14.25,14.25,14.25,14.25,14.25,14.25,13.75,14.14,14.25,12.75,13.74,14.25,11,12.81,0,0,0,0,14.25,14.25,0,100,0,0,14.25
2015-10-08,14.25,0,0,0,3.64,11.76,29.55,14.25,14.25,14.25,14.25,14.25,14.25,14.25,13.75,14.15,14.25,12.75,13.75,14.25,11,12.83,0,0,0,0,14.25,14.25,0,100,0,0,14.25
2015-10-09,14.25,0,0,0,3.64,11.76,29.55,14.25,14.25,14.25,14.25,14.25,14.25,14.25,13.75,14.16,14.25,12.75,13.76,14.25,11,12.84,0,0,0,0,14.25,14.25,0,100,0,0,14.25
2015-10-12,14.25,0,0,0,3.64,11.76,29.55,14.25,14.25,14.25,14.25,14.25,14.25,14.25,13.75,14.17,14.25,12.75,13.77,14.25,11,12.85,0,0,0,0,14.25,14.25,0,100,0,0,14.25
2015-10-13,14.25,0,0,0,3.64,11.76,29.55,14.25,14.25,14.25,14.25,14.25,14.25,14.25,13.75,14.17,14.25,12.75,13.78,14.25,11,12.86,0,0,0,0,14.25,14.25,0,100,0,0,14.25
2015-10-14,14.25,0,0,0,3.64,11.76,29.55,14.25,14.25,14.25,14.25,14.25,14.25,14.25,13.75,14.18,14.25,12.75,13.8,14.25,11,12.88,0,0,0,0,14.25,14.25,0,100,0,0,14.25
2015-10-15,14.25,0,0,0,3.64,11.76,29.55,14.25,14.25,14.25,14.25,14.25,14.25,14.25,13.75,14.19,14.25,12.75,13.81,14.25,11,12.89,0,0,0,0,14.25,14.25,0,100,0,0,14.25
2015-10-16,14.25,0,0,0,3.64,11.76,29.55,14.25,14.25,14.25,14.25,14.25,14.25,14.25,13.75,14.2,14.25,12.75,13.82,14.25,11,12.9,0,0,0,0,14.25,14.25,0,100,0,0,14.25
2015-10-19,14.25,0,0,0,3.64,11.76,29.55,14.25,14.25,14.25,14.25,14.25,14.25,14.25,13.75,14.2,14.25,12.75,13.83,14.25,11,12.91,0,0,0,0,14.25,14.25,0,100,0,0,14.25
2015-10-20,14.25,0,0,0,3.64,11.76,29.55,14.25,14.25,14.25,14.25,14.25,14.25,14.25,13.75,14.21,14.25,12.75,13.84,14.25,11,12.93,0,0,0,0,14.25,14.25,0,100,0,0,14.25
2015-10-21,14.25,0,0,0,3.64,11.76,29.55,14.25,14.25,14.25,14.25,14.25,14.25,14.25,13.75,14.22,14.25,12.75,13.85,14.25,11,12.94,0,0,0,0,14.25,14.25,0,100,0,0,14.25
2015-10-22,14.25,0,0,0,3.64,11.76,29.55,14.25,14.25,14.25,14.25,14.25,14.25,14.25,13.75,14.23,14.25,12.75,13.87,14.25,11,12.95,0,0,0,0,14.25,14.25,0,100,0,0,14.25
2015-10-23,14.25,0,0,0,3.64,11.76,29.55,14.25,14.25,14.25,14.25,14.25,14.25,14.25,13.75,14.23,14.25,12.75,13.88,14.25,11,12.96,0,0,0,0,14.25,14.25,0,100,0,0,14.25
2015-10-26,14.25,0,0,0,3.64,11.76,29.55,14.25,14.25,14.25,14.25,14.25,14.25,14.25,13.75,14.24,14.25,12.75,13.89,14.25,11,12.98,0,0,0,0,14.25,14.25,0,100,0,0,14.25
2015-10-27,14.25,0,0,0,3.64,11.76,29.55,14.25,14.25,14.25,14.25,14.25,14.25,14.25,14.25,14.25,14.25,13.25,13.9,14.25,11.25,12.99,0,0,0,0,14.25,14.25,0,100,0,0,14.25
2015-10-28,14.25,0,0,0,0,7.55,26.67,14.25,14.25,14.25,14.25,14.25,14.25,14.25,14.25,14.25,14.25,13.25,13.91,14.25,11.25,13,0,0,0,0,14.25,14.25,0,100,0,0,14.25
2015-10-29,14.25,0,0,0,0,7.55,26.67,14.25,14.25,14.25,14.25,14.25,14.25,14.25,14.25,14.25,14.25,13.25,13.92,14.25,11.25,13.01,0,0,0,0,14.25,14.25,0,100,0,0,14.25
2015-10-30,14.25,0,0,0,0,7.55,26.67,14.25,14.25,14.25,14.25,14.25,14.25,14.25,14.25,14.25,14.25,13.25,13.92,14.25,11.25,13.02,0,0,0,0,14.25,14.25,0,100,0,0,14.25
2015-11-02,14.25,0,0,0,0,7.55,26.67,14.25,14.25,14.25,14.25,14.25,14.25,14.25,14.25,14.25,14.25,13.25,13.93,14.25,11.25,13.03,0,0,0,0,14.25,14.25,0,100,0,0,14.25
2015-11-03,14.25,0,0,0,0,7.55,26.67,14.25,14.25,14.25,14.25,14.25,14.25,14.25,14.25,14.25,14.25,13.25,13.94,14.25,11.25,13.05,0,0,0,0,14.25,14.25,0,100,0,0,14.25
2015-11-04,14.25,0,0,0,0,7.55,26.67,14.25,14.25,14.25,14.25,14.25,14.25,14.25,14.25,14.25,14.25,13.25,13.95,14.25,11.25,13.06,0,0,0,0,14.25,14.25,0,100,0,0,14.25
2015-11-05,14.25,0,0,0,0,7.55,26.67,14.25,14.25,14.25,14.25,14.25,14.25,14.25,14.25,14.25,14.25,13.25,13.95,14.25,11.25,13.07,0,0,0,0,14.25,14.25,0,100,0,0,14.25
2015-11-06,14.25,0,0,0,0,7.55,26.67,14.25,14.25,14.25,14.25,14.25,14.25,14.25,14.25,14.25,14.25,13.25,13.96,14.25,11.25,13.08,0,0,0,0,14.25,14.25,0,100,0,0,14.25
2015-11-09,14.25,0,0,0,0,7.55,26.67,14.25,14.25,14.25,14.25,14.25,14.25,14.25,14.25,14.25,14.25,13.25,13.97,14.25,11.25,13.09,0,0,0,0,14.25,14.25,0,100,0,0,14.25
2015-11-10,14.25,0,0,0,0,7.55,26.67,14.25,14.25,14.25,14.25,14.25,14.25,14.25,14.25,14.25,14.25,13.25,13.98,14.25,11.25,13.1,0,0,0,0,14.25,14.25,0,100,0,0,14.25
2015-11-11,14.25,0,0,0,0,7.55,26.67,14.25,14.25,14.25,14.25,14.25,14.25,14.25,14.25,14.25,14.25,13.25,13.98,14.25,11.25,13.12,0,0,0,0,14.25,14.25,0,100,0,0,14.25
2015-11-12,14.25,0,0,0,0,7.55,26.67,14.25,14.25,14.25,14.25,14.25,14.25,14.25,14.25,14.25,14.25,13.25,13.99,14.25,11.25,13.13,0,0,0,0,14.25,14.25,0,100,0,0,14.25
2015-11-13,14.25,0,0,0,0,7.55,26.67,14.25,14.25,14.25,14.25,14.25,14.25,14.25,14.25,14.25,14.25,13.25,14,14.25,11.25,13.14,0,0,0,0,14.25,14.25,0,100,0,0,14.25
2015-11-16,14.25,0,0,0,0,7.55,26.67,14.25,14.25,14.25,14.25,14.25,14.25,14.25,14.25,14.25,14.25,13.25,14.01,14.25,11.25,13.15,0,0,0,0,14.25,14.25,0,100,0,0,14.25
2015-11-17,14.25,0,0,0,0,7.55,26.67,14.25,14.25,14.25,14.25,14.25,14.25,14.25,14.25,14.25,14.25,13.25,14.02,14.25,11.25,13.16,0,0,0,0,14.25,14.25,0,100,0,0,14.25
2015-11-18,14.25,0,0,0,0,7.55,26.67,14.25,14.25,14.25,14.25,14.25,14.25,14.25,14.25,14.25,14.25,13.25,14.02,14.25,11.25,13.17,0,0,0,0,14.25,14.25,0,100,0,0,14.25
2015-11-19,14.25,0,0,0,0,7.55,26.67,14.25,14.25,14.25,14.25,14.25,14.25,14.25,14.25,14.25,14.25,13.25,14.03,14.25,11.25,13.18,0,0,0,0,14.25,14.25,0,100,0,0,14.25
2015-11-20,14.25,0,0,0,0,7.55,26.67,14.25,14.25,14.25,14.25,14.25,14.25,14.25,14.25,14.25,14.25,13.25,14.04,14.25,11.25,13.2,0,0,0,0,14.25,14.25,0,100,0,0,14.25
2015-11-23,14.25,0,0,0,0,7.55,26.67,14.25,14.25,14.25,14.25,14.25,14.25,14.25,14.25,14.25,14.25,13.25,14.05,14.25,11.25,13.21,0,0,0,0,14.25,14.25,0,100,0,0,14.25
2015-11-24,14.25,0,0,0,0,7.55,26.67,14.25,14.25,14.25,14.25,14.25,14.25,14.25,14.25,14.25,14.25,13.25,14.05,14.25,11.25,13.22,0,0,0,0,14.25,14.25,0,100,0,0,14.25
2015-11-25,14.25,0,0,0,0,7.55,26.67,14.25,14.25,14.25,14.25,14.25,14.25,14.25,14.25,14.25,14.25,13.25,14.06,14.25,11.25,13.23,0,0,0,0,14.25,14.25,0,100,0,0,14.25
2015-11-26,14.25,0,0,0,0,7.55,26.67,14.25,14.25,14.25,14.25,14.25,14.25,14.25,14.25,14.25,14.25,13.25,14.07,14.25,11.25,13.24,0,0,0,0,14.25,14.25,0,100,0,0,14.25
2015-11-27,14.25,0,0,0,0,7.55,26.67,14.25,14.25,14.25,14.25,14.25,14.25,14.25,14.25,14.25,14.25,13.25,14.08,14.25,11.25,13.25,0,0,0,0,14.25,14.25,0,100,0,0,14.25
2015-11-30,14.25,0,0,0,0,7.55,26.67,14.25,14.25,14.25,14.25,14.25,14.25,14.25,14.25,14.25,14.25,13.25,14.08,14.25,11.25,13.27,0,0,0,0,14.25,14.25,0,100,0,0,14.25
2015-12-01,14.25,0,0,0,0,7.55,26.67,14.25,14.25,14.25,14.25,14.25,14.25,14.25,14.25,14.25,14.25,13.25,14.09,14.25,11.75,13.28,0,0,0,0,14.25,14.25,0,100,0,0,14.25
2015-12-02,14.25,0,0,0,0,7.55,21.28,14.25,14.25,14.25,14.25,14.25,14.25,14.25,14.25,14.25,14.25,13.75,14.1,14.25,11.75,13.29,0,0,0,0,14.25,14.25,0,100,0,0,14.25
2015-12-03,14.25,0,0,0,0,3.64,21.28,14.25,14.25,14.25,14.25,14.25,14.25,14.25,14.25,14.25,14.25,13.75,14.1,14.25,11.75,13.3,0,0,0,0,14.25,14.25,0,100,0,0,14.25
2015-12-04,14.25,0,0,0,0,3.64,21.28,14.25,14.25,14.25,14.25,14.25,14.25,14.25,14.25,14.25,14.25,13.75,14.11,14.25,11.75,13.31,0,0,0,0,14.25,14.25,0,100,0,0,14.25
2015-12-07,14.25,0,0,0,0,3.64,21.28,14.25,14.25,14.25,14.25,14.25,14.25,14.25,14.25,14.25,14.25,13.75,14.11,14.25,11.75,13.32,0,0,0,0,14.25,14.25,0,100,0,0,14.25
2015-12-08,14.25,0,0,0,0,3.64,21.28,14.25,14.25,14.25,14.25,14.25,14.25,14.25,14.25,14.25,14.25,13.75,14.12,14.25,11.75,13.33,0,0,0,0,14.25,14.25,0,100,0,0,14.25
2015-12-09,14.25,0,0,0,0,3.64,21.28,14.25,14.25,14.25,14.25,14.25,14.25,14.25,14.25,14.25,14.25,13.75,14.12,14.25,11.75,13.33,0,0,0,0,14.25,14.25,0,100,0,0,14.25
2015-12-10,14.25,0,0,0,0,3.64,21.28,14.25,14.25,14.25,14.25,14.25,14.25,14.25,14.25,14.25,14.25,13.75,14.12,14.25,11.75,13.34,0,0,0,0,14.25,14.25,0,100,0,0,14.25
2015-12-11,14.25,0,0,0,0,3.64,21.28,14.25,14.25,14.25,14.25,14.25,14.25,14.25,14.25,14.25,14.25,13.75,14.13,14.25,11.75,13.35,0,0,0,0,14.25,14.25,0,100,0,0,14.25
2015-12-14,14.25,0,0,0,0,3.64,21.28,14.25,14.25,14.25,14.25,14.25,14.25,14.25,14.25,14.25,14.25,13.75,14.13,14.25,11.75,13.36,0,0,0,0,14.25,14.25,0,100,0,0,14.25
2015-12-15,14.25,0,0,0,0,3.64,21.28,14.25,14.25,14.25,14.25,14.25,14.25,14.25,14.25,14.25,14.25,13.75,14.13,14.25,11.75,13.37,0,0,0,0,14.25,14.25,0,100,0,0,14.25
2015-12-16,14.25,0,0,0,0,3.64,21.28,14.25,14.25,14.25,14.25,14.25,14.25,14.25,14.25,14.25,14.25,13.75,14.14,14.25,11.75,13.38,0,0,0,0,14.25,14.25,0,100,0,0,14.25
2015-12-17,14.25,0,0,0,0,3.64,21.28,14.25,14.25,14.25,14.25,14.25,14.25,14.25,14.25,14.25,14.25,13.75,14.14,14.25,11.75,13.39,0,0,0,0,14.25,14.25,0,100,0,0,14.25
2015-12-18,14.25,0,0,0,0,3.64,21.28,14.25,14.25,14.25,14.25,14.25,14.25,14.25,14.25,14.25,14.25,13.75,14.15,14.25,11.75,13.4,0,0,0,0,14.25,14.25,0,100,0,0,14.25
2015-12-21,14.25,0,0,0,0,3.64,21.28,14.25,14.25,14.25,14.25,14.25,14.25,14.25,14.25,14.25,14.25,13.75,14.15,14.25,11.75,13.41,0,0,0,0,14.25,14.25,0,100,0,0,14.25
2015-12-22,14.25,0,0,0,0,3.64,21.28,14.25,14.25,14.25,14.25,14.25,14.25,14.25,14.25,14.25,14.25,13.75,14.15,14.25,11.75,13.42,0,0,0,0,14.25,14.25,0,100,0,0,14.25
2015-12-23,14.25,0,0,0,0,3.64,21.28,14.25,14.25,14.25,14.25,14.25,14.25,14.25,14.25,14.25,14.25,13.75,14.16,14.25,11.75,13.43,0,0,0,0,14.25,14.25,0,100,0,0,14.25
2015-12-24,14.25,0,0,0,0,3.64,21.28,14.25,14.25,14.25,14.25,14.25,14.25,14.25,14.25,14.25,14.25,13.75,14.16,14.25,11.75,13.44,0,0,0,0,14.25,14.25,0,100,0,0,14.25
2015-12-25,14.25,0,0,0,0,3.64,21.28,14.25,14.25,14.25,14.25,14.25,14.25,14.25,14.25,14.25,14.25,13.75,14.17,14.25,11.75,13.45,0,0,0,0,14.25,14.25,0,100,0,0,14.25
2015-12-28,14.25,0,0,0,0,3.64,21.28,14.25,14.25,14.25,14.25,14.25,14.25,14.25,14.25,14.25,14.25,13.75,14.17,14.25,11.75,13.46,0,0,0,0,14.25,14.25,0,100,0,0,14.25
2015-12-29,14.25,0,0,0,0,3.64,21.28,14.25,14.25,14.25,14.25,14.25,14.25,14.25,14.25,14.25,14.25,13.75,14.17,14.25,11.75,13.47,0,0,0,0,14.25,14.25,0,100,0,0,14.25
2015-12-30,14.25,0,0,0,0,3.64,21.28,14.25,14.25,14.25,14.25,14.25,14.25,14.25,14.25,14.25,14.25,13.75,14.18,14.25,11.75,13.48,0,0,0,0,14.25,14.25,0,100,0,0,14.25
2015-12-31,14.25,0,0,0,0,3.64,21.28,14.25,14.25,14.25,14.25,14.25,14.25,14.25,14.25,14.25,14.25,13.75,14.18,14.25,11.75,13.49,0,0,0,0,14.25,14.25,0,100,0,0,14.25
2016-01-01,14.25,0,0,0,0,3.64,21.28,14.25,14.25,14.25,14.25,14.25,14.25,14.25,14.25,14.25,14.25,13.75,14.18,14.25,11.75,13.5,0,0,0,0,14.25,14.25,0,100,0,0,14.25
2016-01-04,14.25,0,0,0,0,3.64,21.28,14.25,14.25,14.25,14.25,14.25,14.25,14.25,14.25,14.25,14.25,13.75,14.19,14.25,11.75,13.51,0,0,0,0,14.25,14.25,0,100,0,0,14.25
2016-01-05,14.25,0,0,0,0,3.64,21.28,14.25,14.25,14.25,14.25,14.25,14.25,14.25,14.25,14.25,14.25,13.75,14.19,14.25,11.75,13.52,0,0,0,0,14.25,14.25,0,100,0,0,14.25
2016-01-06,14.25,0,0,0,0,3.64,21.28,14.25,14.25,14.25,14.25,14.25,14.25,14.25,14.25,14.25,14.25,13.75,14.2,14.25,11.75,13.53,0,0,0,0,14.25,14.25,0,100,0,0,14.25
2016-01-07,14.25,0,0,0,0,3.64,21.28,14.25,14.25,14.25,14.25,14.25,14.25,14.25,14.25,14.25,14.25,13.75,14.2,14.25,11.75,13.54,0,0,0,0,14.25,14.25,0,100,0,0,14.25
2016-01-08,14.25,0,0,0,0,3.64,21.28,14.25,14.25,14.25,14.25,14.25,14.25,14.25,14.25,14.25,14.25,13.75,14.2,14.25,11.75,13.55,0,0,0,0,14.25,14.25,0,100,0,0,14.25
2016-01-11,14.25,0,0,0,0,3.64,21.28,14.25,14.25,14.25,14.25,14.25,14.25,14.25,14.25,14.25,14.25,13.75,14.21,14.25,11.75,13.56,0,0,0,0,14.25,14.25,0,100,0,0,14.25
2016-01-12,14.25,0,0,0,0,3.64,21.28,14.25,14.25,14.25,14.25,14.25,14.25,14.25,14.25,14.25,14.25,13.75,14.21,14.25,11.75,13.57,0,0,0,0,14.25,14.25,0,100,0,0,14.25
2016-01-13,14.25,0,0,0,0,3.64,21.28,14.25,14.25,14.25,14.25,14.25,14.25,14.25,14.25,14.25,14.25,13.75,14.22,14.25,11.75,13.58,0,0,0,0,14.25,14.25,0,100,0,0,14.25
2016-01-14,14.25,0,0,0,0,3.64,21.28,14.25,14.25,14.25,14.25,14.25,14.25,14.25,14.25,14.25,14.25,13.75,14.22,14.25,11.75,13.58,0,0,0,0,14.25,14.25,0,100,0,0,14.25
2016-01-15,14.25,0,0,0,0,3.64,21.28,14.25,14.25,14.25,14.25,14.25,14.25,14.25,14.25,14.25,14.25,13.75,14.22,14.25,11.75,13.59,0,0,0,0,14.25,14.25,0,100,0,0,14.25
2016-01-18,14.25,0,0,0,0,3.64,21.28,14.25,14.25,14.25,14.25,14.25,14.25,14.25,14.25,14.25,14.25,13.75,14.23,14.25,11.75,13.6,0,0,0,0,14.25,14.25,0,100,0,0,14.25
2016-01-19,14.25,0,0,0,0,3.64,21.28,14.25,14.25,14.25,14.25,14.25,14.25,14.25,14.25,14.25,14.25,13.75,14.23,14.25,12.25,13.61,0,0,0,0,14.25,14.25,0,100,0,0,14.25
2016-01-20,14.25,0,0,0,0,3.64,16.33,14.25,14.25,14.25,14.25,14.25,14.25,14.25,14.25,14.25,14.25,13.75,14.23,14.25,12.25,13.62,0,0,0,0,14.25,14.25,0,100,0,0,14.25
2016-01-21,14.25,0,0,0,0,3.64,16.33,14.25,14.25,14.25,14.25,14.25,14.25,14.25,14.25,14.25,14.25,13.75,14.24,14.25,12.25,13.63,0,0,0,0,14.25,14.25,0,100,0,0,14.25
2016-01-22,14.25,0,0,0,0,3.64,16.33,14.25,14.25,14.25,14.25,14.25,14.25,14.25,14.25,14.25,14.25,13.75,14.24,14.25,12.25,13.64,0,0,0,0,14.25,14.25,0,100,0,0,14.25
2016-01-25,14.25,0,0,0,0,3.64,16.33,14.25,14.25,14.25,14.25,14.25,14.25,14.25,14.25,14.25,14.25,13.75,14.25,14.25,12.25,13.64,0,0,0,0,14.25,14.25,0,100,0,0,14.25
2016-01-26,14.25,0,0,0,0,3.64,16.33,14.25,14.25,14.25,14.25,14.25,14.25,14.25,14.25,14.25,14.25,14.25,14.25,14.25,12.25,13.65,0,0,0,0,14.25,14.25,0,100,0,0,14.25
2016-01-27,14.25,0,0,0,0,0,16.33,14.25,14.25,14.25,14.25,14.25,14.25,14.25,14.25,14.25,14.25,14.25,14.25,14.25,12.25,13.66,0,0,0,0,14.25,14.25,0,100,0,0,14.25
2016-01-28,14.25,0,0,0,0,0,16.33,14.25,14.25,14.25,14.25,14.25,14.25,14.25,14.25,14.25,14.25,14.25,14.25,14.25,12.25,13.67,0,0,0,0,14.25,14.25,0,100,0,0,14.25
2016-01-29,14.25,0,0,0,0,0,16.33,14.25,14.25,14.25,14.25,14.25,14.25,14.25,14.25,14.25,14.25,14.25,14.25,14.25,12.25,13.68,0,0,0,0,14.25,14.25,0,100,0,0,14.25
2016-02-01,14.25,0,0,0,0,0,16.33,14.25,14.25,14.25,14.25,14.25,14.25,14.25,14.25,14.25,14.25,14.25,14.25,14.25,12.25,13.68,0,0,0,0,14.25,14.25,0,100,0,0,14.25
2016-02-02,14.25,0,0,0,0,0,16.33,14.25,14.25,14.25,14.25,14.25,14.25,14.25,14.25,14.25,14.25,14.25,14.25,14.25,12.25,13.69,0,0,0,0,14.25,14.25,0,100,0,0,14.25
2016-02-03,14.25,0,0,0,0,0,16.33,14.25,14.25,14.25,14.25,14.25,14.25,14.25,14.25,14.25,14.25,14.25,14.25,14.25,12.25,13.7,0,0,0,0,14.25,14.25,0,100,0,0,14.25
2016-02-04,14.25,0,0,0,0,0,16.33,14.25,14.25,14.25,14.25,14.25,14.25,14.25,14.25,14.25,14.25,14.25,14.25,14.25,12.25,13.71,0,0,0,0,14.25,14.25,0,100,0,0,14.25
2016-02-05,14.25,0,0,0,0,0,16.33,14.25,14.25,14.25,14.25,14.25,14.25,14.25,14.25,14.25,14.25,14.25,14.25,14.25,12.25,13.71,0,0,0,0,14.25,14.25,0,100,0,0,14.25
2016-02-08,14.25,0,0,0,0,0,16.33,14.25,14.25,14.25,14.25,14.25,14.25,14.25,14.25,14.25,14.25,14.25,14.25,14.25,12.25,13.72,0,0,0,0,14.25,14.25,0,100,0,0,14.25
2016-02-09,14.25,0,0,0,0,0,16.33,14.25,14.25,14.25,14.25,14.25,14.25,14.25,14.25,14.25,14.25,14.25,14.25,14.25,12.25,13.73,0,0,0,0,14.25,14.25,0,100,0,0,14.25
2016-02-10,14.25,0,0,0,0,0,16.33,14.25,14.25,14.25,14.25,14.25,14.25,14.25,14.25,14.25,14.25,14.25,14.25,14.25,12.25,13.74,0,0,0,0,14.25,14.25,0,100,0,0,14.25
2016-02-11,14.25,0,0,0,0,0,16.33,14.25,14.25,14.25,14.25,14.25,14.25,14.25,14.25,14.25,14.25,14.25,14.25,14.25,12.25,13.74,0,0,0,0,14.25,14.25,0,100,0,0,14.25
2016-02-12,14.25,0,0,0,0,0,16.33,14.25,14.25,14.25,14.25,14.25,14.25,14.25,14.25,14.25,14.25,14.25,14.25,14.25,12.25,13.75,0,0,0,0,14.25,14.25,0,100,0,0,14.25
2016-02-15,14.25,0,0,0,0,0,16.33,14.25,14.25,14.25,14.25,14.25,14.25,14.25,14.25,14.25,14.25,14.25,14.25,14.25,12.25,13.76,0,0,0,0,14.25,14.25,0,100,0,0,14.25
2016-02-16,14.25,0,0,0,0,0,16.33,14.25,14.25,14.25,14.25,14.25,14.25,14.25,14.25,14.25,14.25,14.25,14.25,14.25,12.25,13.77,0,0,0,0,14.25,14.25,0,100,0,0,14.25
2016-02-17,14.25,0,0,0,0,0,16.33,14.25,14.25,14.25,14.25,14.25,14.25,14.25,14.25,14.25,14.25,14.25,14.25,14.25,12.25,13.78,0,0,0,0,14.25,14.25,0,100,0,0,14.25
2016-02-18,14.25,0,0,0,0,0,16.33,14.25,14.25,14.25,14.25,14.25,14.25,14.25,14.25,14.25,14.25,14.25,14.25,14.25,12.25,13.78,0,0,0,0,14.25,14.25,0,100,0,0,14.25
2016-02-19,14.25,0,0,0,0,0,16.33,14.25,14.25,14.25,14.25,14.25,14.25,14.25,14.25,14.25,14.25,14.25,14.25,14.25,12.25,13.79,0,0,0,0,14.25,14.25,0,100,0,0,14.25
2016-02-22,14.25,0,0,0,0,0,16.33,14.25,14.25,14.25,14.25,14.25,14.25,14.25,14.25,14.25,14.25,14.25,14.25,14.25,12.25,13.8,0,0,0,0,14.25,14.25,0,100,0,0,14.25
2016-02-23,14.25,0,0,0,0,0,16.33,14.25,14.25,14.25,14.25,14.25,14.25,14.25,14.25,14.25,14.25,14.25,14.25,14.25,12.25,13.81,0,0,0,0,14.25,14.25,0,100,0,0,14.25
2016-02-24,14.25,0,0,0,0,0,16.33,14.25,14.25,14.25,14.25,14.25,14.25,14.25,14.25,14.25,14.25,14.25,14.25,14.25,12.25,13.81,0,0,0,0,14.25,14.25,0,100,0,0,14.25
2016-02-25,14.25,0,0,0,0,0,16.33,14.25,14.25,14.25,14.25,14.25,14.25,14.25,14.25,14.25,14.25,14.25,14.25,14.25,12.25,13.82,0,0,0,0,14.25,14.25,0,100,0,0,14.25
2016-02-26,14.25,0,0,0,0,0,16.33,14.25,14.25,14.25,14.25,14.25,14.25,14.25,14.25,14.25,14.25,14.25,14.25,14.25,12.25,13.83,0,0,0,0,14.25,14.25,0,100,0,0,14.25
2016-02-29,14.25,0,0,0,0,0,16.33,14.25,14.25,14.25,14.25,14.25,14.25,14.25,14.25,14.25,14.25,14.25,14.25,14.25,12.25,13.84,0,0,0,0,14.25,14.25,0,100,0,0,14.25
2016-03-01,14.25,0,0,0,0,0,16.33,14.25,14.25,14.25,14.25,14.25,14.25,14.25,14.25,14.25,14.25,14.25,14.25,14.25,12.75,13.84,0,0,0,0,14.25,14.25,0,100,0,0,14.25
2016-03-02,14.25,0,0,0,0,0,11.76,14.25,14.25,14.25,14.25,14.25,14.25,14.25,14.25,14.25,14.25,14.25,14.25,14.25,12.75,13.85,0,0,0,0,14.25,14.25,0,100,0,0,14.25
2016-03-03,14.25,0,0,0,0,0,11.76,14.25,14.25,14.25,14.25,14.25,14.25,14.25,14.25,14.25,14.25,14.25,14.25,14.25,12.75,13.86,0,0,0,0,14.25,14.25,0,100,0,0,14.25
2016-03-04,14.25,0,0,0,0,0,11.76,14.25,14.25,14.25,14.25,14.25,14.25,14.25,14.25,14.25,14.25,14.25,14.25,14.25,12.75,13.86,0,0,0,0,14.25,14.25,0,100,0,0,14.25
2016-03-07,14.25,0,0,0,0,0,11.76,14.25,14.25,14.25,14.25,14.25,14.25,14.25,14.25,14.25,14.25,14.25,14.25,14.25,12.75,13.87,0,0,0,0,14.25,14.25,0,100,0,0,14.25
2016-03-08,14.25,0,0,0,0,0,11.76,14.25,14.25,14.25,14.25,14.25,14.25,14.25,14.25,14.25,14.25,14.25,14.25,14.25,12.75,13.87,0,0,0,0,14.25,14.25,0,100,0,0,14.25
2016-03-09,14.25,0,0,0,0,0,11.76,14.25,14.25,14.25,14.25,14.25,14.25,14.25,14.25,14.25,14.25,14.25,14.25,14.25,12.75,13.88,0,0,0,0,14.25,14.25,0,100,0,0,14.25
2016-03-10,14.25,0,0,0,0,0,11.76,14.25,14.25,14.25,14.25,14.25,14.25,14.25,14.25,14.25,14.25,14.25,14.25,14.25,12.75,13.88,0,0,0,0,14.25,14.25,0,100,0,0,14.25
2016-03-11,14.25,0,0,0,0,0,11.76,14.25,14.25,14.25,14.25,14.25,14.25,14.25,14.25,14.25,14.25,14.25,14.25,14.25,12.75,13.89,0,0,0,0,14.25,14.25,0,100,0,0,14.25
2016-03-14,14.25,0,0,0,0,0,11.76,14.25,14.25,14.25,14.25,14.25,14.25,14.25,14.25,14.25,14.25,14.25,14.25,14.25,12.75,13.9,0,0,0,0,14.25,14.25,0,100,0,0,14.25
2016-03-15,14.25,0,0,0,0,0,11.76,14.25,14.25,14.25,14.25,14.25,14.25,14.25,14.25,14.25,14.25,14.25,14.25,14.25,12.75,13.9,0,0,0,0,14.25,14.25,0,100,0,0,14.25
2016-03-16,14.25,0,0,0,0,0,11.76,14.25,14.25,14.25,14.25,14.25,14.25,14.25,14.25,14.25,14.25,14.25,14.25,14.25,12.75,13.91,0,0,0,0,14.25,14.25,0,100,0,0,14.25
2016-03-17,14.25,0,0,0,0,0,11.76,14.25,14.25,14.25,14.25,14.25,14.25,14.25,14.25,14.25,14.25,14.25,14.25,14.25,12.75,13.91,0,0,0,0,14.25,14.25,0,100,0,0,14.25
2016-03-18,14.25,0,0,0,0,0,11.76,14.25,14.25,14.25,14.25,14.25,14.25,14.25,14.25,14.25,14.25,14.25,14.25,14.25,12.75,13.92,0,0,0,0,14.25,14.25,0,100,0,0,14.25
2016-03-21,14.25,0,0,0,0,0,11.76,14.25,14.25,14.25,14.25,14.25,14.25,14.25,14.25,14.25,14.25,14.25,14.25,14.25,12.75,13.93,0,0,0,0,14.25,14.25,0,100,0,0,14.25
2016-03-22,14.25,0,0,0,0,0,11.76,14.25,14.25,14.25,14.25,14.25,14.25,14.25,14.25,14.25,14.25,14.25,14.25,14.25,12.75,13.93,0,0,0,0,14.25,14.25,0,100,0,0,14.25
2016-03-23,14.25,0,0,0,0,0,11.76,14.25,14.25,14.25,14.25,14.25,14.25,14.25,14.25,14.25,14.25,14.25,14.25,14.25,12.75,13.94,0,0,0,0,14.25,14.25,0,100,0,0,14.25
2016-03-24,14.25,0,0,0,0,0,11.76,14.25,14.25,14.25,14.25,14.25,14.25,14.25,14.25,14.25,14.25,14.25,14.25,14.25,12.75,13.94,0,0,0,0,14.25,14.25,0,100,0,0,14.25
2016-03-25,14.25,0,0,0,0,0,11.76,14.25,14.25,14.25,14.25,14.25,14.25,14.25,14.25,14.25,14.25,14.25,14.25,14.25,12.75,13.95,0,0,0,0,14.25,14.25,0,100,0,0,14.25
2016-03-28,14.25,0,0,0,0,0,11.76,14.25,14.25,14.25,14.25,14.25,14.25,14.25,14.25,14.25,14.25,14.25,14.25,14.25,12.75,13.95,0,0,0,0,14.25,14.25,0,100,0,0,14.25
2016-03-29,14.25,0,0,0,0,0,11.76,14.25,14.25,14.25,14.25,14.25,14.25,14.25,14.25,14.25,14.25,14.25,14.25,14.25,12.75,13.96,0,0,0,0,14.25,14.25,0,100,0,0,14.25
2016-03-30,14.25,0,0,0,0,0,11.76,14.25,14.25,14.25,14.25,14.25,14.25,14.25,14.25,14.25,14.25,14.25,14.25,14.25,12.75,13.97,0,0,0,0,14.25,14.25,0,100,0,0,14.25
2016-03-31,14.25,0,0,0,0,0,11.76,14.25,14.25,14.25,14.25,14.25,14.25,14.25,14.25,14.25,14.25,14.25,14.25,14.25,12.75,13.97,0,0,0,0,14.25,14.25,0,100,0,0,14.25
2016-04-01,14.25,0,0,0,0,0,11.76,14.25,14.25,14.25,14.25,14.25,14.25,14.25,14.25,14.25,14.25,14.25,14.25,14.25,12.75,13.98,0,0,0,0,14.25,14.25,0,100,0,0,14.25
2016-04-04,14.25,0,0,0,0,0,11.76,14.25,14.25,14.25,14.25,14.25,14.25,14.25,14.25,14.25,14.25,14.25,14.25,14.25,12.75,13.98,0,0,0,0,14.25,14.25,0,100,0,0,14.25
2016-04-05,14.25,0,0,0,0,0,11.76,14.25,14.25,14.25,14.25,14.25,14.25,14.25,14.25,14.25,14.25,14.25,14.25,14.25,12.75,13.99,0,0,0,0,14.25,14.25,0,100,0,0,14.25
2016-04-06,14.25,0,0,0,0,0,11.76,14.25,14.25,14.25,14.25,14.25,14.25,14.25,14.25,14.25,14.25,14.25,14.25,14.25,12.75,13.99,0,0,0,0,14.25,14.25,0,100,0,0,14.25
2016-04-07,14.25,0,0,0,0,0,11.76,14.25,14.25,14.25,14.25,14.25,14.25,14.25,14.25,14.25,14.25,14.25,14.25,14.25,12.75,14,0,0,0,0,14.25,14.25,0,100,0,0,14.25
2016-04-08,14.25,0,0,0,0,0,11.76,14.25,14.25,14.25,14.25,14.25,14.25,14.25,14.25,14.25,14.25,14.25,14.25,14.25,12.75,14.01,0,0,0,0,14.25,14.25,0,100,0,0,14.25
2016-04-11,14.25,0,0,0,0,0,11.76,14.25,14.25,14.25,14.25,14.25,14.25,14.25,14.25,14.25,14.25,14.25,14.25,14.25,12.75,14.01,0,0,0,0,14.25,14.25,0,100,0,0,14.25
2016-04-12,14.25,0,0,0,0,0,11.76,14.25,14.25,14.25,14.25,14.25,14.25,14.25,14.25,14.25,14.25,14.25,14.25,14.25,12.75,14.02,0,0,0,0,14.25,14.25,0,100,0,0,14.25
2016-04-13,14.25,0,0,0,0,0,11.76,14.25,14.25,14.25,14.25,14.25,14.25,14.25,14.25,14.25,14.25,14.25,14.25,14.25,12.75,14.02,0,0,0,0,14.25,14.25,0,100,0,0,14.25
2016-04-14,14.25,0,0,0,0,0,11.76,14.25,14.25,14.25,14.25,14.25,14.25,14.25,14.25,14.25,14.25,14.25,14.25,14.25,12.75,14.03,0,0,0,0,14.25,14.25,0,100,0,0,14.25
2016-04-15,14.25,0,0,0,0,0,11.76,14.25,14.25,14.25,14.25,14.25,14.25,14.25,14.25,14.25,14.25,14.25,14.25,14.25,12.75,14.03,0,0,0,0,14.25,14.25,0,100,0,0,14.25
2016-04-18,14.25,0,0,0,0,0,11.76,14.25,14.25,14.25,14.25,14.25,14.25,14.25,14.25,14.25,14.25,14.25,14.25,14.25,12.75,14.04,0,0,0,0,14.25,14.25,0,100,0,0,14.25
2016-04-19,14.25,0,0,0,0,0,11.76,14.25,14.25,14.25,14.25,14.25,14.25,14.25,14.25,14.25,14.25,14.25,14.25,14.25,12.75,14.05,0,0,0,0,14.25,14.25,0,100,0,0,14.25
2016-04-20,14.25,0,0,0,0,0,11.76,14.25,14.25,14.25,14.25,14.25,14.25,14.25,14.25,14.25,14.25,14.25,14.25,14.25,12.75,14.05,0,0,0,0,14.25,14.25,0,100,0,0,14.25
2016-04-21,14.25,0,0,0,0,0,11.76,14.25,14.25,14.25,14.25,14.25,14.25,14.25,14.25,14.25,14.25,14.25,14.25,14.25,12.75,14.06,0,0,0,0,14.25,14.25,0,100,0,0,14.25
2016-04-22,14.25,0,0,0,0,0,11.76,14.25,14.25,14.25,14.25,14.25,14.25,14.25,14.25,14.25,14.25,14.25,14.25,14.25,12.75,14.06,0,0,0,0,14.25,14.25,0,100,0,0,14.25
2016-04-25,14.25,0,0,0,0,0,11.76,14.25,14.25,14.25,14.25,14.25,14.25,14.25,14.25,14.25,14.25,14.25,14.25,14.25,12.75,14.07,0,0,0,0,14.25,14.25,0,100,0,0,14.25
2016-04-26,14.25,0,0,0,0,0,11.76,14.25,14.25,14.25,14.25,14.25,14.25,14.25,14.25,14.25,14.25,14.25,14.25,14.25,13.25,14.08,0,0,0,0,14.25,14.25,0,100,0,0,14.25
2016-04-27,14.25,0,0,0,0,0,7.55,14.25,14.25,14.25,14.25,14.25,14.25,14.25,14.25,14.25,14.25,14.25,14.25,14.25,13.25,14.08,0,0,0,0,14.25,14.25,0,100,0,0,14.25
2016-04-28,14.25,0,0,0,0,0,7.55,14.25,14.25,14.25,14.25,14.25,14.25,14.25,14.25,14.25,14.25,14.25,14.25,14.25,13.25,14.08,0,0,0,0,14.25,14.25,0,100,0,0,14.25
2016-04-29,14.25,0,0,0,0,0,7.55,14.25,14.25,14.25,14.25,14.25,14.25,14.25,14.25,14.25,14.25,14.25,14.25,14.25,13.25,14.09,0,0,0,0,14.25,14.25,0,100,0,0,14.25
2016-05-02,14.25,0,0,0,0,0,7.55,14.25,14.25,14.25,14.25,14.25,14.25,14.25,14.25,14.25,14.25,14.25,14.25,14.25,13.25,14.09,0,0,0,0,14.25,14.25,0,100,0,0,14.25
2016-05-03,14.25,0,0,0,0,0,7.55,14.25,14.25,14.25,14.25,14.25,14.25,14.25,14.25,14.25,14.25,14.25,14.25,14.25,13.25,14.09,0,0,0,0,14.25,14.25,0,100,0,0,14.25
2016-05-04,14.25,0,0,0,0,0,7.55,14.25,14.25,14.25,14.25,14.25,14.25,14.25,14.25,14.25,14.25,14.25,14.25,14.25,13.25,14.1,0,0,0,0,14.25,14.25,0,100,0,0,14.25
2016-05-05,14.25,0,0,0,0,0,7.55,14.25,14.25,14.25,14.25,14.25,14.25,14.25,14.25,14.25,14.25,14.25,14.25,14.25,13.25,14.1,0,0,0,0,14.25,14.25,0,100,0,0,14.25
2016-05-06,14.25,0,0,0,0,0,7.55,14.25,14.25,14.25,14.25,14.25,14.25,14.25,14.25,14.25,14.25,14.25,14.25,14.25,13.25,14.11,0,0,0,0,14.25,14.25,0,100,0,0,14.25
2016-05-09,14.25,0,0,0,0,0,7.55,14.25,14.25,14.25,14.25,14.25,14.25,14.25,14.25,14.25,14.25,14.25,14.25,14.25,13.25,14.11,0,0,0,0,14.25,14.25,0,100,0,0,14.25
2016-05-10,14.25,0,0,0,0,0,7.55,14.25,14.25,14.25,14.25,14.25,14.25,14.25,14.25,14.25,14.25,14.25,14.25,14.25,13.25,14.11,0,0,0,0,14.25,14.25,0,100,0,0,14.25
2016-05-11,14.25,0,0,0,0,0,7.55,14.25,14.25,14.25,14.25,14.25,14.25,14.25,14.25,14.25,14.25,14.25,14.25,14.25,13.25,14.12,0,0,0,0,14.25,14.25,0,100,0,0,14.25
2016-05-12,14.25,0,0,0,0,0,7.55,14.25,14.25,14.25,14.25,14.25,14.25,14.25,14.25,14.25,14.25,14.25,14.25,14.25,13.25,14.12,0,0,0,0,14.25,14.25,0,100,0,0,14.25
2016-05-13,14.25,0,0,0,0,0,7.55,14.25,14.25,14.25,14.25,14.25,14.25,14.25,14.25,14.25,14.25,14.25,14.25,14.25,13.25,14.13,0,0,0,0,14.25,14.25,0,100,0,0,14.25
2016-05-16,14.25,0,0,0,0,0,7.55,14.25,14.25,14.25,14.25,14.25,14.25,14.25,14.25,14.25,14.25,14.25,14.25,14.25,13.25,14.13,0,0,0,0,14.25,14.25,0,100,0,0,14.25
2016-05-17,14.25,0,0,0,0,0,7.55,14.25,14.25,14.25,14.25,14.25,14.25,14.25,14.25,14.25,14.25,14.25,14.25,14.25,13.25,14.13,0,0,0,0,14.25,14.25,0,100,0,0,14.25
2016-05-18,14.25,0,0,0,0,0,7.55,14.25,14.25,14.25,14.25,14.25,14.25,14.25,14.25,14.25,14.25,14.25,14.25,14.25,13.25,14.14,0,0,0,0,14.25,14.25,0,100,0,0,14.25
2016-05-19,14.25,0,0,0,0,0,7.55,14.25,14.25,14.25,14.25,14.25,14.25,14.25,14.25,14.25,14.25,14.25,14.25,14.25,13.25,14.14,0,0,0,0,14.25,14.25,0,100,0,0,14.25
2016-05-20,14.25,0,0,0,0,0,7.55,14.25,14.25,14.25,14.25,14.25,14.25,14.25,14.25,14.25,14.25,14.25,14.25,14.25,13.25,14.14,0,0,0,0,14.25,14.25,0,100,0,0,14.25
2016-05-23,14.25,0,0,0,0,0,7.55,14.25,14.25,14.25,14.25,14.25,14.25,14.25,14.25,14.25,14.25,14.25,14.25,14.25,13.25,14.15,0,0,0,0,14.25,14.25,0,100,0,0,14.25
2016-05-24,14.25,0,0,0,0,0,7.55,14.25,14.25,14.25,14.25,14.25,14.25,14.25,14.25,14.25,14.25,14.25,14.25,14.25,13.25,14.15,0,0,0,0,14.25,14.25,0,100,0,0,14.25
2016-05-25,14.25,0,0,0,0,0,7.55,14.25,14.25,14.25,14.25,14.25,14.25,14.25,14.25,14.25,14.25,14.25,14.25,14.25,13.25,14.16,0,0,0,0,14.25,14.25,0,100,0,0,14.25
2016-05-26,14.25,0,0,0,0,0,7.55,14.25,14.25,14.25,14.25,14.25,14.25,14.25,14.25,14.25,14.25,14.25,14.25,14.25,13.25,14.16,0,0,0,0,14.25,14.25,0,100,0,0,14.25
2016-05-27,14.25,0,0,0,0,0,7.55,14.25,14.25,14.25,14.25,14.25,14.25,14.25,14.25,14.25,14.25,14.25,14.25,14.25,13.25,14.16,0,0,0,0,14.25,14.25,0,100,0,0,14.25
2016-05-30,14.25,0,0,0,0,0,7.55,14.25,14.25,14.25,14.25,14.25,14.25,14.25,14.25,14.25,14.25,14.25,14.25,14.25,13.25,14.17,0,0,0,0,14.25,14.25,0,100,0,0,14.25
2016-05-31,14.25,0,0,0,0,0,7.55,14.25,14.25,14.25,14.25,14.25,14.25,14.25,14.25,14.25,14.25,14.25,14.25,14.25,13.25,14.17,0,0,0,0,14.25,14.25,0,100,0,0,14.25
2016-06-01,14.25,0,0,0,0,0,7.55,14.25,14.25,14.25,14.25,14.25,14.25,14.25,14.25,14.25,14.25,14.25,14.25,14.25,13.75,14.18,0,0,0,0,14.25,14.25,0,100,0,0,14.25
2016-06-02,14.25,0,0,0,0,0,3.64,14.25,14.25,14.25,14.25,14.25,14.25,14.25,14.25,14.25,14.25,14.25,14.25,14.25,13.75,14.18,0,0,0,0,14.25,14.25,0,100,0,0,14.25
2016-06-03,14.25,0,0,0,0,0,3.64,14.25,14.25,14.25,14.25,14.25,14.25,14.25,14.25,14.25,14.25,14.25,14.25,14.25,13.75,14.18,0,0,0,0,14.25,14.25,0,100,0,0,14.25
2016-06-06,14.25,0,0,0,0,0,3.64,14.25,14.25,14.25,14.25,14.25,14.25,14.25,14.25,14.25,14.25,14.25,14.25,14.25,13.75,14.18,0,0,0,0,14.25,14.25,0,100,0,0,14.25
2016-06-07,14.25,0,0,0,0,0,3.64,14.25,14.25,14.25,14.25,14.25,14.25,14.25,14.25,14.25,14.25,14.25,14.25,14.25,13.75,14.18,0,0,0,0,14.25,14.25,0,100,0,0,14.25
2016-06-08,14.25,0,0,0,0,0,3.64,14.25,14.25,14.25,14.25,14.25,14.25,14.25,14.25,14.25,14.25,14.25,14.25,14.25,13.75,14.18,0,0,0,0,14.25,14.25,0,100,0,0,14.25
2016-06-09,14.25,0,0,0,0,0,3.64,14.25,14.25,14.25,14.25,14.25,14.25,14.25,14.25,14.25,14.25,14.25,14.25,14.25,13.75,14.19,0,0,0,0,14.25,14.25,0,100,0,0,14.25
2016-06-10,14.25,0,0,0,0,0,3.64,14.25,14.25,14.25,14.25,14.25,14.25,14.25,14.25,14.25,14.25,14.25,14.25,14.25,13.75,14.19,0,0,0,0,14.25,14.25,0,100,0,0,14.25
2016-06-13,14.25,0,0,0,0,0,3.64,14.25,14.25,14.25,14.25,14.25,14.25,14.25,14.25,14.25,14.25,14.25,14.25,14.25,13.75,14.19,0,0,0,0,14.25,14.25,0,100,0,0,14.25
2016-06-14,14.25,0,0,0,0,0,3.64,14.25,14.25,14.25,14.25,14.25,14.25,14.25,14.25,14.25,14.25,14.25,14.25,14.25,13.75,14.19,0,0,0,0,14.25,14.25,0,100,0,0,14.25
2016-06-15,14.25,0,0,0,0,0,3.64,14.25,14.25,14.25,14.25,14.25,14.25,14.25,14.25,14.25,14.25,14.25,14.25,14.25,13.75,14.19,0,0,0,0,14.25,14.25,0,100,0,0,14.25
2016-06-16,14.25,0,0,0,0,0,3.64,14.25,14.25,14.25,14.25,14.25,14.25,14.25,14.25,14.25,14.25,14.25,14.25,14.25,13.75,14.2,0,0,0,0,14.25,14.25,0,100,0,0,14.25
2016-06-17,14.25,0,0,0,0,0,3.64,14.25,14.25,14.25,14.25,14.25,14.25,14.25,14.25,14.25,14.25,14.25,14.25,14.25,13.75,14.2,0,0,0,0,14.25,14.25,0,100,0,0,14.25
2016-06-20,14.25,0,0,0,0,0,3.64,14.25,14.25,14.25,14.25,14.25,14.25,14.25,14.25,14.25,14.25,14.25,14.25,14.25,13.75,14.2,0,0,0,0,14.25,14.25,0,100,0,0,14.25
2016-06-21,14.25,0,0,0,0,0,3.64,14.25,14.25,14.25,14.25,14.25,14.25,14.25,14.25,14.25,14.25,14.25,14.25,14.25,13.75,14.2,0,0,0,0,14.25,14.25,0,100,0,0,14.25
2016-06-22,14.25,0,0,0,0,0,3.64,14.25,14.25,14.25,14.25,14.25,14.25,14.25,14.25,14.25,14.25,14.25,14.25,14.25,13.75,14.2,0,0,0,0,14.25,14.25,0,100,0,0,14.25
2016-06-23,14.25,0,0,0,0,0,3.64,14.25,14.25,14.25,14.25,14.25,14.25,14.25,14.25,14.25,14.25,14.25,14.25,14.25,13.75,14.21,0,0,0,0,14.25,14.25,0,100,0,0,14.25
2016-06-24,14.25,0,0,0,0,0,3.64,14.25,14.25,14.25,14.25,14.25,14.25,14.25,14.25,14.25,14.25,14.25,14.25,14.25,13.75,14.21,0,0,0,0,14.25,14.25,0,100,0,0,14.25
2016-06-27,14.25,0,0,0,0,0,3.64,14.25,14.25,14.25,14.25,14.25,14.25,14.25,14.25,14.25,14.25,14.25,14.25,14.25,13.75,14.21,0,0,0,0,14.25,14.25,0,100,0,0,14.25
2016-06-28,14.25,0,0,0,0,0,3.64,14.25,14.25,14.25,14.25,14.25,14.25,14.25,14.25,14.25,14.25,14.25,14.25,14.25,13.75,14.21,0,0,0,0,14.25,14.25,0,100,0,0,14.25
2016-06-29,14.25,0,0,0,0,0,3.64,14.25,14.25,14.25,14.25,14.25,14.25,14.25,14.25,14.25,14.25,14.25,14.25,14.25,13.75,14.21,0,0,0,0,14.25,14.25,0,100,0,0,14.25
2016-06-30,14.25,0,0,0,0,0,3.64,14.25,14.25,14.25,14.25,14.25,14.25,14.25,14.25,14.25,14.25,14.25,14.25,14.25,13.75,14.22,0,0,0,0,14.25,14.25,0,100,0,0,14.25
2016-07-01,14.25,0,0,0,0,0,3.64,14.25,14.25,14.25,14.25,14.25,14.25,14.25,14.25,14.25,14.25,14.25,14.25,14.25,13.75,14.22,0,0,0,0,14.25,14.25,0,100,0,0,14.25
2016-07-04,14.25,0,0,0,0,0,3.64,14.25,14.25,14.25,14.25,14.25,14.25,14.25,14.25,14.25,14.25,14.25,14.25,14.25,13.75,14.22,0,0,0,0,14.25,14.25,0,100,0,0,14.25
2016-07-05,14.25,0,0,0,0,0,3.64,14.25,14.25,14.25,14.25,14.25,14.25,14.25,14.25,14.25,14.25,14.25,14.25,14.25,13.75,14.22,0,0,0,0,14.25,14.25,0,100,0,0,14.25
2016-07-06,14.25,0,0,0,0,0,3.64,14.25,14.25,14.25,14.25,14.25,14.25,14.25,14.25,14.25,14.25,14.25,14.25,14.25,13.75,14.22,0,0,0,0,14.25,14.25,0,100,0,0,14.25
2016-07-07,14.25,0,0,0,0,0,3.64,14.25,14.25,14.25,14.25,14.25,14.25,14.25,14.25,14.25,14.25,14.25,14.25,14.25,13.75,14.23,0,0,0,0,14.25,14.25,0,100,0,0,14.25
2016-07-08,14.25,0,0,0,0,0,3.64,14.25,14.25,14.25,14.25,14.25,14.25,14.25,14.25,14.25,14.25,14.25,14.25,14.25,13.75,14.23,0,0,0,0,14.25,14.25,0,100,0,0,14.25
2016-07-11,14.25,0,0,0,0,0,3.64,14.25,14.25,14.25,14.25,14.25,14.25,14.25,14.25,14.25,14.25,14.25,14.25,14.25,13.75,14.23,0,0,0,0,14.25,14.25,0,100,0,0,14.25
2016-07-12,14.25,0,0,0,0,0,3.64,14.25,14.25,14.25,14.25,14.25,14.25,14.25,14.25,14.25,14.25,14.25,14.25,14.25,13.75,14.23,0,0,0,0,14.25,14.25,0,100,0,0,14.25
2016-07-13,14.25,0,0,0,0,0,3.64,14.25,14.25,14.25,14.25,14.25,14.25,14.25,14.25,14.25,14.25,14.25,14.25,14.25,13.75,14.23,0,0,0,0,14.25,14.25,0,100,0,0,14.25
2016-07-14,14.25,0,0,0,0,0,3.64,14.25,14.25,14.25,14.25,14.25,14.25,14.25,14.25,14.25,14.25,14.25,14.25,14.25,13.75,14.23,0,0,0,0,14.25,14.25,0,100,0,0,14.25
2016-07-15,14.25,0,0,0,0,0,3.64,14.25,14.25,14.25,14.25,14.25,14.25,14.25,14.25,14.25,14.25,14.25,14.25,14.25,13.75,14.24,0,0,0,0,14.25,14.25,0,100,0,0,14.25
2016-07-18,14.25,0,0,0,0,0,3.64,14.25,14.25,14.25,14.25,14.25,14.25,14.25,14.25,14.25,14.25,14.25,14.25,14.25,13.75,14.24,0,0,0,0,14.25,14.25,0,100,0,0,14.25
2016-07-19,14.25,0,0,0,0,0,3.64,14.25,14.25,14.25,14.25,14.25,14.25,14.25,14.25,14.25,14.25,14.25,14.25,14.25,13.75,14.24,0,0,0,0,14.25,14.25,0,100,0,0,14.25
2016-07-20,14.25,0,0,0,0,0,3.64,14.25,14.25,14.25,14.25,14.25,14.25,14.25,14.25,14.25,14.25,14.25,14.25,14.25,13.75,14.24,0,0,0,0,14.25,14.25,0,100,0,0,14.25
2016-07-21,14.25,0,0,0,0,0,3.64,14.25,14.25,14.25,14.25,14.25,14.25,14.25,14.25,14.25,14.25,14.25,14.25,14.25,13.75,14.24,0,0,0,0,14.25,14.25,0,100,0,0,14.25
2016-07-22,14.25,0,0,0,0,0,3.64,14.25,14.25,14.25,14.25,14.25,14.25,14.25,14.25,14.25,14.25,14.25,14.25,14.25,13.75,14.25,0,0,0,0,14.25,14.25,0,100,0,0,14.25
2016-07-25,14.25,0,0,0,0,0,3.64,14.25,14.25,14.25,14.25,14.25,14.25,14.25,14.25,14.25,14.25,14.25,14.25,14.25,13.75,14.25,0,0,0,0,14.25,14.25,0,100,0,0,14.25
2016-07-26,14.25,0,0,0,0,0,3.64,14.25,14.25,14.25,14.25,14.25,14.25,14.25,14.25,14.25,14.25,14.25,14.25,14.25,14.25,14.25,0,0,0,0,14.25,14.25,0,100,0,0,14.25
2016-07-27,14.25,0,0,0,0,0,0,14.25,14.25,14.25,14.25,14.25,14.25,14.25,14.25,14.25,14.25,14.25,14.25,14.25,14.25,14.25,0,0,0,0,14.25,14.25,0,100,0,0,14.25
2016-07-28,14.25,0,0,0,0,0,0,14.25,14.25,14.25,14.25,14.25,14.25,14.25,14.25,14.25,14.25,14.25,14.25,14.25,14.25,14.25,0,0,0,0,14.25,14.25,0,100,0,0,14.25
2016-07-29,14.25,0,0,0,0,0,0,14.25,14.25,14.25,14.25,14.25,14.25,14.25,14.25,14.25,14.25,14.25,14.25,14.25,14.25,14.25,0,0,0,0,14.25,14.25,0,100,0,0,14.25
2016-08-01,14.25,0,0,0,0,0,0,14.25,14.25,14.25,14.25,14.25,14.25,14.25,14.25,14.25,14.25,14.25,14.25,14.25,14.25,14.25,0,0,0,0,14.25,14.25,0,100,0,0,14.25
2016-08-02,14.25,0,0,0,0,0,0,14.25,14.25,14.25,14.25,14.25,14.25,14.25,14.25,14.25,14.25,14.25,14.25,14.25,14.25,14.25,0,0,0,0,14.25,14.25,0,100,0,0,14.25
2016-08-03,14.25,0,0,0,0,0,0,14.25,14.25,14.25,14.25,14.25,14.25,14.25,14.25,14.25,14.25,14.25,14.25,14.25,14.25,14.25,0,0,0,0,14.25,14.25,0,100,0,0,14.25
2016-08-04,14.25,0,0,0,0,0,0,14.25,14.25,14.25,14.25,14.25,14.25,14.25,14.25,14.25,14.25,14.25,14.25,14.25,14.25,14.25,0,0,0,0,14.25,14.25,0,100,0,0,14.25
2016-08-05,14.25,0,0,0,0,0,0,14.25,14.25,14.25,14.25,14.25,14.25,14.25,14.25,14.25,14.25,14.25,14.25,14.25,14.25,14.25,0,0,0,0,14.25,14.25,0,100,0,0,14.25
2016-08-08,14.25,0,0,0,0,0,0,14.25,14.25,14.25,14.25,14.25,14.25,14.25,14.25,14.25,14.25,14.25,14.25,14.25,14.25,14.25,0,0,0,0,14.25,14.25,0,100,0,0,14.25
2016-08-09,14.25,0,0,0,0,0,0,14.25,14.25,14.25,14.25,14.25,14.25,14.25,14.25,14.25,14.25,14.25,14.25,14.25,14.25,14.25,0,0,0,0,14.25,14.25,0,100,0,0,14.25
2016-08-10,14.25,0,0,0,0,0,0,14.25,14.25,14.25,14.25,14.25,14.25,14.25,14.25,14.25,14.25,14.25,14.25,14.25,14.25,14.25,0,0,0,0,14.25,14.25,0,100,0,0,14.25
2016-08-11,14.25,0,0,0,0,0,0,14.25,14.25,14.25,14.25,14.25,14.25,14.25,14.25,14.25,14.25,14.25,14.25,14.25,14.25,14.25,0,0,0,0,14.25,14.25,0,100,0,0,14.25
2016-08-12,14.25,0,0,0,0,0,0,14.25,14.25,14.25,14.25,14.25,14.25,14.25,14.25,14.25,14.25,14.25,14.25,14.25,14.25,14.25,0,0,0,0,14.25,14.25,0,100,0,0,14.25
2016-08-15,14.25,0,0,0,0,0,0,14.25,14.25,14.25,14.25,14.25,14.25,14.25,14.25,14.25,14.25,14.25,14.25,14.25,14.25,14.25,0,0,0,0,14.25,14.25,0,100,0,0,14.25
2016-08-16,14.25,0,0,0,0,0,0,14.25,14.25,14.25,14.25,14.25,14.25,14.25,14.25,14.25,14.25,14.25,14.25,14.25,14.25,14.25,0,0,0,0,14.25,14.25,0,100,0,0,14.25
2016-08-17,14.25,0,0,0,0,0,0,14.25,14.25,14.25,14.25,14.25,14.25,14.25,14.25,14.25,14.25,14.25,14.25,14.25,14.25,14.25,0,0,0,0,14.25,14.25,0,100,0,0,14.25
2016-08-18,14.25,0,0,0,0,0,0,14.25,14.25,14.25,14.25,14.25,14.25,14.25,14.25,14.25,14.25,14.25,14.25,14.25,14.25,14.25,0,0,0,0,14.25,14.25,0,100,0,0,14.25
2016-08-19,14.25,0,0,0,0,0,0,14.25,14.25,14.25,14.25,14.25,14.25,14.25,14.25,14.25,14.25,14.25,14.25,14.25,14.25,14.25,0,0,0,0,14.25,14.25,0,100,0,0,14.25
2016-08-22,14.25,0,0,0,0,0,0,14.25,14.25,14.25,14.25,14.25,14.25,14.25,14.25,14.25,14.25,14.25,14.25,14.25,14.25,14.25,0,0,0,0,14.25,14.25,0,100,0,0,14.25
2016-08-23,14.25,0,0,0,0,0,0,14.25,14.25,14.25,14.25,14.25,14.25,14.25,14.25,14.25,14.25,14.25,14.25,14.25,14.25,14.25,0,0,0,0,14.25,14.25,0,100,0,0,14.25
2016-08-24,14.25,0,0,0,0,0,0,14.25,14.25,14.25,14.25,14.25,14.25,14.25,14.25,14.25,14.25,14.25,14.25,14.25,14.25,14.25,0,0,0,0,14.25,14.25,0,100,0,0,14.25
2016-08-25,14.25,0,0,0,0,0,0,14.25,14.25,14.25,14.25,14.25,14.25,14.25,14.25,14.25,14.25,14.25,14.25,14.25,14.25,14.25,0,0,0,0,14.25,14.25,0,100,0,0,14.25
2016-08-26,14.25,0,0,0,0,0,0,14.25,14.25,14.25,14.25,14.25,14.25,14.25,14.25,14.25,14.25,14.25,14.25,14.25,14.25,14.25,0,0,0,0,14.25,14.25,0,100,0,0,14.25
2016-08-29,14.25,0,0,0,0,0,0,14.25,14.25,14.25,14.25,14.25,14.25,14.25,14.25,14.25,14.25,14.25,14.25,14.25,14.25,14.25,0,0,0,0,14.25,14.25,0,100,0,0,14.25
2016-08-30,14.25,0,0,0,0,0,0,14.25,14.25,14.25,14.25,14.25,14.25,14.25,14.25,14.25,14.25,14.25,14.25,14.25,14.25,14.25,0,0,0,0,14.25,14.25,0,100,0,0,14.25
2016-08-31,14.25,0,0,0,0,0,0,14.25,14.25,14.25,14.25,14.25,14.25,14.25,14.25,14.25,14.25,14.25,14.25,14.25,14.25,14.25,0,0,0,0,14.25,14.25,0,100,0,0,14.25
2016-09-01,14.25,0,0,0,0,0,0,14.25,14.25,14.25,14.25,14.25,14.25,14.25,14.25,14.25,14.25,14.25,14.25,14.25,14.25,14.25,0,0,0,0,14.25,14.25,0,100,0,0,14.25
2016-09-02,14.25,0,0,0,0,0,0,14.25,14.25,14.25,14.25,14.25,14.25,14.25,14.25,14.25,14.25,14.25,14.25,14.25,14.25,14.25,0,0,0,0,14.25,14.25,0,100,0,0,14.25
2016-09-05,14.25,0,0,0,0,0,0,14.25,14.25,14.25,14.25,14.25,14.25,14.25,14.25,14.25,14.25,14.25,14.25,14.25,14.25,14.25,0,0,0,0,14.25,14.25,0,100,0,0,14.25
2016-09-06,14.25,0,0,0,0,0,0,14.25,14.25,14.25,14.25,14.25,14.25,14.25,14.25,14.25,14.25,14.25,14.25,14.25,14.25,14.25,0,0,0,0,14.25,14.25,0,100,0,0,14.25
2016-09-07,14.25,0,0,0,0,0,0,14.25,14.25,14.25,14.25,14.25,14.25,14.25,14.25,14.25,14.25,14.25,14.25,14.25,14.25,14.25,0,0,0,0,14.25,14.25,0,100,0,0,14.25
2016-09-08,14.25,0,0,0,0,0,0,14.25,14.25,14.25,14.25,14.25,14.25,14.25,14.25,14.25,14.25,14.25,14.25,14.25,14.25,14.25,0,0,0,0,14.25,14.25,0,100,0,0,14.25
2016-09-09,14.25,0,0,0,0,0,0,14.25,14.25,14.25,14.25,14.25,14.25,14.25,14.25,14.25,14.25,14.25,14.25,14.25,14.25,14.25,0,0,0,0,14.25,14.25,0,100,0,0,14.25
2016-09-12,14.25,0,0,0,0,0,0,14.25,14.25,14.25,14.25,14.25,14.25,14.25,14.25,14.25,14.25,14.25,14.25,14.25,14.25,14.25,0,0,0,0,14.25,14.25,0,100,0,0,14.25
2016-09-13,14.25,0,0,0,0,0,0,14.25,14.25,14.25,14.25,14.25,14.25,14.25,14.25,14.25,14.25,14.25,14.25,14.25,14.25,14.25,0,0,0,0,14.25,14.25,0,100,0,0,14.25
2016-09-14,14.25,0,0,0,0,0,0,14.25,14.25,14.25,14.25,14.25,14.25,14.25,14.25,14.25,14.25,14.25,14.25,14.25,14.25,14.25,0,0,0,0,14.25,14.25,0,100,0,0,14.25
2016-09-15,14.25,0,0,0,0,0,0,14.25,14.25,14.25,14.25,14.25,14.25,14.25,14.25,14.25,14.25,14.25,14.25,14.25,14.25,14.25,0,0,0,0,14.25,14.25,0,100,0,0,14.25
2016-09-16,14.25,0,0,0,0,0,0,14.25,14.25,14.25,14.25,14.25,14.25,14.25,14.25,14.25,14.25,14.25,14.25,14.25,14.25,14.25,0,0,0,0,14.25,14.25,0,100,0,0,14.25
2016-09-19,14.25,0,0,0,0,0,0,14.25,14.25,14.25,14.25,14.25,14.25,14.25,14.25,14.25,14.25,14.25,14.25,14.25,14.25,14.25,0,0,0,0,14.25,14.25,0,100,0,0,14.25
2016-09-20,14.25,0,0,0,0,0,0,14.25,14.25,14.25,14.25,14.25,14.25,14.25,14.25,14.25,14.25,14.25,14.25,14.25,14.25,14.25,0,0,0,0,14.25,14.25,0,100,0,0,14.25
2016-09-21,14.25,0,0,0,0,0,0,14.25,14.25,14.25,14.25,14.25,14.25,14.25,14.25,14.25,14.25,14.25,14.25,14.25,14.25,14.25,0,0,0,0,14.25,14.25,0,100,0,0,14.25
2016-09-22,14.25,0,0,0,0,0,0,14.25,14.25,14.25,14.25,14.25,14.25,14.25,14.25,14.25,14.25,14.25,14.25,14.25,14.25,14.25,0,0,0,0,14.25,14.25,0,100,0,0,14.25
2016-09-23,14.25,0,0,0,0,0,0,14.25,14.25,14.25,14.25,14.25,14.25,14.25,14.25,14.25,14.25,14.25,14.25,14.25,14.25,14.25,0,0,0,0,14.25,14.25,0,100,0,0,14.25
2016-09-26,14.25,0,0,0,0,0,0,14.25,14.25,14.25,14.25,14.25,14.25,14.25,14.25,14.25,14.25,14.25,14.25,14.25,14.25,14.25,0,0,0,0,14.25,14.25,0,100,0,0,14.25
2016-09-27,14.25,0,0,0,0,0,0,14.25,14.25,14.25,14.25,14.25,14.25,14.25,14.25,14.25,14.25,14.25,14.25,14.25,14.25,14.25,0,0,0,0,14.25,14.25,0,100,0,0,14.25
2016-09-28,14.25,0,0,0,0,0,0,14.25,14.25,14.25,14.25,14.25,14.25,14.25,14.25,14.25,14.25,14.25,14.25,14.25,14.25,14.25,0,0,0,0,14.25,14.25,0,100,0,0,14.25
2016-09-29,14.25,0,0,0,0,0,0,14.25,14.25,14.25,14.25,14.25,14.25,14.25,14.25,14.25,14.25,14.25,14.25,14.25,14.25,14.25,0,0,0,0,14.25,14.25,0,100,0,0,14.25
2016-09-30,14.25,0,0,0,0,0,0,14.25,14.25,14.25,14.25,14.25,14.25,14.25,14.25,14.25,14.25,14.25,14.25,14.25,14.25,14.25,0,0,0,0,14.25,14.25,0,100,0,0,14.25
2016-10-03,14.25,0,0,0,0,0,0,14.25,14.25,14.25,14.25,14.25,14.25,14.25,14.25,14.25,14.25,14.25,14.25,14.25,14.25,14.25,0,0,0,0,14.25,14.25,0,100,0,0,14.25
2016-10-04,14.25,0,0,0,0,0,0,14.25,14.25,14.25,14.25,14.25,14.25,14.25,14.25,14.25,14.25,14.25,14.25,14.25,14.25,14.25,0,0,0,0,14.25,14.25,0,100,0,0,14.25
2016-10-05,14.25,0,0,0,0,0,0,14.25,14.25,14.25,14.25,14.25,14.25,14.25,14.25,14.25,14.25,14.25,14.25,14.25,14.25,14.25,0,0,0,0,14.25,14.25,0,100,0,0,14.25
2016-10-06,14.25,0,0,0,0,0,0,14.25,14.25,14.25,14.25,14.25,14.25,14.25,14.25,14.25,14.25,14.25,14.25,14.25,14.25,14.25,0,0,0,0,14.25,14.25,0,100,0,0,14.25
2016-10-07,14.25,0,0,0,0,0,0,14.25,14.25,14.25,14.25,14.25,14.25,14.25,14.25,14.25,14.25,14.25,14.25,14.25,14.25,14.25,0,0,0,0,14.25,14.25,0,100,0,0,14.25
2016-10-10,14.25,0,0,0,0,0,0,14.25,14.25,14.25,14.25,14.25,14.25,14.25,14.25,14.25,14.25,14.25,14.25,14.25,14.25,14.25,0,0,0,0,14.25,14.25,0,100,0,0,14.25
2016-10-11,14.25,0,0,0,0,0,0,14.25,14.25,14.25,14.25,14.25,14.25,14.25,14.25,14.25,14.25,14.25,14.25,14.25,14.25,14.25,0,0,0,0,14.25,14.25,0,100,0,0,14.25
2016-10-12,14.25,0,0,0,0,0,0,14.25,14.25,14.25,14.25,14.25,14.25,14.25,14.25,14.25,14.25,14.25,14.25,14.25,14.25,14.25,0,0,0,0,14.25,14.25,0,100,0,0,14.25
2016-10-13,14.25,0,0,0,0,0,0,14.25,14.25,14.25,14.25,14.25,14.25,14.25,14.25,14.25,14.25,14.25,14.25,14.25,14.25,14.25,0,0,0,0,14.25,14.25,0,100,0,0,14.25
2016-10-14,14.25,0,0,0,0,0,0,14.25,14.25,14.25,14.25,14.25,14.25,14.25,14.25,14.25,14.25,14.25,14.25,14.25,14.25,14.25,0,0,0,0,14.25,14.25,0,100,0,0,14.25
2016-10-17,14.25,0,0,0,0,0,0,14.25,14.25,14.25,14.25,14.25,14.25,14.25,14.25,14.25,14.25,14.25,14.25,14.25,14.25,14.25,0,0,0,0,14.25,14.25,0,100,0,0,14.25
2016-10-18,14.25,0,0,0,0,0,0,14.25,14.25,14.25,14.25,14.25,14.25,14.25,14.25,14.25,14.25,14.25,14.25,14.25,14.25,14.25,0,0,0,0,14.25,14.25,0,100,0,0,14.25
2016-10-19,14,-1.75,-1.75,-1.75,-1.75,-1.75,-1.75,14.25,14,14.2,14.25,14,14.24,14.25,14,14.25,14.25,14,14.25,14.25,14,14.25,0,-0.011217949,-0.001246439,-0.00997151,14.3493034,14.1256966,0,99.91447181,0.062577455,0.015705482,14
2016-10-20,14,0,-1.75,-1.75,-1.75,-1.75,-1.75,14.25,14,14.15,14.25,14,14.23,14.25,14,14.24,14.25,14,14.25,14.25,14,14.25,0,-0.022435897,-0.003739316,-0.018696581,14.37889675,14.07110325,0,99.83112924,0.062577455,0.021637505,14
2016-10-21,14,0,-1.75,-1.75,-1.75,-1.75,-1.75,14.25,14,14.1,14.25,14,14.21,14.25,14,14.24,14.25,14,14.24,14.25,14,14.25,0,-0.033653846,-0.007478632,-0.026175214,14.39567377,14.02932623,0,99.7499671,0.062577455,0.025776433,14
2016-10-24,14,0,-1.75,-1.75,-1.75,-1.75,-1.75,14.25,14,14.05,14.25,14,14.2,14.25,14,14.23,14.25,14,14.24,14.25,14,14.25,0,-0.044871795,-0.012464387,-0.032407407,14.40519567,13.99480433,0,99.67098048,0.062577455,0.028900799,14
2016-10-25,14,0,-1.75,-1.75,-1.75,-1.75,-1.75,14,14,14,14.25,14,14.19,14.25,14,14.23,14.25,14,14.24,14.25,14,14.25,0,-0.056089744,-0.018696581,-0.037393162,14.40963083,13.96536917,0,99.59416475,0.062577455,0.031313597,14
2016-10-26,14,0,0,-1.75,-1.75,-1.75,-1.75,14,14,14,14.25,14,14.18,14.25,14,14.23,14.25,14,14.24,14.25,14,14.24,0,-0.067307692,-0.026175214,-0.041132479,14.41008117,13.93991883,0,99.51951557,0.062577455,0.033168419,14
2016-10-27,14,0,0,-1.75,-1.75,-1.75,-1.75,14,14,14,14.25,14,14.16,14.25,14,14.22,14.25,14,14.24,14.25,14,14.24,0,-0.078525641,-0.034900285,-0.043625356,14.40718024,13.91781976,0,99.44702888,0.062577455,0.034553256,14
2016-10-28,14,0,0,-1.75,-1.75,-1.75,-1.75,14,14,14,14.25,14,14.15,14.25,14,14.22,14.25,14,14.23,14.25,14,14.24,0,-0.08974359,-0.044871795,-0.044871795,14.40131234,13.89868766,0,99.3767009,0.062577455,0.03552118,14
2016-10-31,14,0,0,-1.75,-1.75,-1.75,-1.75,14,14,14,14.25,14,14.14,14.25,14,14.22,14.25,14,14.23,14.25,14,14.24,0,-0.100961538,-0.056089744,-0.044871795,14.39270889,13.88229111,0,99.30852815,0.062577455,0.036103822,14
2016-11-01,14,0,0,-1.75,-1.75,-1.75,-1.75,14,14,14,14.25,14,14.13,14.25,14,14.21,14.25,14,14.23,14.25,14,14.24,0,-0.112179487,-0.067307692,-0.044871795,14.38149459,13.86850541,0,99.24250741,0.062577455,0.036317818,14
2016-11-02,14,0,0,-1.75,-1.75,-1.75,-1.75,14,14,14,14.25,14,14.11,14.25,14,14.21,14.25,14,14.23,14.25,14,14.24,0,-0.123397436,-0.078525641,-0.044871795,14.36770889,13.85729111,0,99.17863574,0.062577455,0.036167779,14
2016-11-03,14,0,0,-1.75,-1.75,-1.75,-1.75,14,14,14,14.25,14,14.1,14.25,14,14.2,14.25,14,14.23,14.25,14,14.24,0,-0.134615385,-0.08974359,-0.044871795,14.35131234,13.84868766,0,99.1169105,0.062577455,0.035647141,14
2016-11-04,14,0,0,-1.75,-1.75,-1.75,-1.75,14,14,14,14.25,14,14.09,14.25,14,14.2,14.25,14,14.23,14.25,14,14.24,0,-0.125,-0.098646724,-0.026353276,14.33218024,13.84281976,0,99.05732932,0.062577455,0.034737213,14
2016-11-07,14,0,0,-1.75,-1.75,-1.75,-1.75,14,14,14,14.25,14,14.08,14.25,14,14.2,14.25,14,14.22,14.25,14,14.24,0,-0.115384615,-0.105235043,-0.010149573,14.31008117,13.83991883,0,98.9998901,0.062577455,0.033404074,14
2016-11-08,14,0,0,-1.75,-1.75,-1.75,-1.75,14,14,14,14.25,14,14.06,14.25,14,14.19,14.25,14,14.22,14.25,14,14.24,0,-0.105769231,-0.109508547,0.003739316,14.28463083,13.84036917,0,98.94459103,0.062577455,0.03159194,14
2016-11-09,14,0,0,-1.75,-1.75,-1.75,-1.75,14,14,14,14.25,14,14.05,14.25,14,14.19,14.25,14,14.22,14.25,14,14.23,0,-0.096153846,-0.111467236,0.01531339,14.25519567,13.84480433,0,98.89143058,0.062577455,0.029209348,14
2016-11-10,14,0,0,-1.75,-1.75,-1.75,-1.75,14,14,14,14.25,14,14.04,14.25,14,14.18,14.25,14,14.22,14.25,14,14.23,0,-0.086538462,-0.111111111,0.02457265,14.22067377,13.85432623,0,98.84040751,0.062577455,0.026097777,14
2016-11-11,14,0,0,-1.75,-1.75,-1.75,-1.75,14,14,14,14.25,14,14.03,14.25,14,14.18,14.25,14,14.22,14.25,14,14.23,0,-0.076923077,-0.108440171,0.031517094,14.17889675,13.87110325,0,98.79152083,0.062577455,0.021946061,14
2016-11-14,14,0,0,-1.75,-1.75,-1.75,-1.75,14,14,14,14.25,14,14.01,14.25,14,14.18,14.25,14,14.21,14.25,14,14.23,0,-0.067307692,-0.103454416,0.036146724,14.1243034,13.9006966,0,98.74476987,0.062577455,0.015957666,14
2016-11-15,14,0,0,-1.75,-1.75,-1.75,-1.75,14,14,14,14,14,14,14.25,14,14.17,14.25,14,14.21,14.25,14,14.23,0,-0.057692308,-0.096153846,0.038461538,14,14,0,98.70015422,0.062577455,0,14
2016-11-16,14,0,0,0,-1.75,-1.75,-1.75,14,14,14,14,14,14,14.25,14,14.17,14.25,14,14.21,14.25,14,14.23,0,-0.048076923,-0.086538462,0.038461538,14,14,0,98.74148685,0,0,14
2016-11-17,14,0,0,0,-1.75,-1.75,-1.75,14,14,14,14,14,14,14.25,14,14.17,14.25,14,14.21,14.25,14,14.23,0,-0.038461538,-0.076923077,0.038461538,14,14,0,98.78067603,0,0,14
2016-11-18,14,0,0,0,-1.75,-1.75,-1.75,14,14,14,14,14,14,14.25,14,14.16,14.25,14,14.21,14.25,14,14.23,0,-0.028846154,-0.067307692,0.038461538,14,14,0,98.8177166,0,0,14
2016-11-21,14,0,0,0,-1.75,-1.75,-1.75,14,14,14,14,14,14,14.25,14,14.16,14.25,14,14.2,14.25,14,14.23,0,-0.019230769,-0.057692308,0.038461538,14,14,0,98.85260371,0,0,14
2016-11-22,14,0,0,0,-1.75,-1.75,-1.75,14,14,14,14,14,14,14.25,14,14.15,14.25,14,14.2,14.25,14,14.23,0,-0.009615385,-0.048076923,0.038461538,14,14,0,98.88533274,0,0,14
2016-11-23,14,0,0,0,-1.75,-1.75,-1.75,14,14,14,14,14,14,14.25,14,14.15,14.25,14,14.2,14.25,14,14.23,0,0,-0.038461538,0.038461538,14,14,0,98.91589941,0,0,14
2016-11-24,14,0,0,0,-1.75,-1.75,-1.75,14,14,14,14,14,14,14.25,14,14.15,14.25,14,14.2,14.25,14,14.22,0,0,-0.02991453,0.02991453,14,14,0,98.94429966,0,0,14
2016-11-25,14,0,0,0,-1.75,-1.75,-1.75,14,14,14,14,14,14,14.25,14,14.14,14.25,14,14.2,14.25,14,14.22,0,0,-0.022435897,0.022435897,14,14,0,98.97052976,0,0,14
2016-11-28,14,0,0,0,-1.75,-1.75,-1.75,14,14,14,14,14,14,14.25,14,14.14,14.25,14,14.19,14.25,14,14.22,0,0,-0.016025641,0.016025641,14,14,0,98.99458623,0,0,14
2016-11-29,14,0,0,0,-1.75,-1.75,-1.75,14,14,14,14,14,14,14.25,14,14.13,14.25,14,14.19,14.25,14,14.22,0,0,-0.010683761,0.010683761,14,14,0,99.01646591,0,0,14
2016-11-30,13.75,-1.79,-1.79,-1.79,-3.51,-3.51,-3.51,14,13.75,13.95,14,13.75,13.99,14.25,13.75,14.13,14.25,13.75,14.19,14.25,13.75,14.22,0,-0.011217949,-0.007656695,-0.003561254,14.0993034,13.8756966,0,98.94992815,0.063705037,0.015986188,13.75
2016-12-01,13.75,0,-1.79,-1.79,-3.51,-3.51,-3.51,14,13.75,13.9,14,13.75,13.98,14.25,13.75,14.12,14.25,13.75,14.18,14.25,13.75,14.22,0,-0.022435897,-0.006944444,-0.015491453,14.12889675,13.82110325,0,98.88336097,0.063705037,0.02202458,13.75
2016-12-02,13.75,0,-1.79,-1.79,-3.51,-3.51,-3.51,14,13.75,13.85,14,13.75,13.96,14.25,13.75,14.11,14.25,13.75,14.18,14.25,13.75,14.22,0,-0.033653846,-0.008547009,-0.025106838,14.14567377,13.77932623,0,98.81676435,0.063705037,0.026237962,13.75
2016-12-05,13.75,0,-1.79,-1.79,-3.51,-3.51,-3.51,14,13.75,13.8,14,13.75,13.95,14.25,13.75,14.1,14.25,13.75,14.18,14.25,13.75,14.21,0,-0.044871795,-0.012464387,-0.032407407,14.15519567,13.74480433,0,98.75013826,0.063705037,0.029418734,13.75
2016-12-06,13.75,0,-1.79,-1.79,-3.51,-3.51,-3.51,13.75,13.75,13.75,14,13.75,13.94,14.25,13.75,14.1,14.25,13.75,14.17,14.25,13.75,14.21,0,-0.056089744,-0.018696581,-0.037393162,14.15963083,13.71536917,0,98.68348269,0.063705037,0.031875276,13.75
2016-12-07,13.75,0,0,-1.79,-3.51,-3.51,-3.51,13.75,13.75,13.75,14,13.75,13.93,14.25,13.75,14.09,14.25,13.75,14.17,14.25,13.75,14.21,0,-0.067307692,-0.026175214,-0.041132479,14.16008117,13.68991883,0,98.61679761,0.063705037,0.033763903,13.75
2016-12-08,13.75,0,0,-1.79,-3.51,-3.51,-3.51,13.75,13.75,13.75,14,13.75,13.91,14.25,13.75,14.08,14.25,13.75,14.17,14.25,13.75,14.21,0,-0.078525641,-0.034900285,-0.043625356,14.15718024,13.66781976,0,98.55008301,0.063705037,0.035174159,13.75
2016-12-09,13.75,0,0,-1.79,-3.51,-3.51,-3.51,13.75,13.75,13.75,14,13.75,13.9,14.25,13.75,14.07,14.25,13.75,14.16,14.25,13.75,14.21,0,-0.08974359,-0.044871795,-0.044871795,14.15131234,13.64868766,0,98.48333887,0.063705037,0.03616005,13.75
2016-12-12,13.75,0,0,-1.79,-3.51,-3.51,-3.51,13.75,13.75,13.75,14,13.75,13.89,14.25,13.75,14.07,14.25,13.75,14.16,14.25,13.75,14.2,0,-0.100961538,-0.056089744,-0.044871795,14.14270889,13.63229111,0,98.41656516,0.063705037,0.036753756,13.75
2016-12-13,13.75,0,0,-1.79,-3.51,-3.51,-3.51,13.75,13.75,13.75,14,13.75,13.88,14.25,13.75,14.06,14.25,13.75,14.15,14.25,13.75,14.2,0,-0.112179487,-0.067307692,-0.044871795,14.13149459,13.61850541,0,98.34976188,0.063705037,0.036972193,13.75
2016-12-14,13.75,0,0,-1.79,-3.51,-3.51,-3.51,13.75,13.75,13.75,14,13.75,13.86,14.25,13.75,14.05,14.25,13.75,14.15,14.25,13.75,14.2,0,-0.123397436,-0.078525641,-0.044871795,14.11770889,13.60729111,0,98.28510657,0.063705037,0.036820039,13.75
2016-12-15,13.75,0,0,-1.79,-3.51,-3.51,-3.51,13.75,13.75,13.75,14,13.75,13.85,14.25,13.75,14.04,14.25,13.75,14.15,14.25,13.75,14.2,0,-0.134615385,-0.08974359,-0.044871795,14.10131234,13.59868766,0,98.22259652,0.063705037,0.036290591,13.75
2016-12-16,13.75,0,0,-1.79,-3.51,-3.51,-3.51,13.75,13.75,13.75,14,13.75,13.84,14.25,13.75,14.03,14.25,13.75,14.14,14.25,13.75,14.2,0,-0.125,-0.098646724,-0.026353276,14.08218024,13.59281976,0,98.16222927,0.063705037,0.035364805,13.75
2016-12-19,13.75,0,0,-1.79,-3.51,-3.51,-3.51,13.75,13.75,13.75,14,13.75,13.83,14.25,13.75,14.03,14.25,13.75,14.14,14.25,13.75,14.19,0,-0.115384615,-0.105235043,-0.010149573,14.06008117,13.58991883,0,98.10400266,0.063705037,0.034008126,13.75
2016-12-20,13.75,0,0,-1.79,-3.51,-3.51,-3.51,13.75,13.75,13.75,14,13.75,13.81,14.25,13.75,14.02,14.25,13.75,14.13,14.25,13.75,14.19,0,-0.105769231,-0.109508547,0.003739316,14.03463083,13.59036917,0,98.04791482,0.063705037,0.03216374,13.75
2016-12-21,13.75,0,0,-1.79,-3.51,-3.51,-3.51,13.75,13.75,13.75,14,13.75,13.8,14.25,13.75,14.01,14.25,13.75,14.13,14.25,13.75,14.19,0,-0.096153846,-0.111467236,0.01531339,14.00519567,13.59480433,0,97.99396414,0.063705037,0.029738503,13.75
2016-12-22,13.75,0,0,-1.79,-3.51,-3.51,-3.51,13.75,13.75,13.75,14,13.75,13.79,14.25,13.75,14,14.25,13.75,14.13,14.25,13.75,14.19,0,-0.086538462,-0.111111111,0.02457265,13.97067377,13.60432623,0,97.94214931,0.063705037,0.026570992,13.75
2016-12-23,13.75,0,0,-1.79,-3.51,-3.51,-3.51,13.75,13.75,13.75,14,13.75,13.78,14.25,13.75,14,14.25,13.75,14.12,14.25,13.75,14.19,0,-0.076923077,-0.108440171,0.031517094,13.92889675,13.62110325,0,97.8924693,0.063705037,0.022344356,13.75
2016-12-26,13.75,0,0,-1.79,-3.51,-3.51,-3.51,13.75,13.75,13.75,14,13.75,13.76,14.25,13.75,13.99,14.25,13.75,14.12,14.25,13.75,14.18,0,-0.067307692,-0.103454416,0.036146724,13.8743034,13.6506966,0,97.84492335,0.063705037,0.016247542,13.75
2016-12-27,13.75,0,0,-1.79,-3.51,-3.51,-3.51,13.75,13.75,13.75,13.75,13.75,13.75,14.25,13.75,13.98,14.25,13.75,14.12,14.25,13.75,14.18,0,-0.057692308,-0.096153846,0.038461538,13.75,13.75,0,97.799511,0.063705037,0,13.75
2016-12-28,13.75,0,0,0,-3.51,-3.51,-3.51,13.75,13.75,13.75,13.75,13.75,13.75,14.25,13.75,13.97,14.25,13.75,14.11,14.25,13.75,14.18,0,-0.048076923,-0.086538462,0.038461538,13.75,13.75,0,97.84083076,0,0,13.75
2016-12-29,13.75,0,0,0,-3.51,-3.51,-3.51,13.75,13.75,13.75,13.75,13.75,13.75,14.25,13.75,13.97,14.25,13.75,14.11,14.25,13.75,14.18,0,-0.038461538,-0.076923077,0.038461538,13.75,13.75,0,97.88000801,0,0,13.75
2016-12-30,13.75,0,0,0,-3.51,-3.51,-3.51,13.75,13.75,13.75,13.75,13.75,13.75,14.25,13.75,13.96,14.25,13.75,14.1,14.25,13.75,14.18,0,-0.028846154,-0.067307692,0.038461538,13.75,13.75,0,97.91703756,0,0,13.75
2017-01-02,13.75,0,0,0,-3.51,-3.51,-3.51,13.75,13.75,13.75,13.75,13.75,13.75,14.25,13.75,13.95,14.25,13.75,14.1,14.25,13.75,14.18,0,-0.019230769,-0.057692308,0.038461538,13.75,13.75,0,97.95191451,0,0,13.75
2017-01-03,13.75,0,0,0,-3.51,-3.51,-3.51,13.75,13.75,13.75,13.75,13.75,13.75,14.25,13.75,13.94,14.25,13.75,14.1,14.25,13.75,14.17,0,-0.009615385,-0.048076923,0.038461538,13.75,13.75,0,97.98463423,0,0,13.75
2017-01-04,13.75,0,0,0,-3.51,-3.51,-3.51,13.75,13.75,13.75,13.75,13.75,13.75,14.25,13.75,13.93,14.25,13.75,14.09,14.25,13.75,14.17,0,0,-0.038461538,0.038461538,13.75,13.75,0,98.01519235,0,0,13.75
2017-01-05,13.75,0,0,0,-3.51,-3.51,-3.51,13.75,13.75,13.75,13.75,13.75,13.75,14.25,13.75,13.93,14.25,13.75,14.09,14.25,13.75,14.17,0,0,-0.02991453,0.02991453,13.75,13.75,0,98.04358483,0,0,13.75
2017-01-06,13.75,0,0,0,-3.51,-3.51,-3.51,13.75,13.75,13.75,13.75,13.75,13.75,14.25,13.75,13.92,14.25,13.75,14.08,14.25,13.75,14.17,0,0,-0.022435897,0.022435897,13.75,13.75,0,98.06980787,0,0,13.75
2017-01-09,13.75,0,0,0,-3.51,-3.51,-3.51,13.75,13.75,13.75,13.75,13.75,13.75,14.25,13.75,13.91,14.25,13.75,14.08,14.25,13.75,14.17,0,0,-0.016025641,0.016025641,13.75,13.75,0,98.09385799,0,0,13.75
2017-01-10,13.75,0,0,0,-3.51,-3.51,-3.51,13.75,13.75,13.75,13.75,13.75,13.75,14.25,13.75,13.9,14.25,13.75,14.08,14.25,13.75,14.16,0,0,-0.010683761,0.010683761,13.75,13.75,0,98.11573197,0,0,13.75
2017-01-11,13.75,0,0,0,-3.51,-3.51,-3.51,13.75,13.75,13.75,13.75,13.75,13.75,14.25,13.75,13.9,14.25,13.75,14.07,14.25,13.75,14.16,0,0,-0.006410256,0.006410256,13.75,13.75,0,98.13542689,0,0,13.75
2017-01-12,13.75,0,0,0,-3.51,-3.51,-3.51,13.75,13.75,13.75,13.75,13.75,13.75,14.25,13.75,13.89,14.25,13.75,14.07,14.25,13.75,14.16,0,0,-0.003205128,0.003205128,13.75,13.75,0,98.15294013,0,0,13.75
2017-01-13,13.75,0,0,0,-3.51,-3.51,-3.51,13.75,13.75,13.75,13.75,13.75,13.75,14.25,13.75,13.88,14.25,13.75,14.07,14.25,13.75,14.16,0,0,-0.001068376,0.001068376,13.75,13.75,0,98.16826934,0,0,13.75
2017-01-16,13.75,0,0,0,-3.51,-3.51,-3.51,13.75,13.75,13.75,13.75,13.75,13.75,14.25,13.75,13.87,14.25,13.75,14.06,14.25,13.75,14.16,0,0,0,0,13.75,13.75,0,98.18141247,0,0,13.75
2017-01-17,13.75,0,0,0,-3.51,-3.51,-3.51,13.75,13.75,13.75,13.75,13.75,13.75,14,13.75,13.87,14.25,13.75,14.06,14.25,13.75,14.15,0,0,0,0,13.75,13.75,0,98.23621344,0,0,13.75
2017-01-18,13.75,0,0,0,-1.79,-3.51,-3.51,13.75,13.75,13.75,13.75,13.75,13.75,14,13.75,13.86,14.25,13.75,14.05,14.25,13.75,14.15,0,0,0,0,13.75,13.75,0,98.28887995,0,0,13.75
2017-01-19,13.75,0,0,0,-1.79,-3.51,-3.51,13.75,13.75,13.75,13.75,13.75,13.75,14,13.75,13.86,14.25,13.75,14.05,14.25,13.75,14.15,0,0,0,0,13.75,13.75,0,98.33940505,0,0,13.75
2017-01-20,13.75,0,0,0,-1.79,-3.51,-3.51,13.75,13.75,13.75,13.75,13.75,13.75,14,13.75,13.85,14.25,13.75,14.05,14.25,13.75,14.15,0,0,0,0,13.75,13.75,0,98.38778203,0,0,13.75
2017-01-23,13.75,0,0,0,-1.79,-3.51,-3.51,13.75,13.75,13.75,13.75,13.75,13.75,14,13.75,13.85,14.25,13.75,14.04,14.25,13.75,14.15,0,0,0,0,13.75,13.75,0,98.43400447,0,0,13.75
2017-01-24,13.75,0,0,0,-1.79,-3.51,-3.51,13.75,13.75,13.75,13.75,13.75,13.75,14,13.75,13.85,14.25,13.75,14.04,14.25,13.75,14.14,0,0,0,0,13.75,13.75,0,98.47806625,0,0,13.75
2017-01-25,13.75,0,0,0,-1.79,-3.51,-3.51,13.75,13.75,13.75,13.75,13.75,13.75,14,13.75,13.84,14.25,13.75,14.03,14.25,13.75,14.14,0,0,0,0,13.75,13.75,0,98.52216749,0,0,13.75
2017-01-26,13.75,0,0,0,-1.79,-3.51,-3.51,13.75,13.75,13.75,13.75,13.75,13.75,14,13.75,13.84,14.25,13.75,14.03,14.25,13.75,14.14,0,0,0,0,13.75,13.75,0,98.56630824,0,0,13.75
2017-01-27,13.75,0,0,0,-1.79,-3.51,-3.51,13.75,13.75,13.75,13.75,13.75,13.75,14,13.75,13.83,14.25,13.75,14.03,14.25,13.75,14.14,0,0,0,0,13.75,13.75,0,98.61048857,0,0,13.75
2017-01-30,13.75,0,0,0,-1.79,-3.51,-3.51,13.75,13.75,13.75,13.75,13.75,13.75,14,13.75,13.83,14.25,13.75,14.02,14.25,13.75,14.14,0,0,0,0,13.75,13.75,0,98.65470852,0,0,13.75
2017-01-31,13.75,0,0,0,-1.79,-3.51,-3.51,13.75,13.75,13.75,13.75,13.75,13.75,14,13.75,13.83,14.25,13.75,14.02,14.25,13.75,14.13,0,0,0,0,13.75,13.75,0,98.69896815,0,0,13.75
2017-02-01,13.75,0,0,0,-1.79,-3.51,-3.51,13.75,13.75,13.75,13.75,13.75,13.75,14,13.75,13.82,14.25,13.75,14.02,14.25,13.75,14.13,0,0,0,0,13.75,13.75,0,98.7432675,0,0,13.75
2017-02-02,13.75,0,0,0,-1.79,-3.51,-3.51,13.75,13.75,13.75,13.75,13.75,13.75,14,13.75,13.82,14.25,13.75,14.01,14.25,13.75,14.13,0,0,0,0,13.75,13.75,0,98.78760665,0,0,13.75
2017-02-03,13.75,0,0,0,-1.79,-3.51,-3.51,13.75,13.75,13.75,13.75,13.75,13.75,14,13.75,13.82,14.25,13.75,14.01,14.25,13.75,14.13,0,0,0,0,13.75,13.75,0,98.83198562,0,0,13.75
2017-02-06,13.75,0,0,0,-1.79,-3.51,-3.51,13.75,13.75,13.75,13.75,13.75,13.75,14,13.75,13.81,14.25,13.75,14,14.25,13.75,14.13,0,0,0,0,13.75,13.75,0,98.87640449,0,0,13.75
2017-02-07,13.75,0,0,0,-1.79,-3.51,-3.51,13.75,13.75,13.75,13.75,13.75,13.75,14,13.75,13.81,14.25,13.75,14,14.25,13.75,14.13,0,0,0,0,13.75,13.75,0,98.92086331,0,0,13.75
2017-02-08,13.75,0,0,0,-1.79,-3.51,-3.51,13.75,13.75,13.75,13.75,13.75,13.75,14,13.75,13.8,14.25,13.75,14,14.25,13.75,14.12,0,0,0,0,13.75,13.75,0,98.96536212,0,0,13.75
2017-02-09,13.75,0,0,0,-1.79,-3.51,-3.51,13.75,13.75,13.75,13.75,13.75,13.75,14,13.75,13.8,14.25,13.75,13.99,14.25,13.75,14.12,0,0,0,0,13.75,13.75,0,99.00990099,0,0,13.75
2017-02-10,13.75,0,0,0,-1.79,-3.51,-3.51,13.75,13.75,13.75,13.75,13.75,13.75,14,13.75,13.8,14.25,13.75,13.99,14.25,13.75,14.12,0,0,0,0,13.75,13.75,0,99.05447996,0,0,13.75
2017-02-13,13.75,0,0,0,-1.79,-3.51,-3.51,13.75,13.75,13.75,13.75,13.75,13.75,14,13.75,13.79,14.25,13.75,13.98,14.25,13.75,14.12,0,0,0,0,13.75,13.75,0,99.0990991,0,0,13.75
2017-02-14,13.75,0,0,0,-1.79,-3.51,-3.51,13.75,13.75,13.75,13.75,13.75,13.75,14,13.75,13.79,14.25,13.75,13.98,14.25,13.75,14.12,0,0,0,0,13.75,13.75,0,99.0990991,0,0,13.75
2017-02-15,13.75,0,0,0,-1.79,-3.51,-3.51,13.75,13.75,13.75,13.75,13.75,13.75,14,13.75,13.78,14.25,13.75,13.98,14.25,13.75,14.11,0,0,0,0,13.75,13.75,0,99.0990991,0,0,13.75
2017-02-16,13.75,0,0,0,-1.79,-3.51,-3.51,13.75,13.75,13.75,13.75,13.75,13.75,14,13.75,13.78,14.25,13.75,13.97,14.25,13.75,14.11,0,0,0,0,13.75,13.75,0,99.0990991,0,0,13.75
2017-02-17,13.75,0,0,0,-1.79,-3.51,-3.51,13.75,13.75,13.75,13.75,13.75,13.75,14,13.75,13.78,14.25,13.75,13.97,14.25,13.75,14.11,0,0,0,0,13.75,13.75,0,99.0990991,0,0,13.75
2017-02-20,13.75,0,0,0,-1.79,-3.51,-3.51,13.75,13.75,13.75,13.75,13.75,13.75,14,13.75,13.77,14.25,13.75,13.97,14.25,13.75,14.11,0,0,0,0,13.75,13.75,0,99.0990991,0,0,13.75
2017-02-21,13.75,0,0,0,-1.79,-3.51,-3.51,13.75,13.75,13.75,13.75,13.75,13.75,14,13.75,13.77,14.25,13.75,13.96,14.25,13.75,14.11,0,0,0,0,13.75,13.75,0,99.0990991,0,0,13.75
2017-02-22,12.25,-10.91,-10.91,-10.91,-12.5,-14.04,-14.04,13.75,12.25,13.45,13.75,12.25,13.68,14,12.25,13.74,14.25,12.25,13.95,14.25,12.25,14.1,0,-0.067307692,-0.007478632,-0.05982906,14.34582039,13.00417961,0,98.57187908,0.408399729,0.098109015,12.25
2017-02-23,12.25,0,-10.91,-10.91,-12.5,-14.04,-14.04,13.75,12.25,13.15,13.75,12.25,13.6,14,12.25,13.72,14.25,12.25,13.93,14.25,12.25,14.09,0,-0.134615385,-0.022435897,-0.112179487,14.52338052,12.67661948,0,98.05777117,0.408399729,0.135791252,12.25
2017-02-24,12.25,0,-10.91,-10.91,-12.5,-14.04,-14.04,13.75,12.25,12.85,13.75,12.25,13.53,14,12.25,13.69,14.25,12.25,13.92,14.25,12.25,14.08,0,-0.201923077,-0.044871795,-0.157051282,14.62404265,12.42595735,0,97.55657741,0.408399729,0.162520169,12.25
2017-02-27,12.25,0,-10.91,-10.91,-12.5,-14.04,-14.04,13.75,12.25,12.55,13.75,12.25,13.45,14,12.25,13.66,14.25,12.25,13.9,14.25,12.25,14.08,0,-0.269230769,-0.074786325,-0.194444444,14.68117402,12.21882598,0,97.06811006,0.408399729,0.183074204,12.25
2017-02-28,12.25,0,-10.91,-10.91,-12.5,-14.04,-14.04,12.25,12.25,12.25,13.75,12.25,13.38,13.75,12.25,13.63,14.25,12.25,13.88,14.25,12.25,14.07,0,-0.336538462,-0.112179487,-0.224358974,14.70778497,12.04221503,0,96.63580944,0.408399729,0.19929495,12.25
2017-03-01,12.25,0,0,-10.91,-10.91,-14.04,-14.04,12.25,12.25,12.25,13.75,12.25,13.3,13.75,12.25,13.61,14.25,12.25,13.87,14.25,12.25,14.06,0,-0.403846154,-0.157051282,-0.246794872,14.71048704,11.88951296,0,96.21558077,0.408399729,0.212103314,12.25
2017-03-02,12.25,0,0,-10.91,-10.91,-14.04,-14.04,12.25,12.25,12.25,13.75,12.25,13.23,13.75,12.25,13.59,14.25,12.25,13.85,14.25,12.25,14.05,0,-0.471153846,-0.209401709,-0.261752137,14.69308145,11.75691855,0,95.80729874,0.408399729,0.222016099,12.25
2017-03-03,12.25,0,0,-10.91,-10.91,-14.04,-14.04,12.25,12.25,12.25,13.75,12.25,13.15,13.75,12.25,13.57,14.25,12.25,13.84,14.25,12.25,14.04,0,-0.538461538,-0.269230769,-0.269230769,14.65787407,11.64212593,0,95.41084709,0.408399729,0.229334459,12.25
2017-03-06,12.25,0,0,-10.91,-10.91,-14.04,-14.04,12.25,12.25,12.25,13.75,12.25,13.08,13.75,12.25,13.54,14.25,12.25,13.82,14.25,12.25,14.04,0,-0.605769231,-0.336538462,-0.269230769,14.60625336,11.54374664,0,95.02611856,0.408399729,0.234226135,12.25
2017-03-07,12.25,0,0,-10.91,-10.91,-14.04,-14.04,12.25,12.25,12.25,13.75,12.25,13,13.75,12.25,13.52,14.25,12.25,13.81,14.25,12.25,14.03,0,-0.673076923,-0.403846154,-0.269230769,14.53896753,11.46103247,0,94.65301479,0.408399729,0.236764235,12.25
2017-03-08,12.25,0,0,-10.91,-10.91,-14.04,-14.04,12.25,12.25,12.25,13.75,12.25,12.93,13.75,12.25,13.5,14.25,12.25,13.79,14.25,12.25,14.02,0,-0.740384615,-0.471153846,-0.269230769,14.45625336,11.39374664,0,94.29144629,0.408399729,0.236944427,12.25
2017-03-09,12.25,0,0,-10.91,-10.91,-14.04,-14.04,12.25,12.25,12.25,13.75,12.25,12.85,13.75,12.25,13.47,14.25,12.25,13.78,14.25,12.25,14.01,0,-0.807692308,-0.538461538,-0.269230769,14.35787407,11.34212593,0,93.94133236,0.408399729,0.234688571,12.25
2017-03-10,12.25,0,0,-10.91,-10.91,-14.04,-14.04,12.25,12.25,12.25,13.75,12.25,12.78,13.75,12.25,13.45,14.25,12.25,13.76,14.25,12.25,14.01,0,-0.75,-0.591880342,-0.158119658,14.24308145,11.30691855,0,93.60260109,0.408399729,0.229836627,12.25
2017-03-13,12.25,0,0,-10.91,-10.91,-14.04,-14.04,12.25,12.25,12.25,13.75,12.25,12.7,13.75,12.25,13.43,14.25,12.25,13.75,14.25,12.25,14,0,-0.692307692,-0.631410256,-0.060897436,14.11048704,11.28951296,0,93.27518935,0.408399729,0.222123943,12.25
2017-03-14,12.25,0,0,-10.91,-10.91,-14.04,-14.04,12.25,12.25,12.25,13.75,12.25,12.63,13.75,12.25,13.4,14.25,12.25,13.73,14.25,12.25,13.99,0,-0.634615385,-0.657051282,0.022435897,13.95778497,11.29221503,0,92.9590428,0.408399729,0.211134253,12.25
2017-03-15,12.25,0,0,-10.91,-10.91,-14.04,-14.04,12.25,12.25,12.25,13.75,12.25,12.55,13.75,12.25,13.38,14.25,12.25,13.72,14.25,12.25,13.98,0,-0.576923077,-0.668803419,0.091880342,13.78117402,11.31882598,0,92.65411591,0.408399729,0.196203031,12.25
2017-03-16,12.25,0,0,-10.91,-10.91,-14.04,-14.04,12.25,12.25,12.25,13.75,12.25,12.48,13.75,12.25,13.36,14.25,12.25,13.7,14.25,12.25,13.98,0,-0.519230769,-0.666666667,0.147435897,13.57404265,11.37595735,0,92.36037203,0.408399729,0.176199222,12.25
2017-03-17,12.25,0,0,-10.91,-10.91,-14.04,-14.04,12.25,12.25,12.25,13.75,12.25,12.4,13.75,12.25,13.33,14.25,12.25,13.68,14.25,12.25,13.97,0,-0.461538462,-0.650641026,0.189102564,13.32338052,11.47661948,0,92.07778345,0.408399729,0.148932341,12.25
2017-03-20,12.25,0,0,-10.91,-10.91,-14.04,-14.04,12.25,12.25,12.25,13.75,12.25,12.33,13.75,12.25,13.31,14.25,12.25,13.67,14.25,12.25,13.96,0,-0.403846154,-0.620726496,0.216880342,12.99582039,11.65417961,0,91.80633147,0.408399729,0.108855236,12.25
2017-03-21,12.25,0,0,-10.91,-10.91,-14.04,-14.04,12.25,12.25,12.25,12.25,12.25,12.25,13.75,12.25,13.29,14.25,12.25,13.65,14.25,12.25,13.95,0,-0.346153846,-0.576923077,0.230769231,12.25,12.25,0,91.54600654,0.408399729,0,12.25
2017-03-22,12.25,0,0,0,-10.91,-14.04,-14.04,12.25,12.25,12.25,12.25,12.25,12.25,13.75,12.25,13.27,14.25,12.25,13.64,14.25,12.25,13.94,0,-0.288461538,-0.519230769,0.230769231,12.25,12.25,0,91.833388,0,0,12.25
2017-03-23,12.25,0,0,0,-10.91,-14.04,-14.04,12.25,12.25,12.25,12.25,12.25,12.25,13.75,12.25,13.24,14.25,12.25,13.62,14.25,12.25,13.94,0,-0.230769231,-0.461538462,0.230769231,12.25,12.25,0,92.10959162,0,0,12.25
2017-03-24,12.25,0,0,0,-10.91,-14.04,-14.04,12.25,12.25,12.25,12.25,12.25,12.25,13.75,12.25,13.22,14.25,12.25,13.61,14.25,12.25,13.93,0,-0.173076923,-0.403846154,0.230769231,12.25,12.25,0,92.3743991,0,0,12.25
2017-03-27,12.25,0,0,0,-10.91,-14.04,-14.04,12.25,12.25,12.25,12.25,12.25,12.25,13.75,12.25,13.2,14.25,12.25,13.59,14.25,12.25,13.92,0,-0.115384615,-0.346153846,0.230769231,12.25,12.25,0,92.62759924,0,0,12.25
2017-03-28,12.25,0,0,0,-10.91,-14.04,-14.04,12.25,12.25,12.25,12.25,12.25,12.25,13.75,12.25,13.17,14.25,12.25,13.58,14.25,12.25,13.91,0,-0.057692308,-0.288461538,0.230769231,12.25,12.25,0,92.82500592,0,0,12.25
2017-03-29,12.25,0,0,0,-10.91,-14.04,-14.04,12.25,12.25,12.25,12.25,12.25,12.25,13.75,12.25,13.15,14.25,12.25,13.56,14.25,12.25,13.91,0,0,-0.230769231,0.230769231,12.25,12.25,0,93.01001281,0,0,12.25
2017-03-30,12.25,0,0,0,-10.91,-14.04,-14.04,12.25,12.25,12.25,12.25,12.25,12.25,13.75,12.25,13.13,14.25,12.25,13.55,14.25,12.25,13.9,0,0,-0.179487179,0.179487179,12.25,12.25,0,93.18246648,0,0,12.25
2017-03-31,12.25,0,0,0,-10.91,-14.04,-14.04,12.25,12.25,12.25,12.25,12.25,12.25,13.75,12.25,13.1,14.25,12.25,13.53,14.25,12.25,13.89,0,0,-0.134615385,0.134615385,12.25,12.25,0,93.34222307,0,0,12.25
2017-04-03,12.25,0,0,0,-10.91,-14.04,-14.04,12.25,12.25,12.25,12.25,12.25,12.25,13.75,12.25,13.08,14.25,12.25,13.52,14.25,12.25,13.88,0,0,-0.096153846,0.096153846,12.25,12.25,0,93.48914858,0,0,12.25
2017-04-04,12.25,0,0,0,-10.91,-14.04,-14.04,12.25,12.25,12.25,12.25,12.25,12.25,13.75,12.25,13.06,14.25,12.25,13.5,14.25,12.25,13.88,0,0,-0.064102564,0.064102564,12.25,12.25,0,93.62311918,0,0,12.25
2017-04-05,12.25,0,0,0,-10.91,-14.04,-14.04,12.25,12.25,12.25,12.25,12.25,12.25,13.75,12.25,13.03,14.25,12.25,13.48,14.25,12.25,13.87,0,0,-0.038461538,0.038461538,12.25,12.25,0,93.74402143,0,0,12.25
2017-04-06,12.25,0,0,0,-10.91,-14.04,-14.04,12.25,12.25,12.25,12.25,12.25,12.25,13.75,12.25,13.01,14.25,12.25,13.47,14.25,12.25,13.86,0,0,-0.019230769,0.019230769,12.25,12.25,0,93.85175254,0,0,12.25
2017-04-07,12.25,0,0,0,-10.91,-14.04,-14.04,12.25,12.25,12.25,12.25,12.25,12.25,13.75,12.25,12.99,14.25,12.25,13.45,14.25,12.25,13.85,0,0,-0.006410256,0.006410256,12.25,12.25,0,93.94622058,0,0,12.25
2017-04-10,12.25,0,0,0,-10.91,-14.04,-14.04,12.25,12.25,12.25,12.25,12.25,12.25,13.75,12.25,12.97,14.25,12.25,13.44,14.25,12.25,13.84,0,0,0,0,12.25,12.25,0,94.02734469,0,0,12.25
2017-04-11,12.25,0,0,0,-10.91,-14.04,-14.04,12.25,12.25,12.25,12.25,12.25,12.25,13.75,12.25,12.94,14.25,12.25,13.42,14.25,12.25,13.84,0,0,0,0,12.25,12.25,0,94.09505521,0,0,12.25
2017-04-12,11.25,-8.16,-8.16,-8.16,-18.18,-21.05,-21.05,12.25,11.25,12.05,12.25,11.25,12.2,13.75,11.25,12.9,14.25,11.25,13.4,14.25,11.25,13.83,0,-0.044871795,-0.004985755,-0.03988604,12.6472136,11.7527864,0,93.77401998,0.301078319,0.073313704,11.25
2017-04-13,11.25,0,-8.16,-8.16,-18.18,-21.05,-21.05,12.25,11.25,11.85,12.25,11.25,12.15,13.75,11.25,12.87,14.25,11.25,13.38,14.25,11.25,13.81,0,-0.08974359,-0.014957265,-0.074786325,12.76558701,11.53441299,0,93.44806038,0.301078319,0.101331195,11.25
2017-04-14,11.25,0,-8.16,-8.16,-18.18,-21.05,-21.05,12.25,11.25,11.65,12.25,11.25,12.1,13.75,11.25,12.83,14.25,11.25,13.35,14.25,11.25,13.8,0,-0.134615385,-0.02991453,-0.104700855,12.8326951,11.3673049,0,93.11721418,0.301078319,0.121106628,11.25
2017-04-17,11.25,0,-8.16,-8.16,-18.18,-21.05,-21.05,12.25,11.25,11.45,12.25,11.25,12.05,13.75,11.25,12.79,14.25,11.25,13.33,14.25,11.25,13.79,0,-0.179487179,-0.04985755,-0.12962963,12.87078268,11.22921732,0,92.78152069,0.301078319,0.136229491,11.25
2017-04-18,11.25,0,-8.16,-8.16,-18.18,-21.05,-21.05,11.25,11.25,11.25,12.25,11.25,12,13.75,11.25,12.75,14,11.25,13.31,14.25,11.25,13.78,0,-0.224358974,-0.074786325,-0.14957265,12.88852332,11.11147668,0,92.4410207,0.301078319,0.148087219,11.25
2017-04-19,11.25,0,0,-8.16,-18.18,-19.64,-21.05,11.25,11.25,11.25,12.25,11.25,11.95,13.75,11.25,12.71,14,11.25,13.29,14.25,11.25,13.77,0,-0.269230769,-0.104700855,-0.164529915,12.89032469,11.00967531,0,92.10906638,0.301078319,0.157376517,11.25
2017-04-20,11.25,0,0,-8.16,-18.18,-19.64,-21.05,11.25,11.25,11.25,12.25,11.25,11.9,13.75,11.25,12.67,14,11.25,13.27,14.25,11.25,13.76,0,-0.314102564,-0.13960114,-0.174501425,12.87872097,10.92127903,0,91.78557655,0.301078319,0.164490919,11.25
2017-04-21,11.25,0,0,-8.16,-18.18,-19.64,-21.05,11.25,11.25,11.25,12.25,11.25,11.85,13.75,11.25,12.63,14,11.25,13.24,14.25,11.25,13.74,0,-0.358974359,-0.179487179,-0.179487179,12.85524938,10.84475062,0,91.47047472,0.301078319,0.169662343,11.25
2017-04-24,11.25,0,0,-8.16,-18.18,-19.64,-21.05,11.25,11.25,11.25,12.25,11.25,11.8,13.75,11.25,12.6,14,11.25,13.22,14.25,11.25,13.73,0,-0.403846154,-0.224358974,-0.179487179,12.82083557,10.77916443,0,91.16368904,0.301078319,0.173022978,11.25
2017-04-25,11.25,0,0,-8.16,-18.18,-19.64,-21.05,11.25,11.25,11.25,12.25,11.25,11.75,13.75,11.25,12.56,14,11.25,13.2,14.25,11.25,13.72,0,-0.448717949,-0.269230769,-0.179487179,12.77597835,10.72402165,0,90.86515225,0.301078319,0.174634613,11.25
2017-04-26,11.25,0,0,-8.16,-18.18,-19.64,-21.05,11.25,11.25,11.25,12.25,11.25,11.7,13.75,11.25,12.52,14,11.25,13.18,14.25,11.25,13.71,0,-0.493589744,-0.314102564,-0.179487179,12.72083557,10.67916443,0,90.57480163,0.301078319,0.174501807,11.25
2017-04-27,11.25,0,0,-8.16,-18.18,-19.64,-21.05,11.25,11.25,11.25,12.25,11.25,11.65,13.75,11.25,12.48,14,11.25,13.16,14.25,11.25,13.7,0,-0.538461538,-0.358974359,-0.179487179,12.65524938,10.64475062,0,90.29257896,0.301078319,0.172575001,11.25
2017-04-28,11.25,0,0,-8.16,-18.18,-19.64,-21.05,11.25,11.25,11.25,12.25,11.25,11.6,13.75,11.25,12.44,14,11.25,13.14,14.25,11.25,13.69,0,-0.5,-0.394586895,-0.105413105,12.57872097,10.62127903,0,90.0184305,0.301078319,0.168744995,11.25
2017-05-01,11.25,0,0,-8.16,-18.18,-19.64,-21.05,11.25,11.25,11.25,12.25,11.25,11.55,13.75,11.25,12.4,14,11.25,13.12,14.25,11.25,13.68,0,-0.461538462,-0.420940171,-0.040598291,12.49032469,10.60967531,0,89.75230695,0.301078319,0.162826786,11.25
2017-05-02,11.25,0,0,-8.16,-18.18,-19.64,-21.05,11.25,11.25,11.25,12.25,11.25,11.5,13.75,11.25,12.37,14,11.25,13.1,14.25,11.25,13.66,0,-0.423076923,-0.438034188,0.014957265,12.38852332,10.61147668,0,89.49416342,0.301078319,0.154525794,11.25
2017-05-03,11.25,0,0,-8.16,-18.18,-19.64,-21.05,11.25,11.25,11.25,12.25,11.25,11.45,13.75,11.25,12.33,14,11.25,13.08,14.25,11.25,13.65,0,-0.384615385,-0.445868946,0.061253561,12.27078268,10.62921732,0,89.24395947,0.301078319,0.143368154,11.25
2017-05-04,11.25,0,0,-8.16,-18.18,-19.64,-21.05,11.25,11.25,11.25,12.25,11.25,11.4,13.75,11.25,12.29,14,11.25,13.05,14.25,11.25,13.64,0,-0.346153846,-0.444444444,0.098290598,12.1326951,10.6673049,0,89.00165902,0.301078319,0.128542999,11.25
2017-05-05,11.25,0,0,-8.16,-18.18,-19.64,-21.05,11.25,11.25,11.25,12.25,11.25,11.35,13.75,11.25,12.25,14,11.25,13.03,14.25,11.25,13.63,0,-0.307692308,-0.433760684,0.126068376,11.96558701,10.73441299,0,88.76723042,0.301078319,0.108473482,11.25
2017-05-08,11.25,0,0,-8.16,-18.18,-19.64,-21.05,11.25,11.25,11.25,12.25,11.25,11.3,13.75,11.25,12.21,14,11.25,13.01,14.25,11.25,13.62,0,-0.269230769,-0.413817664,0.144586895,11.7472136,10.8527864,0,88.54064643,0.301078319,0.079152849,11.25
2017-05-09,11.25,0,0,-8.16,-18.18,-19.64,-21.05,11.25,11.25,11.25,11.25,11.25,11.25,13.75,11.25,12.17,14,11.25,12.99,14.25,11.25,13.61,0,-0.230769231,-0.384615385,0.153846154,11.25,11.25,0,88.3218842,0.301078319,0,11.25
2017-05-10,11.25,0,0,0,-18.18,-19.64,-21.05,11.25,11.25,11.25,11.25,11.25,11.25,13.75,11.25,12.13,14,11.25,12.97,14.25,11.25,13.59,0,-0.192307692,-0.346153846,0.153846154,11.25,11.25,0,88.48687445,0,0,11.25
2017-05-11,11.25,0,0,0,-18.18,-19.64,-21.05,11.25,11.25,11.25,11.25,11.25,11.25,13.75,11.25,12.1,14,11.25,12.95,14.25,11.25,13.58,0,-0.153846154,-0.307692308,0.153846154,11.25,11.25,0,88.64375062,0,0,11.25
2017-05-12,11.25,0,0,0,-18.18,-19.64,-21.05,11.25,11.25,11.25,11.25,11.25,11.25,13.75,11.25,12.06,14,11.25,12.93,14.25,11.25,13.57,0,-0.115384615,-0.269230769,0.153846154,11.25,11.25,0,88.79242305,0,0,11.25
2017-05-15,11.25,0,0,0,-18.18,-19.64,-21.05,11.25,11.25,11.25,11.25,11.25,11.25,13.75,11.25,12.02,14,11.25,12.91,14.25,11.25,13.56,0,-0.076923077,-0.230769231,0.153846154,11.25,11.25,0,88.93280632,0,0,11.25
2017-05-16,11.25,0,0,0,-18.18,-19.64,-21.05,11.25,11.25,11.25,11.25,11.25,11.25,13.75,11.25,11.98,14,11.25,12.88,14.25,11.25,13.55,0,-0.038461538,-0.192307692,0.153846154,11.25,11.25,0,89.0648194,0,0,11.25
2017-05-17,11.25,0,0,0,-18.18,-19.64,-21.05,11.25,11.25,11.25,11.25,11.25,11.25,13.75,11.25,11.94,14,11.25,12.86,14.25,11.25,13.54,0,0,-0.153846154,0.153846154,11.25,11.25,0,89.18838569,0,0,11.25
2017-05-18,11.25,0,0,0,-18.18,-19.64,-21.05,11.25,11.25,11.25,11.25,11.25,11.25,13.75,11.25,11.9,14,11.25,12.84,14.25,11.25,13.53,0,0,-0.11965812,0.11965812,11.25,11.25,0,89.30343322,0,0,11.25
2017-05-19,11.25,0,0,0,-18.18,-19.64,-21.05,11.25,11.25,11.25,11.25,11.25,11.25,13.75,11.25,11.87,14,11.25,12.82,14.25,11.25,13.51,0,0,-0.08974359,0.08974359,11.25,11.25,0,89.4098947,0,0,11.25
2017-05-22,11.25,0,0,0,-18.18,-19.64,-21.05,11.25,11.25,11.25,11.25,11.25,11.25,13.75,11.25,11.83,14,11.25,12.8,14.25,11.25,13.5,0,0,-0.064102564,0.064102564,11.25,11.25,0,89.50770761,0,0,11.25
2017-05-23,11.25,0,0,0,-18.18,-19.64,-21.05,11.25,11.25,11.25,11.25,11.25,11.25,12.25,11.25,11.79,14,11.25,12.78,14.25,11.25,13.49,0,0,-0.042735043,0.042735043,11.25,11.25,0,89.8652022,0,0,11.25
2017-05-24,11.25,0,0,0,-8.16,-19.64,-21.05,11.25,11.25,11.25,11.25,11.25,11.25,12.25,11.25,11.77,14,11.25,12.76,14.25,11.25,13.48,0,0,-0.025641026,0.025641026,11.25,11.25,0,90.21651965,0,0,11.25
2017-05-25,11.25,0,0,0,-8.16,-19.64,-21.05,11.25,11.25,11.25,11.25,11.25,11.25,12.25,11.25,11.76,14,11.25,12.74,14.25,11.25,13.47,0,0,-0.012820513,0.012820513,11.25,11.25,0,90.56148118,0,0,11.25
2017-05-26,11.25,0,0,0,-8.16,-19.64,-21.05,11.25,11.25,11.25,11.25,11.25,11.25,12.25,11.25,11.74,14,11.25,12.72,14.25,11.25,13.46,0,0,-0.004273504,0.004273504,11.25,11.25,0,90.8999091,0,0,11.25
2017-05-29,11.25,0,0,0,-8.16,-19.64,-21.05,11.25,11.25,11.25,11.25,11.25,11.25,12.25,11.25,11.73,14,11.25,12.69,14.25,11.25,13.44,0,0,0,0,11.25,11.25,0,91.23162696,0,0,11.25
2017-05-30,11.25,0,0,0,-8.16,-19.64,-21.05,11.25,11.25,11.25,11.25,11.25,11.25,12.25,11.25,11.71,13.75,11.25,12.67,14.25,11.25,13.43,0,0,0,0,11.25,11.25,0,91.55645982,0,0,11.25
2017-05-31,10.25,-8.89,-8.89,-8.89,-16.33,-25.45,-28.07,11.25,10.25,11.05,11.25,10.25,11.2,12.25,10.25,11.68,13.75,10.25,12.65,14.25,10.25,13.42,0,-0.044871795,-0.004985755,-0.03988604,11.6472136,10.7527864,0,91.47524247,0.329124347,0.079859571,10.25
2017-06-01,10.25,0,-8.89,-8.89,-16.33,-25.45,-28.07,11.25,10.25,10.85,11.25,10.25,11.15,12.25,10.25,11.65,13.75,10.25,12.62,14.25,10.25,13.4,0,-0.08974359,-0.014957265,-0.074786325,11.76558701,10.53441299,0,91.39344262,0.329124347,0.110419195,10.25
2017-06-02,10.25,0,-8.89,-8.89,-16.33,-25.45,-28.07,11.25,10.25,10.65,11.25,10.25,11.1,12.25,10.25,11.62,13.75,10.25,12.59,14.25,10.25,13.39,0,-0.134615385,-0.02991453,-0.104700855,11.8326951,10.3673049,0,91.31105398,0.329124347,0.132017135,10.25
2017-06-05,10.25,0,-8.89,-8.89,-16.33,-25.45,-28.07,11.25,10.25,10.45,11.25,10.25,11.05,12.25,10.25,11.59,13.75,10.25,12.57,14.25,10.25,13.37,0,-0.179487179,-0.04985755,-0.12962963,11.87078268,10.22921732,0,91.22807018,0.329124347,0.148557951,10.25
2017-06-06,10.25,0,-8.89,-8.89,-16.33,-25.45,-28.07,10.25,10.25,10.25,11.25,10.25,11,12.25,10.25,11.56,13.75,10.25,12.54,14.25,10.25,13.36,0,-0.224358974,-0.074786325,-0.14957265,11.88852332,10.11147668,0,91.14448472,0.329124347,0.161549694,10.25
2017-06-07,10.25,0,0,-8.89,-16.33,-25.45,-28.07,10.25,10.25,10.25,11.25,10.25,10.95,12.25,10.25,11.53,13.75,10.25,12.51,14.25,10.25,13.34,0,-0.269230769,-0.104700855,-0.164529915,11.89032469,10.00967531,0,91.06975777,0.329124347,0.171748802,10.25
2017-06-08,10.25,0,0,-8.89,-16.33,-25.45,-28.07,10.25,10.25,10.25,11.25,10.25,10.9,12.25,10.25,11.5,13.75,10.25,12.48,14.25,10.25,13.33,0,-0.314102564,-0.13960114,-0.174501425,11.87872097,9.92127903,0,91.00396577,0.329124347,0.179581829,10.25
2017-06-09,10.25,0,0,-8.89,-16.33,-25.45,-28.07,10.25,10.25,10.25,11.25,10.25,10.85,12.25,10.25,11.47,13.75,10.25,12.46,14.25,10.25,13.31,0,-0.358974359,-0.179487179,-0.179487179,11.85524938,9.84475062,0,90.94719195,0.329124347,0.185299425,10.25
2017-06-12,10.25,0,0,-8.89,-16.33,-25.45,-28.07,10.25,10.25,10.25,11.25,10.25,10.8,12.25,10.25,11.43,13.75,10.25,12.43,14.25,10.25,13.29,0,-0.403846154,-0.224358974,-0.179487179,11.82083557,9.779164429,0,90.89952656,0.329124347,0.189043624,10.25
2017-06-13,10.25,0,0,-8.89,-16.33,-25.45,-28.07,10.25,10.25,10.25,11.25,10.25,10.75,12.25,10.25,11.4,13.75,10.25,12.4,14.25,10.25,13.28,0,-0.448717949,-0.269230769,-0.179487179,11.77597835,9.724021648,0,90.86106709,0.329124347,0.190879693,10.25
2017-06-14,10.25,0,0,-8.89,-16.33,-25.45,-28.07,10.25,10.25,10.25,11.25,10.25,10.7,12.25,10.25,11.37,13.75,10.25,12.38,14.25,10.25,13.26,0,-0.493589744,-0.314102564,-0.179487179,11.72083557,9.679164429,0,90.83191851,0.329124347,0.190810387,10.25
2017-06-15,10.25,0,0,-8.89,-16.33,-25.45,-28.07,10.25,10.25,10.25,11.25,10.25,10.65,12.25,10.25,11.34,13.75,10.25,12.35,14.25,10.25,13.25,0,-0.538461538,-0.358974359,-0.179487179,11.65524938,9.64475062,0,90.81219356,0.329124347,0.188779226,10.25
2017-06-16,10.25,0,0,-8.89,-16.33,-25.45,-28.07,10.25,10.25,10.25,11.25,10.25,10.6,12.25,10.25,11.31,13.75,10.25,12.32,14.25,10.25,13.23,0,-0.5,-0.394586895,-0.105413105,11.57872097,9.62127903,0,90.80201306,0.329124347,0.184664334,10.25
2017-06-19,10.25,0,0,-8.89,-16.33,-25.45,-28.07,10.25,10.25,10.25,11.25,10.25,10.55,12.25,10.25,11.28,13.75,10.25,12.3,14.25,10.25,13.22,0,-0.461538462,-0.420940171,-0.040598291,11.49032469,9.609675308,0,90.80150619,0.329124347,0.178260605,10.25
2017-06-20,10.25,0,0,-8.89,-16.33,-25.45,-28.07,10.25,10.25,10.25,11.25,10.25,10.5,12.25,10.25,11.25,13.75,10.25,12.27,14.25,10.25,13.2,0,-0.423076923,-0.438034188,0.014957265,11.38852332,9.611476683,0,90.51724138,0.329124347,0.169242537,10.25
2017-06-21,10.25,0,0,-8.89,-16.33,-25.45,-28.07,10.25,10.25,10.25,11.25,10.25,10.45,12.25,10.25,11.22,13.75,10.25,12.24,14.25,10.25,13.19,0,-0.384615385,-0.445868946,0.061253561,11.27078268,9.629217318,0,90.2417962,0.329124347,0.157087595,10.25
2017-06-22,10.25,0,0,-8.89,-16.33,-25.45,-28.07,10.25,10.25,10.25,11.25,10.25,10.4,12.25,10.25,11.19,13.75,10.25,12.22,14.25,10.25,13.17,0,-0.346153846,-0.444444444,0.098290598,11.1326951,9.667304903,0,89.97512707,0.329124347,0.140902903,10.25
2017-06-23,10.25,0,0,-8.89,-16.33,-25.45,-28.07,10.25,10.25,10.25,11.25,10.25,10.35,12.25,10.25,11.16,13.75,10.25,12.19,14.25,10.25,13.16,0,-0.307692308,-0.433760684,0.126068376,10.96558701,9.734412989,0,89.7171958,0.329124347,0.118954012,10.25
2017-06-26,10.25,0,0,-8.89,-16.33,-25.45,-28.07,10.25,10.25,10.25,11.25,10.25,10.3,12.25,10.25,11.13,13.75,10.25,12.16,14.25,10.25,13.14,0,-0.269230769,-0.413817664,0.144586895,10.7472136,9.852786405,0,89.4679696,0.329124347,0.086837591,10.25
2017-06-27,10.25,0,0,-8.89,-16.33,-25.45,-28.07,10.25,10.25,10.25,10.25,10.25,10.25,12.25,10.25,11.1,13.75,10.25,12.13,14.25,10.25,13.13,0,-0.230769231,-0.384615385,0.153846154,10.25,10.25,0,89.22742111,0.329124347,0,10.25
2017-06-28,10.25,0,0,0,-16.33,-25.45,-28.07,10.25,10.25,10.25,10.25,10.25,10.25,12.25,10.25,11.07,13.75,10.25,12.11,14.25,10.25,13.11,0,-0.192307692,-0.346153846,0.153846154,10.25,10.25,0,89.41227783,0,0,10.25
2017-06-29,10.25,0,0,0,-16.33,-25.45,-28.07,10.25,10.25,10.25,10.25,10.25,10.25,12.25,10.25,11.03,13.75,10.25,12.08,14.25,10.25,13.09,0,-0.153846154,-0.307692308,0.153846154,10.25,10.25,0,89.58811319,0,0,10.25
2017-06-30,10.25,0,0,0,-16.33,-25.45,-28.07,10.25,10.25,10.25,10.25,10.25,10.25,12.25,10.25,11,13.75,10.25,12.05,14.25,10.25,13.08,0,-0.115384615,-0.269230769,0.153846154,10.25,10.25,0,89.75481611,0,0,10.25
2017-07-03,10.25,0,0,0,-16.33,-25.45,-28.07,10.25,10.25,10.25,10.25,10.25,10.25,12.25,10.25,10.97,13.75,10.25,12.03,14.25,10.25,13.06,0,-0.076923077,-0.230769231,0.153846154,10.25,10.25,0,89.9122807,0,0,10.25
2017-07-04,10.25,0,0,0,-16.33,-25.45,-28.07,10.25,10.25,10.25,10.25,10.25,10.25,12.25,10.25,10.94,13.75,10.25,12,14.25,10.25,13.05,0,-0.038461538,-0.192307692,0.153846154,10.25,10.25,0,90.06040637,0,0,10.25
2017-07-05,10.25,0,0,0,-16.33,-25.45,-28.07,10.25,10.25,10.25,10.25,10.25,10.25,12.25,10.25,10.91,13.75,10.25,11.97,14.25,10.25,13.03,0,0,-0.153846154,0.153846154,10.25,10.25,0,90.19909801,0,0,10.25
2017-07-06,10.25,0,0,0,-16.33,-25.45,-28.07,10.25,10.25,10.25,10.25,10.25,10.25,12.25,10.25,10.88,13.75,10.25,11.95,14.25,10.25,13.02,0,0,-0.11965812,0.11965812,10.25,10.25,0,90.32826614,0,0,10.25
2017-07-07,10.25,0,0,0,-16.33,-25.45,-28.07,10.25,10.25,10.25,10.25,10.25,10.25,12.25,10.25,10.85,13.75,10.25,11.92,14.25,10.25,13,0,0,-0.08974359,0.08974359,10.25,10.25,0,90.44782705,0,0,10.25
2017-07-10,10.25,0,0,0,-16.33,-25.45,-28.07,10.25,10.25,10.25,10.25,10.25,10.25,12.25,10.25,10.82,13.75,10.25,11.89,14.25,10.25,12.99,0,0,-0.064102564,0.064102564,10.25,10.25,0,90.55770293,0,0,10.25
2017-07-11,10.25,0,0,0,-16.33,-25.45,-28.07,10.25,10.25,10.25,10.25,10.25,10.25,11.25,10.25,10.79,13.75,10.25,11.87,14.25,10.25,12.97,0,0,-0.042735043,0.042735043,10.25,10.25,0,90.85872576,0,0,10.25
2017-07-12,10.25,0,0,0,-8.89,-25.45,-28.07,10.25,10.25,10.25,10.25,10.25,10.25,11.25,10.25,10.77,13.75,10.25,11.84,14.25,10.25,12.96,0,0,-0.025641026,0.025641026,10.25,10.25,0,91.15162294,0,0,10.25
2017-07-13,10.25,0,0,0,-8.89,-25.45,-28.07,10.25,10.25,10.25,10.25,10.25,10.25,11.25,10.25,10.76,13.75,10.25,11.81,14.25,10.25,12.94,0,0,-0.012820513,0.012820513,10.25,10.25,0,91.43621766,0,0,10.25
2017-07-14,10.25,0,0,0,-8.89,-25.45,-28.07,10.25,10.25,10.25,10.25,10.25,10.25,11.25,10.25,10.74,13.75,10.25,11.78,14.25,10.25,12.93,0,0,-0.004273504,0.004273504,10.25,10.25,0,91.71233643,0,0,10.25
2017-07-17,10.25,0,0,0,-8.89,-25.45,-28.07,10.25,10.25,10.25,10.25,10.25,10.25,11.25,10.25,10.73,13.75,10.25,11.76,14.25,10.25,12.91,0,0,0,0,10.25,10.25,0,91.97980931,0,0,10.25
2017-07-18,10.25,0,0,0,-8.89,-25.45,-28.07,10.25,10.25,10.25,10.25,10.25,10.25,11.25,10.25,10.71,13.75,10.25,11.73,14.25,10.25,12.89,0,0,0,0,10.25,10.25,0,92.23847019,0,0,10.25
2017-07-19,10.25,0,0,0,-8.89,-25.45,-28.07,10.25,10.25,10.25,10.25,10.25,10.25,11.25,10.25,10.7,13.75,10.25,11.7,14.25,10.25,12.88,0,0,0,0,10.25,10.25,0,92.488157,0,0,10.25
2017-07-20,10.25,0,0,0,-8.89,-25.45,-28.07,10.25,10.25,10.25,10.25,10.25,10.25,11.25,10.25,10.68,13.75,10.25,11.68,14.25,10.25,12.86,0,0,0,0,10.25,10.25,0,92.72871198,0,0,10.25
2017-07-21,10.25,0,0,0,-8.89,-25.45,-28.07,10.25,10.25,10.25,10.25,10.25,10.25,11.25,10.25,10.67,13.75,10.25,11.65,14.25,10.25,12.85,0,0,0,0,10.25,10.25,0,92.95998186,0,0,10.25
2017-07-24,10.25,0,0,0,-8.89,-25.45,-28.07,10.25,10.25,10.25,10.25,10.25,10.25,11.25,10.25,10.65,13.75,10.25,11.62,14.25,10.25,12.83,0,0,0,0,10.25,10.25,0,93.18181818,0,0,10.25
2017-07-25,10.25,0,0,0,-8.89,-25.45,-28.07,10.25,10.25,10.25,10.25,10.25,10.25,11.25,10.25,10.63,13.75,10.25,11.6,14.25,10.25,12.82,0,0,0,0,10.25,10.25,0,93.39407745,0,0,10.25
2017-07-26,9.25,-9.76,-9.76,-9.76,-17.78,-32.73,-35.09,10.25,9.25,10.05,10.25,9.25,10.2,11.25,9.25,10.6,13.75,9.25,11.56,14.25,9.25,12.8,0,-0.044871795,-0.004985755,-0.03988604,10.6472136,9.752786405,0,93.16131979,0.362937242,0.08768894,9.25
2017-07-27,9.25,0,-9.76,-9.76,-17.78,-32.73,-35.09,10.25,9.25,9.85,10.25,9.25,10.15,11.25,9.25,10.57,13.75,9.25,11.53,14.25,9.25,12.78,0,-0.08974359,-0.014957265,-0.074786325,10.76558701,9.534412989,0,92.93807943,0.362937242,0.121297933,9.25
2017-07-28,9.25,0,-9.76,-9.76,-17.78,-32.73,-35.09,10.25,9.25,9.65,10.25,9.25,10.1,11.25,9.25,10.54,13.75,9.25,11.49,14.25,9.25,12.76,0,-0.134615385,-0.02991453,-0.104700855,10.8326951,9.367304903,0,92.72435162,0.362937242,0.145088138,9.25
2017-07-31,9.25,0,-9.76,-9.76,-17.78,-32.73,-35.09,10.25,9.25,9.45,10.25,9.25,10.05,11.25,9.25,10.51,13.75,9.25,11.46,14.25,9.25,12.74,0,-0.179487179,-0.04985755,-0.12962963,10.87078268,9.229217318,0,92.52013809,0.362937242,0.163339837,9.25
2017-08-01,9.25,0,-9.76,-9.76,-17.78,-32.73,-35.09,9.25,9.25,9.25,10.25,9.25,10,11.25,9.25,10.48,13.75,9.25,11.42,14.25,9.25,12.72,0,-0.224358974,-0.074786325,-0.14957265,10.88852332,9.111476683,0,92.3254472,0.362937242,0.177704663,9.25
2017-08-02,9.25,0,0,-9.76,-17.78,-32.73,-35.09,9.25,9.25,9.25,10.25,9.25,9.95,11.25,9.25,10.45,13.75,9.25,11.39,14.25,9.25,12.7,0,-0.269230769,-0.104700855,-0.164529915,10.89032469,9.009675308,0,92.14029402,0.362937242,0.189009988,9.25
2017-08-03,9.25,0,0,-9.76,-17.78,-32.73,-35.09,9.25,9.25,9.25,10.25,9.25,9.9,11.25,9.25,10.42,13.75,9.25,11.35,14.25,9.25,12.68,0,-0.314102564,-0.13960114,-0.174501425,10.87872097,8.92127903,0,91.96470042,0.362937242,0.197721408,9.25
2017-08-04,9.25,0,0,-9.76,-17.78,-32.73,-35.09,9.25,9.25,9.25,10.25,9.25,9.85,11.25,9.25,10.39,13.75,9.25,11.32,14.25,9.25,12.66,0,-0.358974359,-0.179487179,-0.179487179,10.85524938,8.84475062,0,91.79869525,0.362937242,0.204111549,9.25
2017-08-07,9.25,0,0,-9.76,-17.78,-32.73,-35.09,9.25,9.25,9.25,10.25,9.25,9.8,11.25,9.25,10.36,13.75,9.25,11.28,14.25,9.25,12.64,0,-0.403846154,-0.224358974,-0.179487179,10.82083557,8.779164429,0,91.64231444,0.362937242,0.20833379,9.25
2017-08-08,9.25,0,0,-9.76,-17.78,-32.73,-35.09,9.25,9.25,9.25,10.25,9.25,9.75,11.25,9.25,10.33,13.75,9.25,11.25,14.25,9.25,12.63,0,-0.448717949,-0.269230769,-0.179487179,10.77597835,8.724021648,0,91.28145114,0.362937242,0.210457098,9.25
2017-08-09,9.25,0,0,-9.76,-17.78,-32.73,-35.09,9.25,9.25,9.25,10.25,9.25,9.7,11.25,9.25,10.3,13.75,9.25,11.22,14.25,9.25,12.61,0,-0.493589744,-0.314102564,-0.179487179,10.72083557,8.679164429,0,90.93039606,0.362937242,0.210481561,9.25
2017-08-10,9.25,0,0,-9.76,-17.78,-32.73,-35.09,9.25,9.25,9.25,10.25,9.25,9.65,11.25,9.25,10.27,13.75,9.25,11.18,14.25,9.25,12.59,0,-0.538461538,-0.358974359,-0.179487179,10.65524938,8.64475062,0,90.5890636,0.362937242,0.20834184,9.25
2017-08-11,9.25,0,0,-9.76,-17.78,-32.73,-35.09,9.25,9.25,9.25,10.25,9.25,9.6,11.25,9.25,10.23,13.75,9.25,11.15,14.25,9.25,12.57,0,-0.5,-0.394586895,-0.105413105,10.57872097,8.62127903,0,90.25737454,0.362937242,0.203900202,9.25
2017-08-14,9.25,0,0,-9.76,-17.78,-32.73,-35.09,9.25,9.25,9.25,10.25,9.25,9.55,11.25,9.25,10.2,13.75,9.25,11.11,14.25,9.25,12.55,0,-0.461538462,-0.420940171,-0.040598291,10.49032469,8.609675308,0,89.93525603,0.362937242,0.196926637,9.25
2017-08-15,9.25,0,0,-9.76,-17.78,-32.73,-35.09,9.25,9.25,9.25,10.25,9.25,9.5,11.25,9.25,10.17,13.75,9.25,11.08,14.25,9.25,12.53,0,-0.423076923,-0.438034188,0.014957265,10.38852332,8.611476683,0,89.62264151,0.362937242,0.18705754,9.25
2017-08-16,9.25,0,0,-9.76,-17.78,-32.73,-35.09,9.25,9.25,9.25,10.25,9.25,9.45,11.25,9.25,10.14,13.75,9.25,11.04,14.25,9.25,12.51,0,-0.384615385,-0.445868946,0.061253561,10.27078268,8.629217318,0,89.3194707,0.362937242,0.17371062,9.25
2017-08-17,9.25,0,0,-9.76,-17.78,-32.73,-35.09,9.25,9.25,9.25,10.25,9.25,9.4,11.25,9.25,10.11,13.75,9.25,11.01,14.25,9.25,12.49,0,-0.346153846,-0.444444444,0.098290598,10.1326951,8.667304903,0,89.02568959,0.362937242,0.155892574,9.25
2017-08-18,9.25,0,0,-9.76,-17.78,-32.73,-35.09,9.25,9.25,9.25,10.25,9.25,9.35,11.25,9.25,10.08,13.75,9.25,10.97,14.25,9.25,12.47,0,-0.307692308,-0.433760684,0.126068376,9.965587011,8.734412989,0,88.74125044,0.362937242,0.131676366,9.25
2017-08-21,9.25,0,0,-9.76,-17.78,-32.73,-35.09,9.25,9.25,9.25,10.25,9.25,9.3,11.25,9.25,10.05,13.75,9.25,10.94,14.25,9.25,12.45,0,-0.269230769,-0.413817664,0.144586895,9.747213595,8.852786405,0,88.46611177,0.362937242,0.096174967,9.25
2017-08-22,9.25,0,0,-9.76,-17.78,-32.73,-35.09,9.25,9.25,9.25,9.25,9.25,9.25,11.25,9.25,10.02,12.25,9.25,10.9,14.25,9.25,12.43,0,-0.230769231,-0.384615385,0.153846154,9.25,9.25,0,88.20023838,0.362937242,0,9.25
2017-08-23,9.25,0,0,0,-17.78,-24.49,-35.09,9.25,9.25,9.25,9.25,9.25,9.25,11.25,9.25,9.99,12.25,9.25,10.88,14.25,9.25,12.41,0,-0.192307692,-0.346153846,0.153846154,9.25,9.25,0,88.40043006,0,0,9.25
2017-08-24,9.25,0,0,0,-17.78,-24.49,-35.09,9.25,9.25,9.25,9.25,9.25,9.25,11.25,9.25,9.96,12.25,9.25,10.86,14.25,9.25,12.39,0,-0.153846154,-0.307692308,0.153846154,9.25,9.25,0,88.59092542,0,0,9.25
2017-08-25,9.25,0,0,0,-17.78,-24.49,-35.09,9.25,9.25,9.25,9.25,9.25,9.25,11.25,9.25,9.93,12.25,9.25,10.83,14.25,9.25,12.38,0,-0.115384615,-0.269230769,0.153846154,9.25,9.25,0,88.77159309,0,0,9.25
2017-08-28,9.25,0,0,0,-17.78,-24.49,-35.09,9.25,9.25,9.25,9.25,9.25,9.25,11.25,9.25,9.9,12.25,9.25,10.81,14.25,9.25,12.36,0,-0.076923077,-0.230769231,0.153846154,9.25,9.25,0,88.94230769,0,0,9.25
2017-08-29,9.25,0,0,0,-17.78,-24.49,-35.09,9.25,9.25,9.25,9.25,9.25,9.25,10.25,9.25,9.87,12.25,9.25,10.79,14.25,9.25,12.34,0,-0.038461538,-0.192307692,0.153846154,9.25,9.25,0,89.31804466,0,0,9.25
2017-08-30,9.25,0,0,0,-9.76,-24.49,-35.09,9.25,9.25,9.25,9.25,9.25,9.25,10.25,9.25,9.85,12.25,9.25,10.77,14.25,9.25,12.32,0,0,-0.153846154,0.153846154,9.25,9.25,0,89.68609865,0,0,9.25
2017-08-31,9.25,0,0,0,-9.76,-24.49,-35.09,9.25,9.25,9.25,9.25,9.25,9.25,10.25,9.25,9.83,12.25,9.25,10.74,14.25,9.25,12.3,0,0,-0.11965812,0.11965812,9.25,9.25,0,90.04623996,0,0,9.25
2017-09-01,9.25,0,0,0,-9.76,-24.49,-35.09,9.25,9.25,9.25,9.25,9.25,9.25,10.25,9.25,9.82,12.25,9.25,10.72,14.25,9.25,12.28,0,0,-0.08974359,0.08974359,9.25,9.25,0,90.3982409,0,0,9.25
2017-09-04,9.25,0,0,0,-9.76,-24.49,-35.09,9.25,9.25,9.25,9.25,9.25,9.25,10.25,9.25,9.8,12.25,9.25,10.7,14.25,9.25,12.26,0,0,-0.064102564,0.064102564,9.25,9.25,0,90.74187615,0,0,9.25
2017-09-05,9.25,0,0,0,-9.76,-24.49,-35.09,9.25,9.25,9.25,9.25,9.25,9.25,10.25,9.25,9.79,12.25,9.25,10.67,14.25,9.25,12.24,0,0,-0.042735043,0.042735043,9.25,9.25,0,91.07692308,0,0,9.25
2017-09-06,8.25,-10.81,-10.81,-10.81,-19.51,-32.65,-42.11,9.25,8.25,9.05,9.25,8.25,9.2,10.25,8.25,9.76,12.25,8.25,10.64,14.25,8.25,12.22,0,-0.044871795,-0.030626781,-0.014245014,9.647213595,8.752786405,0,90.92032119,0.404501676,0.097220347,8.25
2017-09-07,8.25,0,-10.81,-10.81,-19.51,-32.65,-42.11,9.25,8.25,8.85,9.25,8.25,9.15,10.25,8.25,9.73,12.25,8.25,10.61,14.25,8.25,12.19,0,-0.08974359,-0.027777778,-0.061965812,9.765587011,8.534412989,0,90.76255425,0.404501676,0.134554538,8.25
2017-09-08,8.25,0,-10.81,-10.81,-19.51,-32.65,-42.11,9.25,8.25,8.65,9.25,8.25,9.1,10.25,8.25,9.7,12.25,8.25,10.58,14.25,8.25,12.17,0,-0.134615385,-0.034188034,-0.10042735,9.832695097,8.367304903,0,90.60360921,0.404501676,0.161031889,8.25
2017-09-11,8.25,0,-10.81,-10.81,-19.51,-32.65,-42.11,9.25,8.25,8.45,9.25,8.25,9.05,10.25,8.25,9.67,12.25,8.25,10.55,14.25,8.25,12.15,0,-0.179487179,-0.04985755,-0.12962963,9.870782682,8.229217318,0,90.44347283,0.404501676,0.181388438,8.25
2017-09-12,8.25,0,-10.81,-10.81,-19.51,-32.65,-42.11,8.25,8.25,8.25,9.25,8.25,9,10.25,8.25,9.63,12.25,8.25,10.52,14.25,8.25,12.13,0,-0.224358974,-0.074786325,-0.14957265,9.888523317,8.111476683,0,90.28213166,0.404501676,0.197449626,8.25
2017-09-13,8.25,0,0,-10.81,-19.51,-32.65,-42.11,8.25,8.25,8.25,9.25,8.25,8.95,10.25,8.25,9.6,12.25,8.25,10.49,14.25,8.25,12.1,0,-0.269230769,-0.104700855,-0.164529915,9.890324692,8.009675308,0,90.11957206,0.404501676,0.210128423,8.25
2017-09-14,8.25,0,0,-10.81,-19.51,-32.65,-42.11,8.25,8.25,8.25,9.25,8.25,8.9,10.25,8.25,9.57,12.25,8.25,10.46,14.25,8.25,12.08,0,-0.314102564,-0.13960114,-0.174501425,9.87872097,7.92127903,0,89.95578016,0.404501676,0.219937297,8.25
2017-09-15,8.25,0,0,-10.81,-19.51,-32.65,-42.11,8.25,8.25,8.25,9.25,8.25,8.85,10.25,8.25,9.54,12.25,8.25,10.43,14.25,8.25,12.06,0,-0.358974359,-0.179487179,-0.179487179,9.85524938,7.84475062,0,89.79074192,0.404501676,0.227175001,8.25
2017-09-18,8.25,0,0,-10.81,-19.51,-32.65,-42.11,8.25,8.25,8.25,9.25,8.25,8.8,10.25,8.25,9.51,12.25,8.25,10.4,14.25,8.25,12.03,0,-0.403846154,-0.224358974,-0.179487179,9.820835571,7.779164429,0,89.62444303,0.404501676,0.232008084,8.25
2017-09-19,8.25,0,0,-10.81,-19.51,-32.65,-42.11,8.25,8.25,8.25,9.25,8.25,8.75,10.25,8.25,9.48,12.25,8.25,10.37,14.25,8.25,12.01,0,-0.448717949,-0.269230769,-0.179487179,9.775978352,7.724021648,0,89.45686901,0.404501676,0.234509338,8.25
2017-09-20,8.25,0,0,-10.81,-19.51,-32.65,-42.11,8.25,8.25,8.25,9.25,8.25,8.7,10.25,8.25,9.45,12.25,8.25,10.33,14.25,8.25,11.99,0,-0.493589744,-0.314102564,-0.179487179,9.720835571,7.679164429,0,89.29946112,0.404501676,0.234674844,8.25
2017-09-21,8.25,0,0,-10.81,-19.51,-32.65,-42.11,8.25,8.25,8.25,9.25,8.25,8.65,10.25,8.25,9.42,12.25,8.25,10.3,14.25,8.25,11.96,0,-0.538461538,-0.358974359,-0.179487179,9.65524938,7.64475062,0,89.15228034,0.404501676,0.232427602,8.25
2017-09-22,8.25,0,0,-10.81,-19.51,-32.65,-42.11,8.25,8.25,8.25,9.25,8.25,8.6,10.25,8.25,9.39,12.25,8.25,10.27,14.25,8.25,11.94,0,-0.5,-0.394586895,-0.105413105,9.57872097,7.62127903,0,89.01539656,0.404501676,0.227609528,8.25
2017-09-25,8.25,0,0,-10.81,-19.51,-32.65,-42.11,8.25,8.25,8.25,9.25,8.25,8.55,10.25,8.25,9.36,12.25,8.25,10.24,14.25,8.25,11.92,0,-0.461538462,-0.420940171,-0.040598291,9.490324692,7.609675308,0,88.88888889,0.404501676,0.219958992,8.25
2017-09-26,8.25,0,0,-10.81,-19.51,-32.65,-42.11,8.25,8.25,8.25,9.25,8.25,8.5,10.25,8.25,9.33,12.25,8.25,10.21,14.25,8.25,11.89,0,-0.423076923,-0.438034188,0.014957265,9.388523317,7.611476683,0,88.54166667,0.404501676,0.20906431,8.25
2017-09-27,8.25,0,0,-10.81,-19.51,-32.65,-42.11,8.25,8.25,8.25,9.25,8.25,8.45,10.25,8.25,9.3,12.25,8.25,10.18,14.25,8.25,11.87,0,-0.384615385,-0.445868946,0.061253561,9.270782682,7.629217318,0,88.2045929,0.404501676,0.19426809,8.25
2017-09-28,8.25,0,0,-10.81,-19.51,-32.65,-42.11,8.25,8.25,8.25,9.25,8.25,8.4,10.25,8.25,9.27,12.25,8.25,10.15,14.25,8.25,11.85,0,-0.346153846,-0.444444444,0.098290598,9.132695097,7.667304903,0,87.87759906,0.404501676,0.174451214,8.25
2017-09-29,8.25,0,0,-10.81,-19.51,-32.65,-42.11,8.25,8.25,8.25,9.25,8.25,8.35,10.25,8.25,9.23,12.25,8.25,10.12,14.25,8.25,11.83,0,-0.307692308,-0.433760684,0.126068376,8.965587011,7.734412989,0,87.56062393,0.404501676,0.147445991,8.25
2017-10-02,8.25,0,0,-10.81,-19.51,-32.65,-42.11,8.25,8.25,8.25,9.25,8.25,8.3,10.25,8.25,9.2,12.25,8.25,10.09,14.25,8.25,11.8,0,-0.269230769,-0.413817664,0.144586895,8.747213595,7.852786405,0,87.25361367,0.404501676,0.107762312,8.25
2017-10-03,8.25,0,0,-10.81,-19.51,-32.65,-42.11,8.25,8.25,8.25,8.25,8.25,8.25,10.25,8.25,9.17,12.25,8.25,10.06,14.25,8.25,11.78,0,-0.230769231,-0.384615385,0.153846154,8.25,8.25,0,86.95652174,0.404501676,0,8.25
2017-10-04,8.25,0,0,0,-19.51,-32.65,-42.11,8.25,8.25,8.25,8.25,8.25,8.25,10.25,8.25,9.14,12.25,8.25,10.03,14.25,8.25,11.76,0,-0.192307692,-0.346153846,0.153846154,8.25,8.25,0,87.17474574,0,0,8.25
2017-10-05,8.25,0,0,0,-19.51,-32.65,-42.11,8.25,8.25,8.25,8.25,8.25,8.25,10.25,8.25,9.11,12.25,8.25,10,14.25,8.25,11.73,0,-0.153846154,-0.307692308,0.153846154,8.25,8.25,0,87.38249702,0,0,8.25
2017-10-06,8.25,0,0,0,-19.51,-32.65,-42.11,8.25,8.25,8.25,8.25,8.25,8.25,10.25,8.25,9.08,12.25,8.25,9.97,14.25,8.25,11.71,0,-0.115384615,-0.269230769,0.153846154,8.25,8.25,0,87.57961783,0,0,8.25
2017-10-09,8.25,0,0,0,-19.51,-32.65,-42.11,8.25,8.25,8.25,8.25,8.25,8.25,10.25,8.25,9.05,12.25,8.25,9.93,14.25,8.25,11.69,0,-0.076923077,-0.230769231,0.153846154,8.25,8.25,0,87.76595745,0,0,8.25
2017-10-10,8.25,0,0,0,-19.51,-32.65,-42.11,8.25,8.25,8.25,8.25,8.25,8.25,10.25,8.25,9.02,11.25,8.25,9.9,14.25,8.25,11.66,0,-0.038461538,-0.192307692,0.153846154,8.25,8.25,0,87.94137242,0,0,8.25
2017-10-11,8.25,0,0,0,-19.51,-26.67,-42.11,8.25,8.25,8.25,8.25,8.25,8.25,10.25,8.25,8.99,11.25,8.25,9.88,14.25,8.25,11.64,0,0,-0.153846154,0.153846154,8.25,8.25,0,88.10572687,0,0,8.25
2017-10-12,8.25,0,0,0,-19.51,-26.67,-42.11,8.25,8.25,8.25,8.25,8.25,8.25,10.25,8.25,8.96,11.25,8.25,9.86,14.25,8.25,11.62,0,0,-0.11965812,0.11965812,8.25,8.25,0,88.25889275,0,0,8.25
2017-10-13,8.25,0,0,0,-19.51,-26.67,-42.11,8.25,8.25,8.25,8.25,8.25,8.25,10.25,8.25,8.93,11.25,8.25,9.83,14.25,8.25,11.59,0,0,-0.08974359,0.08974359,8.25,8.25,0,88.40075007,0,0,8.25
2017-10-16,8.25,0,0,0,-19.51,-26.67,-42.11,8.25,8.25,8.25,8.25,8.25,8.25,10.25,8.25,8.9,11.25,8.25,9.81,14.25,8.25,11.57,0,0,-0.064102564,0.064102564,8.25,8.25,0,88.53118712,0,0,8.25
2017-10-17,8.25,0,0,0,-19.51,-26.67,-42.11,8.25,8.25,8.25,8.25,8.25,8.25,10.25,8.25,8.87,11.25,8.25,9.79,14,8.25,11.55,0,0,-0.042735043,0.042735043,8.25,8.25,0,88.65010074,0,0,8.25
2017-10-18,8.25,0,0,0,-19.51,-26.67,-41.07,8.25,8.25,8.25,8.25,8.25,8.25,10.25,8.25,8.83,11.25,8.25,9.77,14,8.25,11.53,0,0,-0.025641026,0.025641026,8.25,8.25,0,88.75739645,0,0,8.25
2017-10-19,8.25,0,0,0,-19.51,-26.67,-41.07,8.25,8.25,8.25,8.25,8.25,8.25,10.25,8.25,8.8,11.25,8.25,9.74,14,8.25,11.5,0,0,-0.012820513,0.012820513,8.25,8.25,0,88.85298869,0,0,8.25
2017-10-20,8.25,0,0,0,-19.51,-26.67,-41.07,8.25,8.25,8.25,8.25,8.25,8.25,10.25,8.25,8.77,11.25,8.25,9.72,14,8.25,11.48,0,0,-0.004273504,0.004273504,8.25,8.25,0,88.93680097,0,0,8.25
2017-10-23,8.25,0,0,0,-19.51,-26.67,-41.07,8.25,8.25,8.25,8.25,8.25,8.25,10.25,8.25,8.74,11.25,8.25,9.7,14,8.25,11.46,0,0,0,0,8.25,8.25,0,89.00876601,0,0,8.25
2017-10-24,8.25,0,0,0,-19.51,-26.67,-41.07,8.25,8.25,8.25,8.25,8.25,8.25,9.25,8.25,8.71,11.25,8.25,9.67,14,8.25,11.44,0,0,0,0,8.25,8.25,0,89.30987821,0,0,8.25
2017-10-25,8.25,0,0,0,-10.81,-26.67,-41.07,8.25,8.25,8.25,8.25,8.25,8.25,9.25,8.25,8.7,11.25,8.25,9.65,14,8.25,11.42,0,0,0,0,8.25,8.25,0,89.60086886,0,0,8.25
2017-10-26,8.25,0,0,0,-10.81,-26.67,-41.07,8.25,8.25,8.25,8.25,8.25,8.25,9.25,8.25,8.68,11.25,8.25,9.63,14,8.25,11.39,0,0,0,0,8.25,8.25,0,89.88151981,0,0,8.25
2017-10-27,8.25,0,0,0,-10.81,-26.67,-41.07,8.25,8.25,8.25,8.25,8.25,8.25,9.25,8.25,8.67,11.25,8.25,9.6,14,8.25,11.37,0,0,0,0,8.25,8.25,0,90.15161863,0,0,8.25
2017-10-30,8.25,0,0,0,-10.81,-26.67,-41.07,8.25,8.25,8.25,8.25,8.25,8.25,9.25,8.25,8.65,11.25,8.25,9.58,14,8.25,11.35,0,0,0,0,8.25,8.25,0,90.4109589,0,0,8.25
2017-10-31,8.25,0,0,0,-10.81,-26.67,-41.07,8.25,8.25,8.25,8.25,8.25,8.25,9.25,8.25,8.63,11.25,8.25,9.56,14,8.25,11.33,0,0,0,0,8.25,8.25,0,90.65934066,0,0,8.25
2017-11-01,8.25,0,0,0,-10.81,-26.67,-41.07,8.25,8.25,8.25,8.25,8.25,8.25,9.25,8.25,8.62,11.25,8.25,9.53,14,8.25,11.3,0,0,0,0,8.25,8.25,0,90.90909091,0,0,8.25
2017-11-02,8.25,0,0,0,-10.81,-26.67,-41.07,8.25,8.25,8.25,8.25,8.25,8.25,9.25,8.25,8.6,11.25,8.25,9.51,14,8.25,11.28,0,0,0,0,8.25,8.25,0,91.16022099,0,0,8.25
2017-11-03,8.25,0,0,0,-10.81,-26.67,-41.07,8.25,8.25,8.25,8.25,8.25,8.25,9.25,8.25,8.59,11.25,8.25,9.49,14,8.25,11.26,0,0,0,0,8.25,8.25,0,91.41274238,0,0,8.25
2017-11-06,8.25,0,0,0,-10.81,-26.67,-41.07,8.25,8.25,8.25,8.25,8.25,8.25,9.25,8.25,8.57,11.25,8.25,9.47,14,8.25,11.24,0,0,0,0,8.25,8.25,0,91.66666667,0,0,8.25
2017-11-07,8.25,0,0,0,-10.81,-26.67,-41.07,8.25,8.25,8.25,8.25,8.25,8.25,9.25,8.25,8.56,11.25,8.25,9.44,14,8.25,11.22,0,0,0,0,8.25,8.25,0,91.92200557,0,0,8.25
2017-11-08,8.25,0,0,0,-10.81,-26.67,-41.07,8.25,8.25,8.25,8.25,8.25,8.25,9.25,8.25,8.54,11.25,8.25,9.42,14,8.25,11.19,0,0,0,0,8.25,8.25,0,92.17877095,0,0,8.25
2017-11-09,8.25,0,0,0,-10.81,-26.67,-41.07,8.25,8.25,8.25,8.25,8.25,8.25,9.25,8.25,8.53,11.25,8.25,9.4,14,8.25,11.17,0,0,0,0,8.25,8.25,0,92.43697479,0,0,8.25
2017-11-10,8.25,0,0,0,-10.81,-26.67,-41.07,8.25,8.25,8.25,8.25,8.25,8.25,9.25,8.25,8.51,11.25,8.25,9.37,14,8.25,11.15,0,0,0,0,8.25,8.25,0,92.69662921,0,0,8.25
2017-11-13,8.25,0,0,0,-10.81,-26.67,-41.07,8.25,8.25,8.25,8.25,8.25,8.25,9.25,8.25,8.5,11.25,8.25,9.35,14,8.25,11.13,0,0,0,0,8.25,8.25,0,92.95774648,0,0,8.25
2017-11-14,8.25,0,0,0,-10.81,-26.67,-41.07,8.25,8.25,8.25,8.25,8.25,8.25,9.25,8.25,8.48,11.25,8.25,9.33,14,8.25,11.11,0,0,0,0,8.25,8.25,0,93.22033898,0,0,8.25
2017-11-15,8.25,0,0,0,-10.81,-26.67,-41.07,8.25,8.25,8.25,8.25,8.25,8.25,9.25,8.25,8.47,11.25,8.25,9.3,14,8.25,11.08,0,0,0,0,8.25,8.25,0,93.48441926,0,0,8.25
2017-11-16,8.25,0,0,0,-10.81,-26.67,-41.07,8.25,8.25,8.25,8.25,8.25,8.25,9.25,8.25,8.45,11.25,8.25,9.28,14,8.25,11.06,0,0,0,0,8.25,8.25,0,93.75,0,0,8.25
2017-11-17,8.25,0,0,0,-10.81,-26.67,-41.07,8.25,8.25,8.25,8.25,8.25,8.25,9.25,8.25,8.43,11.25,8.25,9.26,14,8.25,11.04,0,0,0,0,8.25,8.25,0,94.01709402,0,0,8.25
2017-11-20,8.25,0,0,0,-10.81,-26.67,-41.07,8.25,8.25,8.25,8.25,8.25,8.25,9.25,8.25,8.42,11.25,8.25,9.23,14,8.25,11.02,0,0,0,0,8.25,8.25,0,94.28571429,0,0,8.25
2017-11-21,8.25,0,0,0,-10.81,-26.67,-41.07,8.25,8.25,8.25,8.25,8.25,8.25,9.25,8.25,8.4,11.25,8.25,9.21,14,8.25,11,0,0,0,0,8.25,8.25,0,94.28571429,0,0,8.25
2017-11-22,8.25,0,0,0,-10.81,-26.67,-41.07,8.25,8.25,8.25,8.25,8.25,8.25,9.25,8.25,8.39,11.25,8.25,9.19,14,8.25,10.97,0,0,0,0,8.25,8.25,0,94.28571429,0,0,8.25
2017-11-23,8.25,0,0,0,-10.81,-26.67,-41.07,8.25,8.25,8.25,8.25,8.25,8.25,9.25,8.25,8.37,11.25,8.25,9.17,14,8.25,10.95,0,0,0,0,8.25,8.25,0,94.28571429,0,0,8.25
2017-11-24,8.25,0,0,0,-10.81,-26.67,-41.07,8.25,8.25,8.25,8.25,8.25,8.25,9.25,8.25,8.36,11.25,8.25,9.14,14,8.25,10.93,0,0,0,0,8.25,8.25,0,94.28571429,0,0,8.25
2017-11-27,8.25,0,0,0,-10.81,-26.67,-41.07,8.25,8.25,8.25,8.25,8.25,8.25,9.25,8.25,8.34,11.25,8.25,9.12,14,8.25,10.91,0,0,0,0,8.25,8.25,0,94.28571429,0,0,8.25
2017-11-28,8.25,0,0,0,-10.81,-26.67,-41.07,8.25,8.25,8.25,8.25,8.25,8.25,9.25,8.25,8.33,10.25,8.25,9.1,13.75,8.25,10.88,0,0,0,0,8.25,8.25,0,94.28571429,0,0,8.25
2017-11-29,8.25,0,0,0,-10.81,-19.51,-40,8.25,8.25,8.25,8.25,8.25,8.25,9.25,8.25,8.31,10.25,8.25,9.08,13.75,8.25,10.86,0,0,0,0,8.25,8.25,0,94.28571429,0,0,8.25
2017-11-30,8.25,0,0,0,-10.81,-19.51,-40,8.25,8.25,8.25,8.25,8.25,8.25,9.25,8.25,8.3,10.25,8.25,9.07,13.75,8.25,10.84,0,0,0,0,8.25,8.25,0,94.28571429,0,0,8.25
2017-12-01,8.25,0,0,0,-10.81,-19.51,-40,8.25,8.25,8.25,8.25,8.25,8.25,9.25,8.25,8.28,10.25,8.25,9.05,13.75,8.25,10.82,0,0,0,0,8.25,8.25,0,94.28571429,0,0,8.25
2017-12-04,8.25,0,0,0,-10.81,-19.51,-40,8.25,8.25,8.25,8.25,8.25,8.25,9.25,8.25,8.27,10.25,8.25,9.03,13.75,8.25,10.8,0,0,0,0,8.25,8.25,0,94.28571429,0,0,8.25
2017-12-05,8.25,0,0,0,-10.81,-19.51,-40,8.25,8.25,8.25,8.25,8.25,8.25,8.25,8.25,8.25,10.25,8.25,9.02,13.75,8.25,10.78,0,0,0,0,8.25,8.25,0,94.55587393,0,0,8.25
2017-12-06,7,-15.15,-15.15,-15.15,-15.15,-31.71,-49.09,8.25,7,8,8.25,7,8.19,8.25,7,8.23,10.25,7,8.99,13.75,7,10.75,0,-0.056089744,-0.006232194,-0.04985755,8.746516994,7.628483006,0,94.12610023,0.580899009,0.13655377,7
2017-12-07,7,0,-15.15,-15.15,-15.15,-31.71,-49.09,8.25,7,7.75,8.25,7,8.13,8.25,7,8.21,10.25,7,8.97,13.75,7,10.73,0,-0.112179487,-0.018696581,-0.093482906,8.894483764,7.355516236,0,93.71057848,0.580899009,0.189411388,7
2017-12-08,7,0,-15.15,-15.15,-15.15,-31.71,-49.09,8.25,7,7.5,8.25,7,8.06,8.25,7,8.19,10.25,7,8.94,13.75,7,10.7,0,-0.168269231,-0.037393162,-0.130876068,8.978368871,7.146631129,0,93.30922242,0.580899009,0.227192278,7
2017-12-11,7,0,-15.15,-15.15,-15.15,-31.71,-49.09,8.25,7,7.25,8.25,7,8,8.25,7,8.17,10.25,7,8.92,13.75,7,10.68,0,-0.224358974,-0.062321937,-0.162037037,9.025978352,6.974021648,0,92.92196007,0.580899009,0.256494588,7
2017-12-12,7,0,-15.15,-15.15,-15.15,-31.71,-49.09,7,7,7,8.25,7,7.94,8.25,7,8.15,10.25,7,8.89,13.75,7,10.65,0,-0.280448718,-0.093482906,-0.186965812,9.048154146,6.826845854,0,92.54873383,0.580899009,0.279849864,7
2017-12-13,7,0,0,-15.15,-15.15,-31.71,-49.09,7,7,7,8.25,7,7.88,8.25,7,8.13,10.25,7,8.87,13.75,7,10.62,0,-0.336538462,-0.130876068,-0.205662393,9.050405865,6.699594135,0,92.18950064,0.580899009,0.298515775,7
2017-12-14,7,0,0,-15.15,-15.15,-31.71,-49.09,7,7,7,8.25,7,7.81,8.25,7,8.12,10.25,7,8.84,13.75,7,10.6,0,-0.392628205,-0.174501425,-0.218126781,9.035901212,6.589098788,0,91.84423218,0.580899009,0.31319071,7
2017-12-15,7,0,0,-15.15,-15.15,-31.71,-49.09,7,7,7,8.25,7,7.75,8.25,7,8.1,10.25,7,8.82,13.75,7,10.57,0,-0.448717949,-0.224358974,-0.224358974,9.006561725,6.493438275,0,91.51291513,0.580899009,0.324273994,7
2017-12-18,7,0,0,-15.15,-15.15,-31.71,-49.09,7,7,7,8.25,7,7.69,8.25,7,8.08,10.25,7,8.79,13.75,7,10.55,0,-0.504807692,-0.280448718,-0.224358974,8.963544464,6.411455536,0,91.19555144,0.580899009,0.331979048,7
2017-12-19,7,0,0,-15.15,-15.15,-31.71,-49.09,7,7,7,8.25,7,7.63,8.25,7,8.06,10.25,7,8.77,13.75,7,10.52,0,-0.560897436,-0.336538462,-0.224358974,8.90747294,6.34252706,0,90.89215869,0.580899009,0.336386345,7
2017-12-20,7,0,0,-15.15,-15.15,-31.71,-49.09,7,7,7,8.25,7,7.56,8.25,7,8.04,10.25,7,8.74,13.75,7,10.49,0,-0.616987179,-0.392628205,-0.224358974,8.838544464,6.286455536,0,90.6027705,0.580899009,0.337466304,7
2017-12-21,7,0,0,-15.15,-15.15,-31.71,-49.09,7,7,7,8.25,7,7.5,8.25,7,8.02,10.25,7,8.72,13.75,7,10.47,0,-0.673076923,-0.448717949,-0.224358974,8.756561725,6.243438275,0,90.32743696,0.580899009,0.335083127,7
2017-12-22,7,0,0,-15.15,-15.15,-31.71,-49.09,7,7,7,8.25,7,7.44,8.25,7,8,10.25,7,8.69,13.75,7,10.44,0,-0.625,-0.493233618,-0.131766382,8.660901212,6.214098788,0,90.06622517,0.580899009,0.328981839,7
2017-12-25,7,0,0,-15.15,-15.15,-31.71,-49.09,7,7,7,8.25,7,7.38,8.25,7,7.98,10.25,7,8.67,13.75,7,10.42,0,-0.576923077,-0.526175214,-0.050747863,8.550405865,6.199594135,0,89.81921979,0.580899009,0.318754133,7
2017-12-26,7,0,0,-15.15,-15.15,-31.71,-49.09,7,7,7,8.25,7,7.31,8.25,7,7.96,10.25,7,8.64,13.75,7,10.39,0,-0.528846154,-0.547542735,0.018696581,8.423154146,6.201845854,0,89.58652374,0.580899009,0.303768655,7
2017-12-27,7,0,0,-15.15,-15.15,-31.71,-49.09,7,7,7,8.25,7,7.25,8.25,7,7.94,10.25,7,8.62,13.75,7,10.36,0,-0.480769231,-0.557336182,0.076566952,8.275978352,6.224021648,0,89.36825886,0.580899009,0.283028511,7
2017-12-28,7,0,0,-15.15,-15.15,-31.71,-49.09,7,7,7,8.25,7,7.19,8.25,7,7.92,10.25,7,8.59,13.75,7,10.34,0,-0.432692308,-0.555555556,0.122863248,8.103368871,6.271631129,0,89.16456678,0.580899009,0.254850469,7
2017-12-29,7,0,0,-15.15,-15.15,-31.71,-49.09,7,7,7,8.25,7,7.13,8.25,7,7.9,10.25,7,8.57,13.75,7,10.31,0,-0.384615385,-0.542200855,0.15758547,7.894483764,6.355516236,0,88.97560976,0.580899009,0.215995443,7
2018-01-01,7,0,0,-15.15,-15.15,-31.71,-49.09,7,7,7,8.25,7,7.06,8.25,7,7.88,10.25,7,8.54,13.75,7,10.29,0,-0.336538462,-0.51727208,0.180733618,7.621516994,6.503483006,0,88.80157171,0.580899009,0.158305698,7
2018-01-02,7,0,0,-15.15,-15.15,-31.71,-49.09,7,7,7,7,7,7,8.25,7,7.87,10.25,7,8.52,13.75,7,10.26,0,-0.288461538,-0.480769231,0.192307692,7,7,0,88.36291913,0.580899009,0,7
2018-01-03,7,0,0,0,-15.15,-31.71,-49.09,7,7,7,7,7,7,8.25,7,7.85,10.25,7,8.49,13.75,7,10.23,0,-0.240384615,-0.432692308,0.192307692,7,7,0,88.69530786,0,0,7
2018-01-04,7,0,0,0,-15.15,-31.71,-49.09,7,7,7,7,7,7,8.25,7,7.83,10.25,7,8.47,13.75,7,10.21,0,-0.192307692,-0.384615385,0.192307692,7,7,0,89.01251739,0,0,7
2018-01-05,7,0,0,0,-15.15,-31.71,-49.09,7,7,7,7,7,7,8.25,7,7.81,10.25,7,8.44,13.75,7,10.18,0,-0.144230769,-0.336538462,0.192307692,7,7,0,89.31419458,0,0,7
2018-01-08,7,0,0,0,-15.15,-31.71,-49.09,7,7,7,7,7,7,8.25,7,7.79,10.25,7,8.42,13.75,7,10.16,0,-0.096153846,-0.288461538,0.192307692,7,7,0,89.6,0,0,7
2018-01-09,7,0,0,0,-15.15,-31.71,-49.09,7,7,7,7,7,7,8.25,7,7.77,10.25,7,8.39,13.75,7,10.13,0,-0.048076923,-0.240384615,0.192307692,7,7,0,89.86960883,0,0,7
2018-01-10,7,0,0,0,-15.15,-31.71,-49.09,7,7,7,7,7,7,8.25,7,7.75,10.25,7,8.37,13.75,7,10.1,0,0,-0.192307692,0.192307692,7,7,0,90.12271173,0,0,7
2018-01-11,7,0,0,0,-15.15,-31.71,-49.09,7,7,7,7,7,7,8.25,7,7.73,10.25,7,8.34,13.75,7,10.08,0,0,-0.14957265,0.14957265,7,7,0,90.35901573,0,0,7
2018-01-12,7,0,0,0,-15.15,-31.71,-49.09,7,7,7,7,7,7,8.25,7,7.71,10.25,7,8.32,13.75,7,10.05,0,0,-0.112179487,0.112179487,7,7,0,90.57824505,0,0,7
2018-01-15,7,0,0,0,-15.15,-31.71,-49.09,7,7,7,7,7,7,8.25,7,7.69,10.25,7,8.29,13.75,7,10.03,0,0,-0.080128205,0.080128205,7,7,0,90.78014184,0,0,7
2018-01-16,7,0,0,0,-15.15,-31.71,-49.09,7,7,7,7,7,7,8.25,7,7.67,10.25,7,8.27,13.75,7,10,0,0,-0.053418803,0.053418803,7,7,0,90.96446701,0,0,7
2018-01-17,7,0,0,0,-15.15,-31.71,-49.09,7,7,7,7,7,7,8.25,7,7.65,10.25,7,8.24,13.75,7,9.97,0,0,-0.032051282,0.032051282,7,7,0,91.13100081,0,0,7
2018-01-18,7,0,0,0,-15.15,-31.71,-49.09,7,7,7,7,7,7,8.25,7,7.63,10.25,7,8.22,13.75,7,9.95,0,0,-0.016025641,0.016025641,7,7,0,91.2795436,0,0,7
2018-01-19,7,0,0,0,-15.15,-31.71,-49.09,7,7,7,7,7,7,8.25,7,7.62,10.25,7,8.19,13.75,7,9.92,0,0,-0.00534188,0.00534188,7,7,0,91.40991634,0,0,7
2018-01-22,7,0,0,0,-15.15,-31.71,-49.09,7,7,7,7,7,7,8.25,7,7.6,10.25,7,8.17,13.75,7,9.9,0,0,0,0,7,7,0,91.52196118,0,0,7
2018-01-23,7,0,0,0,-15.15,-31.71,-49.09,7,7,7,7,7,7,8.25,7,7.58,9.25,7,8.14,13.75,7,9.87,0,0,0,0,7,7,0,91.61554192,0,0,7
2018-01-24,7,0,0,0,-15.15,-24.32,-49.09,7,7,7,7,7,7,8.25,7,7.56,9.25,7,8.13,13.75,7,9.84,0,0,0,0,7,7,0,91.69054441,0,0,7
2018-01-25,7,0,0,0,-15.15,-24.32,-49.09,7,7,7,7,7,7,8.25,7,7.54,9.25,7,8.11,13.75,7,9.82,0,0,0,0,7,7,0,91.74687692,0,0,7
2018-01-26,7,0,0,0,-15.15,-24.32,-49.09,7,7,7,7,7,7,8.25,7,7.52,9.25,7,8.09,13.75,7,9.79,0,0,0,0,7,7,0,91.7844704,0,0,7
2018-01-29,7,0,0,0,-15.15,-24.32,-49.09,7,7,7,7,7,7,8.25,7,7.5,9.25,7,8.08,13.75,7,9.77,0,0,0,0,7,7,0,91.80327869,0,0,7
2018-01-30,7,0,0,0,-15.15,-24.32,-49.09,7,7,7,7,7,7,8.25,7,7.48,9.25,7,8.06,13.75,7,9.74,0,0,0,0,7,7,0,91.80327869,0,0,7
2018-01-31,7,0,0,0,-15.15,-24.32,-49.09,7,7,7,7,7,7,8.25,7,7.46,9.25,7,8.04,13.75,7,9.71,0,0,0,0,7,7,0,91.80327869,0,0,7
2018-02-01,7,0,0,0,-15.15,-24.32,-49.09,7,7,7,7,7,7,8.25,7,7.44,9.25,7,8.02,13.75,7,9.69,0,0,0,0,7,7,0,91.80327869,0,0,7
2018-02-02,7,0,0,0,-15.15,-24.32,-49.09,7,7,7,7,7,7,8.25,7,7.42,9.25,7,8.01,13.75,7,9.66,0,0,0,0,7,7,0,91.80327869,0,0,7
2018-02-05,7,0,0,0,-15.15,-24.32,-49.09,7,7,7,7,7,7,8.25,7,7.4,9.25,7,7.99,13.75,7,9.64,0,0,0,0,7,7,0,91.80327869,0,0,7
2018-02-06,7,0,0,0,-15.15,-24.32,-49.09,7,7,7,7,7,7,8.25,7,7.38,9.25,7,7.97,13.75,7,9.61,0,0,0,0,7,7,0,91.80327869,0,0,7
2018-02-07,6.75,-3.57,-3.57,-3.57,-18.18,-27.03,-50.91,7,6.75,6.95,7,6.75,6.99,8.25,6.75,7.36,9.25,6.75,7.95,13.75,6.75,9.58,0,-0.011217949,-0.001246439,-0.00997151,7.099303399,6.875696601,0,91.64310013,0.128579039,0.032000973,6.75
2018-02-08,6.75,0,-3.57,-3.57,-18.18,-27.03,-50.91,7,6.75,6.9,7,6.75,6.98,8.25,6.75,7.34,9.25,6.75,7.93,13.75,6.75,9.56,0,-0.022435897,-0.003739316,-0.018696581,7.128896753,6.821103247,0,91.4866582,0.128579039,0.044128101,6.75
2018-02-09,6.75,0,-3.57,-3.57,-18.18,-27.03,-50.91,7,6.75,6.85,7,6.75,6.96,8.25,6.75,7.32,9.25,6.75,7.91,13.75,6.75,9.53,0,-0.033653846,-0.007478632,-0.026175214,7.145673774,6.779326226,0,91.33393457,0.128579039,0.052617242,6.75
2018-02-12,6.75,0,-3.57,-3.57,-18.18,-27.03,-50.91,7,6.75,6.8,7,6.75,6.95,8.25,6.75,7.29,9.25,6.75,7.89,13.75,6.75,9.5,0,-0.044871795,-0.012464387,-0.032407407,7.15519567,6.74480433,0,91.18491185,0.128579039,0.059049114,6.75
2018-02-13,6.75,0,-3.57,-3.57,-18.18,-27.03,-50.91,6.75,6.75,6.75,7,6.75,6.94,8.25,6.75,7.27,9.25,6.75,7.88,13.75,6.75,9.48,0,-0.056089744,-0.018696581,-0.037393162,7.159630829,6.715369171,0,91.03957351,0.128579039,0.064037717,6.75
2018-02-14,6.75,0,0,-3.57,-18.18,-27.03,-50.91,6.75,6.75,6.75,7,6.75,6.93,8.25,6.75,7.25,9.25,6.75,7.86,13.75,6.75,9.45,0,-0.067307692,-0.026175214,-0.041132479,7.160081173,6.689918827,0,90.89790393,0.128579039,0.06789348,6.75
2018-02-15,6.75,0,0,-3.57,-18.18,-27.03,-50.91,6.75,6.75,6.75,7,6.75,6.91,8.25,6.75,7.22,9.25,6.75,7.84,13.75,6.75,9.42,0,-0.078525641,-0.034900285,-0.043625356,7.157180242,6.667819758,0,90.7598884,0.128579039,0.07079356,6.75
2018-02-16,6.75,0,0,-3.57,-18.18,-27.03,-50.91,6.75,6.75,6.75,7,6.75,6.9,8.25,6.75,7.2,9.25,6.75,7.82,13.75,6.75,9.4,0,-0.08974359,-0.044871795,-0.044871795,7.151312345,6.648687655,0,90.62551305,0.128579039,0.072844158,6.75
2018-02-19,6.75,0,0,-3.57,-18.18,-27.03,-50.91,6.75,6.75,6.75,7,6.75,6.89,8.25,6.75,7.18,9.25,6.75,7.8,13.75,6.75,9.37,0,-0.100961538,-0.056089744,-0.044871795,7.142708893,6.632291107,0,90.49476494,0.128579039,0.074107845,6.75
2018-02-20,6.75,0,0,-3.57,-18.18,-27.03,-50.91,6.75,6.75,6.75,7,6.75,6.88,8.25,6.75,7.15,9.25,6.75,7.78,12.25,6.75,9.34,0,-0.112179487,-0.067307692,-0.044871795,7.131494588,6.618505412,0,90.36763196,0.128579039,0.074616607,6.75
2018-02-21,6.75,0,0,-3.57,-18.18,-27.03,-44.9,6.75,6.75,6.75,7,6.75,6.86,8.25,6.75,7.13,9.25,6.75,7.76,12.25,6.75,9.32,0,-0.123397436,-0.078525641,-0.044871795,7.117708893,6.607291107,0,90.2441029,0.128579039,0.074377819,6.75
2018-02-22,6.75,0,0,-3.57,-18.18,-27.03,-44.9,6.75,6.75,6.75,7,6.75,6.85,8.25,6.75,7.11,9.25,6.75,7.74,12.25,6.75,9.3,0,-0.134615385,-0.08974359,-0.044871795,7.101312345,6.598687655,0,90.12416742,0.128579039,0.073375867,6.75
2018-02-23,6.75,0,0,-3.57,-18.18,-27.03,-44.9,6.75,6.75,6.75,7,6.75,6.84,8.25,6.75,7.08,9.25,6.75,7.72,12.25,6.75,9.28,0,-0.125,-0.098646724,-0.026353276,7.082180242,6.592819758,0,90.00781604,0.128579039,0.071570089,6.75
2018-02-26,6.75,0,0,-3.57,-18.18,-27.03,-44.9,6.75,6.75,6.75,7,6.75,6.83,8.25,6.75,7.06,9.25,6.75,7.7,12.25,6.75,9.26,0,-0.115384615,-0.105235043,-0.010149573,7.060081173,6.589918827,0,89.89504013,0.128579039,0.068888256,6.75
2018-02-27,6.75,0,0,-3.57,-18.18,-27.03,-44.9,6.75,6.75,6.75,7,6.75,6.81,8.25,6.75,7.04,9.25,6.75,7.68,12.25,6.75,9.24,0,-0.105769231,-0.109508547,0.003739316,7.034630829,6.590369171,0,89.78583196,0.128579039,0.06521272,6.75
2018-02-28,6.75,0,0,-3.57,-18.18,-27.03,-44.9,6.75,6.75,6.75,7,6.75,6.8,8.25,6.75,7.02,9.25,6.75,7.66,12.25,6.75,9.21,0,-0.096153846,-0.111467236,0.01531339,7.00519567,6.59480433,0,89.68018464,0.128579039,0.060351668,6.75
2018-03-01,6.75,0,0,-3.57,-18.18,-27.03,-44.9,6.75,6.75,6.75,7,6.75,6.79,8.25,6.75,6.99,9.25,6.75,7.64,12.25,6.75,9.19,0,-0.086538462,-0.111111111,0.02457265,6.970673774,6.604326226,0,89.57809214,0.128579039,0.053973856,6.75
2018-03-02,6.75,0,0,-3.57,-18.18,-27.03,-44.9,6.75,6.75,6.75,7,6.75,6.78,8.25,6.75,6.97,9.25,6.75,7.63,12.25,6.75,9.17,0,-0.076923077,-0.108440171,0.031517094,6.928896753,6.621103247,0,89.4795493,0.128579039,0.045430776,6.75
2018-03-05,6.75,0,0,-3.57,-18.18,-27.03,-44.9,6.75,6.75,6.75,7,6.75,6.76,8.25,6.75,6.95,9.25,6.75,7.61,12.25,6.75,9.15,0,-0.067307692,-0.103454416,0.036146724,6.874303399,6.650696601,0,89.38455184,0.128579039,0.0330657,6.75
2018-03-06,6.75,0,0,-3.57,-18.18,-27.03,-44.9,6.75,6.75,6.75,6.75,6.75,6.75,7,6.75,6.92,8.25,6.75,7.59,12.25,6.75,9.13,0,-0.057692308,-0.096153846,0.038461538,6.75,6.75,0,89.6637609,0.128579039,0,6.75
2018-03-07,6.75,0,0,0,-3.57,-18.18,-44.9,6.75,6.75,6.75,6.75,6.75,6.75,7,6.75,6.92,8.25,6.75,7.58,12.25,6.75,9.11,0,-0.048076923,-0.086538462,0.038461538,6.75,6.75,0,90.10888157,0,0,6.75
2018-03-08,6.75,0,0,0,-3.57,-18.18,-44.9,6.75,6.75,6.75,6.75,6.75,6.75,7,6.75,6.92,8.25,6.75,7.56,12.25,6.75,9.09,0,-0.038461538,-0.076923077,0.038461538,6.75,6.75,0,90.55464721,0,0,6.75
2018-03-09,6.75,0,0,0,-3.57,-18.18,-44.9,6.75,6.75,6.75,6.75,6.75,6.75,7,6.75,6.91,8.25,6.75,7.55,12.25,6.75,9.07,0,-0.028846154,-0.067307692,0.038461538,6.75,6.75,0,91.00101112,0,0,6.75
2018-03-12,6.75,0,0,0,-3.57,-18.18,-44.9,6.75,6.75,6.75,6.75,6.75,6.75,7,6.75,6.91,8.25,6.75,7.54,12.25,6.75,9.05,0,-0.019230769,-0.057692308,0.038461538,6.75,6.75,0,91.44792549,0,0,6.75
2018-03-13,6.75,0,0,0,-3.57,-18.18,-44.9,6.75,6.75,6.75,6.75,6.75,6.75,7,6.75,6.9,8.25,6.75,7.53,12.25,6.75,9.02,0,-0.009615385,-0.048076923,0.038461538,6.75,6.75,0,91.89534142,0,0,6.75
2018-03-14,6.75,0,0,0,-3.57,-18.18,-44.9,6.75,6.75,6.75,6.75,6.75,6.75,7,6.75,6.9,8.25,6.75,7.52,12.25,6.75,9,0,0,-0.038461538,0.038461538,6.75,6.75,0,92.34320893,0,0,6.75
2018-03-15,6.75,0,0,0,-3.57,-18.18,-44.9,6.75,6.75,6.75,6.75,6.75,6.75,7,6.75,6.9,8.25,6.75,7.51,12.25,6.75,8.98,0,0,-0.02991453,0.02991453,6.75,6.75,0,92.79147693,0,0,6.75
2018-03-16,6.75,0,0,0,-3.57,-18.18,-44.9,6.75,6.75,6.75,6.75,6.75,6.75,7,6.75,6.89,8.25,6.75,7.49,12.25,6.75,8.96,0,0,-0.022435897,0.022435897,6.75,6.75,0,93.24009324,0,0,6.75
2018-03-19,6.75,0,0,0,-3.57,-18.18,-44.9,6.75,6.75,6.75,6.75,6.75,6.75,7,6.75,6.89,8.25,6.75,7.48,12.25,6.75,8.94,0,0,-0.016025641,0.016025641,6.75,6.75,0,93.68900455,0,0,6.75
2018-03-20,6.75,0,0,0,-3.57,-18.18,-44.9,6.75,6.75,6.75,6.75,6.75,6.75,7,6.75,6.88,8.25,6.75,7.47,12.25,6.75,8.92,0,0,-0.010683761,0.010683761,6.75,6.75,0,94.13815646,0,0,6.75
2018-03-21,6.5,-3.7,-3.7,-3.7,-7.14,-21.21,-46.94,6.75,6.5,6.7,6.75,6.5,6.74,7,6.5,6.88,8.25,6.5,7.46,12.25,6.5,8.9,0,-0.011217949,-0.007656695,-0.003561254,6.849303399,6.625696601,0,94.41646595,0.133432209,0.033188393,6.5
2018-03-22,6.5,0,-3.7,-3.7,-7.14,-21.21,-46.94,6.75,6.5,6.65,6.75,6.5,6.73,7,6.5,6.87,8.25,6.5,7.44,12.25,6.5,8.87,0,-0.022435897,-0.006944444,-0.015491453,6.878896753,6.571103247,0,94.69746975,0.133432209,0.045768551,6.5
2018-03-23,6.5,0,-3.7,-3.7,-7.14,-21.21,-46.94,6.75,6.5,6.6,6.75,6.5,6.71,7,6.5,6.86,8.25,6.5,7.43,12.25,6.5,8.85,0,-0.033653846,-0.008547009,-0.025106838,6.895673774,6.529326226,0,94.98120716,0.133432209,0.054576916,6.5
2018-03-26,6.5,0,-3.7,-3.7,-7.14,-21.21,-46.94,6.75,6.5,6.55,6.75,6.5,6.7,7,6.5,6.85,8.25,6.5,7.42,12.25,6.5,8.83,0,-0.044871795,-0.012464387,-0.032407407,6.90519567,6.49480433,0,95.26771828,0.133432209,0.061252439,6.5
2018-03-27,6.5,0,-3.7,-3.7,-7.14,-21.21,-46.94,6.5,6.5,6.5,6.75,6.5,6.69,7,6.5,6.85,8.25,6.5,7.4,12.25,6.5,8.81,0,-0.056089744,-0.018696581,-0.037393162,6.909630829,6.465369171,0,95.55704398,0.133432209,0.06643165,6.5
2018-03-28,6.5,0,0,-3.7,-7.14,-21.21,-46.94,6.5,6.5,6.5,6.75,6.5,6.68,7,6.5,6.84,8.25,6.5,7.39,12.25,6.5,8.79,0,-0.067307692,-0.026175214,-0.041132479,6.910081173,6.439918827,0,95.84922594,0.133432209,0.070436307,6.5
2018-03-29,6.5,0,0,-3.7,-7.14,-21.21,-46.94,6.5,6.5,6.5,6.75,6.5,6.66,7,6.5,6.83,8.25,6.5,7.38,12.25,6.5,8.76,0,-0.078525641,-0.034900285,-0.043625356,6.907180242,6.417819758,0,96.14430665,0.133432209,0.073449979,6.5
2018-03-30,6.5,0,0,-3.7,-7.14,-21.21,-46.94,6.5,6.5,6.5,6.75,6.5,6.65,7,6.5,6.82,8.25,6.5,7.36,12.25,6.5,8.74,0,-0.08974359,-0.044871795,-0.044871795,6.901312345,6.398687655,0,96.44232948,0.133432209,0.07558266,6.5
2018-04-02,6.5,0,0,-3.7,-7.14,-21.21,-46.94,6.5,6.5,6.5,6.75,6.5,6.64,7,6.5,6.82,8.25,6.5,7.35,12.25,6.5,8.72,0,-0.100961538,-0.056089744,-0.044871795,6.892708893,6.382291107,0,96.74333865,0.133432209,0.076899101,6.5
2018-04-03,6.5,0,0,-3.7,-7.14,-21.21,-46.94,6.5,6.5,6.5,6.75,6.5,6.63,7,6.5,6.81,8.25,6.5,7.34,12.25,6.5,8.7,0,-0.112179487,-0.067307692,-0.044871795,6.881494588,6.368505412,0,96.60514924,0.133432209,0.077432328,6.5
2018-04-04,6.5,0,0,-3.7,-7.14,-21.21,-46.94,6.5,6.5,6.5,6.75,6.5,6.61,7,6.5,6.8,8.25,6.5,7.32,12.25,6.5,8.68,0,-0.123397436,-0.078525641,-0.044871795,6.867708893,6.357291107,0,96.47123188,0.133432209,0.077189835,6.5
2018-04-05,6.5,0,0,-3.7,-7.14,-21.21,-46.94,6.5,6.5,6.5,6.75,6.5,6.6,7,6.5,6.79,8.25,6.5,7.31,12.25,6.5,8.65,0,-0.134615385,-0.08974359,-0.044871795,6.851312345,6.348687655,0,96.34157467,0.133432209,0.076155256,6.5
2018-04-06,6.5,0,0,-3.7,-7.14,-21.21,-46.94,6.5,6.5,6.5,6.75,6.5,6.59,7,6.5,6.78,8.25,6.5,7.3,12.25,6.5,8.63,0,-0.125,-0.098646724,-0.026353276,6.832180242,6.342819758,0,96.21616687,0.133432209,0.074286222,6.5
2018-04-09,6.5,0,0,-3.7,-7.14,-21.21,-46.94,6.5,6.5,6.5,6.75,6.5,6.58,7,6.5,6.78,8.25,6.5,7.28,12.25,6.5,8.61,0,-0.115384615,-0.105235043,-0.010149573,6.810081173,6.339918827,0,96.09499886,0.133432209,0.071507581,6.5
2018-04-10,6.5,0,0,-3.7,-7.14,-21.21,-46.94,6.5,6.5,6.5,6.75,6.5,6.56,7,6.5,6.77,8.25,6.5,7.27,11.25,6.5,8.59,0,-0.105769231,-0.109508547,0.003739316,6.784630829,6.340369171,0,95.97806216,0.133432209,0.067697015,6.5
2018-04-11,6.5,0,0,-3.7,-7.14,-21.21,-42.22,6.5,6.5,6.5,6.75,6.5,6.55,7,6.5,6.76,8.25,6.5,7.26,11.25,6.5,8.57,0,-0.096153846,-0.111467236,0.01531339,6.75519567,6.34480433,0,95.86534943,0.133432209,0.062655167,6.5
2018-04-12,6.5,0,0,-3.7,-7.14,-21.21,-42.22,6.5,6.5,6.5,6.75,6.5,6.54,7,6.5,6.75,8.25,6.5,7.24,11.25,6.5,8.55,0,-0.086538462,-0.111111111,0.02457265,6.720673774,6.354326226,0,95.75685449,0.133432209,0.056037866,6.5
2018-04-13,6.5,0,0,-3.7,-7.14,-21.21,-42.22,6.5,6.5,6.5,6.75,6.5,6.53,7,6.5,6.75,8.25,6.5,7.23,11.25,6.5,8.53,0,-0.076923077,-0.108440171,0.031517094,6.678896753,6.371103247,0,95.65257227,0.133432209,0.047171418,6.5
2018-04-16,6.5,0,0,-3.7,-7.14,-21.21,-42.22,6.5,6.5,6.5,6.75,6.5,6.51,7,6.5,6.74,8.25,6.5,7.22,11.25,6.5,8.51,0,-0.067307692,-0.103454416,0.036146724,6.624303399,6.400696601,0,95.55249885,0.133432209,0.034335017,6.5
2018-04-17,6.5,0,0,-3.7,-7.14,-21.21,-42.22,6.5,6.5,6.5,6.5,6.5,6.5,7,6.5,6.73,8.25,6.5,7.2,11.25,6.5,8.5,0,-0.057692308,-0.096153846,0.038461538,6.5,6.5,0,95.45663148,0.133432209,0,6.5
2018-04-18,6.5,0,0,0,-7.14,-21.21,-42.22,6.5,6.5,6.5,6.5,6.5,6.5,7,6.5,6.72,8.25,6.5,7.19,11.25,6.5,8.48,0,-0.048076923,-0.086538462,0.038461538,6.5,6.5,0,95.53993845,0,0,6.5
2018-04-19,6.5,0,0,0,-7.14,-21.21,-42.22,6.5,6.5,6.5,6.5,6.5,6.5,7,6.5,6.72,8.25,6.5,7.18,11.25,6.5,8.46,0,-0.038461538,-0.076923077,0.038461538,6.5,6.5,0,95.61899508,0,0,6.5
2018-04-20,6.5,0,0,0,-7.14,-21.21,-42.22,6.5,6.5,6.5,6.5,6.5,6.5,7,6.5,6.71,8.25,6.5,7.16,11.25,6.5,8.44,0,-0.028846154,-0.067307692,0.038461538,6.5,6.5,0,95.6937799,0,0,6.5
2018-04-23,6.5,0,0,0,-7.14,-21.21,-42.22,6.5,6.5,6.5,6.5,6.5,6.5,7,6.5,6.7,8.25,6.5,7.15,11.25,6.5,8.42,0,-0.019230769,-0.057692308,0.038461538,6.5,6.5,0,95.76427256,0,0,6.5
2018-04-24,6.5,0,0,0,-7.14,-21.21,-42.22,6.5,6.5,6.5,6.5,6.5,6.5,7,6.5,6.69,8.25,6.5,7.13,11.25,6.5,8.4,0,-0.009615385,-0.048076923,0.038461538,6.5,6.5,0,95.83045381,0,0,6.5
2018-04-25,6.5,0,0,0,-7.14,-21.21,-42.22,6.5,6.5,6.5,6.5,6.5,6.5,7,6.5,6.68,8.25,6.5,7.12,11.25,6.5,8.39,0,0,-0.038461538,0.038461538,6.5,6.5,0,95.89230556,0,0,6.5
2018-04-26,6.5,0,0,0,-7.14,-21.21,-42.22,6.5,6.5,6.5,6.5,6.5,6.5,7,6.5,6.68,8.25,6.5,7.11,11.25,6.5,8.37,0,0,-0.02991453,0.02991453,6.5,6.5,0,95.94981087,0,0,6.5
2018-04-27,6.5,0,0,0,-7.14,-21.21,-42.22,6.5,6.5,6.5,6.5,6.5,6.5,7,6.5,6.67,8.25,6.5,7.09,11.25,6.5,8.35,0,0,-0.022435897,0.022435897,6.5,6.5,0,96.00295394,0,0,6.5
2018-04-30,6.5,0,0,0,-7.14,-21.21,-42.22,6.5,6.5,6.5,6.5,6.5,6.5,7,6.5,6.66,8.25,6.5,7.08,11.25,6.5,8.33,0,0,-0.016025641,0.016025641,6.5,6.5,0,96.05172016,0,0,6.5
2018-05-01,6.5,0,0,0,-7.14,-21.21,-42.22,6.5,6.5,6.5,6.5,6.5,6.5,7,6.5,6.65,8.25,6.5,7.07,11.25,6.5,8.31,0,0,-0.010683761,0.010683761,6.5,6.5,0,96.0960961,0,0,6.5
2018-05-02,6.5,0,0,0,-7.14,-21.21,-42.22,6.5,6.5,6.5,6.5,6.5,6.5,7,6.5,6.65,8.25,6.5,7.05,11.25,6.5,8.29,0,0,-0.006410256,0.006410256,6.5,6.5,0,96.13606951,0,0,6.5
2018-05-03,6.5,0,0,0,-7.14,-21.21,-42.22,6.5,6.5,6.5,6.5,6.5,6.5,7,6.5,6.64,8.25,6.5,7.04,11.25,6.5,8.28,0,0,-0.003205128,0.003205128,6.5,6.5,0,96.17162937,0,0,6.5
2018-05-04,6.5,0,0,0,-7.14,-21.21,-42.22,6.5,6.5,6.5,6.5,6.5,6.5,7,6.5,6.63,8.25,6.5,7.03,11.25,6.5,8.26,0,0,-0.001068376,0.001068376,6.5,6.5,0,96.20276583,0,0,6.5
2018-05-07,6.5,0,0,0,-7.14,-21.21,-42.22,6.5,6.5,6.5,6.5,6.5,6.5,7,6.5,6.62,8.25,6.5,7.01,11.25,6.5,8.24,0,0,0,0,6.5,6.5,0,96.22947028,0,0,6.5
2018-05-08,6.5,0,0,0,-7.14,-21.21,-42.22,6.5,6.5,6.5,6.5,6.5,6.5,6.75,6.5,6.62,8.25,6.5,7,11.25,6.5,8.22,0,0,0,0,6.5,6.5,0,96.34089856,0,0,6.5
2018-05-09,6.5,0,0,0,-3.7,-21.21,-42.22,6.5,6.5,6.5,6.5,6.5,6.5,6.75,6.5,6.61,8.25,6.5,6.99,11.25,6.5,8.2,0,0,0,0,6.5,6.5,0,96.44811277,0,0,6.5
2018-05-10,6.5,0,0,0,-3.7,-21.21,-42.22,6.5,6.5,6.5,6.5,6.5,6.5,6.75,6.5,6.61,8.25,6.5,6.97,11.25,6.5,8.18,0,0,0,0,6.5,6.5,0,96.55108388,0,0,6.5
2018-05-11,6.5,0,0,0,-3.7,-21.21,-42.22,6.5,6.5,6.5,6.5,6.5,6.5,6.75,6.5,6.6,8.25,6.5,6.96,11.25,6.5,8.17,0,0,0,0,6.5,6.5,0,96.64978393,0,0,6.5
2018-05-14,6.5,0,0,0,-3.7,-21.21,-42.22,6.5,6.5,6.5,6.5,6.5,6.5,6.75,6.5,6.6,8.25,6.5,6.95,11.25,6.5,8.15,0,0,0,0,6.5,6.5,0,96.74418605,0,0,6.5
2018-05-15,6.5,0,0,0,-3.7,-21.21,-42.22,6.5,6.5,6.5,6.5,6.5,6.5,6.75,6.5,6.6,8.25,6.5,6.93,11.25,6.5,8.13,0,0,0,0,6.5,6.5,0,96.83426443,0,0,6.5
2018-05-16,6.5,0,0,0,-3.7,-21.21,-42.22,6.5,6.5,6.5,6.5,6.5,6.5,6.75,6.5,6.59,8.25,6.5,6.92,11.25,6.5,8.11,0,0,0,0,6.5,6.5,0,96.92451072,0,0,6.5
2018-05-17,6.5,0,0,0,-3.7,-21.21,-42.22,6.5,6.5,6.5,6.5,6.5,6.5,6.75,6.5,6.59,8.25,6.5,6.91,11.25,6.5,8.09,0,0,0,0,6.5,6.5,0,97.01492537,0,0,6.5
2018-05-18,6.5,0,0,0,-3.7,-21.21,-42.22,6.5,6.5,6.5,6.5,6.5,6.5,6.75,6.5,6.58,8.25,6.5,6.89,11.25,6.5,8.08,0,0,0,0,6.5,6.5,0,97.10550887,0,0,6.5
2018-05-21,6.5,0,0,0,-3.7,-21.21,-42.22,6.5,6.5,6.5,6.5,6.5,6.5,6.75,6.5,6.58,8.25,6.5,6.88,11.25,6.5,8.06,0,0,0,0,6.5,6.5,0,97.19626168,0,0,6.5
2018-05-22,6.5,0,0,0,-3.7,-21.21,-42.22,6.5,6.5,6.5,6.5,6.5,6.5,6.75,6.5,6.58,8.25,6.5,6.87,11.25,6.5,8.04,0,0,0,0,6.5,6.5,0,97.28718428,0,0,6.5
2018-05-23,6.5,0,0,0,-3.7,-21.21,-42.22,6.5,6.5,6.5,6.5,6.5,6.5,6.75,6.5,6.57,8.25,6.5,6.85,11.25,6.5,8.02,0,0,0,0,6.5,6.5,0,97.37827715,0,0,6.5
2018-05-24,6.5,0,0,0,-3.7,-21.21,-42.22,6.5,6.5,6.5,6.5,6.5,6.5,6.75,6.5,6.57,8.25,6.5,6.84,11.25,6.5,8,0,0,0,0,6.5,6.5,0,97.46954077,0,0,6.5
2018-05-25,6.5,0,0,0,-3.7,-21.21,-42.22,6.5,6.5,6.5,6.5,6.5,6.5,6.75,6.5,6.57,8.25,6.5,6.83,11.25,6.5,7.98,0,0,0,0,6.5,6.5,0,97.56097561,0,0,6.5
2018-05-28,6.5,0,0,0,-3.7,-21.21,-42.22,6.5,6.5,6.5,6.5,6.5,6.5,6.75,6.5,6.56,8.25,6.5,6.81,11.25,6.5,7.97,0,0,0,0,6.5,6.5,0,97.65258216,0,0,6.5
2018-05-29,6.5,0,0,0,-3.7,-21.21,-42.22,6.5,6.5,6.5,6.5,6.5,6.5,6.75,6.5,6.56,8.25,6.5,6.8,10.25,6.5,7.95,0,0,0,0,6.5,6.5,0,97.7443609,0,0,6.5
2018-05-30,6.5,0,0,0,-3.7,-21.21,-36.59,6.5,6.5,6.5,6.5,6.5,6.5,6.75,6.5,6.55,8.25,6.5,6.78,10.25,6.5,7.93,0,0,0,0,6.5,6.5,0,97.83631232,0,0,6.5
2018-05-31,6.5,0,0,0,-3.7,-21.21,-36.59,6.5,6.5,6.5,6.5,6.5,6.5,6.75,6.5,6.55,8.25,6.5,6.77,10.25,6.5,7.92,0,0,0,0,6.5,6.5,0,97.92843691,0,0,6.5
2018-06-01,6.5,0,0,0,-3.7,-21.21,-36.59,6.5,6.5,6.5,6.5,6.5,6.5,6.75,6.5,6.55,8.25,6.5,6.76,10.25,6.5,7.9,0,0,0,0,6.5,6.5,0,98.02073516,0,0,6.5
2018-06-04,6.5,0,0,0,-3.7,-21.21,-36.59,6.5,6.5,6.5,6.5,6.5,6.5,6.75,6.5,6.54,8.25,6.5,6.74,10.25,6.5,7.89,0,0,0,0,6.5,6.5,0,98.11320755,0,0,6.5
2018-06-05,6.5,0,0,0,-3.7,-21.21,-36.59,6.5,6.5,6.5,6.5,6.5,6.5,6.75,6.5,6.54,7,6.5,6.73,10.25,6.5,7.88,0,0,0,0,6.5,6.5,0,98.11320755,0,0,6.5
2018-06-06,6.5,0,0,0,-3.7,-7.14,-36.59,6.5,6.5,6.5,6.5,6.5,6.5,6.75,6.5,6.53,7,6.5,6.73,10.25,6.5,7.86,0,0,0,0,6.5,6.5,0,98.11320755,0,0,6.5
2018-06-07,6.5,0,0,0,-3.7,-7.14,-36.59,6.5,6.5,6.5,6.5,6.5,6.5,6.75,6.5,6.53,7,6.5,6.72,10.25,6.5,7.85,0,0,0,0,6.5,6.5,0,98.11320755,0,0,6.5
2018-06-08,6.5,0,0,0,-3.7,-7.14,-36.59,6.5,6.5,6.5,6.5,6.5,6.5,6.75,6.5,6.53,7,6.5,6.72,10.25,6.5,7.83,0,0,0,0,6.5,6.5,0,98.11320755,0,0,6.5
2018-06-11,6.5,0,0,0,-3.7,-7.14,-36.59,6.5,6.5,6.5,6.5,6.5,6.5,6.75,6.5,6.52,7,6.5,6.72,10.25,6.5,7.82,0,0,0,0,6.5,6.5,0,98.11320755,0,0,6.5
2018-06-12,6.5,0,0,0,-3.7,-7.14,-36.59,6.5,6.5,6.5,6.5,6.5,6.5,6.75,6.5,6.52,7,6.5,6.71,10.25,6.5,7.8,0,0,0,0,6.5,6.5,0,98.11320755,0,0,6.5
2018-06-13,6.5,0,0,0,-3.7,-7.14,-36.59,6.5,6.5,6.5,6.5,6.5,6.5,6.75,6.5,6.52,7,6.5,6.71,10.25,6.5,7.79,0,0,0,0,6.5,6.5,0,98.11320755,0,0,6.5
2018-06-14,6.5,0,0,0,-3.7,-7.14,-36.59,6.5,6.5,6.5,6.5,6.5,6.5,6.75,6.5,6.51,7,6.5,6.7,10.25,6.5,7.77,0,0,0,0,6.5,6.5,0,98.11320755,0,0,6.5
2018-06-15,6.5,0,0,0,-3.7,-7.14,-36.59,6.5,6.5,6.5,6.5,6.5,6.5,6.75,6.5,6.51,7,6.5,6.7,10.25,6.5,7.76,0,0,0,0,6.5,6.5,0,98.11320755,0,0,6.5
2018-06-18,6.5,0,0,0,-3.7,-7.14,-36.59,6.5,6.5,6.5,6.5,6.5,6.5,6.75,6.5,6.5,7,6.5,6.7,10.25,6.5,7.75,0,0,0,0,6.5,6.5,0,98.11320755,0,0,6.5
2018-06-19,6.5,0,0,0,-3.7,-7.14,-36.59,6.5,6.5,6.5,6.5,6.5,6.5,6.5,6.5,6.5,7,6.5,6.69,10.25,6.5,7.73,0,0,0,0,6.5,6.5,0,98.20585458,0,0,6.5
2018-06-20,6.5,0,0,0,0,-7.14,-36.59,6.5,6.5,6.5,6.5,6.5,6.5,6.5,6.5,6.5,7,6.5,6.69,10.25,6.5,7.72,0,0,0,0,6.5,6.5,0,98.29867675,0,0,6.5
2018-06-21,6.5,0,0,0,0,-7.14,-36.59,6.5,6.5,6.5,6.5,6.5,6.5,6.5,6.5,6.5,7,6.5,6.68,10.25,6.5,7.7,0,0,0,0,6.5,6.5,0,98.39167455,0,0,6.5
2018-06-22,6.5,0,0,0,0,-7.14,-36.59,6.5,6.5,6.5,6.5,6.5,6.5,6.5,6.5,6.5,7,6.5,6.68,10.25,6.5,7.69,0,0,0,0,6.5,6.5,0,98.48484848,0,0,6.5
2018-06-25,6.5,0,0,0,0,-7.14,-36.59,6.5,6.5,6.5,6.5,6.5,6.5,6.5,6.5,6.5,7,6.5,6.68,10.25,6.5,7.67,0,0,0,0,6.5,6.5,0,98.57819905,0,0,6.5
2018-06-26,6.5,0,0,0,0,-7.14,-36.59,6.5,6.5,6.5,6.5,6.5,6.5,6.5,6.5,6.5,7,6.5,6.67,10.25,6.5,7.66,0,0,0,0,6.5,6.5,0,98.67172676,0,0,6.5
2018-06-27,6.5,0,0,0,0,-7.14,-36.59,6.5,6.5,6.5,6.5,6.5,6.5,6.5,6.5,6.5,7,6.5,6.67,10.25,6.5,7.64,0,0,0,0,6.5,6.5,0,98.7654321,0,0,6.5
2018-06-28,6.5,0,0,0,0,-7.14,-36.59,6.5,6.5,6.5,6.5,6.5,6.5,6.5,6.5,6.5,7,6.5,6.67,10.25,6.5,7.63,0,0,0,0,6.5,6.5,0,98.85931559,0,0,6.5
2018-06-29,6.5,0,0,0,0,-7.14,-36.59,6.5,6.5,6.5,6.5,6.5,6.5,6.5,6.5,6.5,7,6.5,6.66,10.25,6.5,7.62,0,0,0,0,6.5,6.5,0,98.95337774,0,0,6.5
2018-07-02,6.5,0,0,0,0,-7.14,-36.59,6.5,6.5,6.5,6.5,6.5,6.5,6.5,6.5,6.5,7,6.5,6.66,10.25,6.5,7.6,0,0,0,0,6.5,6.5,0,99.04761905,0,0,6.5
2018-07-03,6.5,0,0,0,0,-7.14,-36.59,6.5,6.5,6.5,6.5,6.5,6.5,6.5,6.5,6.5,7,6.5,6.65,10.25,6.5,7.59,0,0,0,0,6.5,6.5,0,99.14204004,0,0,6.5
2018-07-04,6.5,0,0,0,0,-7.14,-36.59,6.5,6.5,6.5,6.5,6.5,6.5,6.5,6.5,6.5,7,6.5,6.65,10.25,6.5,7.57,0,0,0,0,6.5,6.5,0,99.23664122,0,0,6.5
2018-07-05,6.5,0,0,0,0,-7.14,-36.59,6.5,6.5,6.5,6.5,6.5,6.5,6.5,6.5,6.5,7,6.5,6.65,10.25,6.5,7.56,0,0,0,0,6.5,6.5,0,99.33142311,0,0,6.5
2018-07-06,6.5,0,0,0,0,-7.14,-36.59,6.5,6.5,6.5,6.5,6.5,6.5,6.5,6.5,6.5,7,6.5,6.64,10.25,6.5,7.54,0,0,0,0,6.5,6.5,0,99.42638623,0,0,6.5
2018-07-09,6.5,0,0,0,0,-7.14,-36.59,6.5,6.5,6.5,6.5,6.5,6.5,6.5,6.5,6.5,7,6.5,6.64,10.25,6.5,7.53,0,0,0,0,6.5,6.5,0,99.5215311,0,0,6.5
2018-07-10,6.5,0,0,0,0,-7.14,-36.59,6.5,6.5,6.5,6.5,6.5,6.5,6.5,6.5,6.5,7,6.5,6.63,10.25,6.5,7.51,0,0,0,0,6.5,6.5,0,99.61685824,0,0,6.5
2018-07-11,6.5,0,0,0,0,-7.14,-36.59,6.5,6.5,6.5,6.5,6.5,6.5,6.5,6.5,6.5,7,6.5,6.63,10.25,6.5,7.5,0,0,0,0,6.5,6.5,0,99.71236817,0,0,6.5
2018-07-12,6.5,0,0,0,0,-7.14,-36.59,6.5,6.5,6.5,6.5,6.5,6.5,6.5,6.5,6.5,7,6.5,6.63,10.25,6.5,7.49,0,0,0,0,6.5,6.5,0,99.80806142,0,0,6.5
2018-07-13,6.5,0,0,0,0,-7.14,-36.59,6.5,6.5,6.5,6.5,6.5,6.5,6.5,6.5,6.5,7,6.5,6.62,10.25,6.5,7.47,0,0,0,0,6.5,6.5,0,99.90393852,0,0,6.5
2018-07-16,6.5,0,0,0,0,-7.14,-36.59,6.5,6.5,6.5,6.5,6.5,6.5,6.5,6.5,6.5,7,6.5,6.62,10.25,6.5,7.46,0,0,0,0,6.5,6.5,0,100,0,0,6.5
2018-07-17,6.5,0,0,0,0,-7.14,-36.59,6.5,6.5,6.5,6.5,6.5,6.5,6.5,6.5,6.5,7,6.5,6.62,10.25,6.5,7.44,0,0,0,0,6.5,6.5,0,100,0,0,6.5
2018-07-18,6.5,0,0,0,0,-7.14,-36.59,6.5,6.5,6.5,6.5,6.5,6.5,6.5,6.5,6.5,7,6.5,6.61,10.25,6.5,7.43,0,0,0,0,6.5,6.5,0,100,0,0,6.5
2018-07-19,6.5,0,0,0,0,-7.14,-36.59,6.5,6.5,6.5,6.5,6.5,6.5,6.5,6.5,6.5,7,6.5,6.61,10.25,6.5,7.41,0,0,0,0,6.5,6.5,0,100,0,0,6.5
2018-07-20,6.5,0,0,0,0,-7.14,-36.59,6.5,6.5,6.5,6.5,6.5,6.5,6.5,6.5,6.5,7,6.5,6.6,10.25,6.5,7.4,0,0,0,0,6.5,6.5,0,100,0,0,6.5
2018-07-23,6.5,0,0,0,0,-7.14,-36.59,6.5,6.5,6.5,6.5,6.5,6.5,6.5,6.5,6.5,7,6.5,6.6,10.25,6.5,7.38,0,0,0,0,6.5,6.5,0,100,0,0,6.5
2018-07-24,6.5,0,0,0,0,-7.14,-36.59,6.5,6.5,6.5,6.5,6.5,6.5,6.5,6.5,6.5,7,6.5,6.6,9.25,6.5,7.37,0,0,0,0,6.5,6.5,0,100,0,0,6.5
2018-07-25,6.5,0,0,0,0,-7.14,-29.73,6.5,6.5,6.5,6.5,6.5,6.5,6.5,6.5,6.5,7,6.5,6.59,9.25,6.5,7.36,0,0,0,0,6.5,6.5,0,100,0,0,6.5
2018-07-26,6.5,0,0,0,0,-7.14,-29.73,6.5,6.5,6.5,6.5,6.5,6.5,6.5,6.5,6.5,7,6.5,6.59,9.25,6.5,7.35,0,0,0,0,6.5,6.5,0,100,0,0,6.5
2018-07-27,6.5,0,0,0,0,-7.14,-29.73,6.5,6.5,6.5,6.5,6.5,6.5,6.5,6.5,6.5,7,6.5,6.58,9.25,6.5,7.34,0,0,0,0,6.5,6.5,0,100,0,0,6.5
2018-07-30,6.5,0,0,0,0,-7.14,-29.73,6.5,6.5,6.5,6.5,6.5,6.5,6.5,6.5,6.5,7,6.5,6.58,9.25,6.5,7.33,0,0,0,0,6.5,6.5,0,100,0,0,6.5
2018-07-31,6.5,0,0,0,0,-7.14,-29.73,6.5,6.5,6.5,6.5,6.5,6.5,6.5,6.5,6.5,7,6.5,6.58,9.25,6.5,7.32,0,0,0,0,6.5,6.5,0,100,0,0,6.5
2018-08-01,6.5,0,0,0,0,-7.14,-29.73,6.5,6.5,6.5,6.5,6.5,6.5,6.5,6.5,6.5,7,6.5,6.57,9.25,6.5,7.31,0,0,0,0,6.5,6.5,0,100,0,0,6.5
2018-08-02,6.5,0,0,0,0,-7.14,-29.73,6.5,6.5,6.5,6.5,6.5,6.5,6.5,6.5,6.5,7,6.5,6.57,9.25,6.5,7.3,0,0,0,0,6.5,6.5,0,100,0,0,6.5
2018-08-03,6.5,0,0,0,0,-7.14,-29.73,6.5,6.5,6.5,6.5,6.5,6.5,6.5,6.5,6.5,7,6.5,6.57,9.25,6.5,7.29,0,0,0,0,6.5,6.5,0,100,0,0,6.5
2018-08-06,6.5,0,0,0,0,-7.14,-29.73,6.5,6.5,6.5,6.5,6.5,6.5,6.5,6.5,6.5,7,6.5,6.56,9.25,6.5,7.28,0,0,0,0,6.5,6.5,0,100,0,0,6.5
2018-08-07,6.5,0,0,0,0,-7.14,-29.73,6.5,6.5,6.5,6.5,6.5,6.5,6.5,6.5,6.5,6.75,6.5,6.56,9.25,6.5,7.26,0,0,0,0,6.5,6.5,0,100,0,0,6.5
2018-08-08,6.5,0,0,0,0,-3.7,-29.73,6.5,6.5,6.5,6.5,6.5,6.5,6.5,6.5,6.5,6.75,6.5,6.56,9.25,6.5,7.25,0,0,0,0,6.5,6.5,0,100,0,0,6.5
2018-08-09,6.5,0,0,0,0,-3.7,-29.73,6.5,6.5,6.5,6.5,6.5,6.5,6.5,6.5,6.5,6.75,6.5,6.55,9.25,6.5,7.24,0,0,0,0,6.5,6.5,0,100,0,0,6.5
2018-08-10,6.5,0,0,0,0,-3.7,-29.73,6.5,6.5,6.5,6.5,6.5,6.5,6.5,6.5,6.5,6.75,6.5,6.55,9.25,6.5,7.23,0,0,0,0,6.5,6.5,0,100,0,0,6.5
2018-08-13,6.5,0,0,0,0,-3.7,-29.73,6.5,6.5,6.5,6.5,6.5,6.5,6.5,6.5,6.5,6.75,6.5,6.55,9.25,6.5,7.22,0,0,0,0,6.5,6.5,0,100,0,0,6.5
2018-08-14,6.5,0,0,0,0,-3.7,-29.73,6.5,6.5,6.5,6.5,6.5,6.5,6.5,6.5,6.5,6.75,6.5,6.55,9.25,6.5,7.21,0,0,0,0,6.5,6.5,0,100,0,0,6.5
2018-08-15,6.5,0,0,0,0,-3.7,-29.73,6.5,6.5,6.5,6.5,6.5,6.5,6.5,6.5,6.5,6.75,6.5,6.55,9.25,6.5,7.2,0,0,0,0,6.5,6.5,0,100,0,0,6.5
2018-08-16,6.5,0,0,0,0,-3.7,-29.73,6.5,6.5,6.5,6.5,6.5,6.5,6.5,6.5,6.5,6.75,6.5,6.54,9.25,6.5,7.19,0,0,0,0,6.5,6.5,0,100,0,0,6.5
